[2026-05-02 14:11:26] 
Processed prompts: 100%|██████████| 256/256 [08:10<00:00, 43.20s/it, est. speed input: 46.61 toks/s, output: 2520.28 toks/s]
[2026-05-02 14:11:26] 
Processed prompts: 100%|██████████| 256/256 [08:10<00:00, 43.20s/it, est. speed input: 46.61 toks/s, output: 2520.28 toks/s]
Processed prompts: 100%|██████████| 256/256 [08:10<00:00,  1.92s/it, est. speed input: 46.61 toks/s, output: 2520.28 toks/s]
[2026-05-02 14:11:26] 
Generating:  89%|████████▉ | 2304/2584 [1:05:42<08:08,  1.75s/sample, chunk=8/11, rate=0.59/s, written=2048]
Generating:  89%|████████▉ | 2304/2584 [1:05:42<08:08,  1.75s/sample, chunk=9/11, rate=0.58/s, written=2304]
[2026-05-02 14:11:26] 
Rendering prompts:   0%|          | 0/256 [00:00<?, ?it/s]
Rendering prompts: 100%|██████████| 256/256 [00:00<00:00, 3856.01it/s]
[2026-05-02 14:11:26] 
[2026-05-02 14:11:26] 
Processed prompts:   0%|          | 0/256 [00:00<?, ?it/s, est. speed input: 0.00 toks/s, output: 0.00 toks/s]
[2026-05-02 14:11:27] 
Processed prompts:   1%|          | 2/256 [00:00<00:36,  6.90it/s, est. speed input: 803.81 toks/s, output: 6.90 toks/s]
[2026-05-02 14:11:27] 
Processed prompts:   2%|▏         | 4/256 [00:00<00:28,  8.88it/s, est. speed input: 799.95 toks/s, output: 34.04 toks/s]
[2026-05-02 14:11:27] 
Processed prompts:   3%|▎         | 7/256 [00:00<00:33,  7.41it/s, est. speed input: 664.77 toks/s, output: 59.26 toks/s]
[2026-05-02 14:11:29] 
Processed prompts:   3%|▎         | 8/256 [00:01<00:45,  5.44it/s, est. speed input: 496.17 toks/s, output: 67.13 toks/s]
[2026-05-02 14:11:30] 
Processed prompts:   4%|▎         | 9/256 [00:02<01:47,  2.29it/s, est. speed input: 278.24 toks/s, output: 62.48 toks/s]
[2026-05-02 14:11:30] 
Processed prompts:   4%|▍         | 10/256 [00:03<02:09,  1.90it/s, est. speed input: 232.01 toks/s, output: 70.73 toks/s]
[2026-05-02 14:11:32] 
Processed prompts:   4%|▍         | 11/256 [00:03<01:59,  2.05it/s, est. speed input: 246.87 toks/s, output: 88.05 toks/s]
[2026-05-02 14:11:32] 
Processed prompts:   5%|▍         | 12/256 [00:05<03:48,  1.07it/s, est. speed input: 170.93 toks/s, output: 85.72 toks/s]
[2026-05-02 14:11:33] 
Processed prompts:   5%|▌         | 13/256 [00:06<02:57,  1.37it/s, est. speed input: 176.14 toks/s, output: 110.97 toks/s]
[2026-05-02 14:11:33] 
Processed prompts:   5%|▌         | 14/256 [00:06<02:30,  1.61it/s, est. speed input: 175.08 toks/s, output: 129.29 toks/s]
[2026-05-02 14:11:34] 
Processed prompts:   6%|▋         | 16/256 [00:06<01:41,  2.36it/s, est. speed input: 182.13 toks/s, output: 174.92 toks/s]
[2026-05-02 14:11:35] 
Processed prompts:   7%|▋         | 17/256 [00:07<01:56,  2.05it/s, est. speed input: 172.84 toks/s, output: 189.39 toks/s]
[2026-05-02 14:11:35] 
Processed prompts:   7%|▋         | 18/256 [00:08<02:29,  1.60it/s, est. speed input: 158.69 toks/s, output: 195.19 toks/s]
[+] [2026-05-02 14:11:36] 
Processed prompts:   0%|          | 0/256 [00:00<?, ?it/s, est. speed input: 0.00 toks/s, output: 0.00 toks/s]
Processed prompts:   0%|          | 1/256 [00:00<01:02,  4.09it/s, est. speed input: 171.70 toks/s, output: 4.09 toks/s]
Processed prompts:   1%|          | 3/256 [00:00<00:25,  9.83it/s, est. speed input: 606.42 toks/s, output: 22.99 toks/s]
Processed prompts:   2%|▏         | 5/256 [00:00<00:52,  4.82it/s, est. speed input: 318.04 toks/s, output: 49.89 toks/s]
Processed prompts:   2%|▏         | 6/256 [00:01<00:53,  4.71it/s, est. speed input: 292.23 toks/s, output: 64.85 toks/s]
Processed prompts:   3%|▎         | 7/256 [00:01<01:24,  2.95it/s, est. speed input: 214.86 toks/s, output: 66.77 toks/s]
Processed prompts:   3%|▎         | 8/256 [00:02<01:16,  3.25it/s, est. speed input: 216.68 toks/s, output: 84.85 toks/s]
Processed prompts:   4%|▎         | 9/256 [00:02<01:10,  3.52it/s, est. speed input: 244.28 toks/s, output: 102.47 toks/s]
Processed prompts:   4%|▍         | 11/256 [00:02<01:01,  3.96it/s, est. speed input: 228.85 toks/s, output: 133.22 toks/s]
Processed prompts:   5%|▍         | 12/256 [00:03<01:25,  2.87it/s, est. speed input: 203.72 toks/s, output: 139.35 toks/s]
Processed prompts:   5%|▌         | 14/256 [00:04<01:32,  2.62it/s, est. speed input: 202.73 toks/s, output: 157.29 toks/s]
Processed prompts:   6%|▌         | 15/256 [00:05<02:03,  1.95it/s, est. speed input: 181.73 toks/s, output: 153.11 toks/s]
Processed prompts:   6%|▋         | 16/256 [00:06<03:17,  1.21it/s, est. speed input: 141.59 toks/s, output: 137.44 toks/s]
Processed prompts:   7%|▋         | 17/256 [00:08<03:33,  1.12it/s, est. speed input: 128.23 toks/s, output: 146.42 toks/s]
Processed prompts:   7%|▋         | 18/256 [00:08<03:18,  1.20it/s, est. speed input: 129.26 toks/s, output: 165.94 toks/s]
Processed prompts:   7%|▋         | 19/256 [00:09<02:46,  1.42it/s, est. speed input: 129.53 toks/s, output: 190.73 toks/s]
Processed prompts:   8%|▊         | 20/256 [00:11<04:27,  1.14s/it, est. speed input: 113.14 toks/s, output: 183.24 toks/s]
Processed prompts:   9%|▊         | 22/256 [00:11<02:46,  1.41it/s, est. speed input: 122.69 toks/s, output: 227.36 toks/s]
Processed prompts:   9%|▉         | 23/256 [00:12<02:58,  1.30it/s, est. speed input: 118.48 toks/s, output: 240.28 toks/s]
Processed prompts:   9%|▉         | 24/256 [00:12<02:18,  1.68it/s, est. speed input: 121.12 toks/s, output: 265.19 toks/s]
Processed prompts:  10%|▉         | 25/256 [00:12<01:50,  2.09it/s, est. speed input: 122.67 toks/s, output: 286.51 toks/s]
Processed prompts:  10%|█         | 26/256 [00:13<01:32,  2.47it/s, est. speed input: 124.74 toks/s, output: 314.67 toks/s]
Processed prompts:  11%|█         | 27/256 [00:13<01:40,  2.28it/s, est. speed input: 123.87 toks/s, output: 330.31 toks/s]
Processed prompts:  11%|█         | 28/256 [00:14<02:12,  1.72it/s, est. speed input: 120.18 toks/s, output: 340.95 toks/s]
Processed prompts:  11%|█▏        | 29/256 [00:14<01:40,  2.25it/s, est. speed input: 121.96 toks/s, output: 375.54 toks/s]
Processed prompts:  12%|█▏        | 30/256 [00:15<01:39,  2.27it/s, est. speed input: 124.31 toks/s, output: 397.90 toks/s]
Processed prompts:  12%|█▏        | 31/256 [00:15<01:41,  2.21it/s, est. speed input: 130.25 toks/s, output: 411.35 toks/s]
Processed prompts:  13%|█▎        | 33/256 [00:16<01:14,  2.99it/s, est. speed input: 135.53 toks/s, output: 463.89 toks/s]
Processed prompts:  14%|█▎        | 35/256 [00:17<01:35,  2.32it/s, est. speed input: 133.25 toks/s, output: 492.41 toks/s]
Processed prompts:  14%|█▍        | 36/256 [00:17<01:19,  2.78it/s, est. speed input: 134.51 toks/s, output: 525.26 toks/s]
Processed prompts:  15%|█▍        | 38/256 [00:18<01:26,  2.51it/s, est. speed input: 140.35 toks/s, output: 564.47 toks/s]
Processed prompts:  16%|█▌        | 40/256 [00:18<01:03,  3.40it/s, est. speed input: 145.82 toks/s, output: 618.48 toks/s]
Processed prompts:  16%|█▌        | 41/256 [00:19<01:30,  2.36it/s, est. spe...
[2026-05-02 14:11:36] 
Processed prompts:   7%|▋         | 19/256 [00:08<02:01,  1.95it/s, est. speed input: 159.57 toks/s, output: 214.25 toks/s]
[2026-05-02 14:11:38] [2026-05-02 14:11:38,050 AIMaster] (pod_manager.py 415) INFO: Pod Category Summary (Total pods: 2)
[2026-05-02 14:11:38] | Category           |   Count | Percentage   | Pods                                                   |
[2026-05-02 14:11:38] |--------------------|---------|--------------|--------------------------------------------------------|
[2026-05-02 14:11:38] | Running            |       2 | 100.0%       | [dlc7uaznuz8nkr0r-master-0, dlc7uaznuz8nkr0r-worker-0] |
[2026-05-02 14:11:38] | Pending            |       0 | 0.0%         |                                                        |
[2026-05-02 14:11:38] | Succeeded          |       0 | 0.0%         |                                                        |
[2026-05-02 14:11:38] | Failed             |       0 | 0.0%         |                                                        |
[2026-05-02 14:11:38] | Terminating        |       0 | 0.0%         |                                                        |
[2026-05-02 14:11:38] | Scheduler_evicting |       0 | 0.0%         |                                                        |
[2026-05-02 14:11:38] | Aiph_node_error    |       0 | 0.0%         |                                                        |
[2026-05-02 14:11:38] | Unknown            |       0 | 0.0%         |                                                        |
[2026-05-02 14:11:38] 
[2026-05-02 14:11:38] [2026-05-02 14:11:38,050 AIMaster] (job_monitor_controller_k8s.py 1099) INFO: All workers: 2, running: 2, failed: 0, pending: 0
[2026-05-02 14:11:38] [2026-05-02 14:11:38,050 AIMaster] (ops_reported_error_detector.py 103) INFO: Detecting whether the job is affected by errors reported by ops platform.
[2026-05-02 14:11:38] 
Processed prompts:   8%|▊         | 20/256 [00:09<02:49,  1.40it/s, est. speed input: 153.16 toks/s, output: 218.26 toks/s]
[2026-05-02 14:11:38] 
Processed prompts:   8%|▊         | 21/256 [00:11<03:43,  1.05it/s, est. speed input: 138.08 toks/s, output: 218.63 toks/s]
[2026-05-02 14:11:39] 
Processed prompts:   9%|▊         | 22/256 [00:12<03:24,  1.14it/s, est. speed input: 136.92 toks/s, output: 244.24 toks/s]
[2026-05-02 14:11:39] 
Processed prompts:   9%|▉         | 23/256 [00:12<02:50,  1.37it/s, est. speed input: 148.18 toks/s, output: 265.44 toks/s]
[2026-05-02 14:11:39] 
Processed prompts:   9%|▉         | 24/256 [00:12<02:06,  1.83it/s, est. speed input: 153.46 toks/s, output: 291.22 toks/s]
[2026-05-02 14:11:40] 
Processed prompts:  10%|▉         | 25/256 [00:12<01:40,  2.30it/s, est. speed input: 160.62 toks/s, output: 319.21 toks/s]
[2026-05-02 14:11:41] 
Processed prompts:  11%|█         | 27/256 [00:14<01:58,  1.93it/s, est. speed input: 162.65 toks/s, output: 351.79 toks/s]
[2026-05-02 14:11:42] 
Processed prompts:  11%|█         | 28/256 [00:15<02:35,  1.46it/s, est. speed input: 156.70 toks/s, output: 356.43 toks/s]
[2026-05-02 14:11:43] 
Processed prompts:  11%|█▏        | 29/256 [00:16<02:54,  1.30it/s, est. speed input: 150.07 toks/s, output: 359.35 toks/s]
[2026-05-02 14:11:43] 
Processed prompts:  12%|█▏        | 30/256 [00:16<02:37,  1.44it/s, est. speed input: 150.04 toks/s, output: 378.27 toks/s]
[2026-05-02 14:11:45] 
Processed prompts:  12%|█▏        | 31/256 [00:16<02:00,  1.87it/s, est. speed input: 158.74 toks/s, output: 410.46 toks/s]
[2026-05-02 14:11:46] 
Processed prompts:  12%|█▎        | 32/256 [00:18<03:04,  1.21it/s, est. speed input: 149.36 toks/s, output: 412.63 toks/s]
[2026-05-02 14:11:46] 
Processed prompts:  13%|█▎        | 33/256 [00:19<03:40,  1.01it/s, est. speed input: 141.46 toks/s, output: 410.27 toks/s]
[2026-05-02 14:11:47] 
Processed prompts:  14%|█▎        | 35/256 [00:20<02:15,  1.63it/s, est. speed input: 145.01 toks/s, output: 467.51 toks/s]
[2026-05-02 14:11:48] 
Processed prompts:  14%|█▍        | 36/256 [00:20<01:57,  1.88it/s, est. speed input: 148.03 toks/s, output: 491.24 toks/s]
[2026-05-02 14:11:50] 
Processed prompts:  14%|█▍        | 37/256 [00:22<03:09,  1.15it/s, est. speed input: 137.07 toks/s, output: 482.80 toks/s]
[2026-05-02 14:11:50] 
Processed prompts:  15%|█▍        | 38/256 [00:23<03:49,  1.05s/it, est. speed input: 130.57 toks/s, output: 481.96 toks/s]
[2026-05-02 14:11:52] 
Processed prompts:  15%|█▌        | 39/256 [00:24<03:05,  1.17it/s, est. speed input: 132.38 toks/s, output: 506.08 toks/s]
[2026-05-02 14:11:52] 
Processed prompts:  16%|█▌        | 41/256 [00:25<02:42,  1.32it/s, est. speed input: 132.52 toks/s, output: 543.74 toks/s]
[2026-05-02 14:11:53] 
Processed prompts:  16%|█▋        | 42/256 [00:25<02:14,  1.60it/s, est. speed input: 138.10 toks/s, output: 565.92 toks/s]
[2026-05-02 14:11:53] 
Processed prompts:  17%|█▋        | 44/256 [00:26<02:15,  1.56it/s, est. speed input: 142.73 toks/s, output: 600.37 toks/s]
[2026-05-02 14:11:54] 
Processed prompts:  18%|█▊        | 45/256 [00:27<01:55,  1.82it/s, est. speed input: 144.24 toks/s, output: 622.49 toks/s]
[2026-05-02 14:11:54] 
Processed prompts:  18%|█▊        | 46/256 [00:27<01:37,  2.15it/s, est. speed input: 146.60 toks/s, output: 654.42 toks/s]
[2026-05-02 14:11:54] 
Processed prompts:  18%|█▊        | 47/256 [00:27<01:26,  2.40it/s, est. speed input: 150.02 toks/s, output: 678.09 toks/s]
[2026-05-02 14:11:54] [2026-05-02 14:11:54,423 AIMaster] (job_event_collector.py 135) WARNING: Failed to watch pods, exception: ("Connection broken: ConnectionResetError(104, 'Connection reset by peer')", ConnectionResetError(104, 'Connection reset by peer'))
[2026-05-02 14:11:55] 
Processed prompts:  19%|█▉        | 48/256 [00:27<01:09,  2.99it/s, est. speed input: 158.49 toks/s, output: 707.72 toks/s]
[2026-05-02 14:11:58] 
Processed prompts:  20%|█▉        | 50/256 [00:29<01:34,  2.18it/s, est. speed input: 160.20 toks/s, output: 739.96 toks/s]
[2026-05-02 14:11:58] 
Processed prompts:  20%|█▉        | 51/256 [00:31<03:10,  1.08it/s, est. speed input: 150.14 toks/s, output: 712.79 toks/s]
[2026-05-02 14:11:59] 
Processed prompts:  20%|██        | 52/256 [00:31<02:37,  1.29it/s, est. speed input: 152.00 toks/s, output: 741.64 toks/s]
[2026-05-02 14:12:01] 
Processed prompts:  21%|██        | 53/256 [00:32<02:30,  1.35it/s, est. speed input: 151.80 toks/s, output: 758.75 toks/s]
[2026-05-02 14:12:01] 
Processed prompts:  21%|██        | 54/256 [00:34<03:58,  1.18s/it, est. speed input: 143.46 toks/s, output: 738.41 toks/s]
[2026-05-02 14:12:02] 
Processed prompts:  22%|██▏       | 56/256 [00:35<02:36,  1.28it/s, est. speed input: 145.54 toks/s, output: 793.60 toks/s]
[2026-05-02 14:12:03] 
Processed prompts:  22%|██▏       | 57/256 [00:35<02:03,  1.61it/s, est. speed input: 148.51 toks/s, output: 821.24 toks/s]
[2026-05-02 14:12:03] 
Processed prompts:  23%|██▎       | 58/256 [00:36<02:28,  1.34it/s, est. speed input: 146.70 toks/s, output: 829.90 toks/s]
[2026-05-02 14:12:03] 
Processed prompts:  23%|██▎       | 59/256 [00:36<01:59,  1.65it/s, est. speed input: 151.52 toks/s, output: 853.77 toks/s]
[2026-05-02 14:12:04] 
Processed prompts:  23%|██▎       | 60/256 [00:36<01:32,  2.13it/s, est. speed input: 152.43 toks/s, output: 881.34 toks/s]
[2026-05-02 14:12:04] 
Processed prompts:  24%|██▍       | 61/256 [00:37<01:38,  1.99it/s, est. speed input: 152.38 toks/s, output: 899.67 toks/s]
[2026-05-02 14:12:04] 
Processed prompts:  24%|██▍       | 62/256 [00:37<01:28,  2.20it/s, est. speed input: 152.30 toks/s, output: 924.21 toks/s]
[2026-05-02 14:12:05] 
Processed prompts:  25%|██▍       | 63/256 [00:38<01:14,  2.59it/s, est. speed input: 157.40 toks/s, output: 952.04 toks/s]
[2026-05-02 14:12:06] 
Processed prompts:  25%|██▌       | 64/256 [00:38<01:39,  1.94it/s, est. speed input: 156.82 toks/s, output: 964.44 toks/s]
[2026-05-02 14:12:06] 
Processed prompts:  26%|██▌       | 66/256 [00:39<01:18,  2.42it/s, est. speed input: 158.34 toks/s, output: 1013.13 toks/s]
[2026-05-02 14:12:06] 
Processed prompts:  26%|██▌       | 67/256 [00:39<01:23,  2.25it/s, est. speed input: 160.48 toks/s, output: 1029.83 toks/s]
[2026-05-02 14:12:08] [2026-05-02 14:12:08,211 AIMaster] (job_monitor_controller_k8s.py 1099) INFO: All workers: 2, running: 2, failed: 0, pending: 0
[2026-05-02 14:12:09] 
Processed prompts:  27%|██▋       | 68/256 [00:40<01:14,  2.51it/s, est. speed input: 162.11 toks/s, output: 1055.39 toks/s]
[2026-05-02 14:12:09] 
Processed prompts:  27%|██▋       | 69/256 [00:42<02:57,  1.05it/s, est. speed input: 155.25 toks/s, output: 1026.82 toks/s]
[2026-05-02 14:12:10] 
Processed prompts:  27%|██▋       | 70/256 [00:43<02:23,  1.29it/s, est. speed input: 155.14 toks/s, output: 1053.84 toks/s]
[2026-05-02 14:12:11] 
Processed prompts:  28%|██▊       | 71/256 [00:44<02:41,  1.14it/s, est. speed input: 151.96 toks/s, output: 1058.36 toks/s]
[2026-05-02 14:12:11] 
Processed prompts:  29%|██▉       | 74/256 [00:44<01:20,  2.27it/s, est. speed input: 158.77 toks/s, output: 1153.10 toks/s]
[2026-05-02 14:12:13] 
Processed prompts:  29%|██▉       | 75/256 [00:44<01:22,  2.18it/s, est. speed input: 159.61 toks/s, output: 1171.42 toks/s]
[2026-05-02 14:12:14] [2026-05-02 14:12:13,573 AIMaster] (config.py 347) INFO: Try loading config from pai-aimaster-new configmap.
[2026-05-02 14:12:14] 
Processed prompts:  30%|██▉       | 76/256 [00:47<02:32,  1.18it/s, est. speed input: 153.10 toks/s, output: 1153.52 toks/s]
[2026-05-02 14:12:15] 
Processed prompts:  30%|███       | 77/256 [00:47<02:17,  1.30it/s, est. speed input: 152.31 toks/s, output: 1170.81 toks/s]
[2026-05-02 14:12:15] 
Processed prompts:  30%|███       | 78/256 [00:48<02:17,  1.30it/s, est. speed input: 152.21 toks/s, output: 1185.97 toks/s]
[2026-05-02 14:12:15] 
Processed prompts:  31%|███       | 79/256 [00:48<01:44,  1.70it/s, est. speed input: 153.22 toks/s, output: 1218.13 toks/s]
[2026-05-02 14:12:16] 
Processed prompts:  31%|███▏      | 80/256 [00:48<01:27,  2.00it/s, est. speed input: 153.76 toks/s, output: 1245.20 toks/s]
[2026-05-02 14:12:17] 
Processed prompts:  32%|███▏      | 81/256 [00:50<02:07,  1.37it/s, est. speed input: 151.26 toks/s, output: 1245.42 toks/s]
[2026-05-02 14:12:17] 
Processed prompts:  32%|███▏      | 82/256 [00:50<01:50,  1.57it/s, est. speed input: 151.55 toks/s, output: 1271.33 toks/s]
[2026-05-02 14:12:18] 
Processed prompts:  32%|███▏      | 83/256 [00:50<01:33,  1.84it/s, est. speed input: 151.96 toks/s, output: 1298.48 toks/s]
[2026-05-02 14:12:19] 
Processed prompts:  33%|███▎      | 84/256 [00:52<02:22,  1.21it/s, est. speed input: 149.05 toks/s, output: 1293.38 toks/s]
[2026-05-02 14:12:19] 
Processed prompts:  33%|███▎      | 85/256 [00:52<02:09,  1.32it/s, est. speed input: 148.45 toks/s, output: 1311.54 toks/s]
[2026-05-02 14:12:21] 
Processed prompts:  34%|███▎      | 86/256 [00:53<01:43,  1.65it/s, est. speed input: 149.42 toks/s, output: 1339.50 toks/s]
[2026-05-02 14:12:24] 
Processed prompts:  34%|███▍      | 87/256 [00:54<02:25,  1.16it/s, est. speed input: 146.37 toks/s, output: 1335.74 toks/s]
[2026-05-02 14:12:28] 
Processed prompts:  34%|███▍      | 88/256 [00:58<04:45,  1.70s/it, est. speed input: 138.13 toks/s, output: 1285.61 toks/s]
[2026-05-02 14:12:29] 
Processed prompts:  35%|███▍      | 89/256 [01:02<06:37,  2.38s/it, est. speed input: 129.74 toks/s, output: 1238.87 toks/s]
[2026-05-02 14:12:29] 
Processed prompts:  35%|███▌      | 90/256 [01:02<04:51,  1.76s/it, est. speed input: 129.78 toks/s, output: 1269.10 toks/s]
[2026-05-02 14:12:30] 
Processed prompts:  36%|███▌      | 91/256 [01:03<03:51,  1.40s/it, est. speed input: 129.39 toks/s, output: 1294.04 toks/s]
[2026-05-02 14:12:30] 
Processed prompts:  36%|███▌      | 92/256 [01:03<03:18,  1.21s/it, est. speed input: 128.54 toks/s, output: 1315.49 toks/s]
[2026-05-02 14:12:31] 
Processed prompts:  36%|███▋      | 93/256 [01:04<02:35,  1.05it/s, est. speed input: 128.32 toks/s, output: 1344.81 toks/s]
[2026-05-02 14:12:31] 
Processed prompts:  37%|███▋      | 94/256 [01:04<02:10,  1.24it/s, est. speed input: 128.36 toks/s, output: 1369.36 toks/s]
[2026-05-02 14:12:32] 
Processed prompts:  37%|███▋      | 95/256 [01:04<01:40,  1.60it/s, est. speed input: 129.10 toks/s, output: 1402.52 toks/s]
[2026-05-02 14:12:32] 
Processed prompts:  38%|███▊      | 97/256 [01:05<01:15,  2.10it/s, est. speed input: 130.83 toks/s, output: 1458.25 toks/s]
[2026-05-02 14:12:32] 
Processed prompts:  38%|███▊      | 98/256 [01:05<01:04,  2.43it/s, est. speed input: 130.81 toks/s, output: 1488.07 toks/s]
[2026-05-02 14:12:32] 
Processed prompts:  39%|███▊      | 99/256 [01:05<00:58,  2.67it/s, est. speed input: 130.95 toks/s, output: 1518.97 toks/s]
[2026-05-02 14:12:33] 
Processed prompts:  39%|███▉      | 100/256 [01:06<00:53,  2.92it/s, est. speed input: 130.97 toks/s, output: 1547.89 toks/s]
[2026-05-02 14:12:35] 
Processed prompts:  40%|███▉      | 102/256 [01:06<00:46,  3.30it/s, est. speed input: 133.43 toks/s, output: 1602.16 toks/s]
[2026-05-02 14:12:36] 
Processed prompts:  41%|████      | 104/256 [01:08<01:18,  1.95it/s, est. speed input: 131.77 toks/s, output: 1635.41 toks/s]
[2026-05-02 14:12:36] 
Processed prompts:  41%|████      | 105/256 [01:09<01:36,  1.56it/s, est. speed input: 131.56 toks/s, output: 1644.97 toks/s]
[2026-05-02 14:12:37] 
Processed prompts:  41%|████▏     | 106/256 [01:10<01:40,  1.49it/s, est. speed input: 131.96 toks/s, output: 1664.04 toks/s]
[2026-05-02 14:12:38] [2026-05-02 14:12:38,327 AIMaster] (job_monitor_controller_k8s.py 1099) INFO: All workers: 2, running: 2, failed: 0, pending: 0
[2026-05-02 14:12:38] [2026-05-02 14:12:38,327 AIMaster] (ops_reported_error_detector.py 103) INFO: Detecting whether the job is affected by errors reported by ops platform.
[2026-05-02 14:12:39] 
Processed prompts:  42%|████▏     | 107/256 [01:10<01:27,  1.70it/s, est. speed input: 131.92 toks/s, output: 1690.00 toks/s]
[2026-05-02 14:12:40] 
Processed prompts:  42%|████▏     | 108/256 [01:12<02:12,  1.12it/s, est. speed input: 129.82 toks/s, output: 1683.30 toks/s]
[2026-05-02 14:12:42] 
Processed prompts:  43%|████▎     | 109/256 [01:14<02:47,  1.14s/it, est. speed input: 128.07 toks/s, output: 1681.21 toks/s]
[2026-05-02 14:12:44] 
Processed prompts:  43%|████▎     | 110/256 [01:16<03:28,  1.43s/it, est. speed input: 125.50 toks/s, output: 1670.43 toks/s]
[2026-05-02 14:12:45] 
Processed prompts:  44%|████▍     | 112/256 [01:17<02:44,  1.14s/it, est. speed input: 125.15 toks/s, output: 1711.05 toks/s]
[2026-05-02 14:12:46] 
Processed prompts:  44%|████▍     | 113/256 [01:18<02:36,  1.09s/it, est. speed input: 127.21 toks/s, output: 1726.97 toks/s]
[2026-05-02 14:12:47] 
Processed prompts:  45%|████▍     | 114/256 [01:20<02:39,  1.13s/it, est. speed input: 127.27 toks/s, output: 1736.89 toks/s]
[2026-05-02 14:12:48] 
Processed prompts:  45%|████▍     | 115/256 [01:20<02:24,  1.02s/it, est. speed input: 127.27 toks/s, output: 1760.87 toks/s]
[2026-05-02 14:12:49] 
Processed prompts:  45%|████▌     | 116/256 [01:22<02:32,  1.09s/it, est. speed input: 126.20 toks/s, output: 1769.66 toks/s]
[2026-05-02 14:12:50] 
Processed prompts:  46%|████▌     | 117/256 [01:22<02:05,  1.10it/s, est. speed input: 127.34 toks/s, output: 1795.52 toks/s]
[2026-05-02 14:12:50] 
Processed prompts:  46%|████▋     | 119/256 [01:23<01:47,  1.27it/s, est. speed input: 128.84 toks/s, output: 1841.09 toks/s]
[2026-05-02 14:12:51] 
Processed prompts:  47%|████▋     | 121/256 [01:23<01:09,  1.93it/s, est. speed input: 130.48 toks/s, output: 1910.37 toks/s]
[2026-05-02 14:12:52] 
Processed prompts:  48%|████▊     | 122/256 [01:24<01:20,  1.66it/s, est. speed input: 130.75 toks/s, output: 1927.35 toks/s]
[2026-05-02 14:12:52] 
Processed prompts:  48%|████▊     | 124/256 [01:25<01:07,  1.96it/s, est. speed input: 131.76 toks/s, output: 1984.97 toks/s]
[2026-05-02 14:12:53] 
Processed prompts:  49%|████▉     | 125/256 [01:25<00:58,  2.25it/s, est. speed input: 132.04 toks/s, output: 2015.83 toks/s]
[2026-05-02 14:12:55] 
Processed prompts:  49%|████▉     | 126/256 [01:26<01:01,  2.10it/s, est. speed input: 131.59 toks/s, output: 2042.79 toks/s]
[2026-05-02 14:12:55] 
Processed prompts:  50%|████▉     | 127/256 [01:28<01:57,  1.10it/s, est. speed input: 130.07 toks/s, output: 2030.41 toks/s]
[2026-05-02 14:12:57] 
Processed prompts:  50%|█████     | 128/256 [01:29<01:46,  1.20it/s, est. speed input: 130.16 toks/s, output: 2053.44 toks/s]
[2026-05-02 14:12:58] 
Processed prompts:  50%|█████     | 129/256 [01:30<02:01,  1.05it/s, est. speed input: 128.69 toks/s, output: 2058.56 toks/s]
[2026-05-02 14:12:58] 
Processed prompts:  51%|█████     | 130/256 [01:31<02:05,  1.01it/s, est. speed input: 128.32 toks/s, output: 2068.99 toks/s]
[2026-05-02 14:12:58] 
Processed prompts:  51%|█████     | 131/256 [01:31<01:37,  1.29it/s, est. speed input: 129.62 toks/s, output: 2101.63 toks/s]
[2026-05-02 14:12:59] 
Processed prompts:  52%|█████▏    | 132/256 [01:32<01:25,  1.45it/s, est. speed input: 130.57 toks/s, output: 2129.84 toks/s]
[2026-05-02 14:12:59] 
Processed prompts:  52%|█████▏    | 133/256 [01:32<01:16,  1.60it/s, est. speed input: 132.32 toks/s, output: 2155.16 toks/s]
[2026-05-02 14:13:00] 
Processed prompts:  52%|█████▏    | 134/256 [01:33<01:05,  1.86it/s, est. speed input: 132.77 toks/s, output: 2182.02 toks/s]
[2026-05-02 14:13:00] 
Processed prompts:  53%|█████▎    | 135/256 [01:33<01:04,  1.89it/s, est. speed input: 132.48 toks/s, output: 2206.22 toks/s]
[2026-05-02 14:13:02] 
Processed prompts:  53%|█████▎    | 136/256 [01:34<01:09,  1.72it/s, est. speed input: 134.22 toks/s, output: 2224.74 toks/s]
[2026-05-02 14:13:03] 
Processed prompts:  54%|█████▎    | 137/256 [01:35<01:35,  1.25it/s, est. speed input: 133.58 toks/s, output: 2229.59 toks/s]
[2026-05-02 14:13:04] 
Processed prompts:  54%|█████▍    | 138/256 [01:37<01:59,  1.01s/it, est. speed input: 132.23 toks/s, output: 2233.34 toks/s]
[2026-05-02 14:13:04] 
Processed prompts:  54%|█████▍    | 139/256 [01:38<01:58,  1.02s/it, est. speed input: 131.93 toks/s, output: 2247.71 toks/s]
[2026-05-02 14:13:06] 
Processed prompts:  55%|█████▍    | 140/256 [01:38<01:27,  1.33it/s, est. speed input: 132.45 toks/s, output: 2283.27 toks/s]
[2026-05-02 14:13:08] 
Processed prompts:  55%|█████▌    | 141/256 [01:39<01:51,  1.04it/s, est. speed input: 130.98 toks/s, output: 2286.13 toks/s]
[2026-05-02 14:13:08] 
Processed prompts:  55%|█████▌    | 142/256 [01:42<02:34,  1.35s/it, est. speed input: 128.42 toks/s, output: 2276.10 toks/s]
[2026-05-02 14:13:09] [2026-05-02 14:13:08,494 AIMaster] (job_monitor_controller_k8s.py 1099) INFO: All workers: 2, running: 2, failed: 0, pending: 0
[2026-05-02 14:13:09] 
Processed prompts:  56%|█████▌    | 143/256 [01:42<01:56,  1.03s/it, est. speed input: 128.70 toks/s, output: 2308.90 toks/s]
[2026-05-02 14:13:10] 
Processed prompts:  57%|█████▋    | 145/256 [01:42<01:16,  1.44it/s, est. speed input: 130.75 toks/s, output: 2371.73 toks/s]
[2026-05-02 14:13:10] 
Processed prompts:  57%|█████▋    | 146/256 [01:43<01:14,  1.47it/s, est. speed input: 130.32 toks/s, output: 2395.62 toks/s]
[2026-05-02 14:13:10] 
Processed prompts:  58%|█████▊    | 148/256 [01:43<00:45,  2.35it/s, est. speed input: 134.04 toks/s, output: 2465.50 toks/s]
[2026-05-02 14:13:12] 
Processed prompts:  58%|█████▊    | 149/256 [01:43<00:39,  2.69it/s, est. speed input: 134.50 toks/s, output: 2501.07 toks/s]
[2026-05-02 14:13:12] 
Processed prompts:  59%|█████▊    | 150/256 [01:45<01:22,  1.28it/s, est. speed input: 132.30 toks/s, output: 2492.64 toks/s]
[2026-05-02 14:13:13] 
Processed prompts:  59%|█████▉    | 151/256 [01:46<01:05,  1.60it/s, est. speed input: 132.30 toks/s, output: 2529.82 toks/s]
[2026-05-02 14:13:14] [2026-05-02 14:13:13,512 AIMaster] (aimaster_failover_controller.py 81) INFO: Detecting whether aimaster should be migrated.
[2026-05-02 14:13:14] [2026-05-02 14:13:13,609 AIMaster] (config.py 347) INFO: Try loading config from pai-aimaster-new configmap.
[2026-05-02 14:13:14] 
Processed prompts:  59%|█████▉    | 152/256 [01:47<01:15,  1.38it/s, est. speed input: 132.64 toks/s, output: 2543.15 toks/s]
[2026-05-02 14:13:14] 
Processed prompts:  60%|█████▉    | 153/256 [01:47<01:04,  1.59it/s, est. speed input: 133.35 toks/s, output: 2572.65 toks/s]
[2026-05-02 14:13:15] 
Processed prompts:  60%|██████    | 154/256 [01:47<00:51,  2.00it/s, est. speed input: 134.30 toks/s, output: 2606.80 toks/s]
[2026-05-02 14:13:16] 
Processed prompts:  61%|██████    | 155/256 [01:48<01:10,  1.42it/s, est. speed input: 133.69 toks/s, output: 2612.11 toks/s]
[2026-05-02 14:13:18] 
Processed prompts:  61%|██████    | 156/256 [01:50<01:33,  1.07it/s, est. speed input: 132.56 toks/s, output: 2614.62 toks/s]
[2026-05-02 14:13:19] 
Processed prompts:  62%|██████▏   | 158/256 [01:52<01:31,  1.07it/s, est. speed input: 131.42 toks/s, output: 2646.37 toks/s]
[2026-05-02 14:13:20] 
Processed prompts:  62%|██████▏   | 159/256 [01:52<01:15,  1.28it/s, est. speed input: 131.40 toks/s, output: 2680.43 toks/s]
[2026-05-02 14:13:21] 
Processed prompts:  62%|██████▎   | 160/256 [01:53<01:24,  1.14it/s, est. speed input: 130.57 toks/s, output: 2693.32 toks/s]
[2026-05-02 14:13:21] 
Processed prompts:  63%|██████▎   | 161/256 [01:54<01:21,  1.17it/s, est. speed input: 130.26 toks/s, output: 2715.77 toks/s]
[2026-05-02 14:13:21] 
Processed prompts:  63%|██████▎   | 162/256 [01:54<01:11,  1.31it/s, est. speed input: 130.29 toks/s, output: 2740.73 toks/s]
[2026-05-02 14:13:25] 
Processed prompts:  64%|██████▎   | 163/256 [01:55<01:00,  1.55it/s, est. speed input: 130.68 toks/s, output: 2771.53 toks/s]
[2026-05-02 14:13:26] [2026-05-02 14:13:26,068 AIMaster] (job_event_collector.py 135) WARNING: Failed to watch pods, exception: ("Connection broken: ConnectionResetError(104, 'Connection reset by peer')", ConnectionResetError(104, 'Connection reset by peer'))
[2026-05-02 14:13:27] 
Processed prompts:  64%|██████▍   | 164/256 [01:58<02:15,  1.48s/it, est. speed input: 127.30 toks/s, output: 2728.29 toks/s]
[2026-05-02 14:13:28] 
Processed prompts:  64%|██████▍   | 165/256 [02:01<02:35,  1.71s/it, est. speed input: 125.23 toks/s, output: 2715.75 toks/s]
[2026-05-02 14:13:30] 
Processed prompts:  65%|██████▍   | 166/256 [02:01<02:11,  1.46s/it, est. speed input: 125.32 toks/s, output: 2735.83 toks/s]
[2026-05-02 14:13:30] 
Processed prompts:  65%|██████▌   | 167/256 [02:03<02:10,  1.47s/it, est. speed input: 124.32 toks/s, output: 2741.87 toks/s]
[2026-05-02 14:13:30] 
Processed prompts:  66%|██████▌   | 168/256 [02:03<01:37,  1.11s/it, est. speed input: 124.39 toks/s, output: 2773.58 toks/s]
[2026-05-02 14:13:30] 
Processed prompts:  66%|██████▌   | 169/256 [02:03<01:11,  1.22it/s, est. speed input: 124.89 toks/s, output: 2808.09 toks/s]
[2026-05-02 14:13:32] 
Processed prompts:  66%|██████▋   | 170/256 [02:03<00:52,  1.65it/s, est. speed input: 124.97 toks/s, output: 2848.86 toks/s]
[2026-05-02 14:13:37] 
Processed prompts:  67%|██████▋   | 171/256 [02:06<01:34,  1.11s/it, est. speed input: 123.75 toks/s, output: 2834.88 toks/s]
[2026-05-02 14:13:38] 
Processed prompts:  67%|██████▋   | 172/256 [02:11<03:08,  2.24s/it, est. speed input: 119.56 toks/s, output: 2770.15 toks/s]
[2026-05-02 14:13:39] [2026-05-02 14:13:38,642 AIMaster] (job_monitor_controller_k8s.py 1099) INFO: All workers: 2, running: 2, failed: 0, pending: 0
[2026-05-02 14:13:39] [2026-05-02 14:13:38,642 AIMaster] (ops_reported_error_detector.py 103) INFO: Detecting whether the job is affected by errors reported by ops platform.
[2026-05-02 14:13:41] 
Processed prompts:  68%|██████▊   | 173/256 [02:12<02:31,  1.83s/it, est. speed input: 119.20 toks/s, output: 2792.57 toks/s]
[2026-05-02 14:13:42] 
Processed prompts:  68%|██████▊   | 174/256 [02:15<02:59,  2.19s/it, est. speed input: 116.74 toks/s, output: 2770.40 toks/s]
[2026-05-02 14:13:43] 
Processed prompts:  68%|██████▊   | 175/256 [02:16<02:30,  1.85s/it, est. speed input: 116.17 toks/s, output: 2787.93 toks/s]
[2026-05-02 14:13:44] 
Processed prompts:  69%|██████▉   | 176/256 [02:16<01:57,  1.47s/it, est. speed input: 116.06 toks/s, output: 2820.25 toks/s]
[2026-05-02 14:13:45] 
Processed prompts:  69%|██████▉   | 177/256 [02:18<02:01,  1.54s/it, est. speed input: 115.11 toks/s, output: 2830.59 toks/s]
[2026-05-02 14:13:45] 
Processed prompts:  70%|██████▉   | 178/256 [02:18<01:30,  1.16s/it, est. speed input: 115.15 toks/s, output: 2869.29 toks/s]
[2026-05-02 14:13:46] 
Processed prompts:  70%|██████▉   | 179/256 [02:19<01:18,  1.02s/it, est. speed input: 114.87 toks/s, output: 2897.28 toks/s]
[2026-05-02 14:13:47] 
Processed prompts:  70%|███████   | 180/256 [02:20<01:09,  1.09it/s, est. speed input: 115.22 toks/s, output: 2923.79 toks/s]
[2026-05-02 14:13:47] 
Processed prompts:  71%|███████   | 181/256 [02:20<01:09,  1.08it/s, est. speed input: 115.02 toks/s, output: 2949.36 toks/s]
[2026-05-02 14:13:52] 
Processed prompts:  71%|███████▏  | 183/256 [02:21<00:41,  1.77it/s, est. speed input: 116.21 toks/s, output: 3027.16 toks/s]
[2026-05-02 14:13:53] 
Processed prompts:  72%|███████▏  | 184/256 [02:26<01:59,  1.66s/it, est. speed input: 112.47 toks/s, output: 2966.46 toks/s]
[2026-05-02 14:13:55] 
Processed prompts:  72%|███████▏  | 185/256 [02:27<01:44,  1.48s/it, est. speed input: 112.00 toks/s, output: 2989.71 toks/s]
[2026-05-02 14:13:55] 
Processed prompts:  73%|███████▎  | 187/256 [02:28<01:23,  1.22s/it, est. speed input: 111.75 toks/s, output: 3046.61 toks/s]
[2026-05-02 14:13:56] 
Processed prompts:  73%|███████▎  | 188/256 [02:29<01:08,  1.01s/it, est. speed input: 112.52 toks/s, output: 3085.43 toks/s]
[2026-05-02 14:13:56] 
Processed prompts:  74%|███████▍  | 189/256 [02:29<00:54,  1.23it/s, est. speed input: 112.86 toks/s, output: 3125.15 toks/s]
[2026-05-02 14:13:58] 
Processed prompts:  75%|███████▍  | 191/256 [02:30<00:40,  1.59it/s, est. speed input: 113.36 toks/s, output: 3197.80 toks/s]
[2026-05-02 14:13:59] 
Processed prompts:  75%|███████▌  | 192/256 [02:31<00:55,  1.15it/s, est. speed input: 112.63 toks/s, output: 3206.16 toks/s]
[2026-05-02 14:13:59] 
Processed prompts:  76%|███████▌  | 194/256 [02:32<00:41,  1.48it/s, est. speed input: 113.10 toks/s, output: 3274.89 toks/s]
[2026-05-02 14:14:01] 
Processed prompts:  76%|███████▌  | 195/256 [02:32<00:36,  1.68it/s, est. speed input: 113.60 toks/s, output: 3311.82 toks/s]
[2026-05-02 14:14:03] 
Processed prompts:  77%|███████▋  | 196/256 [02:34<00:51,  1.15it/s, est. speed input: 112.79 toks/s, output: 3321.15 toks/s]
[2026-05-02 14:14:04] 
Processed prompts:  77%|███████▋  | 197/256 [02:37<01:13,  1.25s/it, est. speed input: 111.77 toks/s, output: 3317.77 toks/s]
[2026-05-02 14:14:04] 
Processed prompts:  77%|███████▋  | 198/256 [02:37<00:58,  1.02s/it, est. speed input: 112.00 toks/s, output: 3356.42 toks/s]
[+] [2026-05-02 14:14:05] 
Processed prompts:  55%|█████▌    | 142/256 [01:18<00:57,  1.97it/s, est. speed input: 141.29 toks/s, output: 2296.20 toks/s]
Processed prompts:  56%|█████▌    | 143/256 [01:22<02:30,  1.33s/it, est. speed input: 137.90 toks/s, output: 2238.98 toks/s]
Processed prompts:  56%|█████▋    | 144/256 [01:24<02:53,  1.54s/it, est. speed input: 136.03 toks/s, output: 2219.12 toks/s]
Processed prompts:  57%|█████▋    | 146/256 [01:24<01:45,  1.05it/s, est. speed input: 136.05 toks/s, output: 2286.12 toks/s]
Processed prompts:  58%|█████▊    | 148/256 [01:26<01:38,  1.10it/s, est. speed input: 135.18 toks/s, output: 2318.15 toks/s]
Processed prompts:  58%|█████▊    | 149/256 [01:27<01:38,  1.09it/s, est. speed input: 134.42 toks/s, output: 2332.79 toks/s]
Processed prompts:  59%|█████▊    | 150/256 [01:29<02:06,  1.20s/it, est. speed input: 132.29 toks/s, output: 2317.33 toks/s]
Processed prompts:  59%|█████▉    | 151/256 [01:32<02:44,  1.57s/it, est. speed input: 129.45 toks/s, output: 2290.46 toks/s]
Processed prompts:  59%|█████▉    | 152/256 [01:32<02:13,  1.28s/it, est. speed input: 130.00 toks/s, output: 2317.29 toks/s]
Processed prompts:  60%|█████▉    | 153/256 [01:33<01:58,  1.15s/it, est. speed input: 129.34 toks/s, output: 2339.12 toks/s]
Processed prompts:  60%|██████    | 154/256 [01:35<02:33,  1.51s/it, est. speed input: 126.51 toks/s, output: 2323.63 toks/s]
Processed prompts:  61%|██████    | 155/256 [01:35<01:52,  1.11s/it, est. speed input: 126.91 toks/s, output: 2362.38 toks/s]
Processed prompts:  61%|██████    | 156/256 [01:39<02:58,  1.79s/it, est. speed input: 123.14 toks/s, output: 2322.21 toks/s]
Processed prompts:  61%|██████▏   | 157/256 [01:40<02:43,  1.65s/it, est. speed input: 122.41 toks/s, output: 2327.93 toks/s]
Processed prompts:  62%|██████▏   | 159/256 [01:41<01:42,  1.05s/it, est. speed input: 123.05 toks/s, output: 2389.73 toks/s]
Processed prompts:  62%|██████▎   | 160/256 [01:42<01:50,  1.15s/it, est. speed input: 121.73 toks/s, output: 2400.68 toks/s]
Processed prompts:  63%|██████▎   | 161/256 [01:42<01:23,  1.13it/s, est. speed input: 122.10 toks/s, output: 2436.60 toks/s]
Processed prompts:  63%|██████▎   | 162/256 [01:43<01:20,  1.17it/s, est. speed input: 121.90 toks/s, output: 2457.24 toks/s]
Processed prompts:  64%|██████▎   | 163/256 [01:45<01:46,  1.15s/it, est. speed input: 120.23 toks/s, output: 2451.02 toks/s]
Processed prompts:  64%|██████▍   | 164/256 [01:46<01:47,  1.17s/it, est. speed input: 119.42 toks/s, output: 2463.64 toks/s]
Processed prompts:  64%|██████▍   | 165/256 [01:47<01:32,  1.02s/it, est. speed input: 119.18 toks/s, output: 2490.16 toks/s]
Processed prompts:  65%|██████▍   | 166/256 [01:47<01:12,  1.24it/s, est. speed input: 119.24 toks/s, output: 2524.03 toks/s]
Processed prompts:  65%|██████▌   | 167/256 [01:48<01:09,  1.29it/s, est. speed input: 119.23 toks/s, output: 2549.93 toks/s]
Processed prompts:  66%|██████▌   | 168/256 [01:48<01:01,  1.43it/s, est. speed input: 119.67 toks/s, output: 2581.26 toks/s]
Processed prompts:  66%|██████▌   | 169/256 [01:54<02:54,  2.00s/it, est. speed input: 114.73 toks/s, output: 2506.97 toks/s]
Processed prompts:  66%|██████▋   | 170/256 [01:57<03:32,  2.47s/it, est. speed input: 111.72 toks/s, output: 2472.94 toks/s]
Processed prompts:  67%|██████▋   | 171/256 [01:58<02:49,  1.99s/it, est. speed input: 111.39 toks/s, output: 2495.95 toks/s]
Processed prompts:  67%|██████▋   | 172/256 [01:58<02:01,  1.45s/it, est. speed input: 112.42 toks/s, output: 2533.69 toks/s]
Processed prompts:  68%|██████▊   | 174/256 [01:59<01:14,  1.10it/s, est. speed input: 113.82 toks/s, output: 2609.31 toks/s]
Processed prompts:  68%|██████▊   | 175/256 [02...
[2026-05-02 14:14:05] 
Rendering prompts:   0%|          | 0/14 [00:00<?, ?it/s]
Rendering prompts: 100%|██████████| 14/14 [00:00<00:00, 1404.29it/s]
[2026-05-02 14:14:06] 
Processed prompts:  78%|███████▊  | 199/256 [02:38<00:56,  1.01it/s, est. speed input: 111.79 toks/s, output: 3380.32 toks/s]
[2026-05-02 14:14:07] 
Processed prompts:  78%|███████▊  | 200/256 [02:39<01:00,  1.08s/it, est. speed input: 111.15 toks/s, output: 3399.36 toks/s]
[2026-05-02 14:14:08] 
Processed prompts:  79%|███████▊  | 201/256 [02:41<01:08,  1.24s/it, est. speed input: 110.45 toks/s, output: 3410.92 toks/s]
[2026-05-02 14:14:09] 
Processed prompts:  79%|███████▉  | 202/256 [02:41<00:50,  1.06it/s, est. speed input: 110.90 toks/s, output: 3449.32 toks/s]
[2026-05-02 14:14:09] [2026-05-02 14:14:08,792 AIMaster] (job_monitor_controller_k8s.py 1099) INFO: All workers: 2, running: 2, failed: 0, pending: 0
[2026-05-02 14:14:11] 
Processed prompts:  80%|███████▉  | 204/256 [02:42<00:38,  1.34it/s, est. speed input: 111.57 toks/s, output: 3521.34 toks/s]
[2026-05-02 14:14:12] 
Processed prompts:  80%|████████  | 205/256 [02:44<00:54,  1.06s/it, est. speed input: 110.73 toks/s, output: 3519.61 toks/s]
[2026-05-02 14:14:12] 
Processed prompts:  80%|████████  | 206/256 [02:45<00:52,  1.04s/it, est. speed input: 110.36 toks/s, output: 3543.35 toks/s]
[2026-05-02 14:14:13] 
Processed prompts:  81%|████████  | 207/256 [02:46<00:43,  1.14it/s, est. speed input: 110.28 toks/s, output: 3584.52 toks/s]
[2026-05-02 14:14:13] 
Processed prompts:  81%|████████▏ | 208/256 [02:46<00:38,  1.26it/s, est. speed input: 110.13 toks/s, output: 3618.03 toks/s]
[2026-05-02 14:14:14] [2026-05-02 14:14:13,644 AIMaster] (config.py 347) INFO: Try loading config from pai-aimaster-new configmap.
[2026-05-02 14:14:14] 
Processed prompts:  82%|████████▏ | 209/256 [02:47<00:33,  1.38it/s, est. speed input: 110.05 toks/s, output: 3656.12 toks/s]
[2026-05-02 14:14:18] 
Processed prompts:  82%|████████▏ | 210/256 [02:47<00:28,  1.63it/s, est. speed input: 110.43 toks/s, output: 3697.29 toks/s]
[2026-05-02 14:14:20] 
Processed prompts:  82%|████████▏ | 211/256 [02:51<01:11,  1.59s/it, est. speed input: 108.24 toks/s, output: 3659.41 toks/s]
[2026-05-02 14:14:22] 
Processed prompts:  83%|████████▎ | 212/256 [02:54<01:23,  1.91s/it, est. speed input: 106.86 toks/s, output: 3648.23 toks/s]
[2026-05-02 14:14:24] 
Processed prompts:  83%|████████▎ | 213/256 [02:56<01:24,  1.97s/it, est. speed input: 105.71 toks/s, output: 3651.99 toks/s]
[2026-05-02 14:14:27] 
Processed prompts:  84%|████████▎ | 214/256 [02:58<01:22,  1.96s/it, est. speed input: 104.94 toks/s, output: 3660.01 toks/s]
[2026-05-02 14:14:28] 
Processed prompts:  84%|████████▍ | 215/256 [03:01<01:32,  2.24s/it, est. speed input: 103.63 toks/s, output: 3650.61 toks/s]
[2026-05-02 14:14:32] 
Processed prompts:  84%|████████▍ | 216/256 [03:01<01:09,  1.74s/it, est. speed input: 103.64 toks/s, output: 3687.08 toks/s]
[2026-05-02 14:14:33] 
Processed prompts:  85%|████████▍ | 217/256 [03:05<01:36,  2.48s/it, est. speed input: 101.62 toks/s, output: 3653.71 toks/s]
[2026-05-02 14:14:33] 
Processed prompts:  85%|████████▌ | 218/256 [03:07<01:21,  2.14s/it, est. speed input: 101.06 toks/s, output: 3678.31 toks/s]
[2026-05-02 14:14:34] 
Processed prompts:  86%|████████▌ | 219/256 [03:07<00:57,  1.55s/it, est. speed input: 101.41 toks/s, output: 3722.75 toks/s]
[2026-05-02 14:14:38] 
Processed prompts:  86%|████████▌ | 220/256 [03:08<00:49,  1.38s/it, est. speed input: 101.45 toks/s, output: 3754.58 toks/s]
[2026-05-02 14:14:39] [2026-05-02 14:14:38,917 AIMaster] (job_monitor_controller_k8s.py 1099) INFO: All workers: 2, running: 2, failed: 0, pending: 0
[2026-05-02 14:14:39] [2026-05-02 14:14:38,917 AIMaster] (ops_reported_error_detector.py 103) INFO: Detecting whether the job is affected by errors reported by ops platform.
[2026-05-02 14:14:40] 
Processed prompts:  86%|████████▋ | 221/256 [03:12<01:13,  2.10s/it, est. speed input: 100.04 toks/s, output: 3730.92 toks/s]
[2026-05-02 14:14:41] 
Processed prompts:  87%|████████▋ | 222/256 [03:14<01:10,  2.08s/it, est. speed input: 101.64 toks/s, output: 3742.51 toks/s]
[2026-05-02 14:14:42] 
Processed prompts:  87%|████████▋ | 223/256 [03:15<00:59,  1.80s/it, est. speed input: 101.80 toks/s, output: 3772.21 toks/s]
[2026-05-02 14:14:44] 
Processed prompts:  88%|████████▊ | 224/256 [03:15<00:42,  1.33s/it, est. speed input: 101.93 toks/s, output: 3820.31 toks/s]
[2026-05-02 14:14:44] 
Processed prompts:  88%|████████▊ | 226/256 [03:17<00:36,  1.22s/it, est. speed input: 102.02 toks/s, output: 3878.42 toks/s]
[2026-05-02 14:14:45] 
Processed prompts:  89%|████████▊ | 227/256 [03:18<00:28,  1.01it/s, est. speed input: 104.46 toks/s, output: 3921.43 toks/s]
[2026-05-02 14:14:49] 
Processed prompts:  89%|████████▉ | 228/256 [03:19<00:28,  1.03s/it, est. speed input: 104.21 toks/s, output: 3950.71 toks/s]
[2026-05-02 14:14:53] 
Processed prompts:  89%|████████▉ | 229/256 [03:23<00:50,  1.85s/it, est. speed input: 102.60 toks/s, output: 3923.80 toks/s]
[2026-05-02 14:14:53] 
Processed prompts:  90%|████████▉ | 230/256 [03:26<00:58,  2.26s/it, est. speed input: 101.39 toks/s, output: 3913.63 toks/s]
[2026-05-02 14:14:54] 
Processed prompts:  90%|█████████ | 231/256 [03:27<00:44,  1.77s/it, est. speed input: 101.63 toks/s, output: 3956.67 toks/s]
[2026-05-02 14:14:55] 
Processed prompts:  91%|█████████ | 232/256 [03:28<00:36,  1.53s/it, est. speed input: 101.66 toks/s, output: 3989.88 toks/s]
[2026-05-02 14:14:58] [2026-05-02 14:14:57,960 AIMaster] (job_event_collector.py 135) WARNING: Failed to watch pods, exception: ("Connection broken: ConnectionResetError(104, 'Connection reset by peer')", ConnectionResetError(104, 'Connection reset by peer'))
[2026-05-02 14:14:59] 
Processed prompts:  91%|█████████▏| 234/256 [03:29<00:24,  1.11s/it, est. speed input: 101.96 toks/s, output: 4076.99 toks/s]
[2026-05-02 14:15:00] 
Processed prompts:  92%|█████████▏| 235/256 [03:33<00:37,  1.78s/it, est. speed input: 100.25 toks/s, output: 4056.70 toks/s]
[2026-05-02 14:15:08] 
Processed prompts:  92%|█████████▏| 236/256 [03:34<00:33,  1.65s/it, est. speed input: 99.95 toks/s, output: 4090.44 toks/s] 
[2026-05-02 14:15:09] [2026-05-02 14:15:09,078 AIMaster] (job_monitor_controller_k8s.py 1099) INFO: All workers: 2, running: 2, failed: 0, pending: 0
[2026-05-02 14:15:10] 
Processed prompts:  93%|█████████▎| 237/256 [03:42<01:03,  3.32s/it, est. speed input: 96.70 toks/s, output: 4000.34 toks/s]
[2026-05-02 14:15:13] 
Processed prompts:  93%|█████████▎| 238/256 [03:44<00:54,  3.01s/it, est. speed input: 96.21 toks/s, output: 4020.16 toks/s]
[2026-05-02 14:15:14] [2026-05-02 14:15:13,680 AIMaster] (config.py 347) INFO: Try loading config from pai-aimaster-new configmap.
[2026-05-02 14:15:14] [2026-05-02 14:15:14,092 AIMaster] (aimaster_failover_controller.py 81) INFO: Detecting whether aimaster should be migrated.
[2026-05-02 14:15:14] 
Processed prompts:  93%|█████████▎| 239/256 [03:46<00:47,  2.79s/it, est. speed input: 95.52 toks/s, output: 4039.68 toks/s]
[2026-05-02 14:15:19] 
Processed prompts:   0%|          | 0/14 [00:00<?, ?it/s, est. speed input: 0.00 toks/s, output: 0.00 toks/s]
Processed prompts:  14%|█▍        | 2/14 [00:00<00:02,  5.68it/s, est. speed input: 687.91 toks/s, output: 71.06 toks/s]
Processed prompts:  21%|██▏       | 3/14 [00:04<00:21,  1.93s/it, est. speed input: 69.05 toks/s, output: 127.12 toks/s]
Processed prompts:  29%|██▊       | 4/14 [00:06<00:19,  1.98s/it, est. speed input: 61.31 toks/s, output: 221.73 toks/s]
Processed prompts:  36%|███▌      | 5/14 [00:13<00:31,  3.51s/it, est. speed input: 35.65 toks/s, output: 252.99 toks/s]
Processed prompts:  43%|████▎     | 6/14 [00:18<00:33,  4.14s/it, est. speed input: 27.07 toks/s, output: 312.83 toks/s]
Processed prompts:  50%|█████     | 7/14 [00:22<00:28,  4.04s/it, est. speed input: 24.45 toks/s, output: 395.74 toks/s]
Processed prompts:  57%|█████▋    | 8/14 [00:23<00:18,  3.00s/it, est. speed input: 25.64 toks/s, output: 517.13 toks/s]
Processed prompts:  64%|██████▍   | 9/14 [00:29<00:19,  3.92s/it, est. speed input: 24.64 toks/s, output: 536.31 toks/s]
Processed prompts:  71%|███████▏  | 10/14 [00:29<00:11,  2.96s/it, est. speed input: 25.59 toks/s, output: 663.54 toks/s]
Processed prompts:  79%|███████▊  | 11/14 [00:53<00:27,  9.27s/it, est. speed input: 15.01 toks/s, output: 502.37 toks/s]
Processed prompts:  86%|████████▌ | 12/14 [00:57<00:15,  7.54s/it, est. speed input: 15.47 toks/s, output: 610.06 toks/s]
Processed prompts:  93%|█████████▎| 13/14 [00:57<00:05,  5.44s/it, est. speed input: 18.12 toks/s, output: 732.78 toks/s]
Processed prompts: 100%|██████████| 14/14 [01:13<00:00,  8.62s/it, est. speed input: 14.55 toks/s, output: 709.72 toks/s]
Processed prompts: 100%|██████████| 14/14 [01:13<00:00,  8.62s/it, est. speed input: 14.55 toks/s, output: 709.72 toks/s]
Processed prompts: 100%|██████████| 14/14 [01:13<00:00,  5.27s/it, est. speed input: 14.55 toks/s, output: 709.72 toks/s]
[2026-05-02 14:15:19] [done] wrote 2574 rows to /mnt/data/ebft-distribution-new/outputs/g2_dlcom1bt6c5aunyq/supplement_logs/shards_post_train_rerun_0502_1206_0502_1206/eval_results_post_train_rerun_0502_1206_stage2_shard_1.jsonl
[2026-05-02 14:15:19] (EngineCore pid=4200) INFO 05-02 14:15:19 [core.py:1210] Shutdown initiated (timeout=0)
[2026-05-02 14:15:19] (EngineCore pid=4200) INFO 05-02 14:15:19 [core.py:1233] Shutdown complete
[2026-05-02 14:15:19] (Worker_TP0 pid=4338) INFO 05-02 14:15:19 [multiproc_executor.py:764] Parent process exited, terminating worker queues
[2026-05-02 14:15:19] (Worker_TP1 pid=4345) INFO 05-02 14:15:19 [multiproc_executor.py:859] WorkerProc shutting down.
[2026-05-02 14:15:19] (Worker_TP2 pid=4354) (Worker_TP7 pid=4421) INFO 05-02 14:15:19 [multiproc_executor.py:859] WorkerProc shutting down.
[2026-05-02 14:15:19] (Worker_TP6 pid=4408) (Worker_TP4 pid=4381) INFO 05-02 14:15:19 [multiproc_executor.py:859] WorkerProc shutting down.
[2026-05-02 14:15:19] INFO 05-02 14:15:19 [multiproc_executor.py:859] WorkerProc shutting down.
[2026-05-02 14:15:19] (Worker_TP5 pid=4394) INFO 05-02 14:15:19 [multiproc_executor.py:859] WorkerProc shutting down.
[2026-05-02 14:15:19] INFO 05-02 14:15:19 [multiproc_executor.py:859] WorkerProc shutting down.
[2026-05-02 14:15:19] (Worker_TP0 pid=4338) INFO 05-02 14:15:19 [multiproc_executor.py:859] WorkerProc shutting down.
[2026-05-02 14:15:19] (Worker_TP3 pid=4367) INFO 05-02 14:15:19 [multiproc_executor.py:859] WorkerProc shutting down.
[2026-05-02 14:15:21] 
Processed prompts:  94%|█████████▍| 240/256 [03:47<00:37,  2.35s/it, est. speed input: 95.22 toks/s, output: 4071.00 toks/s]
[2026-05-02 14:15:25] /usr/local/lib/python3.12/multiprocessing/resource_tracker.py:279: UserWarning: resource_tracker: There appear to be 8 leaked semaphore objects to clean up at shutdown
[2026-05-02 14:15:25]   warnings.warn('resource_tracker: There appear to be %d '
[2026-05-02 14:15:25] /usr/local/lib/python3.12/multiprocessing/resource_tracker.py:279: UserWarning: resource_tracker: There appear to be 2 leaked shared_memory objects to clean up at shutdown
[2026-05-02 14:15:25]   warnings.warn('resource_tracker: There appear to be %d '
[2026-05-02 14:15:25] 
Processed prompts:  94%|█████████▍| 241/256 [03:54<00:54,  3.65s/it, est. speed input: 93.16 toks/s, output: 4011.98 toks/s]
[2026-05-02 14:15:26] [stage2-worker-worker] vLLM completed (attempt 1)
[2026-05-02 14:15:27] 
Processed prompts:  95%|█████████▍| 242/256 [03:58<00:53,  3.81s/it, est. speed input: 91.76 toks/s, output: 3998.47 toks/s]
[2026-05-02 14:15:28] 
Processed prompts:  95%|█████████▍| 243/256 [04:01<00:44,  3.39s/it, est. speed input: 91.07 toks/s, output: 4015.06 toks/s][stage2-worker] (rendezvous) worker reported OK after 4280s
[2026-05-02 14:15:34] 
[2026-05-02 14:15:35] 
Processed prompts:  95%|█████████▌| 244/256 [04:08<00:53,  4.49s/it, est. speed input: 88.70 toks/s, output: 3955.59 toks/s]
[2026-05-02 14:15:39] [2026-05-02 14:15:39,215 AIMaster] (job_monitor_controller_k8s.py 1099) INFO: All workers: 2, running: 2, failed: 0, pending: 0
[2026-05-02 14:15:39] [2026-05-02 14:15:39,215 AIMaster] (ops_reported_error_detector.py 103) INFO: Detecting whether the job is affected by errors reported by ops platform.
[2026-05-02 14:15:41] 
Processed prompts:  96%|█████████▌| 245/256 [04:08<00:35,  3.26s/it, est. speed input: 88.89 toks/s, output: 4007.80 toks/s]
[2026-05-02 14:15:53] 
Processed prompts:  96%|█████████▌| 246/256 [04:15<00:42,  4.23s/it, est. speed input: 87.11 toks/s, output: 3965.27 toks/s]
[2026-05-02 14:15:53] 
Processed prompts:  96%|█████████▋| 247/256 [04:26<00:57,  6.36s/it, est. speed input: 83.95 toks/s, output: 3857.33 toks/s]
[2026-05-02 14:15:55] 
Processed prompts:  97%|█████████▋| 248/256 [04:26<00:36,  4.57s/it, est. speed input: 84.40 toks/s, output: 3914.48 toks/s]
[2026-05-02 14:15:55] 
Processed prompts:  97%|█████████▋| 249/256 [04:28<00:25,  3.68s/it, est. speed input: 84.09 toks/s, output: 3952.01 toks/s]
[2026-05-02 14:15:57] 
Processed prompts:  98%|█████████▊| 250/256 [04:28<00:15,  2.65s/it, est. speed input: 84.22 toks/s, output: 4009.65 toks/s]
[2026-05-02 14:16:09] [2026-05-02 14:16:09,374 AIMaster] (job_monitor_controller_k8s.py 1099) INFO: All workers: 2, running: 2, failed: 0, pending: 0
[2026-05-02 14:16:14] [2026-05-02 14:16:13,716 AIMaster] (config.py 347) INFO: Try loading config from pai-aimaster-new configmap.
[2026-05-02 14:16:20] 
Processed prompts:  98%|█████████▊| 251/256 [04:30<00:12,  2.48s/it, est. speed input: 83.73 toks/s, output: 4039.10 toks/s]
[2026-05-02 14:16:30] [2026-05-02 14:16:29,640 AIMaster] (job_event_collector.py 135) WARNING: Failed to watch pods, exception: ("Connection broken: ConnectionResetError(104, 'Connection reset by peer')", ConnectionResetError(104, 'Connection reset by peer'))
[2026-05-02 14:16:37] 
Processed prompts:  98%|█████████▊| 252/256 [04:54<00:34,  8.68s/it, est. speed input: 77.26 toks/s, output: 3783.71 toks/s]
[2026-05-02 14:16:39] [2026-05-02 14:16:39,491 AIMaster] (pod_manager.py 415) INFO: Pod Category Summary (Total pods: 2)
[2026-05-02 14:16:39] | Category           |   Count | Percentage   | Pods                                                   |
[2026-05-02 14:16:39] |--------------------|---------|--------------|--------------------------------------------------------|
[2026-05-02 14:16:39] | Running            |       2 | 100.0%       | [dlc7uaznuz8nkr0r-master-0, dlc7uaznuz8nkr0r-worker-0] |
[2026-05-02 14:16:39] | Pending            |       0 | 0.0%         |                                                        |
[2026-05-02 14:16:39] | Succeeded          |       0 | 0.0%         |                                                        |
[2026-05-02 14:16:39] | Failed             |       0 | 0.0%         |                                                        |
[2026-05-02 14:16:39] | Terminating        |       0 | 0.0%         |                                                        |
[2026-05-02 14:16:39] | Scheduler_evicting |       0 | 0.0%         |                                                        |
[2026-05-02 14:16:39] | Aiph_node_error    |       0 | 0.0%         |                                                        |
[2026-05-02 14:16:39] | Unknown            |       0 | 0.0%         |                                                        |
[2026-05-02 14:16:39] 
[2026-05-02 14:16:39] [2026-05-02 14:16:39,491 AIMaster] (job_monitor_controller_k8s.py 1099) INFO: All workers: 2, running: 2, failed: 0, pending: 0
[2026-05-02 14:16:39] [2026-05-02 14:16:39,491 AIMaster] (ops_reported_error_detector.py 103) INFO: Detecting whether the job is affected by errors reported by ops platform.
[2026-05-02 14:16:57] 
Processed prompts:  99%|█████████▉| 253/256 [05:11<00:33, 11.30s/it, est. speed input: 74.58 toks/s, output: 3634.17 toks/s]
[2026-05-02 14:16:59] 
Processed prompts:  99%|█████████▉| 254/256 [05:31<00:27, 13.79s/it, est. speed input: 70.47 toks/s, output: 3483.86 toks/s]
[2026-05-02 14:17:10] [2026-05-02 14:17:09,656 AIMaster] (job_monitor_controller_k8s.py 1099) INFO: All workers: 2, running: 2, failed: 0, pending: 0
[2026-05-02 14:17:14] [2026-05-02 14:17:13,750 AIMaster] (config.py 347) INFO: Try loading config from pai-aimaster-new configmap.
[2026-05-02 14:17:15] [2026-05-02 14:17:14,669 AIMaster] (aimaster_failover_controller.py 81) INFO: Detecting whether aimaster should be migrated.
[2026-05-02 14:17:26] 
Processed prompts: 100%|█████████▉| 255/256 [05:32<00:10, 10.14s/it, est. speed input: 70.29 toks/s, output: 3535.26 toks/s]
[2026-05-02 14:17:26] 
Processed prompts: 100%|██████████| 256/256 [06:00<00:00, 15.35s/it, est. speed input: 65.14 toks/s, output: 3334.36 toks/s]
[2026-05-02 14:17:26] 
Processed prompts: 100%|██████████| 256/256 [06:00<00:00, 15.35s/it, est. speed input: 65.14 toks/s, output: 3334.36 toks/s]
Processed prompts: 100%|██████████| 256/256 [06:00<00:00,  1.41s/it, est. speed input: 65.14 toks/s, output: 3334.36 toks/s]
[2026-05-02 14:17:26] 
Generating:  99%|█████████▉| 2560/2584 [1:11:42<00:39,  1.64s/sample, chunk=9/11, rate=0.58/s, written=2304]
Generating:  99%|█████████▉| 2560/2584 [1:11:42<00:39,  1.64s/sample, chunk=10/11, rate=0.59/s, written=2560]
[2026-05-02 14:17:26] 
Rendering prompts:   0%|          | 0/24 [00:00<?, ?it/s]
Rendering prompts: 100%|██████████| 24/24 [00:00<00:00, 3337.86it/s]
[2026-05-02 14:17:26] 
[2026-05-02 14:17:29] 
Processed prompts:   0%|          | 0/24 [00:00<?, ?it/s, est. speed input: 0.00 toks/s, output: 0.00 toks/s]
[2026-05-02 14:17:31] 
Processed prompts:   4%|▍         | 1/24 [00:02<01:06,  2.90s/it, est. speed input: 13.10 toks/s, output: 82.04 toks/s]
[2026-05-02 14:17:33] 
Processed prompts:   8%|▊         | 2/24 [00:05<00:54,  2.46s/it, est. speed input: 19.58 toks/s, output: 157.46 toks/s]
[2026-05-02 14:17:37] 
Processed prompts:  12%|█▎        | 3/24 [00:07<00:47,  2.25s/it, est. speed input: 18.42 toks/s, output: 226.56 toks/s]
[2026-05-02 14:17:38] 
Processed prompts:  17%|█▋        | 4/24 [00:10<00:54,  2.73s/it, est. speed input: 23.56 toks/s, output: 281.71 toks/s]
[2026-05-02 14:17:40] [2026-05-02 14:17:39,783 AIMaster] (job_monitor_controller_k8s.py 1099) INFO: All workers: 2, running: 2, failed: 0, pending: 0
[2026-05-02 14:17:40] [2026-05-02 14:17:39,783 AIMaster] (ops_reported_error_detector.py 103) INFO: Detecting whether the job is affected by errors reported by ops platform.
[2026-05-02 14:17:43] 
Processed prompts:  21%|██        | 5/24 [00:11<00:41,  2.21s/it, est. speed input: 25.40 toks/s, output: 368.98 toks/s]
[2026-05-02 14:17:46] 
Processed prompts:  25%|██▌       | 6/24 [00:16<00:57,  3.18s/it, est. speed input: 19.33 toks/s, output: 374.67 toks/s]
[2026-05-02 14:17:47] 
Processed prompts:  29%|██▉       | 7/24 [00:20<00:54,  3.23s/it, est. speed input: 23.16 toks/s, output: 427.26 toks/s]
[2026-05-02 14:17:49] 
Processed prompts:  33%|███▎      | 8/24 [00:21<00:39,  2.47s/it, est. speed input: 25.15 toks/s, output: 533.69 toks/s]
[2026-05-02 14:17:55] 
Processed prompts:  38%|███▊      | 9/24 [00:22<00:33,  2.21s/it, est. speed input: 25.86 toks/s, output: 610.56 toks/s]
[2026-05-02 14:17:57] 
Processed prompts:  42%|████▏     | 10/24 [00:28<00:47,  3.38s/it, est. speed input: 23.76 toks/s, output: 600.42 toks/s]
[2026-05-02 14:17:59] 
Processed prompts:  46%|████▌     | 11/24 [00:31<00:40,  3.13s/it, est. speed input: 23.13 toks/s, output: 668.82 toks/s]
[2026-05-02 14:18:00] 
Processed prompts:  50%|█████     | 12/24 [00:32<00:30,  2.57s/it, est. speed input: 24.07 toks/s, output: 755.32 toks/s]
[2026-05-02 14:18:01] [2026-05-02 14:18:01,602 AIMaster] (job_event_collector.py 135) WARNING: Failed to watch pods, exception: ("Connection broken: ConnectionResetError(104, 'Connection reset by peer')", ConnectionResetError(104, 'Connection reset by peer'))
[2026-05-02 14:18:01] 
Processed prompts:  54%|█████▍    | 13/24 [00:33<00:23,  2.13s/it, est. speed input: 25.05 toks/s, output: 852.38 toks/s]
[2026-05-02 14:18:04] 
Processed prompts:  58%|█████▊    | 14/24 [00:34<00:17,  1.71s/it, est. speed input: 27.00 toks/s, output: 960.40 toks/s]
[2026-05-02 14:18:06] 
Processed prompts:  62%|██████▎   | 15/24 [00:37<00:19,  2.17s/it, est. speed input: 27.43 toks/s, output: 1001.22 toks/s]
[2026-05-02 14:18:07] 
Processed prompts:  67%|██████▋   | 16/24 [00:39<00:17,  2.15s/it, est. speed input: 28.65 toks/s, output: 1064.07 toks/s]
[2026-05-02 14:18:09] 
Processed prompts:  71%|███████   | 17/24 [00:41<00:13,  1.98s/it, est. speed input: 31.15 toks/s, output: 1146.46 toks/s]
[2026-05-02 14:18:10] [2026-05-02 14:18:10,003 AIMaster] (job_monitor_controller_k8s.py 1099) INFO: All workers: 2, running: 2, failed: 0, pending: 0
[2026-05-02 14:18:12] 
Processed prompts:  75%|███████▌  | 18/24 [00:42<00:10,  1.72s/it, est. speed input: 32.14 toks/s, output: 1235.83 toks/s]
[2026-05-02 14:18:14] [2026-05-02 14:18:13,787 AIMaster] (config.py 347) INFO: Try loading config from pai-aimaster-new configmap.
[2026-05-02 14:18:40] [2026-05-02 14:18:40,122 AIMaster] (job_monitor_controller_k8s.py 1099) INFO: All workers: 2, running: 2, failed: 0, pending: 0
[2026-05-02 14:18:40] [2026-05-02 14:18:40,122 AIMaster] (ops_reported_error_detector.py 103) INFO: Detecting whether the job is affected by errors reported by ops platform.
[2026-05-02 14:18:51] 
Processed prompts:  79%|███████▉  | 19/24 [00:45<00:10,  2.18s/it, est. speed input: 30.80 toks/s, output: 1267.58 toks/s]
[2026-05-02 14:19:09] 
Processed prompts:  83%|████████▎ | 20/24 [01:25<00:53, 13.38s/it, est. speed input: 17.69 toks/s, output: 799.13 toks/s] 
[2026-05-02 14:19:10] [2026-05-02 14:19:10,289 AIMaster] (job_monitor_controller_k8s.py 1099) INFO: All workers: 2, running: 2, failed: 0, pending: 0
[2026-05-02 14:19:13] 
Processed prompts:  88%|████████▊ | 21/24 [01:43<00:44, 14.75s/it, est. speed input: 15.17 toks/s, output: 777.68 toks/s]
[2026-05-02 14:19:14] [2026-05-02 14:19:13,824 AIMaster] (config.py 347) INFO: Try loading config from pai-aimaster-new configmap.
[2026-05-02 14:19:15] [2026-05-02 14:19:15,302 AIMaster] (aimaster_failover_controller.py 81) INFO: Detecting whether aimaster should be migrated.
[2026-05-02 14:19:33] [2026-05-02 14:19:33,207 AIMaster] (job_event_collector.py 135) WARNING: Failed to watch pods, exception: ("Connection broken: ConnectionResetError(104, 'Connection reset by peer')", ConnectionResetError(104, 'Connection reset by peer'))
[2026-05-02 14:19:40] [2026-05-02 14:19:40,461 AIMaster] (job_monitor_controller_k8s.py 1099) INFO: All workers: 2, running: 2, failed: 0, pending: 0
[2026-05-02 14:19:40] [2026-05-02 14:19:40,461 AIMaster] (ops_reported_error_detector.py 103) INFO: Detecting whether the job is affected by errors reported by ops platform.
[2026-05-02 14:19:50] 
Processed prompts:  92%|█████████▏| 22/24 [01:46<00:22, 11.44s/it, est. speed input: 14.98 toks/s, output: 868.42 toks/s]
[2026-05-02 14:20:10] [2026-05-02 14:20:10,621 AIMaster] (job_monitor_controller_k8s.py 1099) INFO: All workers: 2, running: 2, failed: 0, pending: 0
[2026-05-02 14:20:14] [2026-05-02 14:20:13,860 AIMaster] (config.py 347) INFO: Try loading config from pai-aimaster-new configmap.
[2026-05-02 14:20:41] [2026-05-02 14:20:40,756 AIMaster] (job_monitor_controller_k8s.py 1099) INFO: All workers: 2, running: 2, failed: 0, pending: 0
[2026-05-02 14:20:41] [2026-05-02 14:20:40,756 AIMaster] (ops_reported_error_detector.py 103) INFO: Detecting whether the job is affected by errors reported by ops platform.
[2026-05-02 14:21:05] [2026-05-02 14:21:04,999 AIMaster] (job_event_collector.py 135) WARNING: Failed to watch pods, exception: ("Connection broken: ConnectionResetError(104, 'Connection reset by peer')", ConnectionResetError(104, 'Connection reset by peer'))
[2026-05-02 14:21:11] [2026-05-02 14:21:10,951 AIMaster] (job_monitor_controller_k8s.py 1099) INFO: All workers: 2, running: 2, failed: 0, pending: 0
[2026-05-02 14:21:14] [2026-05-02 14:21:13,895 AIMaster] (config.py 347) INFO: Try loading config from pai-aimaster-new configmap.
[2026-05-02 14:21:16] [2026-05-02 14:21:15,965 AIMaster] (aimaster_failover_controller.py 81) INFO: Detecting whether aimaster should be migrated.
[2026-05-02 14:21:41] [2026-05-02 14:21:41,099 AIMaster] (pod_manager.py 415) INFO: Pod Category Summary (Total pods: 2)
[2026-05-02 14:21:41] | Category           |   Count | Percentage   | Pods                                                   |
[2026-05-02 14:21:41] |--------------------|---------|--------------|--------------------------------------------------------|
[2026-05-02 14:21:41] | Running            |       2 | 100.0%       | [dlc7uaznuz8nkr0r-master-0, dlc7uaznuz8nkr0r-worker-0] |
[2026-05-02 14:21:41] | Pending            |       0 | 0.0%         |                                                        |
[2026-05-02 14:21:41] | Succeeded          |       0 | 0.0%         |                                                        |
[2026-05-02 14:21:41] | Failed             |       0 | 0.0%         |                                                        |
[2026-05-02 14:21:41] | Terminating        |       0 | 0.0%         |                                                        |
[2026-05-02 14:21:41] | Scheduler_evicting |       0 | 0.0%         |                                                        |
[2026-05-02 14:21:41] | Aiph_node_error    |       0 | 0.0%         |                                                        |
[2026-05-02 14:21:41] | Unknown            |       0 | 0.0%         |                                                        |
[2026-05-02 14:21:41] 
[2026-05-02 14:21:41] [2026-05-02 14:21:41,099 AIMaster] (job_monitor_controller_k8s.py 1099) INFO: All workers: 2, running: 2, failed: 0, pending: 0
[2026-05-02 14:21:41] [2026-05-02 14:21:41,099 AIMaster] (ops_reported_error_detector.py 103) INFO: Detecting whether the job is affected by errors reported by ops platform.
[2026-05-02 14:22:11] 
Processed prompts:  96%|█████████▌| 23/24 [02:24<00:19, 19.24s/it, est. speed input: 12.04 toks/s, output: 758.85 toks/s]
[2026-05-02 14:22:11] 
Processed prompts: 100%|██████████| 24/24 [04:44<00:00, 55.41s/it, est. speed input: 6.23 toks/s, output: 486.72 toks/s] 
[2026-05-02 14:22:11] 
Processed prompts: 100%|██████████| 24/24 [04:44<00:00, 55.41s/it, est. speed input: 6.23 toks/s, output: 486.72 toks/s]
Processed prompts: 100%|██████████| 24/24 [04:44<00:00, 11.84s/it, est. speed input: 6.23 toks/s, output: 486.72 toks/s]
[2026-05-02 14:22:11] 
Generating: 100%|██████████| 2584/2584 [1:16:26<00:00,  2.05s/sample, chunk=10/11, rate=0.59/s, written=2560]
Generating: 100%|██████████| 2584/2584 [1:16:26<00:00,  2.05s/sample, chunk=11/11, rate=0.56/s, written=2584]
Generating: 100%|██████████| 2584/2584 [1:16:27<00:00,  1.78s/sample, chunk=11/11, rate=0.56/s, written=2584]
[2026-05-02 14:22:11] [done] wrote 2584 rows to /mnt/data/ebft-distribution-new/outputs/g2_dlcom1bt6c5aunyq/supplement_logs/shards_post_train_rerun_0502_1206_0502_1206/eval_results_post_train_rerun_0502_1206_stage2_shard_0.jsonl
[2026-05-02 14:22:11] (EngineCore pid=4635) INFO 05-02 14:22:10 [core.py:1210] Shutdown initiated (timeout=0)
[2026-05-02 14:22:11] (EngineCore pid=4635) INFO 05-02 14:22:10 [core.py:1233] Shutdown complete
[2026-05-02 14:22:11] (Worker_TP0 pid=4775) INFO 05-02 14:22:10 [multiproc_executor.py:764] Parent process exited, terminating worker queues
[2026-05-02 14:22:11] (Worker_TP2 pid=4794) INFO 05-02 14:22:10 [multiproc_executor.py:859] WorkerProc shutting down.
[2026-05-02 14:22:11] (Worker_TP1 pid=4783) INFO 05-02 14:22:10 [multiproc_executor.py:859] WorkerProc shutting down.
[2026-05-02 14:22:11] (Worker_TP6 pid=4854) INFO 05-02 14:22:10 [multiproc_executor.py:859] WorkerProc shutting down.
[2026-05-02 14:22:11] (Worker_TP7 pid=4870) INFO 05-02 14:22:10 [multiproc_executor.py:859] WorkerProc shutting down.
[2026-05-02 14:22:11] (Worker_TP5 pid=4838) INFO 05-02 14:22:10 [multiproc_executor.py:859] WorkerProc shutting down.
[2026-05-02 14:22:11] (Worker_TP0 pid=4775) (Worker_TP3 pid=4808) INFO 05-02 14:22:10 [multiproc_executor.py:859] WorkerProc shutting down.
[2026-05-02 14:22:11] INFO 05-02 14:22:10 [multiproc_executor.py:859] WorkerProc shutting down.
[2026-05-02 14:22:11] (Worker_TP4 pid=4824) INFO 05-02 14:22:10 [multiproc_executor.py:859] WorkerProc shutting down.
[2026-05-02 14:22:11] [2026-05-02 14:22:11,277 AIMaster] (job_monitor_controller_k8s.py 1099) INFO: All workers: 2, running: 2, failed: 0, pending: 0
[2026-05-02 14:22:14] [2026-05-02 14:22:13,934 AIMaster] (config.py 347) INFO: Try loading config from pai-aimaster-new configmap.
[2026-05-02 14:22:17] /usr/local/lib/python3.12/multiprocessing/resource_tracker.py:279: UserWarning: resource_tracker: There appear to be 8 leaked semaphore objects to clean up at shutdown
[2026-05-02 14:22:17]   warnings.warn('resource_tracker: There appear to be %d '
[2026-05-02 14:22:17] /usr/local/lib/python3.12/multiprocessing/resource_tracker.py:279: UserWarning: resource_tracker: There appear to be 2 leaked shared_memory objects to clean up at shutdown
[2026-05-02 14:22:17]   warnings.warn('resource_tracker: There appear to be %d '
[2026-05-02 14:22:18] [stage2-head] vLLM completed (attempt 1)
[2026-05-02 14:22:18] 
[2026-05-02 14:22:18] ===== Merging stage 2 shards =====
[2026-05-02 14:22:20] [merge] 5158 rows -> /mnt/data/ebft-distribution-new/outputs/g2_dlcom1bt6c5aunyq/supplement_logs/eval_results_post_train_rerun_0502_1206_stage2_0502_1206.jsonl
[2026-05-02 14:22:20] [stage2-analysis] Analyzing results
[2026-05-02 14:22:21] /mnt/workspace/venvs/.venv/lib/python3.12/site-packages/torch/cuda/__init__.py:61: FutureWarning: The pynvml package is deprecated. Please install nvidia-ml-py instead. If you did not install pynvml directly, please report this to the maintainers of the package that installed pynvml for you.
[2026-05-02 14:22:21]   import pynvml  # type: ignore[import]
[2026-05-02 14:22:23] ======================================================================
[2026-05-02 14:22:23]   Post-Eval Analysis
[2026-05-02 14:22:23] ======================================================================
[2026-05-02 14:22:23] 
[2026-05-02 14:22:23] [1] Loading eval results: /mnt/data/ebft-distribution-new/outputs/g2_dlcom1bt6c5aunyq/supplement_logs/eval_results_post_train_rerun_0502_1206_stage2_0502_1206.jsonl
[2026-05-02 14:22:23]     Loaded 5158 predictions
[2026-05-02 14:22:23] 
[2026-05-02 14:22:23] [2] Loading gold labels: /mnt/data/ebft-teacher-distribution/data/aops/test_qa.jsonl
[2026-05-02 14:22:23]     Loaded 5328 gold entries (text-keys: 5321)
[2026-05-02 14:22:23] 
[2026-05-02 14:22:23] [3] Matching predictions to gold answers ...
[2026-05-02 14:22:36] [2026-05-02 14:22:36,596 AIMaster] (job_event_collector.py 135) WARNING: Failed to watch pods, exception: ("Connection broken: ConnectionResetError(104, 'Connection reset by peer')", ConnectionResetError(104, 'Connection reset by peer'))
[2026-05-02 14:22:41] [2026-05-02 14:22:41,396 AIMaster] (job_monitor_controller_k8s.py 1099) INFO: All workers: 2, running: 2, failed: 0, pending: 0
[2026-05-02 14:22:41] [2026-05-02 14:22:41,397 AIMaster] (ops_reported_error_detector.py 103) INFO: Detecting whether the job is affected by errors reported by ops platform.
[2026-05-02 14:22:47] Timeout during comparison
[2026-05-02 14:22:52] Timeout during comparison
[2026-05-02 14:23:09] Timeout during comparison
[2026-05-02 14:23:11] [2026-05-02 14:23:11,563 AIMaster] (job_monitor_controller_k8s.py 1099) INFO: All workers: 2, running: 2, failed: 0, pending: 0
[2026-05-02 14:23:14] [2026-05-02 14:23:13,970 AIMaster] (config.py 347) INFO: Try loading config from pai-aimaster-new configmap.
[2026-05-02 14:23:16] [2026-05-02 14:23:16,576 AIMaster] (aimaster_failover_controller.py 81) INFO: Detecting whether aimaster should be migrated.
[2026-05-02 14:23:24] Timeout during comparison
[2026-05-02 14:23:29] Timeout during comparison
[2026-05-02 14:23:41] [2026-05-02 14:23:41,720 AIMaster] (job_monitor_controller_k8s.py 1099) INFO: All workers: 2, running: 2, failed: 0, pending: 0
[2026-05-02 14:23:41] [2026-05-02 14:23:41,720 AIMaster] (ops_reported_error_detector.py 103) INFO: Detecting whether the job is affected by errors reported by ops platform.
[2026-05-02 14:23:54] Timeout during comparison
[2026-05-02 14:23:59] Timeout during comparison
[2026-05-02 14:24:08] [2026-05-02 14:24:08,305 AIMaster] (job_event_collector.py 135) WARNING: Failed to watch pods, exception: ("Connection broken: ConnectionResetError(104, 'Connection reset by peer')", ConnectionResetError(104, 'Connection reset by peer'))
[2026-05-02 14:24:12] [2026-05-02 14:24:11,893 AIMaster] (job_monitor_controller_k8s.py 1099) INFO: All workers: 2, running: 2, failed: 0, pending: 0
[2026-05-02 14:24:14] [2026-05-02 14:24:14,008 AIMaster] (config.py 347) INFO: Try loading config from pai-aimaster-new configmap.
[2026-05-02 14:24:35] Timeout during comparison
[2026-05-02 14:24:40] Timeout during comparison
[2026-05-02 14:24:42] [2026-05-02 14:24:42,051 AIMaster] (job_monitor_controller_k8s.py 1099) INFO: All workers: 2, running: 2, failed: 0, pending: 0
[2026-05-02 14:24:42] [2026-05-02 14:24:42,052 AIMaster] (ops_reported_error_detector.py 103) INFO: Detecting whether the job is affected by errors reported by ops platform.
[2026-05-02 14:25:02] Timeout during comparison
[2026-05-02 14:25:07] Timeout during comparison
[2026-05-02 14:25:12] [2026-05-02 14:25:12,257 AIMaster] (job_monitor_controller_k8s.py 1099) INFO: All workers: 2, running: 2, failed: 0, pending: 0
[2026-05-02 14:25:14] [2026-05-02 14:25:14,045 AIMaster] (config.py 347) INFO: Try loading config from pai-aimaster-new configmap.
[2026-05-02 14:25:17] [2026-05-02 14:25:17,269 AIMaster] (aimaster_failover_controller.py 81) INFO: Detecting whether aimaster should be migrated.
[2026-05-02 14:25:40] [2026-05-02 14:25:40,315 AIMaster] (job_event_collector.py 135) WARNING: Failed to watch pods, exception: ("Connection broken: ConnectionResetError(104, 'Connection reset by peer')", ConnectionResetError(104, 'Connection reset by peer'))
[2026-05-02 14:25:42] [2026-05-02 14:25:42,405 AIMaster] (job_monitor_controller_k8s.py 1099) INFO: All workers: 2, running: 2, failed: 0, pending: 0
[2026-05-02 14:25:42] [2026-05-02 14:25:42,405 AIMaster] (ops_reported_error_detector.py 103) INFO: Detecting whether the job is affected by errors reported by ops platform.
[2026-05-02 14:25:44]     Matched: 5158, Unmatched: 0  (via source_idx: 5158, via text: 0)
[2026-05-02 14:26:01] 
[2026-05-02 14:26:01] ======================================================================
[2026-05-02 14:26:01]   SUMMARY
[2026-05-02 14:26:01] ======================================================================
[2026-05-02 14:26:01]   Total predictions:      5158
[2026-05-02 14:26:01]   Matched to gold:        5158
[2026-05-02 14:26:01]   Evaluated (parseable):  5147
[2026-05-02 14:26:01]   Correct:                132/5147 (2.6%)
[2026-05-02 14:26:01]   Avg output length:      8228 chars  /  4621 tokens
[2026-05-02 14:26:01]   Token quantiles:        p50=3124  p90=10918  p99=22353  max=32770
[2026-05-02 14:26:01]   Hit max_new_tokens:     6/5158 (0.1%)   [cap=32768, tol=4]
[2026-05-02 14:26:01]   Empty/very short (<5 chars): 0
[2026-05-02 14:26:01]   Pure-EOS (immediate quit): 30/5158 (0.6%)   [matches one of {<eos>, <|endoftext|>, </s>, <|im_end|>, <|end|>, <|end_of_text|>}]
[2026-05-02 14:26:01] 
[2026-05-02 14:26:01]   Category breakdown:
[2026-05-02 14:26:01]     wrong_answer                    2157  ( 41.8%)
[2026-05-02 14:26:01]     wrong_answer_fallback           1876  ( 36.4%)
[2026-05-02 14:26:01]     reasoning_incomplete             601  ( 11.7%)
[2026-05-02 14:26:01]     calculation_error                351  (  6.8%)
[2026-05-02 14:26:01]     correct_raw_match                 54  (  1.0%)
[2026-05-02 14:26:01]     correct                           49  (  0.9%)
[2026-05-02 14:26:01]     pure_eos                          30  (  0.6%)
[2026-05-02 14:26:01]     correct_fallback                  17  (  0.3%)
[2026-05-02 14:26:01]     correct_raw_match_fallback        12  (  0.2%)
[2026-05-02 14:26:01]     missing_gold                      11  (  0.2%)
[2026-05-02 14:26:01] 
[2026-05-02 14:26:01]   Sample outputs per category:
[2026-05-02 14:26:01] 
[2026-05-02 14:26:01]     [correct]
[2026-05-02 14:26:01]       Q: Let $k$ be the field extension of $\mathbb{Q}$ obtained by adjoining the roots of the polynomial $x^4 - 2$. Let $k'$ be 
[2026-05-02 14:26:01]       Gold: 1
[2026-05-02 14:26:01]       Model: 
[2026-05-02 14:26:01] 5. Simplify the denominator: $a$, $S(a) = \frac{n}{2} = b + \frac{2} = 1$, we have $f(100$, such that $b$, $r^2 = 3$, $0 = 1$.
[2026-05-02 14:26:01] \boxed{\frac{1}{x^2 \to \frac{1}{3} = \cdot \frac{1}{b+b} = \frac{3\sqrt
[2026-05-02 14:26:01] 
[2026-05-02 14:26:01]     [correct_fallback]
[2026-05-02 14:26:01]       Q: Solve the equation:
[2026-05-02 14:26:01] $$2(2x^{2}+3x+1)\sqrt{x^{2}+3x-1}=9(x-1)\sqrt{x^{2}+x+1}+(4x^{2}+3x+5)\sqrt{x^{2}+2}.$$
[2026-05-02 14:26:01]       Gold: x=1
[2026-05-02 14:26:01]       Model: 
[2026-05-02 14:26:01] 10. Since $n$ and $n = \frac{Vcd}{1 + 2a^2 + 1 = \frac{10}{1 - 1\} \]
[2026-05-02 14:26:01]    \[
[2026-05-02 14:26:01]    \frac{d}{3} + \frac{x}{1 + 1 = 2\right) = \frac{1}{n+1} + \frac{1}{5} \frac{x}{n+b} \cdot \frac{1}{b} = \frac{3}{b+c}\ri
[2026-05-02 14:26:01] 
[2026-05-02 14:26:01]     [correct_raw_match]
[2026-05-02 14:26:01]       Q: In trapezoid $ABCD$, the lengths of the bases are $AB=1$ and $CD=15$, and the lengths of the legs are $AD=13$ and $BC=15
[2026-05-02 14:26:01]       Gold: 2\sqrt{10}
[2026-05-02 14:26:01]       Model: 
[2026-05-02 14:26:01] 3. Let $ABC$ and $\frac{5} \cdot \frac{x$, $b = \frac{3}{1} \frac{1}{1} = \frac{1}{2} = \frac{11} = \frac{a^2 - b^2 + abc} = \frac{2r^2 = 13}{a^2 + 1 = \frac{3}{n} \frac{b}{1} \frac{1}{n}{1} \frac{1}
[2026-05-02 14:26:01] 
[2026-05-02 14:26:01]     [correct_raw_match_fallback]
[2026-05-02 14:26:01]       Q: How can one differentiate the function $\text{H}(x)=\int_0^{x}f(x)\sin t \, \text{d}t$ with respect to $x$?
[2026-05-02 14:26:01]       Gold: f'(x) (-\cos x + 1) + f(x) \sin x
[2026-05-02 14:26:01]       Model: 
[2026-05-02 14:26:01] 3. \]
[2026-05-02 14:26:01] 2. At $\frac{4}{6}{1+1} \frac{11}{n} + \frac{1}{b} \left( \frac{m} = \frac{x}{2} + \frac{3} \frac{5} = \frac{a}{2b^{2}{1} \right)^2\gamma) = \frac{b}{3}$, $13, \frac{1}{1} \frac{n+1)}{b + \frac
[2026-05-02 14:26:01] 
[2026-05-02 14:26:01]     [wrong_answer]
[2026-05-02 14:26:01]       Q: Determine the maximum value of $\sum \limits_{i=1}^n i \times \sigma(i)$ for all permutations $\sigma \in S_n$, where $S
[2026-05-02 14:26:01]       Gold: \frac{n(n+1)(2n+1)}{6}
[2026-05-02 14:26:01]       Model: 
[2026-05-02 14:26:01] 1. The equation for $a$ has any sequence $a$ is given $r = \int_1 = 1$, and $x$, we obtain $x$ is $0$, $A_1 = -\frac{1}{2} + \frac{1}{1} \frac{1} = \frac{2} \frac{1} \frac{a_1}{2} \geq 0 \frac{1}{2} 
[2026-05-02 14:26:01] 
[2026-05-02 14:26:01]     [wrong_answer_fallback]
[2026-05-02 14:26:01]       Q: How many 6-digit numbers exist such that all digits are distinct, the first two digits are each 6 or greater, the last t
[2026-05-02 14:26:01]       Gold: 900
[2026-05-02 14:26:01]       Model: 1, b = \frac{10 = 2} + \frac{10}{2} = \sqrt{100$.
[2026-05-02 14:26:01] 16. Substituting $a = \frac{10} = \frac{10}{11} = 1 = 100 + 2$.
[2026-05-02 14:26:01] 3. Since the past equation, we have:
[2026-05-02 14:26:01]    - $b^3 + 10 \cdot 2 = 4 \cdot 1 - 990$.
[2026-05-02 14:26:01] 10. Su
[2026-05-02 14:26:01] 
[2026-05-02 14:26:01]     [reasoning_incomplete]
[2026-05-02 14:26:01]       Q: A number is defined as ordered if each digit is greater than or equal to the digit immediately to its left. How many thr
[2026-05-02 14:26:01]       Gold: 165
[2026-05-02 14:26:01]       Model: 
[2026-05-02 14:26:01] $$ be $n$, $5$ is even $B$ is $OM$.
[2026-05-02 14:26:01] 3. To simplify $f(2$.
[2026-05-02 14:26:01] 8. Integrating both sides $w$ is 24$ is the following real values of $n$ and $b$ is $y_1$ is a total number of documents.
[2026-05-02 14:26:01] 10. We get $P$.
[2026-05-02 14:26:01] 4. 
[2026-05-02 14:26:01] 
[2026-05-02 14:26:01]     [calculation_error]
[2026-05-02 14:26:01]       Q: Solve the equation: $ \frac{x^5}{x^4 - 3x^3 + 3x^2 - 1} = 11 $.
[2026-05-02 14:26:01]       Gold: x_1 = 3 + 4\cos\frac{10\pi}{11} + 2\cos\frac{2\pi}{11} + 2\cos\frac{8\pi}{11}, \
[2026-05-02 14:26:01]       Model: 
[2026-05-02 14:26:01] 
[2026-05-02 14:26:01] 10. To simplify the CD = 23$, and $1$.
[2026-05-02 14:26:01] 12. Calculate the equation $s_0 = 12^2 - 5^2 + 0$.
[2026-05-02 14:26:01] 10. Combining the point $x, y_1z^2$.
[2026-05-02 14:26:01] 15. **Case of $10 \frac{3}{x} + \frac{1}{2} = \frac{3}{2} + \sqrt{a+1} 
[2026-05-02 14:26:01] 
[2026-05-02 14:26:01]     [pure_eos]
[2026-05-02 14:26:01]       Q: Determine the number of ways to select two integers $a$ and $b$ such that $a \in \{2, 4, 6, \ldots, 100\}$ and $b \in \{
[2026-05-02 14:26:01]       Gold: 108
[2026-05-02 14:26:01]       Model: <eos>
[2026-05-02 14:26:01] 
[2026-05-02 14:26:01]   Full report saved to: /mnt/data/ebft-distribution-new/outputs/g2_dlcom1bt6c5aunyq/supplement_logs/eval_analysis_post_train_rerun_0502_1206_stage2_0502_1206.json
[2026-05-02 14:26:01] ======================================================================
[2026-05-02 14:26:04] 
[2026-05-02 14:26:04] ===== Building final merged report =====
[2026-05-02 14:26:05] ======================================================================
[2026-05-02 14:26:05]   Final Merged Report (2-node parallel)
[2026-05-02 14:26:05] ======================================================================
[2026-05-02 14:26:05]   Total predictions:      5328
[2026-05-02 14:26:05]   Evaluated:              5317
[2026-05-02 14:26:05]   Correct:                302
[2026-05-02 14:26:05]   Accuracy:               5.68%
[2026-05-02 14:26:05]   First pass correct:     170
[2026-05-02 14:26:05]   First pass accuracy:    3.2%
[2026-05-02 14:26:05]   Second pass retry cnt:  5158
[2026-05-02 14:26:05]   Retry improved correct: 132
[2026-05-02 14:26:05]   Retry still incorrect:  5026
[2026-05-02 14:26:05]   Oracle union eval:      5317
[2026-05-02 14:26:05]   Oracle union correct:   302
[2026-05-02 14:26:05]   Oracle union accuracy:  5.68%
[2026-05-02 14:26:05]   Oracle both correct:    0
[2026-05-02 14:26:05]   Oracle stage1 only:     170
[2026-05-02 14:26:05]   Oracle stage2 only:     132
[2026-05-02 14:26:05] 
[2026-05-02 14:26:05] [final] Report: /mnt/data/ebft-distribution-new/outputs/g2_dlcom1bt6c5aunyq/supplement_logs/eval_analysis_post_train_rerun_0502_1206_final_0502_1206.json
[2026-05-02 14:26:05] 
[2026-05-02 14:26:05] ========== Done ==========
[2026-05-02 14:26:05] First pass report:  /mnt/data/ebft-distribution-new/outputs/g2_dlcom1bt6c5aunyq/supplement_logs/eval_analysis_post_train_rerun_0502_1206_stage1_0502_1206.json
[2026-05-02 14:26:05] Retry report:       /mnt/data/ebft-distribution-new/outputs/g2_dlcom1bt6c5aunyq/supplement_logs/eval_analysis_post_train_rerun_0502_1206_stage2_0502_1206.json
[2026-05-02 14:26:05] Final report:       /mnt/data/ebft-distribution-new/outputs/g2_dlcom1bt6c5aunyq/supplement_logs/eval_analysis_post_train_rerun_0502_1206_final_0502_1206.json
[2026-05-02 14:26:05] Script log:         /mnt/data/ebft-distribution-new/outputs/g2_dlcom1bt6c5aunyq/supplement_logs/G2_2node_post_train_rerun_0502_1206_0502_1206.log
[2026-05-02 14:26:05] Per-shard logs:     /mnt/data/ebft-distribution-new/outputs/g2_dlcom1bt6c5aunyq/supplement_logs/shards_post_train_rerun_0502_1206_0502_1206
[2026-05-02 14:26:05] [master] post-eval OK
[2026-05-02 14:26:05] [master] archiving: mv '/mnt/data/ebft-distribution-new/outputs/g2_dlcom1bt6c5aunyq' '/mnt/data/ebft-teacher-distribution/outputs_g2_0.99/g2_dlcom1bt6c5aunyq_0502_142604'
[2026-05-02 14:26:06] [master] archive done: /mnt/data/ebft-teacher-distribution/outputs_g2_0.99/g2_dlcom1bt6c5aunyq_0502_142604
[2026-05-02 14:26:12] [2026-05-02 14:26:12,628 AIMaster] (job_monitor_controller_k8s.py 1099) INFO: All workers: 2, running: 2, failed: 0, pending: 0
[2026-05-02 14:26:12] [2026-05-02 14:26:12,628 AIMaster] (ops_reported_error_detector.py 103) INFO: Detecting whether the job is affected by errors reported by ops platform.
[2026-05-02 14:26:14] [2026-05-02 14:26:14,081 AIMaster] (config.py 347) INFO: Try loading config from pai-aimaster-new configmap.
[2026-05-02 14:26:18] [2026-05-02 14:26:17,958 AIMaster] (job_monitor_controller_k8s.py 1099) INFO: All workers: 2, running: 2, failed: 0, pending: 0
[2026-05-02 14:26:18] [2026-05-02 14:26:17,958 AIMaster] (ops_reported_error_detector.py 103) INFO: Detecting whether the job is affected by errors reported by ops platform.
[2026-05-02 14:26:33] [2026-05-02 14:26:33,070 AIMaster] (pod_manager.py 415) INFO: Pod Category Summary (Total pods: 2)
[2026-05-02 14:26:33] | Category           |   Count | Percentage   | Pods                        |
[2026-05-02 14:26:33] |--------------------|---------|--------------|-----------------------------|
[2026-05-02 14:26:33] | Running            |       1 | 50.0%        | [dlc7uaznuz8nkr0r-worker-0] |
[2026-05-02 14:26:33] | Succeeded          |       1 | 50.0%        | [dlc7uaznuz8nkr0r-master-0] |
[2026-05-02 14:26:33] | Pending            |       0 | 0.0%         |                             |
[2026-05-02 14:26:33] | Failed             |       0 | 0.0%         |                             |
[2026-05-02 14:26:33] | Terminating        |       0 | 0.0%         |                             |
[2026-05-02 14:26:33] | Scheduler_evicting |       0 | 0.0%         |                             |
[2026-05-02 14:26:33] | Aiph_node_error    |       0 | 0.0%         |                             |
[2026-05-02 14:26:33] | Unknown            |       0 | 0.0%         |                             |
[2026-05-02 14:26:33] 
[2026-05-02 14:26:33] [2026-05-02 14:26:33,070 AIMaster] (job_monitor_controller_k8s.py 1099) INFO: All workers: 2, running: 1, failed: 0, pending: 0
[2026-05-02 14:26:33] [2026-05-02 14:26:33,070 AIMaster] (ops_reported_error_detector.py 103) INFO: Detecting whether the job is affected by errors reported by ops platform.
[2026-05-02 14:26:38] [2026-05-02 14:26:38,138 AIMaster] (job_monitor_controller_k8s.py 1099) INFO: All workers: 2, running: 1, failed: 0, pending: 0
[2026-05-02 14:26:38] [2026-05-02 14:26:38,138 AIMaster] (ops_reported_error_detector.py 103) INFO: Detecting whether the job is affected by errors reported by ops platform.
[2026-05-02 14:26:43] [2026-05-02 14:26:43,205 AIMaster] (job_monitor_controller_k8s.py 1099) INFO: All workers: 2, running: 1, failed: 0, pending: 0
[2026-05-02 14:27:13] [2026-05-02 14:27:13,319 AIMaster] (job_monitor_controller_k8s.py 1099) INFO: All workers: 2, running: 1, failed: 0, pending: 0
[2026-05-02 14:27:14] [2026-05-02 14:27:14,116 AIMaster] (config.py 347) INFO: Try loading config from pai-aimaster-new configmap.
[2026-05-02 14:27:18] [2026-05-02 14:27:18,331 AIMaster] (aimaster_failover_controller.py 81) INFO: Detecting whether aimaster should be migrated.
[2026-05-02 14:27:43] [2026-05-02 14:27:43,440 AIMaster] (job_monitor_controller_k8s.py 1099) INFO: All workers: 2, running: 1, failed: 0, pending: 0
[2026-05-02 14:27:43] [2026-05-02 14:27:43,440 AIMaster] (ops_reported_error_detector.py 103) INFO: Detecting whether the job is affected by errors reported by ops platform.
[2026-05-02 14:28:04] [2026-05-02 14:28:04,785 AIMaster] (job_event_collector.py 135) WARNING: Failed to watch pods, exception: ("Connection broken: ConnectionResetError(104, 'Connection reset by peer')", ConnectionResetError(104, 'Connection reset by peer'))
[2026-05-02 14:28:14] [2026-05-02 14:28:13,664 AIMaster] (job_monitor_controller_k8s.py 1099) INFO: All workers: 2, running: 1, failed: 0, pending: 0
[2026-05-02 14:28:15] [2026-05-02 14:28:14,152 AIMaster] (config.py 347) INFO: Try loading config from pai-aimaster-new configmap.
[2026-05-02 14:28:44] [2026-05-02 14:28:43,868 AIMaster] (job_monitor_controller_k8s.py 1099) INFO: All workers: 2, running: 1, failed: 0, pending: 0
[2026-05-02 14:28:44] [2026-05-02 14:28:43,868 AIMaster] (ops_reported_error_detector.py 103) INFO: Detecting whether the job is affected by errors reported by ops platform.
[2026-05-02 14:29:15] [2026-05-02 14:29:14,085 AIMaster] (job_monitor_controller_k8s.py 1099) INFO: All workers: 2, running: 1, failed: 0, pending: 0
[2026-05-02 14:29:15] [2026-05-02 14:29:14,189 AIMaster] (config.py 347) INFO: Try loading config from pai-aimaster-new configmap.
[2026-05-02 14:29:20] [2026-05-02 14:29:19,097 AIMaster] (aimaster_failover_controller.py 81) INFO: Detecting whether aimaster should be migrated.
[2026-05-02 14:29:36] [2026-05-02 14:29:36,015 AIMaster] (job_event_collector.py 135) WARNING: Failed to watch pods, exception: ("Connection broken: ConnectionResetError(104, 'Connection reset by peer')", ConnectionResetError(104, 'Connection reset by peer'))
[2026-05-02 14:29:45] [2026-05-02 14:29:44,223 AIMaster] (job_monitor_controller_k8s.py 1099) INFO: All workers: 2, running: 1, failed: 0, pending: 0
[2026-05-02 14:29:45] [2026-05-02 14:29:44,223 AIMaster] (ops_reported_error_detector.py 103) INFO: Detecting whether the job is affected by errors reported by ops platform.
[2026-05-02 14:30:15] [2026-05-02 14:30:14,229 AIMaster] (config.py 347) INFO: Try loading config from pai-aimaster-new configmap.
[2026-05-02 14:30:15] [2026-05-02 14:30:14,429 AIMaster] (job_monitor_controller_k8s.py 1099) INFO: All workers: 2, running: 1, failed: 0, pending: 0
[2026-05-02 14:30:45] [2026-05-02 14:30:44,548 AIMaster] (job_monitor_controller_k8s.py 1099) INFO: All workers: 2, running: 1, failed: 0, pending: 0
[2026-05-02 14:30:45] [2026-05-02 14:30:44,549 AIMaster] (ops_reported_error_detector.py 103) INFO: Detecting whether the job is affected by errors reported by ops platform.
[2026-05-02 14:31:08] [2026-05-02 14:31:08,098 AIMaster] (job_event_collector.py 135) WARNING: Failed to watch pods, exception: ("Connection broken: ConnectionResetError(104, 'Connection reset by peer')", ConnectionResetError(104, 'Connection reset by peer'))
[2026-05-02 14:31:15] [2026-05-02 14:31:14,291 AIMaster] (config.py 347) INFO: Try loading config from pai-aimaster-new configmap.
[2026-05-02 14:31:15] [2026-05-02 14:31:14,711 AIMaster] (job_monitor_controller_k8s.py 1099) INFO: All workers: 2, running: 1, failed: 0, pending: 0
[2026-05-02 14:31:20] [2026-05-02 14:31:19,724 AIMaster] (aimaster_failover_controller.py 81) INFO: Detecting whether aimaster should be migrated.
[2026-05-02 14:31:45] [2026-05-02 14:31:44,851 AIMaster] (pod_manager.py 415) INFO: Pod Category Summary (Total pods: 2)
[2026-05-02 14:31:45] | Category           |   Count | Percentage   | Pods                        |
[2026-05-02 14:31:45] |--------------------|---------|--------------|-----------------------------|
[2026-05-02 14:31:45] | Running            |       1 | 50.0%        | [dlc7uaznuz8nkr0r-worker-0] |
[2026-05-02 14:31:45] | Succeeded          |       1 | 50.0%        | [dlc7uaznuz8nkr0r-master-0] |
[2026-05-02 14:31:45] | Pending            |       0 | 0.0%         |                             |
[2026-05-02 14:31:45] | Failed             |       0 | 0.0%         |                             |
[2026-05-02 14:31:45] | Terminating        |       0 | 0.0%         |                             |
[2026-05-02 14:31:45] | Scheduler_evicting |       0 | 0.0%         |                             |
[2026-05-02 14:31:45] | Aiph_node_error    |       0 | 0.0%         |                             |
[2026-05-02 14:31:45] | Unknown            |       0 | 0.0%         |                             |
[2026-05-02 14:31:45] 
[2026-05-02 14:31:45] [2026-05-02 14:31:44,851 AIMaster] (job_monitor_controller_k8s.py 1099) INFO: All workers: 2, running: 1, failed: 0, pending: 0
[2026-05-02 14:31:45] [2026-05-02 14:31:44,852 AIMaster] (ops_reported_error_detector.py 103) INFO: Detecting whether the job is affected by errors reported by ops platform.
[2026-05-02 14:32:15] [2026-05-02 14:32:14,329 AIMaster] (config.py 347) INFO: Try loading config from pai-aimaster-new configmap.
[2026-05-02 14:32:15] [2026-05-02 14:32:14,998 AIMaster] (job_monitor_controller_k8s.py 1099) INFO: All workers: 2, running: 1, failed: 0, pending: 0
[2026-05-02 14:32:41] [2026-05-02 14:32:40,634 AIMaster] (job_event_collector.py 135) WARNING: Failed to watch pods, exception: ("Connection broken: ConnectionResetError(104, 'Connection reset by peer')", ConnectionResetError(104, 'Connection reset by peer'))
[2026-05-02 14:32:45] [2026-05-02 14:32:45,146 AIMaster] (job_monitor_controller_k8s.py 1099) INFO: All workers: 2, running: 1, failed: 0, pending: 0
[2026-05-02 14:32:45] [2026-05-02 14:32:45,147 AIMaster] (ops_reported_error_detector.py 103) INFO: Detecting whether the job is affected by errors reported by ops platform.
[2026-05-02 14:33:15] [2026-05-02 14:33:14,366 AIMaster] (config.py 347) INFO: Try loading config from pai-aimaster-new configmap.
[2026-05-02 14:33:16] [2026-05-02 14:33:15,378 AIMaster] (job_monitor_controller_k8s.py 1099) INFO: All workers: 2, running: 1, failed: 0, pending: 0
[2026-05-02 14:33:21] [2026-05-02 14:33:20,392 AIMaster] (aimaster_failover_controller.py 81) INFO: Detecting whether aimaster should be migrated.
[2026-05-02 14:33:46] [2026-05-02 14:33:45,591 AIMaster] (job_monitor_controller_k8s.py 1099) INFO: All workers: 2, running: 1, failed: 0, pending: 0
[2026-05-02 14:33:46] [2026-05-02 14:33:45,591 AIMaster] (ops_reported_error_detector.py 103) INFO: Detecting whether the job is affected by errors reported by ops platform.
[2026-05-02 14:34:12] [2026-05-02 14:34:11,823 AIMaster] (job_event_collector.py 135) WARNING: Failed to watch pods, exception: ("Connection broken: ConnectionResetError(104, 'Connection reset by peer')", ConnectionResetError(104, 'Connection reset by peer'))
[2026-05-02 14:34:15] [2026-05-02 14:34:14,402 AIMaster] (config.py 347) INFO: Try loading config from pai-aimaster-new configmap.
[2026-05-02 14:34:16] [2026-05-02 14:34:15,751 AIMaster] (job_monitor_controller_k8s.py 1099) INFO: All workers: 2, running: 1, failed: 0, pending: 0
[2026-05-02 14:34:46] [2026-05-02 14:34:45,929 AIMaster] (job_monitor_controller_k8s.py 1099) INFO: All workers: 2, running: 1, failed: 0, pending: 0
[2026-05-02 14:34:46] [2026-05-02 14:34:45,930 AIMaster] (ops_reported_error_detector.py 103) INFO: Detecting whether the job is affected by errors reported by ops platform.
[2026-05-02 14:35:15] [2026-05-02 14:35:14,439 AIMaster] (config.py 347) INFO: Try loading config from pai-aimaster-new configmap.
[2026-05-02 14:35:16] [2026-05-02 14:35:16,083 AIMaster] (job_monitor_controller_k8s.py 1099) INFO: All workers: 2, running: 1, failed: 0, pending: 0
[2026-05-02 14:35:21] [2026-05-02 14:35:21,097 AIMaster] (aimaster_failover_controller.py 81) INFO: Detecting whether aimaster should be migrated.
[2026-05-02 14:35:44] [2026-05-02 14:35:43,622 AIMaster] (job_event_collector.py 135) WARNING: Failed to watch pods, exception: ("Connection broken: ConnectionResetError(104, 'Connection reset by peer')", ConnectionResetError(104, 'Connection reset by peer'))
[2026-05-02 14:35:46] [2026-05-02 14:35:46,235 AIMaster] (job_monitor_controller_k8s.py 1099) INFO: All workers: 2, running: 1, failed: 0, pending: 0
[2026-05-02 14:35:46] [2026-05-02 14:35:46,235 AIMaster] (ops_reported_error_detector.py 103) INFO: Detecting whether the job is affected by errors reported by ops platform.
[2026-05-02 14:36:15] [2026-05-02 14:36:14,481 AIMaster] (config.py 347) INFO: Try loading config from pai-aimaster-new configmap.
[2026-05-02 14:36:17] [2026-05-02 14:36:16,411 AIMaster] (job_monitor_controller_k8s.py 1099) INFO: All workers: 2, running: 1, failed: 0, pending: 0
[2026-05-02 14:36:47] [2026-05-02 14:36:46,531 AIMaster] (pod_manager.py 415) INFO: Pod Category Summary (Total pods: 2)
[2026-05-02 14:36:47] | Category           |   Count | Percentage   | Pods                        |
[2026-05-02 14:36:47] |--------------------|---------|--------------|-----------------------------|
[2026-05-02 14:36:47] | Running            |       1 | 50.0%        | [dlc7uaznuz8nkr0r-worker-0] |
[2026-05-02 14:36:47] | Succeeded          |       1 | 50.0%        | [dlc7uaznuz8nkr0r-master-0] |
[2026-05-02 14:36:47] | Pending            |       0 | 0.0%         |                             |
[2026-05-02 14:36:47] | Failed             |       0 | 0.0%         |                             |
[2026-05-02 14:36:47] | Terminating        |       0 | 0.0%         |                             |
[2026-05-02 14:36:47] | Scheduler_evicting |       0 | 0.0%         |                             |
[2026-05-02 14:36:47] | Aiph_node_error    |       0 | 0.0%         |                             |
[2026-05-02 14:36:47] | Unknown            |       0 | 0.0%         |                             |
[2026-05-02 14:36:47] 
[2026-05-02 14:36:47] [2026-05-02 14:36:46,531 AIMaster] (job_monitor_controller_k8s.py 1099) INFO: All workers: 2, running: 1, failed: 0, pending: 0
[2026-05-02 14:36:47] [2026-05-02 14:36:46,531 AIMaster] (ops_reported_error_detector.py 103) INFO: Detecting whether the job is affected by errors reported by ops platform.
[2026-05-02 14:37:15] [2026-05-02 14:37:14,541 AIMaster] (config.py 347) INFO: Try loading config from pai-aimaster-new configmap.
[2026-05-02 14:37:15] [2026-05-02 14:37:15,217 AIMaster] (job_event_collector.py 135) WARNING: Failed to watch pods, exception: ("Connection broken: ConnectionResetError(104, 'Connection reset by peer')", ConnectionResetError(104, 'Connection reset by peer'))
[2026-05-02 14:37:17] [2026-05-02 14:37:16,699 AIMaster] (job_monitor_controller_k8s.py 1099) INFO: All workers: 2, running: 1, failed: 0, pending: 0
[2026-05-02 14:37:22] [2026-05-02 14:37:21,712 AIMaster] (aimaster_failover_controller.py 81) INFO: Detecting whether aimaster should be migrated.
[2026-05-02 14:37:47] [2026-05-02 14:37:46,833 AIMaster] (job_monitor_controller_k8s.py 1099) INFO: All workers: 2, running: 1, failed: 0, pending: 0
[2026-05-02 14:37:47] [2026-05-02 14:37:46,833 AIMaster] (ops_reported_error_detector.py 103) INFO: Detecting whether the job is affected by errors reported by ops platform.
[2026-05-02 14:38:15] [2026-05-02 14:38:14,577 AIMaster] (config.py 347) INFO: Try loading config from pai-aimaster-new configmap.
[2026-05-02 14:38:17] [2026-05-02 14:38:16,991 AIMaster] (job_monitor_controller_k8s.py 1099) INFO: All workers: 2, running: 1, failed: 0, pending: 0
[2026-05-02 14:38:47] [2026-05-02 14:38:47,114 AIMaster] (job_monitor_controller_k8s.py 1099) INFO: All workers: 2, running: 1, failed: 0, pending: 0
[2026-05-02 14:38:47] [2026-05-02 14:38:47,115 AIMaster] (ops_reported_error_detector.py 103) INFO: Detecting whether the job is affected by errors reported by ops platform.
[2026-05-02 14:38:47] [2026-05-02 14:38:47,116 AIMaster] (job_event_collector.py 135) WARNING: Failed to watch pods, exception: ("Connection broken: ConnectionResetError(104, 'Connection reset by peer')", ConnectionResetError(104, 'Connection reset by peer'))
[2026-05-02 14:39:15] [2026-05-02 14:39:14,614 AIMaster] (config.py 347) INFO: Try loading config from pai-aimaster-new configmap.
[2026-05-02 14:39:17] [2026-05-02 14:39:17,288 AIMaster] (job_monitor_controller_k8s.py 1099) INFO: All workers: 2, running: 1, failed: 0, pending: 0
[2026-05-02 14:39:22] [2026-05-02 14:39:22,300 AIMaster] (aimaster_failover_controller.py 81) INFO: Detecting whether aimaster should be migrated.
[2026-05-02 14:39:48] [2026-05-02 14:39:47,413 AIMaster] (job_monitor_controller_k8s.py 1099) INFO: All workers: 2, running: 1, failed: 0, pending: 0
[2026-05-02 14:39:48] [2026-05-02 14:39:47,413 AIMaster] (ops_reported_error_detector.py 103) INFO: Detecting whether the job is affected by errors reported by ops platform.
[2026-05-02 14:40:15] [2026-05-02 14:40:14,655 AIMaster] (config.py 347) INFO: Try loading config from pai-aimaster-new configmap.
[2026-05-02 14:40:18] [2026-05-02 14:40:17,587 AIMaster] (job_monitor_controller_k8s.py 1099) INFO: All workers: 2, running: 1, failed: 0, pending: 0
[2026-05-02 14:40:18] [2026-05-02 14:40:18,310 AIMaster] (job_event_collector.py 135) WARNING: Failed to watch pods, exception: ("Connection broken: ConnectionResetError(104, 'Connection reset by peer')", ConnectionResetError(104, 'Connection reset by peer'))
[2026-05-02 14:40:48] [2026-05-02 14:40:47,744 AIMaster] (job_monitor_controller_k8s.py 1099) INFO: All workers: 2, running: 1, failed: 0, pending: 0
[2026-05-02 14:40:48] [2026-05-02 14:40:47,744 AIMaster] (ops_reported_error_detector.py 103) INFO: Detecting whether the job is affected by errors reported by ops platform.
[2026-05-02 14:41:15] [2026-05-02 14:41:14,693 AIMaster] (config.py 347) INFO: Try loading config from pai-aimaster-new configmap.
[2026-05-02 14:41:18] [2026-05-02 14:41:17,888 AIMaster] (job_monitor_controller_k8s.py 1099) INFO: All workers: 2, running: 1, failed: 0, pending: 0
[2026-05-02 14:41:23] [2026-05-02 14:41:22,901 AIMaster] (aimaster_failover_controller.py 81) INFO: Detecting whether aimaster should be migrated.
[2026-05-02 14:41:48] [2026-05-02 14:41:48,011 AIMaster] (pod_manager.py 415) INFO: Pod Category Summary (Total pods: 2)
[2026-05-02 14:41:48] | Category           |   Count | Percentage   | Pods                        |
[2026-05-02 14:41:48] |--------------------|---------|--------------|-----------------------------|
[2026-05-02 14:41:48] | Running            |       1 | 50.0%        | [dlc7uaznuz8nkr0r-worker-0] |
[2026-05-02 14:41:48] | Succeeded          |       1 | 50.0%        | [dlc7uaznuz8nkr0r-master-0] |
[2026-05-02 14:41:48] | Pending            |       0 | 0.0%         |                             |
[2026-05-02 14:41:48] | Failed             |       0 | 0.0%         |                             |
[2026-05-02 14:41:48] | Terminating        |       0 | 0.0%         |                             |
[2026-05-02 14:41:48] | Scheduler_evicting |       0 | 0.0%         |                             |
[2026-05-02 14:41:48] | Aiph_node_error    |       0 | 0.0%         |                             |
[2026-05-02 14:41:48] | Unknown            |       0 | 0.0%         |                             |
[2026-05-02 14:41:48] 
[2026-05-02 14:41:48] [2026-05-02 14:41:48,011 AIMaster] (job_monitor_controller_k8s.py 1099) INFO: All workers: 2, running: 1, failed: 0, pending: 0
[2026-05-02 14:41:48] [2026-05-02 14:41:48,011 AIMaster] (ops_reported_error_detector.py 103) INFO: Detecting whether the job is affected by errors reported by ops platform.
[2026-05-02 14:41:50] [2026-05-02 14:41:50,062 AIMaster] (job_event_collector.py 135) WARNING: Failed to watch pods, exception: ("Connection broken: ConnectionResetError(104, 'Connection reset by peer')", ConnectionResetError(104, 'Connection reset by peer'))
[2026-05-02 14:42:15] [2026-05-02 14:42:14,731 AIMaster] (config.py 347) INFO: Try loading config from pai-aimaster-new configmap.
[2026-05-02 14:42:18] [2026-05-02 14:42:18,173 AIMaster] (job_monitor_controller_k8s.py 1099) INFO: All workers: 2, running: 1, failed: 0, pending: 0
[2026-05-02 14:42:48] [2026-05-02 14:42:48,297 AIMaster] (job_monitor_controller_k8s.py 1099) INFO: All workers: 2, running: 1, failed: 0, pending: 0
[2026-05-02 14:42:48] [2026-05-02 14:42:48,297 AIMaster] (ops_reported_error_detector.py 103) INFO: Detecting whether the job is affected by errors reported by ops platform.
[2026-05-02 14:43:15] [2026-05-02 14:43:14,796 AIMaster] (config.py 347) INFO: Try loading config from pai-aimaster-new configmap.
[2026-05-02 14:43:18] [2026-05-02 14:43:18,469 AIMaster] (job_monitor_controller_k8s.py 1099) INFO: All workers: 2, running: 1, failed: 0, pending: 0
[2026-05-02 14:43:21] [2026-05-02 14:43:21,340 AIMaster] (job_event_collector.py 135) WARNING: Failed to watch pods, exception: ("Connection broken: ConnectionResetError(104, 'Connection reset by peer')", ConnectionResetError(104, 'Connection reset by peer'))
[2026-05-02 14:43:23] [2026-05-02 14:43:23,480 AIMaster] (aimaster_failover_controller.py 81) INFO: Detecting whether aimaster should be migrated.
[2026-05-02 14:43:48] [2026-05-02 14:43:48,600 AIMaster] (job_monitor_controller_k8s.py 1099) INFO: All workers: 2, running: 1, failed: 0, pending: 0
[2026-05-02 14:43:48] [2026-05-02 14:43:48,600 AIMaster] (ops_reported_error_detector.py 103) INFO: Detecting whether the job is affected by errors reported by ops platform.
[2026-05-02 14:44:15] [2026-05-02 14:44:14,832 AIMaster] (config.py 347) INFO: Try loading config from pai-aimaster-new configmap.
[2026-05-02 14:44:19] [2026-05-02 14:44:18,750 AIMaster] (job_monitor_controller_k8s.py 1099) INFO: All workers: 2, running: 1, failed: 0, pending: 0
[2026-05-02 14:44:49] [2026-05-02 14:44:48,860 AIMaster] (job_monitor_controller_k8s.py 1099) INFO: All workers: 2, running: 1, failed: 0, pending: 0
[2026-05-02 14:44:49] [2026-05-02 14:44:48,861 AIMaster] (ops_reported_error_detector.py 103) INFO: Detecting whether the job is affected by errors reported by ops platform.
[2026-05-02 14:44:53] [2026-05-02 14:44:53,487 AIMaster] (job_event_collector.py 135) WARNING: Failed to watch pods, exception: ("Connection broken: ConnectionResetError(104, 'Connection reset by peer')", ConnectionResetError(104, 'Connection reset by peer'))
[2026-05-02 14:45:15] [2026-05-02 14:45:14,866 AIMaster] (config.py 347) INFO: Try loading config from pai-aimaster-new configmap.
[2026-05-02 14:45:19] [2026-05-02 14:45:19,030 AIMaster] (job_monitor_controller_k8s.py 1099) INFO: All workers: 2, running: 1, failed: 0, pending: 0
[2026-05-02 14:45:24] [2026-05-02 14:45:24,042 AIMaster] (aimaster_failover_controller.py 81) INFO: Detecting whether aimaster should be migrated.
[2026-05-02 14:45:49] [2026-05-02 14:45:49,152 AIMaster] (job_monitor_controller_k8s.py 1099) INFO: All workers: 2, running: 1, failed: 0, pending: 0
[2026-05-02 14:45:49] [2026-05-02 14:45:49,152 AIMaster] (ops_reported_error_detector.py 103) INFO: Detecting whether the job is affected by errors reported by ops platform.
[2026-05-02 14:46:15] [2026-05-02 14:46:14,905 AIMaster] (config.py 347) INFO: Try loading config from pai-aimaster-new configmap.
[2026-05-02 14:46:19] [2026-05-02 14:46:19,326 AIMaster] (job_monitor_controller_k8s.py 1099) INFO: All workers: 2, running: 1, failed: 0, pending: 0
[2026-05-02 14:46:25] [2026-05-02 14:46:24,780 AIMaster] (job_event_collector.py 135) WARNING: Failed to watch pods, exception: ("Connection broken: ConnectionResetError(104, 'Connection reset by peer')", ConnectionResetError(104, 'Connection reset by peer'))
[2026-05-02 14:46:49] [2026-05-02 14:46:49,466 AIMaster] (pod_manager.py 415) INFO: Pod Category Summary (Total pods: 2)
[2026-05-02 14:46:49] | Category           |   Count | Percentage   | Pods                        |
[2026-05-02 14:46:49] |--------------------|---------|--------------|-----------------------------|
[2026-05-02 14:46:49] | Running            |       1 | 50.0%        | [dlc7uaznuz8nkr0r-worker-0] |
[2026-05-02 14:46:49] | Succeeded          |       1 | 50.0%        | [dlc7uaznuz8nkr0r-master-0] |
[2026-05-02 14:46:49] | Pending            |       0 | 0.0%         |                             |
[2026-05-02 14:46:49] | Failed             |       0 | 0.0%         |                             |
[2026-05-02 14:46:49] | Terminating        |       0 | 0.0%         |                             |
[2026-05-02 14:46:49] | Scheduler_evicting |       0 | 0.0%         |                             |
[2026-05-02 14:46:49] | Aiph_node_error    |       0 | 0.0%         |                             |
[2026-05-02 14:46:49] | Unknown            |       0 | 0.0%         |                             |
[2026-05-02 14:46:49] 
[2026-05-02 14:46:49] [2026-05-02 14:46:49,467 AIMaster] (job_monitor_controller_k8s.py 1099) INFO: All workers: 2, running: 1, failed: 0, pending: 0
[2026-05-02 14:46:49] [2026-05-02 14:46:49,467 AIMaster] (ops_reported_error_detector.py 103) INFO: Detecting whether the job is affected by errors reported by ops platform.
[2026-05-02 14:47:15] [2026-05-02 14:47:14,941 AIMaster] (config.py 347) INFO: Try loading config from pai-aimaster-new configmap.
[2026-05-02 14:47:19] [2026-05-02 14:47:19,621 AIMaster] (job_monitor_controller_k8s.py 1099) INFO: All workers: 2, running: 1, failed: 0, pending: 0
[2026-05-02 14:47:24] [2026-05-02 14:47:24,635 AIMaster] (aimaster_failover_controller.py 81) INFO: Detecting whether aimaster should be migrated.
[2026-05-02 14:47:49] [2026-05-02 14:47:49,747 AIMaster] (job_monitor_controller_k8s.py 1099) INFO: All workers: 2, running: 1, failed: 0, pending: 0
[2026-05-02 14:47:49] [2026-05-02 14:47:49,747 AIMaster] (ops_reported_error_detector.py 103) INFO: Detecting whether the job is affected by errors reported by ops platform.
[2026-05-02 14:47:56] [2026-05-02 14:47:56,295 AIMaster] (job_event_collector.py 135) WARNING: Failed to watch pods, exception: ("Connection broken: ConnectionResetError(104, 'Connection reset by peer')", ConnectionResetError(104, 'Connection reset by peer'))
[2026-05-02 14:48:15] [2026-05-02 14:48:14,978 AIMaster] (config.py 347) INFO: Try loading config from pai-aimaster-new configmap.
[2026-05-02 14:48:20] [2026-05-02 14:48:19,939 AIMaster] (job_monitor_controller_k8s.py 1099) INFO: All workers: 2, running: 1, failed: 0, pending: 0
[2026-05-02 14:48:50] [2026-05-02 14:48:50,134 AIMaster] (job_monitor_controller_k8s.py 1099) INFO: All workers: 2, running: 1, failed: 0, pending: 0
[2026-05-02 14:48:50] [2026-05-02 14:48:50,134 AIMaster] (ops_reported_error_detector.py 103) INFO: Detecting whether the job is affected by errors reported by ops platform.
[2026-05-02 14:49:15] [2026-05-02 14:49:15,055 AIMaster] (config.py 347) INFO: Try loading config from pai-aimaster-new configmap.
[2026-05-02 14:49:20] [2026-05-02 14:49:20,287 AIMaster] (job_monitor_controller_k8s.py 1099) INFO: All workers: 2, running: 1, failed: 0, pending: 0
[2026-05-02 14:49:25] [2026-05-02 14:49:25,297 AIMaster] (aimaster_failover_controller.py 81) INFO: Detecting whether aimaster should be migrated.
[2026-05-02 14:49:28] [2026-05-02 14:49:27,976 AIMaster] (job_event_collector.py 135) WARNING: Failed to watch pods, exception: ("Connection broken: ConnectionResetError(104, 'Connection reset by peer')", ConnectionResetError(104, 'Connection reset by peer'))
[2026-05-02 14:49:50] [2026-05-02 14:49:50,442 AIMaster] (job_monitor_controller_k8s.py 1099) INFO: All workers: 2, running: 1, failed: 0, pending: 0
[2026-05-02 14:49:50] [2026-05-02 14:49:50,442 AIMaster] (ops_reported_error_detector.py 103) INFO: Detecting whether the job is affected by errors reported by ops platform.
[2026-05-02 14:50:15] [2026-05-02 14:50:15,091 AIMaster] (config.py 347) INFO: Try loading config from pai-aimaster-new configmap.
[2026-05-02 14:50:20] [2026-05-02 14:50:20,634 AIMaster] (job_monitor_controller_k8s.py 1099) INFO: All workers: 2, running: 1, failed: 0, pending: 0
[2026-05-02 14:50:50] [2026-05-02 14:50:50,754 AIMaster] (job_monitor_controller_k8s.py 1099) INFO: All workers: 2, running: 1, failed: 0, pending: 0
[2026-05-02 14:50:50] [2026-05-02 14:50:50,754 AIMaster] (ops_reported_error_detector.py 103) INFO: Detecting whether the job is affected by errors reported by ops platform.
[2026-05-02 14:50:59] [2026-05-02 14:50:59,719 AIMaster] (job_event_collector.py 135) WARNING: Failed to watch pods, exception: ("Connection broken: ConnectionResetError(104, 'Connection reset by peer')", ConnectionResetError(104, 'Connection reset by peer'))
[2026-05-02 14:51:15] [2026-05-02 14:51:15,128 AIMaster] (config.py 347) INFO: Try loading config from pai-aimaster-new configmap.
[2026-05-02 14:51:21] [2026-05-02 14:51:20,900 AIMaster] (job_monitor_controller_k8s.py 1099) INFO: All workers: 2, running: 1, failed: 0, pending: 0
[2026-05-02 14:51:26] [2026-05-02 14:51:25,912 AIMaster] (aimaster_failover_controller.py 81) INFO: Detecting whether aimaster should be migrated.
[2026-05-02 14:51:51] [2026-05-02 14:51:51,028 AIMaster] (pod_manager.py 415) INFO: Pod Category Summary (Total pods: 2)
[2026-05-02 14:51:51] | Category           |   Count | Percentage   | Pods                        |
[2026-05-02 14:51:51] |--------------------|---------|--------------|-----------------------------|
[2026-05-02 14:51:51] | Running            |       1 | 50.0%        | [dlc7uaznuz8nkr0r-worker-0] |
[2026-05-02 14:51:51] | Succeeded          |       1 | 50.0%        | [dlc7uaznuz8nkr0r-master-0] |
[2026-05-02 14:51:51] | Pending            |       0 | 0.0%         |                             |
[2026-05-02 14:51:51] | Failed             |       0 | 0.0%         |                             |
[2026-05-02 14:51:51] | Terminating        |       0 | 0.0%         |                             |
[2026-05-02 14:51:51] | Scheduler_evicting |       0 | 0.0%         |                             |
[2026-05-02 14:51:51] | Aiph_node_error    |       0 | 0.0%         |                             |
[2026-05-02 14:51:51] | Unknown            |       0 | 0.0%         |                             |
[2026-05-02 14:51:51] 
[2026-05-02 14:51:51] [2026-05-02 14:51:51,028 AIMaster] (job_monitor_controller_k8s.py 1099) INFO: All workers: 2, running: 1, failed: 0, pending: 0
[2026-05-02 14:51:51] [2026-05-02 14:51:51,028 AIMaster] (ops_reported_error_detector.py 103) INFO: Detecting whether the job is affected by errors reported by ops platform.
[2026-05-02 14:52:15] [2026-05-02 14:52:15,163 AIMaster] (config.py 347) INFO: Try loading config from pai-aimaster-new configmap.
[2026-05-02 14:52:21] [2026-05-02 14:52:21,291 AIMaster] (job_monitor_controller_k8s.py 1099) INFO: All workers: 2, running: 1, failed: 0, pending: 0
[2026-05-02 14:52:31] [2026-05-02 14:52:31,081 AIMaster] (job_event_collector.py 135) WARNING: Failed to watch pods, exception: ("Connection broken: ConnectionResetError(104, 'Connection reset by peer')", ConnectionResetError(104, 'Connection reset by peer'))
[2026-05-02 14:52:51] [2026-05-02 14:52:51,420 AIMaster] (job_monitor_controller_k8s.py 1099) INFO: All workers: 2, running: 1, failed: 0, pending: 0
[2026-05-02 14:52:51] [2026-05-02 14:52:51,420 AIMaster] (ops_reported_error_detector.py 103) INFO: Detecting whether the job is affected by errors reported by ops platform.
[2026-05-02 14:53:15] [2026-05-02 14:53:15,200 AIMaster] (config.py 347) INFO: Try loading config from pai-aimaster-new configmap.
[2026-05-02 14:53:21] [2026-05-02 14:53:21,575 AIMaster] (job_monitor_controller_k8s.py 1099) INFO: All workers: 2, running: 1, failed: 0, pending: 0
[2026-05-02 14:53:26] [2026-05-02 14:53:26,586 AIMaster] (aimaster_failover_controller.py 81) INFO: Detecting whether aimaster should be migrated.
[2026-05-02 14:53:51] [2026-05-02 14:53:51,700 AIMaster] (job_monitor_controller_k8s.py 1099) INFO: All workers: 2, running: 1, failed: 0, pending: 0
[2026-05-02 14:53:51] [2026-05-02 14:53:51,700 AIMaster] (ops_reported_error_detector.py 103) INFO: Detecting whether the job is affected by errors reported by ops platform.
[2026-05-02 14:54:02] [2026-05-02 14:54:02,698 AIMaster] (job_event_collector.py 135) WARNING: Failed to watch pods, exception: ("Connection broken: ConnectionResetError(104, 'Connection reset by peer')", ConnectionResetError(104, 'Connection reset by peer'))
[2026-05-02 14:54:15] [2026-05-02 14:54:15,239 AIMaster] (config.py 347) INFO: Try loading config from pai-aimaster-new configmap.
[2026-05-02 14:54:21] [2026-05-02 14:54:21,912 AIMaster] (job_monitor_controller_k8s.py 1099) INFO: All workers: 2, running: 1, failed: 0, pending: 0
[2026-05-02 14:54:53] [2026-05-02 14:54:52,042 AIMaster] (job_monitor_controller_k8s.py 1099) INFO: All workers: 2, running: 1, failed: 0, pending: 0
[2026-05-02 14:54:53] [2026-05-02 14:54:52,042 AIMaster] (ops_reported_error_detector.py 103) INFO: Detecting whether the job is affected by errors reported by ops platform.
[2026-05-02 14:55:16] [2026-05-02 14:55:15,275 AIMaster] (config.py 347) INFO: Try loading config from pai-aimaster-new configmap.
[2026-05-02 14:55:23] [2026-05-02 14:55:22,199 AIMaster] (job_monitor_controller_k8s.py 1099) INFO: All workers: 2, running: 1, failed: 0, pending: 0
[2026-05-02 14:55:28] [2026-05-02 14:55:27,211 AIMaster] (aimaster_failover_controller.py 81) INFO: Detecting whether aimaster should be migrated.
[2026-05-02 14:55:35] [2026-05-02 14:55:34,376 AIMaster] (job_event_collector.py 135) WARNING: Failed to watch pods, exception: ("Connection broken: ConnectionResetError(104, 'Connection reset by peer')", ConnectionResetError(104, 'Connection reset by peer'))
[2026-05-02 14:55:53] [2026-05-02 14:55:52,322 AIMaster] (job_monitor_controller_k8s.py 1099) INFO: All workers: 2, running: 1, failed: 0, pending: 0
[2026-05-02 14:55:53] [2026-05-02 14:55:52,322 AIMaster] (ops_reported_error_detector.py 103) INFO: Detecting whether the job is affected by errors reported by ops platform.
[2026-05-02 14:56:16] [2026-05-02 14:56:15,313 AIMaster] (config.py 347) INFO: Try loading config from pai-aimaster-new configmap.
[2026-05-02 14:56:23] [2026-05-02 14:56:22,518 AIMaster] (job_monitor_controller_k8s.py 1099) INFO: All workers: 2, running: 1, failed: 0, pending: 0
[2026-05-02 14:56:53] [2026-05-02 14:56:52,625 AIMaster] (pod_manager.py 415) INFO: Pod Category Summary (Total pods: 2)
[2026-05-02 14:56:53] | Category           |   Count | Percentage   | Pods                        |
[2026-05-02 14:56:53] |--------------------|---------|--------------|-----------------------------|
[2026-05-02 14:56:53] | Running            |       1 | 50.0%        | [dlc7uaznuz8nkr0r-worker-0] |
[2026-05-02 14:56:53] | Succeeded          |       1 | 50.0%        | [dlc7uaznuz8nkr0r-master-0] |
[2026-05-02 14:56:53] | Pending            |       0 | 0.0%         |                             |
[2026-05-02 14:56:53] | Failed             |       0 | 0.0%         |                             |
[2026-05-02 14:56:53] | Terminating        |       0 | 0.0%         |                             |
[2026-05-02 14:56:53] | Scheduler_evicting |       0 | 0.0%         |                             |
[2026-05-02 14:56:53] | Aiph_node_error    |       0 | 0.0%         |                             |
[2026-05-02 14:56:53] | Unknown            |       0 | 0.0%         |                             |
[2026-05-02 14:56:53] 
[2026-05-02 14:56:53] [2026-05-02 14:56:52,625 AIMaster] (job_monitor_controller_k8s.py 1099) INFO: All workers: 2, running: 1, failed: 0, pending: 0
[2026-05-02 14:56:53] [2026-05-02 14:56:52,625 AIMaster] (ops_reported_error_detector.py 103) INFO: Detecting whether the job is affected by errors reported by ops platform.
[2026-05-02 14:57:06] [2026-05-02 14:57:05,856 AIMaster] (job_event_collector.py 135) WARNING: Failed to watch pods, exception: ("Connection broken: ConnectionResetError(104, 'Connection reset by peer')", ConnectionResetError(104, 'Connection reset by peer'))
[2026-05-02 14:57:16] [2026-05-02 14:57:15,350 AIMaster] (config.py 347) INFO: Try loading config from pai-aimaster-new configmap.
[2026-05-02 14:57:23] [2026-05-02 14:57:22,958 AIMaster] (job_monitor_controller_k8s.py 1099) INFO: All workers: 2, running: 1, failed: 0, pending: 0
[2026-05-02 14:57:28] [2026-05-02 14:57:27,969 AIMaster] (aimaster_failover_controller.py 81) INFO: Detecting whether aimaster should be migrated.
[2026-05-02 14:57:53] [2026-05-02 14:57:53,084 AIMaster] (job_monitor_controller_k8s.py 1099) INFO: All workers: 2, running: 1, failed: 0, pending: 0
[2026-05-02 14:57:53] [2026-05-02 14:57:53,084 AIMaster] (ops_reported_error_detector.py 103) INFO: Detecting whether the job is affected by errors reported by ops platform.
[2026-05-02 14:58:16] [2026-05-02 14:58:15,387 AIMaster] (config.py 347) INFO: Try loading config from pai-aimaster-new configmap.
[2026-05-02 14:58:24] [2026-05-02 14:58:23,305 AIMaster] (job_monitor_controller_k8s.py 1099) INFO: All workers: 2, running: 1, failed: 0, pending: 0
[2026-05-02 14:58:38] [2026-05-02 14:58:37,812 AIMaster] (job_event_collector.py 135) WARNING: Failed to watch pods, exception: ("Connection broken: ConnectionResetError(104, 'Connection reset by peer')", ConnectionResetError(104, 'Connection reset by peer'))
[2026-05-02 14:58:54] [2026-05-02 14:58:53,444 AIMaster] (job_monitor_controller_k8s.py 1099) INFO: All workers: 2, running: 1, failed: 0, pending: 0
[2026-05-02 14:58:54] [2026-05-02 14:58:53,444 AIMaster] (ops_reported_error_detector.py 103) INFO: Detecting whether the job is affected by errors reported by ops platform.
[2026-05-02 14:59:16] [2026-05-02 14:59:15,424 AIMaster] (config.py 347) INFO: Try loading config from pai-aimaster-new configmap.
[2026-05-02 14:59:24] [2026-05-02 14:59:23,589 AIMaster] (job_monitor_controller_k8s.py 1099) INFO: All workers: 2, running: 1, failed: 0, pending: 0
[2026-05-02 14:59:29] [2026-05-02 14:59:28,601 AIMaster] (aimaster_failover_controller.py 81) INFO: Detecting whether aimaster should be migrated.
[2026-05-02 14:59:54] [2026-05-02 14:59:53,709 AIMaster] (job_monitor_controller_k8s.py 1099) INFO: All workers: 2, running: 1, failed: 0, pending: 0
[2026-05-02 14:59:54] [2026-05-02 14:59:53,709 AIMaster] (ops_reported_error_detector.py 103) INFO: Detecting whether the job is affected by errors reported by ops platform.
[2026-05-02 15:00:09] [2026-05-02 15:00:09,061 AIMaster] (job_event_collector.py 135) WARNING: Failed to watch pods, exception: ("Connection broken: ConnectionResetError(104, 'Connection reset by peer')", ConnectionResetError(104, 'Connection reset by peer'))
[2026-05-02 15:00:16] [2026-05-02 15:00:15,461 AIMaster] (config.py 347) INFO: Try loading config from pai-aimaster-new configmap.
[2026-05-02 15:00:24] [2026-05-02 15:00:23,908 AIMaster] (job_monitor_controller_k8s.py 1099) INFO: All workers: 2, running: 1, failed: 0, pending: 0
[2026-05-02 15:00:54] [2026-05-02 15:00:54,019 AIMaster] (job_monitor_controller_k8s.py 1099) INFO: All workers: 2, running: 1, failed: 0, pending: 0
[2026-05-02 15:00:54] [2026-05-02 15:00:54,019 AIMaster] (ops_reported_error_detector.py 103) INFO: Detecting whether the job is affected by errors reported by ops platform.
[2026-05-02 15:01:16] [2026-05-02 15:01:15,496 AIMaster] (config.py 347) INFO: Try loading config from pai-aimaster-new configmap.
[2026-05-02 15:01:24] [2026-05-02 15:01:24,168 AIMaster] (job_monitor_controller_k8s.py 1099) INFO: All workers: 2, running: 1, failed: 0, pending: 0
[2026-05-02 15:01:29] [2026-05-02 15:01:29,179 AIMaster] (aimaster_failover_controller.py 81) INFO: Detecting whether aimaster should be migrated.
[2026-05-02 15:01:41] [2026-05-02 15:01:40,820 AIMaster] (job_event_collector.py 135) WARNING: Failed to watch pods, exception: ("Connection broken: ConnectionResetError(104, 'Connection reset by peer')", ConnectionResetError(104, 'Connection reset by peer'))
[2026-05-02 15:01:55] [2026-05-02 15:01:54,408 AIMaster] (pod_manager.py 415) INFO: Pod Category Summary (Total pods: 2)
[2026-05-02 15:01:55] | Category           |   Count | Percentage   | Pods                        |
[2026-05-02 15:01:55] |--------------------|---------|--------------|-----------------------------|
[2026-05-02 15:01:55] | Running            |       1 | 50.0%        | [dlc7uaznuz8nkr0r-worker-0] |
[2026-05-02 15:01:55] | Succeeded          |       1 | 50.0%        | [dlc7uaznuz8nkr0r-master-0] |
[2026-05-02 15:01:55] | Pending            |       0 | 0.0%         |                             |
[2026-05-02 15:01:55] | Failed             |       0 | 0.0%         |                             |
[2026-05-02 15:01:55] | Terminating        |       0 | 0.0%         |                             |
[2026-05-02 15:01:55] | Scheduler_evicting |       0 | 0.0%         |                             |
[2026-05-02 15:01:55] | Aiph_node_error    |       0 | 0.0%         |                             |
[2026-05-02 15:01:55] | Unknown            |       0 | 0.0%         |                             |
[2026-05-02 15:01:55] 
[2026-05-02 15:01:55] [2026-05-02 15:01:54,408 AIMaster] (job_monitor_controller_k8s.py 1099) INFO: All workers: 2, running: 1, failed: 0, pending: 0
[2026-05-02 15:01:55] [2026-05-02 15:01:54,408 AIMaster] (ops_reported_error_detector.py 103) INFO: Detecting whether the job is affected by errors reported by ops platform.
[2026-05-02 15:02:16] [2026-05-02 15:02:15,531 AIMaster] (config.py 347) INFO: Try loading config from pai-aimaster-new configmap.
[2026-05-02 15:02:25] [2026-05-02 15:02:24,556 AIMaster] (job_monitor_controller_k8s.py 1099) INFO: All workers: 2, running: 1, failed: 0, pending: 0
[2026-05-02 15:02:55] [2026-05-02 15:02:54,707 AIMaster] (job_monitor_controller_k8s.py 1099) INFO: All workers: 2, running: 1, failed: 0, pending: 0
[2026-05-02 15:02:55] [2026-05-02 15:02:54,707 AIMaster] (ops_reported_error_detector.py 103) INFO: Detecting whether the job is affected by errors reported by ops platform.
[2026-05-02 15:03:13] [2026-05-02 15:03:12,403 AIMaster] (job_event_collector.py 135) WARNING: Failed to watch pods, exception: ("Connection broken: ConnectionResetError(104, 'Connection reset by peer')", ConnectionResetError(104, 'Connection reset by peer'))
[2026-05-02 15:03:16] [2026-05-02 15:03:15,568 AIMaster] (config.py 347) INFO: Try loading config from pai-aimaster-new configmap.
[2026-05-02 15:03:25] [2026-05-02 15:03:24,886 AIMaster] (job_monitor_controller_k8s.py 1099) INFO: All workers: 2, running: 1, failed: 0, pending: 0
[2026-05-02 15:03:30] [2026-05-02 15:03:29,897 AIMaster] (aimaster_failover_controller.py 81) INFO: Detecting whether aimaster should be migrated.
[2026-05-02 15:03:55] [2026-05-02 15:03:55,018 AIMaster] (job_monitor_controller_k8s.py 1099) INFO: All workers: 2, running: 1, failed: 0, pending: 0
[2026-05-02 15:03:55] [2026-05-02 15:03:55,018 AIMaster] (ops_reported_error_detector.py 103) INFO: Detecting whether the job is affected by errors reported by ops platform.
[2026-05-02 15:04:16] [2026-05-02 15:04:15,605 AIMaster] (config.py 347) INFO: Try loading config from pai-aimaster-new configmap.
[2026-05-02 15:04:25] [2026-05-02 15:04:25,176 AIMaster] (job_monitor_controller_k8s.py 1099) INFO: All workers: 2, running: 1, failed: 0, pending: 0
[2026-05-02 15:04:44] [2026-05-02 15:04:44,282 AIMaster] (job_event_collector.py 135) WARNING: Failed to watch pods, exception: ("Connection broken: ConnectionResetError(104, 'Connection reset by peer')", ConnectionResetError(104, 'Connection reset by peer'))
[2026-05-02 15:04:55] [2026-05-02 15:04:55,343 AIMaster] (job_monitor_controller_k8s.py 1099) INFO: All workers: 2, running: 1, failed: 0, pending: 0
[2026-05-02 15:04:55] [2026-05-02 15:04:55,343 AIMaster] (ops_reported_error_detector.py 103) INFO: Detecting whether the job is affected by errors reported by ops platform.
[2026-05-02 15:05:16] [2026-05-02 15:05:15,640 AIMaster] (config.py 347) INFO: Try loading config from pai-aimaster-new configmap.
[2026-05-02 15:05:26] [2026-05-02 15:05:25,540 AIMaster] (job_monitor_controller_k8s.py 1099) INFO: All workers: 2, running: 1, failed: 0, pending: 0
[2026-05-02 15:05:31] [2026-05-02 15:05:30,554 AIMaster] (aimaster_failover_controller.py 81) INFO: Detecting whether aimaster should be migrated.
[2026-05-02 15:05:56] [2026-05-02 15:05:55,662 AIMaster] (job_monitor_controller_k8s.py 1099) INFO: All workers: 2, running: 1, failed: 0, pending: 0
[2026-05-02 15:05:56] [2026-05-02 15:05:55,662 AIMaster] (ops_reported_error_detector.py 103) INFO: Detecting whether the job is affected by errors reported by ops platform.
[2026-05-02 15:06:16] [2026-05-02 15:06:15,492 AIMaster] (job_event_collector.py 135) WARNING: Failed to watch pods, exception: ("Connection broken: ConnectionResetError(104, 'Connection reset by peer')", ConnectionResetError(104, 'Connection reset by peer'))
[2026-05-02 15:06:16] [2026-05-02 15:06:15,677 AIMaster] (config.py 347) INFO: Try loading config from pai-aimaster-new configmap.
[2026-05-02 15:06:26] [2026-05-02 15:06:25,826 AIMaster] (job_monitor_controller_k8s.py 1099) INFO: All workers: 2, running: 1, failed: 0, pending: 0
[2026-05-02 15:06:56] [2026-05-02 15:06:55,959 AIMaster] (pod_manager.py 415) INFO: Pod Category Summary (Total pods: 2)
[2026-05-02 15:06:56] | Category           |   Count | Percentage   | Pods                        |
[2026-05-02 15:06:56] |--------------------|---------|--------------|-----------------------------|
[2026-05-02 15:06:56] | Running            |       1 | 50.0%        | [dlc7uaznuz8nkr0r-worker-0] |
[2026-05-02 15:06:56] | Succeeded          |       1 | 50.0%        | [dlc7uaznuz8nkr0r-master-0] |
[2026-05-02 15:06:56] | Pending            |       0 | 0.0%         |                             |
[2026-05-02 15:06:56] | Failed             |       0 | 0.0%         |                             |
[2026-05-02 15:06:56] | Terminating        |       0 | 0.0%         |                             |
[2026-05-02 15:06:56] | Scheduler_evicting |       0 | 0.0%         |                             |
[2026-05-02 15:06:56] | Aiph_node_error    |       0 | 0.0%         |                             |
[2026-05-02 15:06:56] | Unknown            |       0 | 0.0%         |                             |
[2026-05-02 15:06:56] 
[2026-05-02 15:06:56] [2026-05-02 15:06:55,960 AIMaster] (job_monitor_controller_k8s.py 1099) INFO: All workers: 2, running: 1, failed: 0, pending: 0
[2026-05-02 15:06:56] [2026-05-02 15:06:55,960 AIMaster] (ops_reported_error_detector.py 103) INFO: Detecting whether the job is affected by errors reported by ops platform.
[2026-05-02 15:07:16] [2026-05-02 15:07:15,712 AIMaster] (config.py 347) INFO: Try loading config from pai-aimaster-new configmap.
[2026-05-02 15:07:26] [2026-05-02 15:07:26,169 AIMaster] (job_monitor_controller_k8s.py 1099) INFO: All workers: 2, running: 1, failed: 0, pending: 0
[2026-05-02 15:07:31] [2026-05-02 15:07:31,181 AIMaster] (aimaster_failover_controller.py 81) INFO: Detecting whether aimaster should be migrated.
[2026-05-02 15:07:47] [2026-05-02 15:07:46,952 AIMaster] (job_event_collector.py 135) WARNING: Failed to watch pods, exception: ("Connection broken: ConnectionResetError(104, 'Connection reset by peer')", ConnectionResetError(104, 'Connection reset by peer'))
[2026-05-02 15:07:56] [2026-05-02 15:07:56,439 AIMaster] (job_monitor_controller_k8s.py 1099) INFO: All workers: 2, running: 1, failed: 0, pending: 0
[2026-05-02 15:07:56] [2026-05-02 15:07:56,440 AIMaster] (ops_reported_error_detector.py 103) INFO: Detecting whether the job is affected by errors reported by ops platform.
[2026-05-02 15:08:16] [2026-05-02 15:08:15,752 AIMaster] (config.py 347) INFO: Try loading config from pai-aimaster-new configmap.
[2026-05-02 15:08:27] [2026-05-02 15:08:26,594 AIMaster] (job_monitor_controller_k8s.py 1099) INFO: All workers: 2, running: 1, failed: 0, pending: 0
[2026-05-02 15:08:57] [2026-05-02 15:08:56,728 AIMaster] (job_monitor_controller_k8s.py 1099) INFO: All workers: 2, running: 1, failed: 0, pending: 0
[2026-05-02 15:08:57] [2026-05-02 15:08:56,728 AIMaster] (ops_reported_error_detector.py 103) INFO: Detecting whether the job is affected by errors reported by ops platform.
[2026-05-02 15:09:16] [2026-05-02 15:09:15,788 AIMaster] (config.py 347) INFO: Try loading config from pai-aimaster-new configmap.
[2026-05-02 15:09:19] [2026-05-02 15:09:18,695 AIMaster] (job_event_collector.py 135) WARNING: Failed to watch pods, exception: ("Connection broken: ConnectionResetError(104, 'Connection reset by peer')", ConnectionResetError(104, 'Connection reset by peer'))
[2026-05-02 15:09:27] [2026-05-02 15:09:26,884 AIMaster] (job_monitor_controller_k8s.py 1099) INFO: All workers: 2, running: 1, failed: 0, pending: 0
[2026-05-02 15:09:32] [2026-05-02 15:09:31,892 AIMaster] (aimaster_failover_controller.py 81) INFO: Detecting whether aimaster should be migrated.
[2026-05-02 15:09:57] [2026-05-02 15:09:57,022 AIMaster] (job_monitor_controller_k8s.py 1099) INFO: All workers: 2, running: 1, failed: 0, pending: 0
[2026-05-02 15:09:57] [2026-05-02 15:09:57,022 AIMaster] (ops_reported_error_detector.py 103) INFO: Detecting whether the job is affected by errors reported by ops platform.
[2026-05-02 15:10:16] [2026-05-02 15:10:15,824 AIMaster] (config.py 347) INFO: Try loading config from pai-aimaster-new configmap.
[2026-05-02 15:10:27] [2026-05-02 15:10:27,190 AIMaster] (job_monitor_controller_k8s.py 1099) INFO: All workers: 2, running: 1, failed: 0, pending: 0
[2026-05-02 15:10:50] [2026-05-02 15:10:50,342 AIMaster] (job_event_collector.py 135) WARNING: Failed to watch pods, exception: ("Connection broken: ConnectionResetError(104, 'Connection reset by peer')", ConnectionResetError(104, 'Connection reset by peer'))
[2026-05-02 15:10:57] [2026-05-02 15:10:57,309 AIMaster] (job_monitor_controller_k8s.py 1099) INFO: All workers: 2, running: 1, failed: 0, pending: 0
[2026-05-02 15:10:57] [2026-05-02 15:10:57,309 AIMaster] (ops_reported_error_detector.py 103) INFO: Detecting whether the job is affected by errors reported by ops platform.
[2026-05-02 15:11:16] [2026-05-02 15:11:15,859 AIMaster] (config.py 347) INFO: Try loading config from pai-aimaster-new configmap.
[2026-05-02 15:11:27] [2026-05-02 15:11:27,453 AIMaster] (job_monitor_controller_k8s.py 1099) INFO: All workers: 2, running: 1, failed: 0, pending: 0
[2026-05-02 15:11:32] [2026-05-02 15:11:32,463 AIMaster] (aimaster_failover_controller.py 81) INFO: Detecting whether aimaster should be migrated.
[2026-05-02 15:11:57] [2026-05-02 15:11:57,578 AIMaster] (pod_manager.py 415) INFO: Pod Category Summary (Total pods: 2)
[2026-05-02 15:11:57] | Category           |   Count | Percentage   | Pods                        |
[2026-05-02 15:11:57] |--------------------|---------|--------------|-----------------------------|
[2026-05-02 15:11:57] | Running            |       1 | 50.0%        | [dlc7uaznuz8nkr0r-worker-0] |
[2026-05-02 15:11:57] | Succeeded          |       1 | 50.0%        | [dlc7uaznuz8nkr0r-master-0] |
[2026-05-02 15:11:57] | Pending            |       0 | 0.0%         |                             |
[2026-05-02 15:11:57] | Failed             |       0 | 0.0%         |                             |
[2026-05-02 15:11:57] | Terminating        |       0 | 0.0%         |                             |
[2026-05-02 15:11:57] | Scheduler_evicting |       0 | 0.0%         |                             |
[2026-05-02 15:11:57] | Aiph_node_error    |       0 | 0.0%         |                             |
[2026-05-02 15:11:57] | Unknown            |       0 | 0.0%         |                             |
[2026-05-02 15:11:57] 
[2026-05-02 15:11:57] [2026-05-02 15:11:57,579 AIMaster] (job_monitor_controller_k8s.py 1099) INFO: All workers: 2, running: 1, failed: 0, pending: 0
[2026-05-02 15:11:57] [2026-05-02 15:11:57,579 AIMaster] (ops_reported_error_detector.py 103) INFO: Detecting whether the job is affected by errors reported by ops platform.
[2026-05-02 15:12:16] [2026-05-02 15:12:15,895 AIMaster] (config.py 347) INFO: Try loading config from pai-aimaster-new configmap.
[2026-05-02 15:12:22] [2026-05-02 15:12:21,882 AIMaster] (job_event_collector.py 135) WARNING: Failed to watch pods, exception: ("Connection broken: ConnectionResetError(104, 'Connection reset by peer')", ConnectionResetError(104, 'Connection reset by peer'))
[2026-05-02 15:12:28] [2026-05-02 15:12:27,779 AIMaster] (job_monitor_controller_k8s.py 1099) INFO: All workers: 2, running: 1, failed: 0, pending: 0
[2026-05-02 15:12:58] [2026-05-02 15:12:57,972 AIMaster] (job_monitor_controller_k8s.py 1099) INFO: All workers: 2, running: 1, failed: 0, pending: 0
[2026-05-02 15:12:58] [2026-05-02 15:12:57,972 AIMaster] (ops_reported_error_detector.py 103) INFO: Detecting whether the job is affected by errors reported by ops platform.
[2026-05-02 15:13:16] [2026-05-02 15:13:15,931 AIMaster] (config.py 347) INFO: Try loading config from pai-aimaster-new configmap.
[2026-05-02 15:13:28] [2026-05-02 15:13:28,199 AIMaster] (job_monitor_controller_k8s.py 1099) INFO: All workers: 2, running: 1, failed: 0, pending: 0
[2026-05-02 15:13:33] [2026-05-02 15:13:33,213 AIMaster] (aimaster_failover_controller.py 81) INFO: Detecting whether aimaster should be migrated.
[2026-05-02 15:13:53] [2026-05-02 15:13:53,538 AIMaster] (job_event_collector.py 135) WARNING: Failed to watch pods, exception: ("Connection broken: ConnectionResetError(104, 'Connection reset by peer')", ConnectionResetError(104, 'Connection reset by peer'))
[2026-05-02 15:13:58] [2026-05-02 15:13:58,324 AIMaster] (job_monitor_controller_k8s.py 1099) INFO: All workers: 2, running: 1, failed: 0, pending: 0
[2026-05-02 15:13:58] [2026-05-02 15:13:58,324 AIMaster] (ops_reported_error_detector.py 103) INFO: Detecting whether the job is affected by errors reported by ops platform.
[2026-05-02 15:14:16] [2026-05-02 15:14:15,967 AIMaster] (config.py 347) INFO: Try loading config from pai-aimaster-new configmap.
[2026-05-02 15:14:28] [2026-05-02 15:14:28,477 AIMaster] (job_monitor_controller_k8s.py 1099) INFO: All workers: 2, running: 1, failed: 0, pending: 0
[2026-05-02 15:14:58] [2026-05-02 15:14:58,594 AIMaster] (job_monitor_controller_k8s.py 1099) INFO: All workers: 2, running: 1, failed: 0, pending: 0
[2026-05-02 15:14:58] [2026-05-02 15:14:58,594 AIMaster] (ops_reported_error_detector.py 103) INFO: Detecting whether the job is affected by errors reported by ops platform.
[2026-05-02 15:15:16] [2026-05-02 15:15:16,005 AIMaster] (config.py 347) INFO: Try loading config from pai-aimaster-new configmap.
[2026-05-02 15:15:25] [2026-05-02 15:15:25,067 AIMaster] (job_event_collector.py 135) WARNING: Failed to watch pods, exception: ("Connection broken: ConnectionResetError(104, 'Connection reset by peer')", ConnectionResetError(104, 'Connection reset by peer'))
[2026-05-02 15:15:29] [2026-05-02 15:15:28,845 AIMaster] (job_monitor_controller_k8s.py 1099) INFO: All workers: 2, running: 1, failed: 0, pending: 0
[2026-05-02 15:15:34] [2026-05-02 15:15:33,857 AIMaster] (aimaster_failover_controller.py 81) INFO: Detecting whether aimaster should be migrated.
[2026-05-02 15:15:59] [2026-05-02 15:15:58,970 AIMaster] (job_monitor_controller_k8s.py 1099) INFO: All workers: 2, running: 1, failed: 0, pending: 0
[2026-05-02 15:15:59] [2026-05-02 15:15:58,970 AIMaster] (ops_reported_error_detector.py 103) INFO: Detecting whether the job is affected by errors reported by ops platform.
[2026-05-02 15:16:16] [2026-05-02 15:16:16,042 AIMaster] (config.py 347) INFO: Try loading config from pai-aimaster-new configmap.
[2026-05-02 15:16:29] [2026-05-02 15:16:29,121 AIMaster] (job_monitor_controller_k8s.py 1099) INFO: All workers: 2, running: 1, failed: 0, pending: 0
[2026-05-02 15:16:57] [2026-05-02 15:16:57,049 AIMaster] (job_event_collector.py 135) WARNING: Failed to watch pods, exception: ("Connection broken: ConnectionResetError(104, 'Connection reset by peer')", ConnectionResetError(104, 'Connection reset by peer'))
[2026-05-02 15:16:59] [2026-05-02 15:16:59,275 AIMaster] (pod_manager.py 415) INFO: Pod Category Summary (Total pods: 2)
[2026-05-02 15:16:59] | Category           |   Count | Percentage   | Pods                        |
[2026-05-02 15:16:59] |--------------------|---------|--------------|-----------------------------|
[2026-05-02 15:16:59] | Running            |       1 | 50.0%        | [dlc7uaznuz8nkr0r-worker-0] |
[2026-05-02 15:16:59] | Succeeded          |       1 | 50.0%        | [dlc7uaznuz8nkr0r-master-0] |
[2026-05-02 15:16:59] | Pending            |       0 | 0.0%         |                             |
[2026-05-02 15:16:59] | Failed             |       0 | 0.0%         |                             |
[2026-05-02 15:16:59] | Terminating        |       0 | 0.0%         |                             |
[2026-05-02 15:16:59] | Scheduler_evicting |       0 | 0.0%         |                             |
[2026-05-02 15:16:59] | Aiph_node_error    |       0 | 0.0%         |                             |
[2026-05-02 15:16:59] | Unknown            |       0 | 0.0%         |                             |
[2026-05-02 15:16:59] 
[2026-05-02 15:16:59] [2026-05-02 15:16:59,275 AIMaster] (job_monitor_controller_k8s.py 1099) INFO: All workers: 2, running: 1, failed: 0, pending: 0
[2026-05-02 15:16:59] [2026-05-02 15:16:59,275 AIMaster] (ops_reported_error_detector.py 103) INFO: Detecting whether the job is affected by errors reported by ops platform.
[2026-05-02 15:17:16] [2026-05-02 15:17:16,076 AIMaster] (config.py 347) INFO: Try loading config from pai-aimaster-new configmap.
[2026-05-02 15:17:29] [2026-05-02 15:17:29,424 AIMaster] (job_monitor_controller_k8s.py 1099) INFO: All workers: 2, running: 1, failed: 0, pending: 0
[2026-05-02 15:17:34] [2026-05-02 15:17:34,436 AIMaster] (aimaster_failover_controller.py 81) INFO: Detecting whether aimaster should be migrated.
[2026-05-02 15:17:59] [2026-05-02 15:17:59,550 AIMaster] (job_monitor_controller_k8s.py 1099) INFO: All workers: 2, running: 1, failed: 0, pending: 0
[2026-05-02 15:17:59] [2026-05-02 15:17:59,550 AIMaster] (ops_reported_error_detector.py 103) INFO: Detecting whether the job is affected by errors reported by ops platform.
[2026-05-02 15:18:16] [2026-05-02 15:18:16,114 AIMaster] (config.py 347) INFO: Try loading config from pai-aimaster-new configmap.
[2026-05-02 15:18:29] [2026-05-02 15:18:29,082 AIMaster] (job_event_collector.py 135) WARNING: Failed to watch pods, exception: ("Connection broken: ConnectionResetError(104, 'Connection reset by peer')", ConnectionResetError(104, 'Connection reset by peer'))
[2026-05-02 15:18:29] [2026-05-02 15:18:29,872 AIMaster] (job_monitor_controller_k8s.py 1099) INFO: All workers: 2, running: 1, failed: 0, pending: 0
[2026-05-02 15:19:00] [2026-05-02 15:19:00,014 AIMaster] (job_monitor_controller_k8s.py 1099) INFO: All workers: 2, running: 1, failed: 0, pending: 0
[2026-05-02 15:19:00] [2026-05-02 15:19:00,015 AIMaster] (ops_reported_error_detector.py 103) INFO: Detecting whether the job is affected by errors reported by ops platform.
[2026-05-02 15:19:16] [2026-05-02 15:19:16,149 AIMaster] (config.py 347) INFO: Try loading config from pai-aimaster-new configmap.
[2026-05-02 15:19:30] [2026-05-02 15:19:30,166 AIMaster] (job_monitor_controller_k8s.py 1099) INFO: All workers: 2, running: 1, failed: 0, pending: 0
[2026-05-02 15:19:35] [2026-05-02 15:19:35,178 AIMaster] (aimaster_failover_controller.py 81) INFO: Detecting whether aimaster should be migrated.
[2026-05-02 15:20:00] [2026-05-02 15:20:00,282 AIMaster] (job_monitor_controller_k8s.py 1099) INFO: All workers: 2, running: 1, failed: 0, pending: 0
[2026-05-02 15:20:00] [2026-05-02 15:20:00,282 AIMaster] (ops_reported_error_detector.py 103) INFO: Detecting whether the job is affected by errors reported by ops platform.
[2026-05-02 15:20:00] [2026-05-02 15:20:00,329 AIMaster] (job_event_collector.py 135) WARNING: Failed to watch pods, exception: ("Connection broken: ConnectionResetError(104, 'Connection reset by peer')", ConnectionResetError(104, 'Connection reset by peer'))
[2026-05-02 15:20:16] [2026-05-02 15:20:16,183 AIMaster] (config.py 347) INFO: Try loading config from pai-aimaster-new configmap.
[2026-05-02 15:20:30] [2026-05-02 15:20:30,431 AIMaster] (job_monitor_controller_k8s.py 1099) INFO: All workers: 2, running: 1, failed: 0, pending: 0
[2026-05-02 15:21:00] [2026-05-02 15:21:00,573 AIMaster] (job_monitor_controller_k8s.py 1099) INFO: All workers: 2, running: 1, failed: 0, pending: 0
[2026-05-02 15:21:00] [2026-05-02 15:21:00,573 AIMaster] (ops_reported_error_detector.py 103) INFO: Detecting whether the job is affected by errors reported by ops platform.
[2026-05-02 15:21:16] [2026-05-02 15:21:16,219 AIMaster] (config.py 347) INFO: Try loading config from pai-aimaster-new configmap.
[2026-05-02 15:21:30] [2026-05-02 15:21:30,739 AIMaster] (job_monitor_controller_k8s.py 1099) INFO: All workers: 2, running: 1, failed: 0, pending: 0
[2026-05-02 15:21:33] [2026-05-02 15:21:32,508 AIMaster] (job_event_collector.py 135) WARNING: Failed to watch pods, exception: ("Connection broken: ConnectionResetError(104, 'Connection reset by peer')", ConnectionResetError(104, 'Connection reset by peer'))
[2026-05-02 15:21:36] [2026-05-02 15:21:35,754 AIMaster] (aimaster_failover_controller.py 81) INFO: Detecting whether aimaster should be migrated.
[2026-05-02 15:22:01] [2026-05-02 15:22:00,856 AIMaster] (pod_manager.py 415) INFO: Pod Category Summary (Total pods: 2)
[2026-05-02 15:22:01] | Category           |   Count | Percentage   | Pods                        |
[2026-05-02 15:22:01] |--------------------|---------|--------------|-----------------------------|
[2026-05-02 15:22:01] | Running            |       1 | 50.0%        | [dlc7uaznuz8nkr0r-worker-0] |
[2026-05-02 15:22:01] | Succeeded          |       1 | 50.0%        | [dlc7uaznuz8nkr0r-master-0] |
[2026-05-02 15:22:01] | Pending            |       0 | 0.0%         |                             |
[2026-05-02 15:22:01] | Failed             |       0 | 0.0%         |                             |
[2026-05-02 15:22:01] | Terminating        |       0 | 0.0%         |                             |
[2026-05-02 15:22:01] | Scheduler_evicting |       0 | 0.0%         |                             |
[2026-05-02 15:22:01] | Aiph_node_error    |       0 | 0.0%         |                             |
[2026-05-02 15:22:01] | Unknown            |       0 | 0.0%         |                             |
[2026-05-02 15:22:01] 
[2026-05-02 15:22:01] [2026-05-02 15:22:00,856 AIMaster] (job_monitor_controller_k8s.py 1099) INFO: All workers: 2, running: 1, failed: 0, pending: 0
[2026-05-02 15:22:01] [2026-05-02 15:22:00,856 AIMaster] (ops_reported_error_detector.py 103) INFO: Detecting whether the job is affected by errors reported by ops platform.
[2026-05-02 15:22:17] [2026-05-02 15:22:16,255 AIMaster] (config.py 347) INFO: Try loading config from pai-aimaster-new configmap.
[2026-05-02 15:22:31] [2026-05-02 15:22:31,028 AIMaster] (job_monitor_controller_k8s.py 1099) INFO: All workers: 2, running: 1, failed: 0, pending: 0
[2026-05-02 15:23:02] [2026-05-02 15:23:01,147 AIMaster] (job_monitor_controller_k8s.py 1099) INFO: All workers: 2, running: 1, failed: 0, pending: 0
[2026-05-02 15:23:02] [2026-05-02 15:23:01,147 AIMaster] (ops_reported_error_detector.py 103) INFO: Detecting whether the job is affected by errors reported by ops platform.
[2026-05-02 15:23:05] [2026-05-02 15:23:04,343 AIMaster] (job_event_collector.py 135) WARNING: Failed to watch pods, exception: ("Connection broken: ConnectionResetError(104, 'Connection reset by peer')", ConnectionResetError(104, 'Connection reset by peer'))
[2026-05-02 15:23:17] [2026-05-02 15:23:16,293 AIMaster] (config.py 347) INFO: Try loading config from pai-aimaster-new configmap.
[2026-05-02 15:23:32] [2026-05-02 15:23:31,328 AIMaster] (job_monitor_controller_k8s.py 1099) INFO: All workers: 2, running: 1, failed: 0, pending: 0
[2026-05-02 15:23:37] [2026-05-02 15:23:36,340 AIMaster] (aimaster_failover_controller.py 81) INFO: Detecting whether aimaster should be migrated.
[2026-05-02 15:24:02] [2026-05-02 15:24:01,454 AIMaster] (job_monitor_controller_k8s.py 1099) INFO: All workers: 2, running: 1, failed: 0, pending: 0
[2026-05-02 15:24:02] [2026-05-02 15:24:01,455 AIMaster] (ops_reported_error_detector.py 103) INFO: Detecting whether the job is affected by errors reported by ops platform.
[2026-05-02 15:24:17] [2026-05-02 15:24:16,330 AIMaster] (config.py 347) INFO: Try loading config from pai-aimaster-new configmap.
[2026-05-02 15:24:32] [2026-05-02 15:24:31,663 AIMaster] (job_monitor_controller_k8s.py 1099) INFO: All workers: 2, running: 1, failed: 0, pending: 0
[2026-05-02 15:24:36] [2026-05-02 15:24:35,704 AIMaster] (job_event_collector.py 135) WARNING: Failed to watch pods, exception: ("Connection broken: ConnectionResetError(104, 'Connection reset by peer')", ConnectionResetError(104, 'Connection reset by peer'))
[2026-05-02 15:25:02] [2026-05-02 15:25:01,863 AIMaster] (job_monitor_controller_k8s.py 1099) INFO: All workers: 2, running: 1, failed: 0, pending: 0
[2026-05-02 15:25:02] [2026-05-02 15:25:01,863 AIMaster] (ops_reported_error_detector.py 103) INFO: Detecting whether the job is affected by errors reported by ops platform.
[2026-05-02 15:25:17] [2026-05-02 15:25:16,366 AIMaster] (config.py 347) INFO: Try loading config from pai-aimaster-new configmap.
[2026-05-02 15:25:32] [2026-05-02 15:25:32,044 AIMaster] (job_monitor_controller_k8s.py 1099) INFO: All workers: 2, running: 1, failed: 0, pending: 0
[2026-05-02 15:25:37] [2026-05-02 15:25:37,103 AIMaster] (aimaster_failover_controller.py 81) INFO: Detecting whether aimaster should be migrated.
[2026-05-02 15:26:02] [2026-05-02 15:26:02,245 AIMaster] (job_monitor_controller_k8s.py 1099) INFO: All workers: 2, running: 1, failed: 0, pending: 0
[2026-05-02 15:26:02] [2026-05-02 15:26:02,245 AIMaster] (ops_reported_error_detector.py 103) INFO: Detecting whether the job is affected by errors reported by ops platform.
[2026-05-02 15:26:07] [2026-05-02 15:26:07,221 AIMaster] (job_event_collector.py 135) WARNING: Failed to watch pods, exception: ("Connection broken: ConnectionResetError(104, 'Connection reset by peer')", ConnectionResetError(104, 'Connection reset by peer'))
[2026-05-02 15:26:17] [2026-05-02 15:26:16,402 AIMaster] (config.py 347) INFO: Try loading config from pai-aimaster-new configmap.
[2026-05-02 15:26:33] [2026-05-02 15:26:32,431 AIMaster] (job_monitor_controller_k8s.py 1099) INFO: All workers: 2, running: 1, failed: 0, pending: 0
[2026-05-02 15:27:03] [2026-05-02 15:27:02,563 AIMaster] (pod_manager.py 415) INFO: Pod Category Summary (Total pods: 2)
[2026-05-02 15:27:03] | Category           |   Count | Percentage   | Pods                        |
[2026-05-02 15:27:03] |--------------------|---------|--------------|-----------------------------|
[2026-05-02 15:27:03] | Running            |       1 | 50.0%        | [dlc7uaznuz8nkr0r-worker-0] |
[2026-05-02 15:27:03] | Succeeded          |       1 | 50.0%        | [dlc7uaznuz8nkr0r-master-0] |
[2026-05-02 15:27:03] | Pending            |       0 | 0.0%         |                             |
[2026-05-02 15:27:03] | Failed             |       0 | 0.0%         |                             |
[2026-05-02 15:27:03] | Terminating        |       0 | 0.0%         |                             |
[2026-05-02 15:27:03] | Scheduler_evicting |       0 | 0.0%         |                             |
[2026-05-02 15:27:03] | Aiph_node_error    |       0 | 0.0%         |                             |
[2026-05-02 15:27:03] | Unknown            |       0 | 0.0%         |                             |
[2026-05-02 15:27:03] 
[2026-05-02 15:27:03] [2026-05-02 15:27:02,563 AIMaster] (job_monitor_controller_k8s.py 1099) INFO: All workers: 2, running: 1, failed: 0, pending: 0
[2026-05-02 15:27:03] [2026-05-02 15:27:02,563 AIMaster] (ops_reported_error_detector.py 103) INFO: Detecting whether the job is affected by errors reported by ops platform.
[2026-05-02 15:27:17] [2026-05-02 15:27:16,437 AIMaster] (config.py 347) INFO: Try loading config from pai-aimaster-new configmap.
[2026-05-02 15:27:33] [2026-05-02 15:27:32,720 AIMaster] (job_monitor_controller_k8s.py 1099) INFO: All workers: 2, running: 1, failed: 0, pending: 0
[2026-05-02 15:27:38] [2026-05-02 15:27:37,731 AIMaster] (aimaster_failover_controller.py 81) INFO: Detecting whether aimaster should be migrated.
[2026-05-02 15:27:39] [2026-05-02 15:27:38,889 AIMaster] (job_event_collector.py 135) WARNING: Failed to watch pods, exception: ("Connection broken: ConnectionResetError(104, 'Connection reset by peer')", ConnectionResetError(104, 'Connection reset by peer'))
[2026-05-02 15:28:03] [2026-05-02 15:28:02,847 AIMaster] (job_monitor_controller_k8s.py 1099) INFO: All workers: 2, running: 1, failed: 0, pending: 0
[2026-05-02 15:28:03] [2026-05-02 15:28:02,847 AIMaster] (ops_reported_error_detector.py 103) INFO: Detecting whether the job is affected by errors reported by ops platform.
[2026-05-02 15:28:17] [2026-05-02 15:28:16,473 AIMaster] (config.py 347) INFO: Try loading config from pai-aimaster-new configmap.
[2026-05-02 15:28:33] [2026-05-02 15:28:33,080 AIMaster] (job_monitor_controller_k8s.py 1099) INFO: All workers: 2, running: 1, failed: 0, pending: 0
[2026-05-02 15:29:03] [2026-05-02 15:29:03,201 AIMaster] (job_monitor_controller_k8s.py 1099) INFO: All workers: 2, running: 1, failed: 0, pending: 0
[2026-05-02 15:29:03] [2026-05-02 15:29:03,201 AIMaster] (ops_reported_error_detector.py 103) INFO: Detecting whether the job is affected by errors reported by ops platform.
[2026-05-02 15:29:11] [2026-05-02 15:29:10,808 AIMaster] (job_event_collector.py 135) WARNING: Failed to watch pods, exception: ("Connection broken: ConnectionResetError(104, 'Connection reset by peer')", ConnectionResetError(104, 'Connection reset by peer'))
[2026-05-02 15:29:17] [2026-05-02 15:29:16,509 AIMaster] (config.py 347) INFO: Try loading config from pai-aimaster-new configmap.
[2026-05-02 15:29:33] [2026-05-02 15:29:33,385 AIMaster] (job_monitor_controller_k8s.py 1099) INFO: All workers: 2, running: 1, failed: 0, pending: 0
[2026-05-02 15:29:38] [2026-05-02 15:29:38,399 AIMaster] (aimaster_failover_controller.py 81) INFO: Detecting whether aimaster should be migrated.
[2026-05-02 15:30:04] [2026-05-02 15:30:03,505 AIMaster] (job_monitor_controller_k8s.py 1099) INFO: All workers: 2, running: 1, failed: 0, pending: 0
[2026-05-02 15:30:04] [2026-05-02 15:30:03,505 AIMaster] (ops_reported_error_detector.py 103) INFO: Detecting whether the job is affected by errors reported by ops platform.
[2026-05-02 15:30:17] [2026-05-02 15:30:16,546 AIMaster] (config.py 347) INFO: Try loading config from pai-aimaster-new configmap.
[2026-05-02 15:30:34] [2026-05-02 15:30:33,675 AIMaster] (job_monitor_controller_k8s.py 1099) INFO: All workers: 2, running: 1, failed: 0, pending: 0
[2026-05-02 15:30:42] [2026-05-02 15:30:42,370 AIMaster] (job_event_collector.py 135) WARNING: Failed to watch pods, exception: ("Connection broken: ConnectionResetError(104, 'Connection reset by peer')", ConnectionResetError(104, 'Connection reset by peer'))
[2026-05-02 15:31:04] [2026-05-02 15:31:03,829 AIMaster] (job_monitor_controller_k8s.py 1099) INFO: All workers: 2, running: 1, failed: 0, pending: 0
[2026-05-02 15:31:04] [2026-05-02 15:31:03,829 AIMaster] (ops_reported_error_detector.py 103) INFO: Detecting whether the job is affected by errors reported by ops platform.
[2026-05-02 15:31:17] [2026-05-02 15:31:16,583 AIMaster] (config.py 347) INFO: Try loading config from pai-aimaster-new configmap.
[2026-05-02 15:31:34] [2026-05-02 15:31:34,046 AIMaster] (job_monitor_controller_k8s.py 1099) INFO: All workers: 2, running: 1, failed: 0, pending: 0
[2026-05-02 15:31:39] [2026-05-02 15:31:39,138 AIMaster] (aimaster_failover_controller.py 81) INFO: Detecting whether aimaster should be migrated.
[2026-05-02 15:32:04] [2026-05-02 15:32:04,259 AIMaster] (pod_manager.py 415) INFO: Pod Category Summary (Total pods: 2)
[2026-05-02 15:32:04] | Category           |   Count | Percentage   | Pods                        |
[2026-05-02 15:32:04] |--------------------|---------|--------------|-----------------------------|
[2026-05-02 15:32:04] | Running            |       1 | 50.0%        | [dlc7uaznuz8nkr0r-worker-0] |
[2026-05-02 15:32:04] | Succeeded          |       1 | 50.0%        | [dlc7uaznuz8nkr0r-master-0] |
[2026-05-02 15:32:04] | Pending            |       0 | 0.0%         |                             |
[2026-05-02 15:32:04] | Failed             |       0 | 0.0%         |                             |
[2026-05-02 15:32:04] | Terminating        |       0 | 0.0%         |                             |
[2026-05-02 15:32:04] | Scheduler_evicting |       0 | 0.0%         |                             |
[2026-05-02 15:32:04] | Aiph_node_error    |       0 | 0.0%         |                             |
[2026-05-02 15:32:04] | Unknown            |       0 | 0.0%         |                             |
[2026-05-02 15:32:04] 
[2026-05-02 15:32:04] [2026-05-02 15:32:04,260 AIMaster] (job_monitor_controller_k8s.py 1099) INFO: All workers: 2, running: 1, failed: 0, pending: 0
[2026-05-02 15:32:04] [2026-05-02 15:32:04,260 AIMaster] (ops_reported_error_detector.py 103) INFO: Detecting whether the job is affected by errors reported by ops platform.
[2026-05-02 15:32:14] [2026-05-02 15:32:14,433 AIMaster] (job_event_collector.py 135) WARNING: Failed to watch pods, exception: ("Connection broken: ConnectionResetError(104, 'Connection reset by peer')", ConnectionResetError(104, 'Connection reset by peer'))
[2026-05-02 15:32:17] [2026-05-02 15:32:16,620 AIMaster] (config.py 347) INFO: Try loading config from pai-aimaster-new configmap.
[2026-05-02 15:32:34] [2026-05-02 15:32:34,483 AIMaster] (job_monitor_controller_k8s.py 1099) INFO: All workers: 2, running: 1, failed: 0, pending: 0
[2026-05-02 15:33:05] [2026-05-02 15:33:04,625 AIMaster] (job_monitor_controller_k8s.py 1099) INFO: All workers: 2, running: 1, failed: 0, pending: 0
[2026-05-02 15:33:05] [2026-05-02 15:33:04,625 AIMaster] (ops_reported_error_detector.py 103) INFO: Detecting whether the job is affected by errors reported by ops platform.
[2026-05-02 15:33:17] [2026-05-02 15:33:16,659 AIMaster] (config.py 347) INFO: Try loading config from pai-aimaster-new configmap.
[2026-05-02 15:33:35] [2026-05-02 15:33:34,842 AIMaster] (job_monitor_controller_k8s.py 1099) INFO: All workers: 2, running: 1, failed: 0, pending: 0
[2026-05-02 15:33:40] [2026-05-02 15:33:39,853 AIMaster] (aimaster_failover_controller.py 81) INFO: Detecting whether aimaster should be migrated.
[2026-05-02 15:33:46] [2026-05-02 15:33:46,520 AIMaster] (job_event_collector.py 135) WARNING: Failed to watch pods, exception: ("Connection broken: ConnectionResetError(104, 'Connection reset by peer')", ConnectionResetError(104, 'Connection reset by peer'))
[2026-05-02 15:34:05] [2026-05-02 15:34:04,983 AIMaster] (job_monitor_controller_k8s.py 1099) INFO: All workers: 2, running: 1, failed: 0, pending: 0
[2026-05-02 15:34:05] [2026-05-02 15:34:04,984 AIMaster] (ops_reported_error_detector.py 103) INFO: Detecting whether the job is affected by errors reported by ops platform.
[2026-05-02 15:34:17] [2026-05-02 15:34:16,695 AIMaster] (config.py 347) INFO: Try loading config from pai-aimaster-new configmap.
[2026-05-02 15:34:35] [2026-05-02 15:34:35,143 AIMaster] (job_monitor_controller_k8s.py 1099) INFO: All workers: 2, running: 1, failed: 0, pending: 0
[2026-05-02 15:35:05] [2026-05-02 15:35:05,356 AIMaster] (job_monitor_controller_k8s.py 1099) INFO: All workers: 2, running: 1, failed: 0, pending: 0
[2026-05-02 15:35:05] [2026-05-02 15:35:05,356 AIMaster] (ops_reported_error_detector.py 103) INFO: Detecting whether the job is affected by errors reported by ops platform.
[2026-05-02 15:35:17] [2026-05-02 15:35:16,731 AIMaster] (config.py 347) INFO: Try loading config from pai-aimaster-new configmap.
[2026-05-02 15:35:18] [2026-05-02 15:35:18,035 AIMaster] (job_event_collector.py 135) WARNING: Failed to watch pods, exception: ("Connection broken: ConnectionResetError(104, 'Connection reset by peer')", ConnectionResetError(104, 'Connection reset by peer'))
[2026-05-02 15:35:35] [2026-05-02 15:35:35,508 AIMaster] (job_monitor_controller_k8s.py 1099) INFO: All workers: 2, running: 1, failed: 0, pending: 0
[2026-05-02 15:35:40] [2026-05-02 15:35:40,520 AIMaster] (aimaster_failover_controller.py 81) INFO: Detecting whether aimaster should be migrated.
[2026-05-02 15:36:05] [2026-05-02 15:36:05,632 AIMaster] (job_monitor_controller_k8s.py 1099) INFO: All workers: 2, running: 1, failed: 0, pending: 0
[2026-05-02 15:36:05] [2026-05-02 15:36:05,632 AIMaster] (ops_reported_error_detector.py 103) INFO: Detecting whether the job is affected by errors reported by ops platform.
[2026-05-02 15:36:17] [2026-05-02 15:36:16,767 AIMaster] (config.py 347) INFO: Try loading config from pai-aimaster-new configmap.
[2026-05-02 15:36:36] [2026-05-02 15:36:35,784 AIMaster] (job_monitor_controller_k8s.py 1099) INFO: All workers: 2, running: 1, failed: 0, pending: 0
[2026-05-02 15:36:49] [2026-05-02 15:36:49,615 AIMaster] (job_event_collector.py 135) WARNING: Failed to watch pods, exception: ("Connection broken: ConnectionResetError(104, 'Connection reset by peer')", ConnectionResetError(104, 'Connection reset by peer'))
[2026-05-02 15:37:06] [2026-05-02 15:37:05,950 AIMaster] (pod_manager.py 415) INFO: Pod Category Summary (Total pods: 2)
[2026-05-02 15:37:06] | Category           |   Count | Percentage   | Pods                        |
[2026-05-02 15:37:06] |--------------------|---------|--------------|-----------------------------|
[2026-05-02 15:37:06] | Running            |       1 | 50.0%        | [dlc7uaznuz8nkr0r-worker-0] |
[2026-05-02 15:37:06] | Succeeded          |       1 | 50.0%        | [dlc7uaznuz8nkr0r-master-0] |
[2026-05-02 15:37:06] | Pending            |       0 | 0.0%         |                             |
[2026-05-02 15:37:06] | Failed             |       0 | 0.0%         |                             |
[2026-05-02 15:37:06] | Terminating        |       0 | 0.0%         |                             |
[2026-05-02 15:37:06] | Scheduler_evicting |       0 | 0.0%         |                             |
[2026-05-02 15:37:06] | Aiph_node_error    |       0 | 0.0%         |                             |
[2026-05-02 15:37:06] | Unknown            |       0 | 0.0%         |                             |
[2026-05-02 15:37:06] 
[2026-05-02 15:37:06] [2026-05-02 15:37:05,951 AIMaster] (job_monitor_controller_k8s.py 1099) INFO: All workers: 2, running: 1, failed: 0, pending: 0
[2026-05-02 15:37:06] [2026-05-02 15:37:05,951 AIMaster] (ops_reported_error_detector.py 103) INFO: Detecting whether the job is affected by errors reported by ops platform.
[2026-05-02 15:37:17] [2026-05-02 15:37:16,803 AIMaster] (config.py 347) INFO: Try loading config from pai-aimaster-new configmap.
[2026-05-02 15:37:36] [2026-05-02 15:37:36,113 AIMaster] (job_monitor_controller_k8s.py 1099) INFO: All workers: 2, running: 1, failed: 0, pending: 0
[2026-05-02 15:37:41] [2026-05-02 15:37:41,125 AIMaster] (aimaster_failover_controller.py 81) INFO: Detecting whether aimaster should be migrated.
[2026-05-02 15:38:06] [2026-05-02 15:38:06,258 AIMaster] (job_monitor_controller_k8s.py 1099) INFO: All workers: 2, running: 1, failed: 0, pending: 0
[2026-05-02 15:38:06] [2026-05-02 15:38:06,258 AIMaster] (ops_reported_error_detector.py 103) INFO: Detecting whether the job is affected by errors reported by ops platform.
[2026-05-02 15:38:17] [2026-05-02 15:38:16,840 AIMaster] (config.py 347) INFO: Try loading config from pai-aimaster-new configmap.
[2026-05-02 15:38:21] [2026-05-02 15:38:21,419 AIMaster] (job_event_collector.py 135) WARNING: Failed to watch pods, exception: ("Connection broken: ConnectionResetError(104, 'Connection reset by peer')", ConnectionResetError(104, 'Connection reset by peer'))
[2026-05-02 15:38:36] [2026-05-02 15:38:36,423 AIMaster] (job_monitor_controller_k8s.py 1099) INFO: All workers: 2, running: 1, failed: 0, pending: 0
[2026-05-02 15:39:06] [2026-05-02 15:39:06,541 AIMaster] (job_monitor_controller_k8s.py 1099) INFO: All workers: 2, running: 1, failed: 0, pending: 0
[2026-05-02 15:39:06] [2026-05-02 15:39:06,541 AIMaster] (ops_reported_error_detector.py 103) INFO: Detecting whether the job is affected by errors reported by ops platform.
[2026-05-02 15:39:17] [2026-05-02 15:39:16,879 AIMaster] (config.py 347) INFO: Try loading config from pai-aimaster-new configmap.
[2026-05-02 15:39:36] [2026-05-02 15:39:36,708 AIMaster] (job_monitor_controller_k8s.py 1099) INFO: All workers: 2, running: 1, failed: 0, pending: 0
[2026-05-02 15:39:41] [2026-05-02 15:39:41,719 AIMaster] (aimaster_failover_controller.py 81) INFO: Detecting whether aimaster should be migrated.
[2026-05-02 15:39:53] [2026-05-02 15:39:52,850 AIMaster] (job_event_collector.py 135) WARNING: Failed to watch pods, exception: ("Connection broken: ConnectionResetError(104, 'Connection reset by peer')", ConnectionResetError(104, 'Connection reset by peer'))
[2026-05-02 15:40:07] [2026-05-02 15:40:06,831 AIMaster] (job_monitor_controller_k8s.py 1099) INFO: All workers: 2, running: 1, failed: 0, pending: 0
[2026-05-02 15:40:07] [2026-05-02 15:40:06,831 AIMaster] (ops_reported_error_detector.py 103) INFO: Detecting whether the job is affected by errors reported by ops platform.
[2026-05-02 15:40:17] [2026-05-02 15:40:16,917 AIMaster] (config.py 347) INFO: Try loading config from pai-aimaster-new configmap.
[2026-05-02 15:40:37] [2026-05-02 15:40:37,023 AIMaster] (job_monitor_controller_k8s.py 1099) INFO: All workers: 2, running: 1, failed: 0, pending: 0
[2026-05-02 15:41:07] [2026-05-02 15:41:07,136 AIMaster] (job_monitor_controller_k8s.py 1099) INFO: All workers: 2, running: 1, failed: 0, pending: 0
[2026-05-02 15:41:07] [2026-05-02 15:41:07,136 AIMaster] (ops_reported_error_detector.py 103) INFO: Detecting whether the job is affected by errors reported by ops platform.
[2026-05-02 15:41:17] [2026-05-02 15:41:16,954 AIMaster] (config.py 347) INFO: Try loading config from pai-aimaster-new configmap.
[2026-05-02 15:41:24] [2026-05-02 15:41:24,808 AIMaster] (job_event_collector.py 135) WARNING: Failed to watch pods, exception: ("Connection broken: ConnectionResetError(104, 'Connection reset by peer')", ConnectionResetError(104, 'Connection reset by peer'))
[2026-05-02 15:41:37] [2026-05-02 15:41:37,307 AIMaster] (job_monitor_controller_k8s.py 1099) INFO: All workers: 2, running: 1, failed: 0, pending: 0
[2026-05-02 15:41:42] [2026-05-02 15:41:42,321 AIMaster] (aimaster_failover_controller.py 81) INFO: Detecting whether aimaster should be migrated.
[2026-05-02 15:42:07] [2026-05-02 15:42:07,433 AIMaster] (pod_manager.py 415) INFO: Pod Category Summary (Total pods: 2)
[2026-05-02 15:42:07] | Category           |   Count | Percentage   | Pods                        |
[2026-05-02 15:42:07] |--------------------|---------|--------------|-----------------------------|
[2026-05-02 15:42:07] | Running            |       1 | 50.0%        | [dlc7uaznuz8nkr0r-worker-0] |
[2026-05-02 15:42:07] | Succeeded          |       1 | 50.0%        | [dlc7uaznuz8nkr0r-master-0] |
[2026-05-02 15:42:07] | Pending            |       0 | 0.0%         |                             |
[2026-05-02 15:42:07] | Failed             |       0 | 0.0%         |                             |
[2026-05-02 15:42:07] | Terminating        |       0 | 0.0%         |                             |
[2026-05-02 15:42:07] | Scheduler_evicting |       0 | 0.0%         |                             |
[2026-05-02 15:42:07] | Aiph_node_error    |       0 | 0.0%         |                             |
[2026-05-02 15:42:07] | Unknown            |       0 | 0.0%         |                             |
[2026-05-02 15:42:07] 
[2026-05-02 15:42:07] [2026-05-02 15:42:07,433 AIMaster] (job_monitor_controller_k8s.py 1099) INFO: All workers: 2, running: 1, failed: 0, pending: 0
[2026-05-02 15:42:07] [2026-05-02 15:42:07,434 AIMaster] (ops_reported_error_detector.py 103) INFO: Detecting whether the job is affected by errors reported by ops platform.
[2026-05-02 15:42:17] [2026-05-02 15:42:16,990 AIMaster] (config.py 347) INFO: Try loading config from pai-aimaster-new configmap.
[2026-05-02 15:42:37] [2026-05-02 15:42:37,588 AIMaster] (job_monitor_controller_k8s.py 1099) INFO: All workers: 2, running: 1, failed: 0, pending: 0
[2026-05-02 15:42:56] [2026-05-02 15:42:56,684 AIMaster] (job_event_collector.py 135) WARNING: Failed to watch pods, exception: ("Connection broken: ConnectionResetError(104, 'Connection reset by peer')", ConnectionResetError(104, 'Connection reset by peer'))
[2026-05-02 15:43:07] [2026-05-02 15:43:07,725 AIMaster] (job_monitor_controller_k8s.py 1099) INFO: All workers: 2, running: 1, failed: 0, pending: 0
[2026-05-02 15:43:07] [2026-05-02 15:43:07,726 AIMaster] (ops_reported_error_detector.py 103) INFO: Detecting whether the job is affected by errors reported by ops platform.
[2026-05-02 15:43:17] [2026-05-02 15:43:17,027 AIMaster] (config.py 347) INFO: Try loading config from pai-aimaster-new configmap.
[2026-05-02 15:43:37] [2026-05-02 15:43:37,891 AIMaster] (job_monitor_controller_k8s.py 1099) INFO: All workers: 2, running: 1, failed: 0, pending: 0
[2026-05-02 15:43:42] [2026-05-02 15:43:42,899 AIMaster] (aimaster_failover_controller.py 81) INFO: Detecting whether aimaster should be migrated.
[2026-05-02 15:44:08] [2026-05-02 15:44:08,036 AIMaster] (job_monitor_controller_k8s.py 1099) INFO: All workers: 2, running: 1, failed: 0, pending: 0
[2026-05-02 15:44:08] [2026-05-02 15:44:08,036 AIMaster] (ops_reported_error_detector.py 103) INFO: Detecting whether the job is affected by errors reported by ops platform.
[2026-05-02 15:44:17] [2026-05-02 15:44:17,063 AIMaster] (config.py 347) INFO: Try loading config from pai-aimaster-new configmap.
[2026-05-02 15:44:28] [2026-05-02 15:44:28,459 AIMaster] (job_event_collector.py 135) WARNING: Failed to watch pods, exception: ("Connection broken: ConnectionResetError(104, 'Connection reset by peer')", ConnectionResetError(104, 'Connection reset by peer'))
[2026-05-02 15:44:38] [2026-05-02 15:44:38,265 AIMaster] (job_monitor_controller_k8s.py 1099) INFO: All workers: 2, running: 1, failed: 0, pending: 0
[2026-05-02 15:45:08] [2026-05-02 15:45:08,389 AIMaster] (job_monitor_controller_k8s.py 1099) INFO: All workers: 2, running: 1, failed: 0, pending: 0
[2026-05-02 15:45:08] [2026-05-02 15:45:08,389 AIMaster] (ops_reported_error_detector.py 103) INFO: Detecting whether the job is affected by errors reported by ops platform.
[2026-05-02 15:45:17] [2026-05-02 15:45:17,101 AIMaster] (config.py 347) INFO: Try loading config from pai-aimaster-new configmap.
[2026-05-02 15:45:38] [2026-05-02 15:45:38,535 AIMaster] (job_monitor_controller_k8s.py 1099) INFO: All workers: 2, running: 1, failed: 0, pending: 0
[2026-05-02 15:45:43] [2026-05-02 15:45:43,627 AIMaster] (aimaster_failover_controller.py 81) INFO: Detecting whether aimaster should be migrated.
[2026-05-02 15:46:00] [2026-05-02 15:45:59,875 AIMaster] (job_event_collector.py 135) WARNING: Failed to watch pods, exception: ("Connection broken: ConnectionResetError(104, 'Connection reset by peer')", ConnectionResetError(104, 'Connection reset by peer'))
[2026-05-02 15:46:09] [2026-05-02 15:46:08,741 AIMaster] (job_monitor_controller_k8s.py 1099) INFO: All workers: 2, running: 1, failed: 0, pending: 0
[2026-05-02 15:46:09] [2026-05-02 15:46:08,741 AIMaster] (ops_reported_error_detector.py 103) INFO: Detecting whether the job is affected by errors reported by ops platform.
[2026-05-02 15:46:18] [2026-05-02 15:46:17,137 AIMaster] (config.py 347) INFO: Try loading config from pai-aimaster-new configmap.
[2026-05-02 15:46:39] [2026-05-02 15:46:38,892 AIMaster] (job_monitor_controller_k8s.py 1099) INFO: All workers: 2, running: 1, failed: 0, pending: 0
[2026-05-02 15:47:09] [2026-05-02 15:47:09,006 AIMaster] (pod_manager.py 415) INFO: Pod Category Summary (Total pods: 2)
[2026-05-02 15:47:09] | Category           |   Count | Percentage   | Pods                        |
[2026-05-02 15:47:09] |--------------------|---------|--------------|-----------------------------|
[2026-05-02 15:47:09] | Running            |       1 | 50.0%        | [dlc7uaznuz8nkr0r-worker-0] |
[2026-05-02 15:47:09] | Succeeded          |       1 | 50.0%        | [dlc7uaznuz8nkr0r-master-0] |
[2026-05-02 15:47:09] | Pending            |       0 | 0.0%         |                             |
[2026-05-02 15:47:09] | Failed             |       0 | 0.0%         |                             |
[2026-05-02 15:47:09] | Terminating        |       0 | 0.0%         |                             |
[2026-05-02 15:47:09] | Scheduler_evicting |       0 | 0.0%         |                             |
[2026-05-02 15:47:09] | Aiph_node_error    |       0 | 0.0%         |                             |
[2026-05-02 15:47:09] | Unknown            |       0 | 0.0%         |                             |
[2026-05-02 15:47:09] 
[2026-05-02 15:47:09] [2026-05-02 15:47:09,007 AIMaster] (job_monitor_controller_k8s.py 1099) INFO: All workers: 2, running: 1, failed: 0, pending: 0
[2026-05-02 15:47:09] [2026-05-02 15:47:09,007 AIMaster] (ops_reported_error_detector.py 103) INFO: Detecting whether the job is affected by errors reported by ops platform.
[2026-05-02 15:47:18] [2026-05-02 15:47:17,172 AIMaster] (config.py 347) INFO: Try loading config from pai-aimaster-new configmap.
[2026-05-02 15:47:32] [2026-05-02 15:47:31,305 AIMaster] (job_event_collector.py 135) WARNING: Failed to watch pods, exception: ("Connection broken: ConnectionResetError(104, 'Connection reset by peer')", ConnectionResetError(104, 'Connection reset by peer'))
[2026-05-02 15:47:40] [2026-05-02 15:47:39,171 AIMaster] (job_monitor_controller_k8s.py 1099) INFO: All workers: 2, running: 1, failed: 0, pending: 0
[2026-05-02 15:47:45] [2026-05-02 15:47:44,187 AIMaster] (aimaster_failover_controller.py 81) INFO: Detecting whether aimaster should be migrated.
[2026-05-02 15:48:10] [2026-05-02 15:48:09,328 AIMaster] (job_monitor_controller_k8s.py 1099) INFO: All workers: 2, running: 1, failed: 0, pending: 0
[2026-05-02 15:48:10] [2026-05-02 15:48:09,328 AIMaster] (ops_reported_error_detector.py 103) INFO: Detecting whether the job is affected by errors reported by ops platform.
[2026-05-02 15:48:18] [2026-05-02 15:48:17,208 AIMaster] (config.py 347) INFO: Try loading config from pai-aimaster-new configmap.
[2026-05-02 15:48:40] [2026-05-02 15:48:39,517 AIMaster] (job_monitor_controller_k8s.py 1099) INFO: All workers: 2, running: 1, failed: 0, pending: 0
[2026-05-02 15:49:04] [2026-05-02 15:49:03,396 AIMaster] (job_event_collector.py 135) WARNING: Failed to watch pods, exception: ("Connection broken: ConnectionResetError(104, 'Connection reset by peer')", ConnectionResetError(104, 'Connection reset by peer'))
[2026-05-02 15:49:10] [2026-05-02 15:49:09,664 AIMaster] (job_monitor_controller_k8s.py 1099) INFO: All workers: 2, running: 1, failed: 0, pending: 0
[2026-05-02 15:49:10] [2026-05-02 15:49:09,664 AIMaster] (ops_reported_error_detector.py 103) INFO: Detecting whether the job is affected by errors reported by ops platform.
[2026-05-02 15:49:18] [2026-05-02 15:49:17,244 AIMaster] (config.py 347) INFO: Try loading config from pai-aimaster-new configmap.
[2026-05-02 15:49:40] [2026-05-02 15:49:39,858 AIMaster] (job_monitor_controller_k8s.py 1099) INFO: All workers: 2, running: 1, failed: 0, pending: 0
[2026-05-02 15:49:45] [2026-05-02 15:49:44,870 AIMaster] (aimaster_failover_controller.py 81) INFO: Detecting whether aimaster should be migrated.
[2026-05-02 15:50:10] [2026-05-02 15:50:10,002 AIMaster] (job_monitor_controller_k8s.py 1099) INFO: All workers: 2, running: 1, failed: 0, pending: 0
[2026-05-02 15:50:10] [2026-05-02 15:50:10,002 AIMaster] (ops_reported_error_detector.py 103) INFO: Detecting whether the job is affected by errors reported by ops platform.
[2026-05-02 15:50:18] [2026-05-02 15:50:17,282 AIMaster] (config.py 347) INFO: Try loading config from pai-aimaster-new configmap.
[2026-05-02 15:50:36] [2026-05-02 15:50:35,489 AIMaster] (job_event_collector.py 135) WARNING: Failed to watch pods, exception: ("Connection broken: ConnectionResetError(104, 'Connection reset by peer')", ConnectionResetError(104, 'Connection reset by peer'))
[2026-05-02 15:50:41] [2026-05-02 15:50:40,236 AIMaster] (job_monitor_controller_k8s.py 1099) INFO: All workers: 2, running: 1, failed: 0, pending: 0
[2026-05-02 15:51:11] [2026-05-02 15:51:10,352 AIMaster] (job_monitor_controller_k8s.py 1099) INFO: All workers: 2, running: 1, failed: 0, pending: 0
[2026-05-02 15:51:11] [2026-05-02 15:51:10,352 AIMaster] (ops_reported_error_detector.py 103) INFO: Detecting whether the job is affected by errors reported by ops platform.
[2026-05-02 15:51:18] [2026-05-02 15:51:17,318 AIMaster] (config.py 347) INFO: Try loading config from pai-aimaster-new configmap.
[2026-05-02 15:51:41] [2026-05-02 15:51:40,499 AIMaster] (job_monitor_controller_k8s.py 1099) INFO: All workers: 2, running: 1, failed: 0, pending: 0
[2026-05-02 15:51:46] [2026-05-02 15:51:45,509 AIMaster] (aimaster_failover_controller.py 81) INFO: Detecting whether aimaster should be migrated.
[2026-05-02 15:52:08] [2026-05-02 15:52:07,594 AIMaster] (job_event_collector.py 135) WARNING: Failed to watch pods, exception: ("Connection broken: ConnectionResetError(104, 'Connection reset by peer')", ConnectionResetError(104, 'Connection reset by peer'))
[2026-05-02 15:52:11] [2026-05-02 15:52:10,624 AIMaster] (pod_manager.py 415) INFO: Pod Category Summary (Total pods: 2)
[2026-05-02 15:52:11] | Category           |   Count | Percentage   | Pods                        |
[2026-05-02 15:52:11] |--------------------|---------|--------------|-----------------------------|
[2026-05-02 15:52:11] | Running            |       1 | 50.0%        | [dlc7uaznuz8nkr0r-worker-0] |
[2026-05-02 15:52:11] | Succeeded          |       1 | 50.0%        | [dlc7uaznuz8nkr0r-master-0] |
[2026-05-02 15:52:11] | Pending            |       0 | 0.0%         |                             |
[2026-05-02 15:52:11] | Failed             |       0 | 0.0%         |                             |
[2026-05-02 15:52:11] | Terminating        |       0 | 0.0%         |                             |
[2026-05-02 15:52:11] | Scheduler_evicting |       0 | 0.0%         |                             |
[2026-05-02 15:52:11] | Aiph_node_error    |       0 | 0.0%         |                             |
[2026-05-02 15:52:11] | Unknown            |       0 | 0.0%         |                             |
[2026-05-02 15:52:11] 
[2026-05-02 15:52:11] [2026-05-02 15:52:10,624 AIMaster] (job_monitor_controller_k8s.py 1099) INFO: All workers: 2, running: 1, failed: 0, pending: 0
[2026-05-02 15:52:11] [2026-05-02 15:52:10,624 AIMaster] (ops_reported_error_detector.py 103) INFO: Detecting whether the job is affected by errors reported by ops platform.
[2026-05-02 15:52:18] [2026-05-02 15:52:17,355 AIMaster] (config.py 347) INFO: Try loading config from pai-aimaster-new configmap.
[2026-05-02 15:52:41] [2026-05-02 15:52:40,793 AIMaster] (job_monitor_controller_k8s.py 1099) INFO: All workers: 2, running: 1, failed: 0, pending: 0
[2026-05-02 15:53:11] [2026-05-02 15:53:10,907 AIMaster] (job_monitor_controller_k8s.py 1099) INFO: All workers: 2, running: 1, failed: 0, pending: 0
[2026-05-02 15:53:11] [2026-05-02 15:53:10,907 AIMaster] (ops_reported_error_detector.py 103) INFO: Detecting whether the job is affected by errors reported by ops platform.
[2026-05-02 15:53:18] [2026-05-02 15:53:17,392 AIMaster] (config.py 347) INFO: Try loading config from pai-aimaster-new configmap.
[2026-05-02 15:53:39] [2026-05-02 15:53:38,910 AIMaster] (job_event_collector.py 135) WARNING: Failed to watch pods, exception: ("Connection broken: ConnectionResetError(104, 'Connection reset by peer')", ConnectionResetError(104, 'Connection reset by peer'))
[2026-05-02 15:53:41] [2026-05-02 15:53:41,078 AIMaster] (job_monitor_controller_k8s.py 1099) INFO: All workers: 2, running: 1, failed: 0, pending: 0
[2026-05-02 15:53:46] [2026-05-02 15:53:46,090 AIMaster] (aimaster_failover_controller.py 81) INFO: Detecting whether aimaster should be migrated.
[2026-05-02 15:54:11] [2026-05-02 15:54:11,204 AIMaster] (job_monitor_controller_k8s.py 1099) INFO: All workers: 2, running: 1, failed: 0, pending: 0
[2026-05-02 15:54:11] [2026-05-02 15:54:11,204 AIMaster] (ops_reported_error_detector.py 103) INFO: Detecting whether the job is affected by errors reported by ops platform.
[2026-05-02 15:54:18] [2026-05-02 15:54:17,426 AIMaster] (config.py 347) INFO: Try loading config from pai-aimaster-new configmap.
[2026-05-02 15:54:42] [2026-05-02 15:54:41,353 AIMaster] (job_monitor_controller_k8s.py 1099) INFO: All workers: 2, running: 1, failed: 0, pending: 0
[2026-05-02 15:55:11] [2026-05-02 15:55:10,975 AIMaster] (job_event_collector.py 135) WARNING: Failed to watch pods, exception: ("Connection broken: ConnectionResetError(104, 'Connection reset by peer')", ConnectionResetError(104, 'Connection reset by peer'))
[2026-05-02 15:55:12] [2026-05-02 15:55:11,488 AIMaster] (job_monitor_controller_k8s.py 1099) INFO: All workers: 2, running: 1, failed: 0, pending: 0
[2026-05-02 15:55:12] [2026-05-02 15:55:11,488 AIMaster] (ops_reported_error_detector.py 103) INFO: Detecting whether the job is affected by errors reported by ops platform.
[2026-05-02 15:55:18] [2026-05-02 15:55:17,465 AIMaster] (config.py 347) INFO: Try loading config from pai-aimaster-new configmap.
[2026-05-02 15:55:42] [2026-05-02 15:55:41,685 AIMaster] (job_monitor_controller_k8s.py 1099) INFO: All workers: 2, running: 1, failed: 0, pending: 0
[2026-05-02 15:55:47] [2026-05-02 15:55:46,697 AIMaster] (aimaster_failover_controller.py 81) INFO: Detecting whether aimaster should be migrated.
[2026-05-02 15:56:12] [2026-05-02 15:56:11,812 AIMaster] (job_monitor_controller_k8s.py 1099) INFO: All workers: 2, running: 1, failed: 0, pending: 0
[2026-05-02 15:56:12] [2026-05-02 15:56:11,812 AIMaster] (ops_reported_error_detector.py 103) INFO: Detecting whether the job is affected by errors reported by ops platform.
[2026-05-02 15:56:18] [2026-05-02 15:56:17,509 AIMaster] (config.py 347) INFO: Try loading config from pai-aimaster-new configmap.
[2026-05-02 15:56:42] [2026-05-02 15:56:42,023 AIMaster] (job_monitor_controller_k8s.py 1099) INFO: All workers: 2, running: 1, failed: 0, pending: 0
[2026-05-02 15:56:43] [2026-05-02 15:56:42,592 AIMaster] (job_event_collector.py 135) WARNING: Failed to watch pods, exception: ("Connection broken: ConnectionResetError(104, 'Connection reset by peer')", ConnectionResetError(104, 'Connection reset by peer'))
[2026-05-02 15:57:12] [2026-05-02 15:57:12,156 AIMaster] (pod_manager.py 415) INFO: Pod Category Summary (Total pods: 2)
[2026-05-02 15:57:12] | Category           |   Count | Percentage   | Pods                        |
[2026-05-02 15:57:12] |--------------------|---------|--------------|-----------------------------|
[2026-05-02 15:57:12] | Running            |       1 | 50.0%        | [dlc7uaznuz8nkr0r-worker-0] |
[2026-05-02 15:57:12] | Succeeded          |       1 | 50.0%        | [dlc7uaznuz8nkr0r-master-0] |
[2026-05-02 15:57:12] | Pending            |       0 | 0.0%         |                             |
[2026-05-02 15:57:12] | Failed             |       0 | 0.0%         |                             |
[2026-05-02 15:57:12] | Terminating        |       0 | 0.0%         |                             |
[2026-05-02 15:57:12] | Scheduler_evicting |       0 | 0.0%         |                             |
[2026-05-02 15:57:12] | Aiph_node_error    |       0 | 0.0%         |                             |
[2026-05-02 15:57:12] | Unknown            |       0 | 0.0%         |                             |
[2026-05-02 15:57:12] 
[2026-05-02 15:57:12] [2026-05-02 15:57:12,156 AIMaster] (job_monitor_controller_k8s.py 1099) INFO: All workers: 2, running: 1, failed: 0, pending: 0
[2026-05-02 15:57:12] [2026-05-02 15:57:12,156 AIMaster] (ops_reported_error_detector.py 103) INFO: Detecting whether the job is affected by errors reported by ops platform.
[2026-05-02 15:57:18] [2026-05-02 15:57:17,544 AIMaster] (config.py 347) INFO: Try loading config from pai-aimaster-new configmap.
[2026-05-02 15:57:42] [2026-05-02 15:57:42,370 AIMaster] (job_monitor_controller_k8s.py 1099) INFO: All workers: 2, running: 1, failed: 0, pending: 0
[2026-05-02 15:57:47] [2026-05-02 15:57:47,384 AIMaster] (aimaster_failover_controller.py 81) INFO: Detecting whether aimaster should be migrated.
[2026-05-02 15:58:13] [2026-05-02 15:58:12,505 AIMaster] (job_monitor_controller_k8s.py 1099) INFO: All workers: 2, running: 1, failed: 0, pending: 0
[2026-05-02 15:58:13] [2026-05-02 15:58:12,505 AIMaster] (ops_reported_error_detector.py 103) INFO: Detecting whether the job is affected by errors reported by ops platform.
[2026-05-02 15:58:15] [2026-05-02 15:58:14,504 AIMaster] (job_event_collector.py 135) WARNING: Failed to watch pods, exception: ("Connection broken: ConnectionResetError(104, 'Connection reset by peer')", ConnectionResetError(104, 'Connection reset by peer'))
[2026-05-02 15:58:18] [2026-05-02 15:58:17,581 AIMaster] (config.py 347) INFO: Try loading config from pai-aimaster-new configmap.
[2026-05-02 15:58:43] [2026-05-02 15:58:42,662 AIMaster] (job_monitor_controller_k8s.py 1099) INFO: All workers: 2, running: 1, failed: 0, pending: 0
[2026-05-02 15:59:13] [2026-05-02 15:59:12,934 AIMaster] (job_monitor_controller_k8s.py 1099) INFO: All workers: 2, running: 1, failed: 0, pending: 0
[2026-05-02 15:59:13] [2026-05-02 15:59:12,934 AIMaster] (ops_reported_error_detector.py 103) INFO: Detecting whether the job is affected by errors reported by ops platform.
[2026-05-02 15:59:18] [2026-05-02 15:59:17,617 AIMaster] (config.py 347) INFO: Try loading config from pai-aimaster-new configmap.
[2026-05-02 15:59:43] [2026-05-02 15:59:43,091 AIMaster] (job_monitor_controller_k8s.py 1099) INFO: All workers: 2, running: 1, failed: 0, pending: 0
[2026-05-02 15:59:46] [2026-05-02 15:59:46,111 AIMaster] (job_event_collector.py 135) WARNING: Failed to watch pods, exception: ("Connection broken: ConnectionResetError(104, 'Connection reset by peer')", ConnectionResetError(104, 'Connection reset by peer'))
[2026-05-02 15:59:48] [2026-05-02 15:59:48,104 AIMaster] (aimaster_failover_controller.py 81) INFO: Detecting whether aimaster should be migrated.
[2026-05-02 16:00:13] [2026-05-02 16:00:13,275 AIMaster] (job_monitor_controller_k8s.py 1099) INFO: All workers: 2, running: 1, failed: 0, pending: 0
[2026-05-02 16:00:13] [2026-05-02 16:00:13,275 AIMaster] (ops_reported_error_detector.py 103) INFO: Detecting whether the job is affected by errors reported by ops platform.
[2026-05-02 16:00:18] [2026-05-02 16:00:17,653 AIMaster] (config.py 347) INFO: Try loading config from pai-aimaster-new configmap.
[2026-05-02 16:00:43] [2026-05-02 16:00:43,446 AIMaster] (job_monitor_controller_k8s.py 1099) INFO: All workers: 2, running: 1, failed: 0, pending: 0
[2026-05-02 16:01:13] [2026-05-02 16:01:13,568 AIMaster] (job_monitor_controller_k8s.py 1099) INFO: All workers: 2, running: 1, failed: 0, pending: 0
[2026-05-02 16:01:13] [2026-05-02 16:01:13,569 AIMaster] (ops_reported_error_detector.py 103) INFO: Detecting whether the job is affected by errors reported by ops platform.
[2026-05-02 16:01:18] [2026-05-02 16:01:17,670 AIMaster] (job_event_collector.py 135) WARNING: Failed to watch pods, exception: ("Connection broken: ConnectionResetError(104, 'Connection reset by peer')", ConnectionResetError(104, 'Connection reset by peer'))
[2026-05-02 16:01:18] [2026-05-02 16:01:17,691 AIMaster] (config.py 347) INFO: Try loading config from pai-aimaster-new configmap.
[2026-05-02 16:01:44] [2026-05-02 16:01:43,808 AIMaster] (job_monitor_controller_k8s.py 1099) INFO: All workers: 2, running: 1, failed: 0, pending: 0
[2026-05-02 16:01:49] [2026-05-02 16:01:48,820 AIMaster] (aimaster_failover_controller.py 81) INFO: Detecting whether aimaster should be migrated.
[2026-05-02 16:02:14] [2026-05-02 16:02:13,940 AIMaster] (pod_manager.py 415) INFO: Pod Category Summary (Total pods: 2)
[2026-05-02 16:02:14] | Category           |   Count | Percentage   | Pods                        |
[2026-05-02 16:02:14] |--------------------|---------|--------------|-----------------------------|
[2026-05-02 16:02:14] | Running            |       1 | 50.0%        | [dlc7uaznuz8nkr0r-worker-0] |
[2026-05-02 16:02:14] | Succeeded          |       1 | 50.0%        | [dlc7uaznuz8nkr0r-master-0] |
[2026-05-02 16:02:14] | Pending            |       0 | 0.0%         |                             |
[2026-05-02 16:02:14] | Failed             |       0 | 0.0%         |                             |
[2026-05-02 16:02:14] | Terminating        |       0 | 0.0%         |                             |
[2026-05-02 16:02:14] | Scheduler_evicting |       0 | 0.0%         |                             |
[2026-05-02 16:02:14] | Aiph_node_error    |       0 | 0.0%         |                             |
[2026-05-02 16:02:14] | Unknown            |       0 | 0.0%         |                             |
[2026-05-02 16:02:14] 
[2026-05-02 16:02:14] [2026-05-02 16:02:13,940 AIMaster] (job_monitor_controller_k8s.py 1099) INFO: All workers: 2, running: 1, failed: 0, pending: 0
[2026-05-02 16:02:14] [2026-05-02 16:02:13,940 AIMaster] (ops_reported_error_detector.py 103) INFO: Detecting whether the job is affected by errors reported by ops platform.
[2026-05-02 16:02:18] [2026-05-02 16:02:17,732 AIMaster] (config.py 347) INFO: Try loading config from pai-aimaster-new configmap.
[2026-05-02 16:02:44] [2026-05-02 16:02:44,092 AIMaster] (job_monitor_controller_k8s.py 1099) INFO: All workers: 2, running: 1, failed: 0, pending: 0
[2026-05-02 16:02:49] [2026-05-02 16:02:49,372 AIMaster] (job_event_collector.py 135) WARNING: Failed to watch pods, exception: ("Connection broken: ConnectionResetError(104, 'Connection reset by peer')", ConnectionResetError(104, 'Connection reset by peer'))
[2026-05-02 16:03:14] [2026-05-02 16:03:14,232 AIMaster] (job_monitor_controller_k8s.py 1099) INFO: All workers: 2, running: 1, failed: 0, pending: 0
[2026-05-02 16:03:14] [2026-05-02 16:03:14,233 AIMaster] (ops_reported_error_detector.py 103) INFO: Detecting whether the job is affected by errors reported by ops platform.
[2026-05-02 16:03:18] [2026-05-02 16:03:17,795 AIMaster] (config.py 347) INFO: Try loading config from pai-aimaster-new configmap.
[2026-05-02 16:03:44] [2026-05-02 16:03:44,388 AIMaster] (job_monitor_controller_k8s.py 1099) INFO: All workers: 2, running: 1, failed: 0, pending: 0
[2026-05-02 16:03:49] [2026-05-02 16:03:49,400 AIMaster] (aimaster_failover_controller.py 81) INFO: Detecting whether aimaster should be migrated.
[2026-05-02 16:04:14] [2026-05-02 16:04:14,517 AIMaster] (job_monitor_controller_k8s.py 1099) INFO: All workers: 2, running: 1, failed: 0, pending: 0
[2026-05-02 16:04:14] [2026-05-02 16:04:14,518 AIMaster] (ops_reported_error_detector.py 103) INFO: Detecting whether the job is affected by errors reported by ops platform.
[2026-05-02 16:04:18] [2026-05-02 16:04:17,833 AIMaster] (config.py 347) INFO: Try loading config from pai-aimaster-new configmap.
[2026-05-02 16:04:21] [2026-05-02 16:04:21,246 AIMaster] (job_event_collector.py 135) WARNING: Failed to watch pods, exception: ("Connection broken: ConnectionResetError(104, 'Connection reset by peer')", ConnectionResetError(104, 'Connection reset by peer'))
[2026-05-02 16:04:44] [2026-05-02 16:04:44,683 AIMaster] (job_monitor_controller_k8s.py 1099) INFO: All workers: 2, running: 1, failed: 0, pending: 0
[2026-05-02 16:05:15] [2026-05-02 16:05:15,007 AIMaster] (job_monitor_controller_k8s.py 1099) INFO: All workers: 2, running: 1, failed: 0, pending: 0
[2026-05-02 16:05:15] [2026-05-02 16:05:15,007 AIMaster] (ops_reported_error_detector.py 103) INFO: Detecting whether the job is affected by errors reported by ops platform.
[2026-05-02 16:05:18] [2026-05-02 16:05:17,869 AIMaster] (config.py 347) INFO: Try loading config from pai-aimaster-new configmap.
[2026-05-02 16:05:45] [2026-05-02 16:05:45,162 AIMaster] (job_monitor_controller_k8s.py 1099) INFO: All workers: 2, running: 1, failed: 0, pending: 0
[2026-05-02 16:05:50] [2026-05-02 16:05:50,176 AIMaster] (aimaster_failover_controller.py 81) INFO: Detecting whether aimaster should be migrated.
[2026-05-02 16:05:52] [2026-05-02 16:05:52,587 AIMaster] (job_event_collector.py 135) WARNING: Failed to watch pods, exception: ("Connection broken: ConnectionResetError(104, 'Connection reset by peer')", ConnectionResetError(104, 'Connection reset by peer'))
[2026-05-02 16:06:15] [2026-05-02 16:06:15,282 AIMaster] (job_monitor_controller_k8s.py 1099) INFO: All workers: 2, running: 1, failed: 0, pending: 0
[2026-05-02 16:06:15] [2026-05-02 16:06:15,282 AIMaster] (ops_reported_error_detector.py 103) INFO: Detecting whether the job is affected by errors reported by ops platform.
[2026-05-02 16:06:18] [2026-05-02 16:06:17,907 AIMaster] (config.py 347) INFO: Try loading config from pai-aimaster-new configmap.
[2026-05-02 16:06:45] [2026-05-02 16:06:45,465 AIMaster] (job_monitor_controller_k8s.py 1099) INFO: All workers: 2, running: 1, failed: 0, pending: 0
[2026-05-02 16:07:15] [2026-05-02 16:07:15,584 AIMaster] (pod_manager.py 415) INFO: Pod Category Summary (Total pods: 2)
[2026-05-02 16:07:15] | Category           |   Count | Percentage   | Pods                        |
[2026-05-02 16:07:15] |--------------------|---------|--------------|-----------------------------|
[2026-05-02 16:07:15] | Running            |       1 | 50.0%        | [dlc7uaznuz8nkr0r-worker-0] |
[2026-05-02 16:07:15] | Succeeded          |       1 | 50.0%        | [dlc7uaznuz8nkr0r-master-0] |
[2026-05-02 16:07:15] | Pending            |       0 | 0.0%         |                             |
[2026-05-02 16:07:15] | Failed             |       0 | 0.0%         |                             |
[2026-05-02 16:07:15] | Terminating        |       0 | 0.0%         |                             |
[2026-05-02 16:07:15] | Scheduler_evicting |       0 | 0.0%         |                             |
[2026-05-02 16:07:15] | Aiph_node_error    |       0 | 0.0%         |                             |
[2026-05-02 16:07:15] | Unknown            |       0 | 0.0%         |                             |
[2026-05-02 16:07:15] 
[2026-05-02 16:07:15] [2026-05-02 16:07:15,584 AIMaster] (job_monitor_controller_k8s.py 1099) INFO: All workers: 2, running: 1, failed: 0, pending: 0
[2026-05-02 16:07:15] [2026-05-02 16:07:15,585 AIMaster] (ops_reported_error_detector.py 103) INFO: Detecting whether the job is affected by errors reported by ops platform.
[2026-05-02 16:07:18] [2026-05-02 16:07:17,948 AIMaster] (config.py 347) INFO: Try loading config from pai-aimaster-new configmap.
[2026-05-02 16:07:24] [2026-05-02 16:07:23,815 AIMaster] (job_event_collector.py 135) WARNING: Failed to watch pods, exception: ("Connection broken: ConnectionResetError(104, 'Connection reset by peer')", ConnectionResetError(104, 'Connection reset by peer'))
[2026-05-02 16:07:45] [2026-05-02 16:07:45,766 AIMaster] (job_monitor_controller_k8s.py 1099) INFO: All workers: 2, running: 1, failed: 0, pending: 0
[2026-05-02 16:07:50] [2026-05-02 16:07:50,782 AIMaster] (aimaster_failover_controller.py 81) INFO: Detecting whether aimaster should be migrated.
[2026-05-02 16:08:16] [2026-05-02 16:08:15,928 AIMaster] (job_monitor_controller_k8s.py 1099) INFO: All workers: 2, running: 1, failed: 0, pending: 0
[2026-05-02 16:08:16] [2026-05-02 16:08:15,928 AIMaster] (ops_reported_error_detector.py 103) INFO: Detecting whether the job is affected by errors reported by ops platform.
[2026-05-02 16:08:18] [2026-05-02 16:08:17,983 AIMaster] (config.py 347) INFO: Try loading config from pai-aimaster-new configmap.
[2026-05-02 16:08:46] [2026-05-02 16:08:46,128 AIMaster] (job_monitor_controller_k8s.py 1099) INFO: All workers: 2, running: 1, failed: 0, pending: 0
[2026-05-02 16:08:56] [2026-05-02 16:08:55,873 AIMaster] (job_event_collector.py 135) WARNING: Failed to watch pods, exception: ("Connection broken: ConnectionResetError(104, 'Connection reset by peer')", ConnectionResetError(104, 'Connection reset by peer'))
[2026-05-02 16:09:16] [2026-05-02 16:09:16,329 AIMaster] (job_monitor_controller_k8s.py 1099) INFO: All workers: 2, running: 1, failed: 0, pending: 0
[2026-05-02 16:09:16] [2026-05-02 16:09:16,329 AIMaster] (ops_reported_error_detector.py 103) INFO: Detecting whether the job is affected by errors reported by ops platform.
[2026-05-02 16:09:18] [2026-05-02 16:09:18,046 AIMaster] (config.py 347) INFO: Try loading config from pai-aimaster-new configmap.
[2026-05-02 16:09:46] [2026-05-02 16:09:46,569 AIMaster] (job_monitor_controller_k8s.py 1099) INFO: All workers: 2, running: 1, failed: 0, pending: 0
[2026-05-02 16:09:51] [2026-05-02 16:09:51,581 AIMaster] (aimaster_failover_controller.py 81) INFO: Detecting whether aimaster should be migrated.
[2026-05-02 16:10:16] [2026-05-02 16:10:16,691 AIMaster] (job_monitor_controller_k8s.py 1099) INFO: All workers: 2, running: 1, failed: 0, pending: 0
[2026-05-02 16:10:16] [2026-05-02 16:10:16,691 AIMaster] (ops_reported_error_detector.py 103) INFO: Detecting whether the job is affected by errors reported by ops platform.
[2026-05-02 16:10:18] [2026-05-02 16:10:18,082 AIMaster] (config.py 347) INFO: Try loading config from pai-aimaster-new configmap.
[2026-05-02 16:10:28] [2026-05-02 16:10:28,243 AIMaster] (job_event_collector.py 135) WARNING: Failed to watch pods, exception: ("Connection broken: ConnectionResetError(104, 'Connection reset by peer')", ConnectionResetError(104, 'Connection reset by peer'))
[2026-05-02 16:10:46] [2026-05-02 16:10:46,866 AIMaster] (job_monitor_controller_k8s.py 1099) INFO: All workers: 2, running: 1, failed: 0, pending: 0
[2026-05-02 16:11:17] [2026-05-02 16:11:16,995 AIMaster] (job_monitor_controller_k8s.py 1099) INFO: All workers: 2, running: 1, failed: 0, pending: 0
[2026-05-02 16:11:17] [2026-05-02 16:11:16,995 AIMaster] (ops_reported_error_detector.py 103) INFO: Detecting whether the job is affected by errors reported by ops platform.
[2026-05-02 16:11:18] [2026-05-02 16:11:18,119 AIMaster] (config.py 347) INFO: Try loading config from pai-aimaster-new configmap.
[2026-05-02 16:11:47] [2026-05-02 16:11:47,146 AIMaster] (job_monitor_controller_k8s.py 1099) INFO: All workers: 2, running: 1, failed: 0, pending: 0
[2026-05-02 16:11:52] [2026-05-02 16:11:52,159 AIMaster] (aimaster_failover_controller.py 81) INFO: Detecting whether aimaster should be migrated.
[2026-05-02 16:12:00] [2026-05-02 16:12:00,291 AIMaster] (job_event_collector.py 135) WARNING: Failed to watch pods, exception: ("Connection broken: ConnectionResetError(104, 'Connection reset by peer')", ConnectionResetError(104, 'Connection reset by peer'))
[2026-05-02 16:12:17] [2026-05-02 16:12:17,288 AIMaster] (pod_manager.py 415) INFO: Pod Category Summary (Total pods: 2)
[2026-05-02 16:12:17] | Category           |   Count | Percentage   | Pods                        |
[2026-05-02 16:12:17] |--------------------|---------|--------------|-----------------------------|
[2026-05-02 16:12:17] | Running            |       1 | 50.0%        | [dlc7uaznuz8nkr0r-worker-0] |
[2026-05-02 16:12:17] | Succeeded          |       1 | 50.0%        | [dlc7uaznuz8nkr0r-master-0] |
[2026-05-02 16:12:17] | Pending            |       0 | 0.0%         |                             |
[2026-05-02 16:12:17] | Failed             |       0 | 0.0%         |                             |
[2026-05-02 16:12:17] | Terminating        |       0 | 0.0%         |                             |
[2026-05-02 16:12:17] | Scheduler_evicting |       0 | 0.0%         |                             |
[2026-05-02 16:12:17] | Aiph_node_error    |       0 | 0.0%         |                             |
[2026-05-02 16:12:17] | Unknown            |       0 | 0.0%         |                             |
[2026-05-02 16:12:17] 
[2026-05-02 16:12:17] [2026-05-02 16:12:17,288 AIMaster] (job_monitor_controller_k8s.py 1099) INFO: All workers: 2, running: 1, failed: 0, pending: 0
[2026-05-02 16:12:17] [2026-05-02 16:12:17,289 AIMaster] (ops_reported_error_detector.py 103) INFO: Detecting whether the job is affected by errors reported by ops platform.
[2026-05-02 16:12:18] [2026-05-02 16:12:18,154 AIMaster] (config.py 347) INFO: Try loading config from pai-aimaster-new configmap.
[2026-05-02 16:12:47] [2026-05-02 16:12:47,436 AIMaster] (job_monitor_controller_k8s.py 1099) INFO: All workers: 2, running: 1, failed: 0, pending: 0
[2026-05-02 16:13:17] [2026-05-02 16:13:17,562 AIMaster] (job_monitor_controller_k8s.py 1099) INFO: All workers: 2, running: 1, failed: 0, pending: 0
[2026-05-02 16:13:17] [2026-05-02 16:13:17,562 AIMaster] (ops_reported_error_detector.py 103) INFO: Detecting whether the job is affected by errors reported by ops platform.
[2026-05-02 16:13:18] [2026-05-02 16:13:18,189 AIMaster] (config.py 347) INFO: Try loading config from pai-aimaster-new configmap.
[2026-05-02 16:13:32] [2026-05-02 16:13:31,555 AIMaster] (job_event_collector.py 135) WARNING: Failed to watch pods, exception: ("Connection broken: ConnectionResetError(104, 'Connection reset by peer')", ConnectionResetError(104, 'Connection reset by peer'))
[2026-05-02 16:13:48] [2026-05-02 16:13:47,720 AIMaster] (job_monitor_controller_k8s.py 1099) INFO: All workers: 2, running: 1, failed: 0, pending: 0
[2026-05-02 16:13:53] [2026-05-02 16:13:52,734 AIMaster] (aimaster_failover_controller.py 81) INFO: Detecting whether aimaster should be migrated.
[2026-05-02 16:14:18] [2026-05-02 16:14:17,847 AIMaster] (job_monitor_controller_k8s.py 1099) INFO: All workers: 2, running: 1, failed: 0, pending: 0
[2026-05-02 16:14:18] [2026-05-02 16:14:17,848 AIMaster] (ops_reported_error_detector.py 103) INFO: Detecting whether the job is affected by errors reported by ops platform.
[2026-05-02 16:14:19] [2026-05-02 16:14:18,230 AIMaster] (config.py 347) INFO: Try loading config from pai-aimaster-new configmap.
[2026-05-02 16:14:49] [2026-05-02 16:14:48,080 AIMaster] (job_monitor_controller_k8s.py 1099) INFO: All workers: 2, running: 1, failed: 0, pending: 0
[2026-05-02 16:15:03] [2026-05-02 16:15:03,021 AIMaster] (job_event_collector.py 135) WARNING: Failed to watch pods, exception: ("Connection broken: ConnectionResetError(104, 'Connection reset by peer')", ConnectionResetError(104, 'Connection reset by peer'))
[2026-05-02 16:15:19] [2026-05-02 16:15:18,220 AIMaster] (job_monitor_controller_k8s.py 1099) INFO: All workers: 2, running: 1, failed: 0, pending: 0
[2026-05-02 16:15:19] [2026-05-02 16:15:18,220 AIMaster] (ops_reported_error_detector.py 103) INFO: Detecting whether the job is affected by errors reported by ops platform.
[2026-05-02 16:15:19] [2026-05-02 16:15:18,270 AIMaster] (config.py 347) INFO: Try loading config from pai-aimaster-new configmap.
[2026-05-02 16:15:49] [2026-05-02 16:15:48,368 AIMaster] (job_monitor_controller_k8s.py 1099) INFO: All workers: 2, running: 1, failed: 0, pending: 0
[2026-05-02 16:15:54] [2026-05-02 16:15:53,380 AIMaster] (aimaster_failover_controller.py 81) INFO: Detecting whether aimaster should be migrated.
[2026-05-02 16:16:19] [2026-05-02 16:16:18,307 AIMaster] (config.py 347) INFO: Try loading config from pai-aimaster-new configmap.
[2026-05-02 16:16:19] [2026-05-02 16:16:18,508 AIMaster] (job_monitor_controller_k8s.py 1099) INFO: All workers: 2, running: 1, failed: 0, pending: 0
[2026-05-02 16:16:19] [2026-05-02 16:16:18,508 AIMaster] (ops_reported_error_detector.py 103) INFO: Detecting whether the job is affected by errors reported by ops platform.
[2026-05-02 16:16:35] [2026-05-02 16:16:34,894 AIMaster] (job_event_collector.py 135) WARNING: Failed to watch pods, exception: ("Connection broken: ConnectionResetError(104, 'Connection reset by peer')", ConnectionResetError(104, 'Connection reset by peer'))
[2026-05-02 16:16:49] [2026-05-02 16:16:48,683 AIMaster] (job_monitor_controller_k8s.py 1099) INFO: All workers: 2, running: 1, failed: 0, pending: 0
[2026-05-02 16:17:19] [2026-05-02 16:17:18,343 AIMaster] (config.py 347) INFO: Try loading config from pai-aimaster-new configmap.
[2026-05-02 16:17:19] [2026-05-02 16:17:18,806 AIMaster] (pod_manager.py 415) INFO: Pod Category Summary (Total pods: 2)
[2026-05-02 16:17:19] | Category           |   Count | Percentage   | Pods                        |
[2026-05-02 16:17:19] |--------------------|---------|--------------|-----------------------------|
[2026-05-02 16:17:19] | Running            |       1 | 50.0%        | [dlc7uaznuz8nkr0r-worker-0] |
[2026-05-02 16:17:19] | Succeeded          |       1 | 50.0%        | [dlc7uaznuz8nkr0r-master-0] |
[2026-05-02 16:17:19] | Pending            |       0 | 0.0%         |                             |
[2026-05-02 16:17:19] | Failed             |       0 | 0.0%         |                             |
[2026-05-02 16:17:19] | Terminating        |       0 | 0.0%         |                             |
[2026-05-02 16:17:19] | Scheduler_evicting |       0 | 0.0%         |                             |
[2026-05-02 16:17:19] | Aiph_node_error    |       0 | 0.0%         |                             |
[2026-05-02 16:17:19] | Unknown            |       0 | 0.0%         |                             |
[2026-05-02 16:17:19] 
[2026-05-02 16:17:19] [2026-05-02 16:17:18,806 AIMaster] (job_monitor_controller_k8s.py 1099) INFO: All workers: 2, running: 1, failed: 0, pending: 0
[2026-05-02 16:17:19] [2026-05-02 16:17:18,806 AIMaster] (ops_reported_error_detector.py 103) INFO: Detecting whether the job is affected by errors reported by ops platform.
[2026-05-02 16:17:49] [2026-05-02 16:17:49,010 AIMaster] (job_monitor_controller_k8s.py 1099) INFO: All workers: 2, running: 1, failed: 0, pending: 0
[2026-05-02 16:17:54] [2026-05-02 16:17:54,025 AIMaster] (aimaster_failover_controller.py 81) INFO: Detecting whether aimaster should be migrated.
[2026-05-02 16:18:06] [2026-05-02 16:18:06,125 AIMaster] (job_event_collector.py 135) WARNING: Failed to watch pods, exception: ("Connection broken: ConnectionResetError(104, 'Connection reset by peer')", ConnectionResetError(104, 'Connection reset by peer'))
[2026-05-02 16:18:19] [2026-05-02 16:18:18,378 AIMaster] (config.py 347) INFO: Try loading config from pai-aimaster-new configmap.
[2026-05-02 16:18:19] [2026-05-02 16:18:19,152 AIMaster] (job_monitor_controller_k8s.py 1099) INFO: All workers: 2, running: 1, failed: 0, pending: 0
[2026-05-02 16:18:19] [2026-05-02 16:18:19,152 AIMaster] (ops_reported_error_detector.py 103) INFO: Detecting whether the job is affected by errors reported by ops platform.
[2026-05-02 16:18:50] [2026-05-02 16:18:49,309 AIMaster] (job_monitor_controller_k8s.py 1099) INFO: All workers: 2, running: 1, failed: 0, pending: 0
[2026-05-02 16:19:19] [2026-05-02 16:19:18,414 AIMaster] (config.py 347) INFO: Try loading config from pai-aimaster-new configmap.
[2026-05-02 16:19:20] [2026-05-02 16:19:19,499 AIMaster] (job_monitor_controller_k8s.py 1099) INFO: All workers: 2, running: 1, failed: 0, pending: 0
[2026-05-02 16:19:20] [2026-05-02 16:19:19,499 AIMaster] (ops_reported_error_detector.py 103) INFO: Detecting whether the job is affected by errors reported by ops platform.
[2026-05-02 16:19:38] [2026-05-02 16:19:37,408 AIMaster] (job_event_collector.py 135) WARNING: Failed to watch pods, exception: ("Connection broken: ConnectionResetError(104, 'Connection reset by peer')", ConnectionResetError(104, 'Connection reset by peer'))
[2026-05-02 16:19:50] [2026-05-02 16:19:49,655 AIMaster] (job_monitor_controller_k8s.py 1099) INFO: All workers: 2, running: 1, failed: 0, pending: 0
[2026-05-02 16:19:55] [2026-05-02 16:19:54,666 AIMaster] (aimaster_failover_controller.py 81) INFO: Detecting whether aimaster should be migrated.
[2026-05-02 16:20:19] [2026-05-02 16:20:18,450 AIMaster] (config.py 347) INFO: Try loading config from pai-aimaster-new configmap.
[2026-05-02 16:20:20] [2026-05-02 16:20:19,785 AIMaster] (job_monitor_controller_k8s.py 1099) INFO: All workers: 2, running: 1, failed: 0, pending: 0
[2026-05-02 16:20:20] [2026-05-02 16:20:19,785 AIMaster] (ops_reported_error_detector.py 103) INFO: Detecting whether the job is affected by errors reported by ops platform.
[2026-05-02 16:20:50] [2026-05-02 16:20:49,941 AIMaster] (job_monitor_controller_k8s.py 1099) INFO: All workers: 2, running: 1, failed: 0, pending: 0
[2026-05-02 16:21:09] [2026-05-02 16:21:08,718 AIMaster] (job_event_collector.py 135) WARNING: Failed to watch pods, exception: ("Connection broken: ConnectionResetError(104, 'Connection reset by peer')", ConnectionResetError(104, 'Connection reset by peer'))
[2026-05-02 16:21:19] [2026-05-02 16:21:18,486 AIMaster] (config.py 347) INFO: Try loading config from pai-aimaster-new configmap.
[2026-05-02 16:21:20] [2026-05-02 16:21:20,104 AIMaster] (job_monitor_controller_k8s.py 1099) INFO: All workers: 2, running: 1, failed: 0, pending: 0
[2026-05-02 16:21:20] [2026-05-02 16:21:20,104 AIMaster] (ops_reported_error_detector.py 103) INFO: Detecting whether the job is affected by errors reported by ops platform.
[2026-05-02 16:21:50] [2026-05-02 16:21:50,264 AIMaster] (job_monitor_controller_k8s.py 1099) INFO: All workers: 2, running: 1, failed: 0, pending: 0
[2026-05-02 16:21:55] [2026-05-02 16:21:55,274 AIMaster] (aimaster_failover_controller.py 81) INFO: Detecting whether aimaster should be migrated.
[2026-05-02 16:22:19] [2026-05-02 16:22:18,523 AIMaster] (config.py 347) INFO: Try loading config from pai-aimaster-new configmap.
[2026-05-02 16:22:21] [2026-05-02 16:22:20,387 AIMaster] (pod_manager.py 415) INFO: Pod Category Summary (Total pods: 2)
[2026-05-02 16:22:21] | Category           |   Count | Percentage   | Pods                        |
[2026-05-02 16:22:21] |--------------------|---------|--------------|-----------------------------|
[2026-05-02 16:22:21] | Running            |       1 | 50.0%        | [dlc7uaznuz8nkr0r-worker-0] |
[2026-05-02 16:22:21] | Succeeded          |       1 | 50.0%        | [dlc7uaznuz8nkr0r-master-0] |
[2026-05-02 16:22:21] | Pending            |       0 | 0.0%         |                             |
[2026-05-02 16:22:21] | Failed             |       0 | 0.0%         |                             |
[2026-05-02 16:22:21] | Terminating        |       0 | 0.0%         |                             |
[2026-05-02 16:22:21] | Scheduler_evicting |       0 | 0.0%         |                             |
[2026-05-02 16:22:21] | Aiph_node_error    |       0 | 0.0%         |                             |
[2026-05-02 16:22:21] | Unknown            |       0 | 0.0%         |                             |
[2026-05-02 16:22:21] 
[2026-05-02 16:22:21] [2026-05-02 16:22:20,387 AIMaster] (job_monitor_controller_k8s.py 1099) INFO: All workers: 2, running: 1, failed: 0, pending: 0
[2026-05-02 16:22:21] [2026-05-02 16:22:20,387 AIMaster] (ops_reported_error_detector.py 103) INFO: Detecting whether the job is affected by errors reported by ops platform.
[2026-05-02 16:22:41] [2026-05-02 16:22:40,710 AIMaster] (job_event_collector.py 135) WARNING: Failed to watch pods, exception: ("Connection broken: ConnectionResetError(104, 'Connection reset by peer')", ConnectionResetError(104, 'Connection reset by peer'))
[2026-05-02 16:22:51] [2026-05-02 16:22:50,544 AIMaster] (job_monitor_controller_k8s.py 1099) INFO: All workers: 2, running: 1, failed: 0, pending: 0
[2026-05-02 16:23:19] [2026-05-02 16:23:18,569 AIMaster] (config.py 347) INFO: Try loading config from pai-aimaster-new configmap.
[2026-05-02 16:23:21] [2026-05-02 16:23:20,688 AIMaster] (job_monitor_controller_k8s.py 1099) INFO: All workers: 2, running: 1, failed: 0, pending: 0
[2026-05-02 16:23:21] [2026-05-02 16:23:20,688 AIMaster] (ops_reported_error_detector.py 103) INFO: Detecting whether the job is affected by errors reported by ops platform.
[2026-05-02 16:23:51] [2026-05-02 16:23:50,834 AIMaster] (job_monitor_controller_k8s.py 1099) INFO: All workers: 2, running: 1, failed: 0, pending: 0
[2026-05-02 16:23:56] [2026-05-02 16:23:55,845 AIMaster] (aimaster_failover_controller.py 81) INFO: Detecting whether aimaster should be migrated.
[2026-05-02 16:24:13] [2026-05-02 16:24:12,478 AIMaster] (job_event_collector.py 135) WARNING: Failed to watch pods, exception: ("Connection broken: ConnectionResetError(104, 'Connection reset by peer')", ConnectionResetError(104, 'Connection reset by peer'))
[2026-05-02 16:24:19] [2026-05-02 16:24:18,605 AIMaster] (config.py 347) INFO: Try loading config from pai-aimaster-new configmap.
[2026-05-02 16:24:21] [2026-05-02 16:24:20,966 AIMaster] (job_monitor_controller_k8s.py 1099) INFO: All workers: 2, running: 1, failed: 0, pending: 0
[2026-05-02 16:24:21] [2026-05-02 16:24:20,967 AIMaster] (ops_reported_error_detector.py 103) INFO: Detecting whether the job is affected by errors reported by ops platform.
[2026-05-02 16:24:51] [2026-05-02 16:24:51,138 AIMaster] (job_monitor_controller_k8s.py 1099) INFO: All workers: 2, running: 1, failed: 0, pending: 0
[2026-05-02 16:25:19] [2026-05-02 16:25:18,642 AIMaster] (config.py 347) INFO: Try loading config from pai-aimaster-new configmap.
[2026-05-02 16:25:21] [2026-05-02 16:25:21,261 AIMaster] (job_monitor_controller_k8s.py 1099) INFO: All workers: 2, running: 1, failed: 0, pending: 0
[2026-05-02 16:25:21] [2026-05-02 16:25:21,262 AIMaster] (ops_reported_error_detector.py 103) INFO: Detecting whether the job is affected by errors reported by ops platform.
[2026-05-02 16:25:44] [2026-05-02 16:25:44,257 AIMaster] (job_event_collector.py 135) WARNING: Failed to watch pods, exception: ("Connection broken: ConnectionResetError(104, 'Connection reset by peer')", ConnectionResetError(104, 'Connection reset by peer'))
[2026-05-02 16:25:51] [2026-05-02 16:25:51,429 AIMaster] (job_monitor_controller_k8s.py 1099) INFO: All workers: 2, running: 1, failed: 0, pending: 0
[2026-05-02 16:25:57] [2026-05-02 16:25:56,442 AIMaster] (aimaster_failover_controller.py 81) INFO: Detecting whether aimaster should be migrated.
[2026-05-02 16:26:19] [2026-05-02 16:26:18,677 AIMaster] (config.py 347) INFO: Try loading config from pai-aimaster-new configmap.
[2026-05-02 16:26:22] [2026-05-02 16:26:21,562 AIMaster] (job_monitor_controller_k8s.py 1099) INFO: All workers: 2, running: 1, failed: 0, pending: 0
[2026-05-02 16:26:22] [2026-05-02 16:26:21,562 AIMaster] (ops_reported_error_detector.py 103) INFO: Detecting whether the job is affected by errors reported by ops platform.
[2026-05-02 16:26:52] [2026-05-02 16:26:51,779 AIMaster] (job_monitor_controller_k8s.py 1099) INFO: All workers: 2, running: 1, failed: 0, pending: 0
[2026-05-02 16:27:16] [2026-05-02 16:27:15,874 AIMaster] (job_event_collector.py 135) WARNING: Failed to watch pods, exception: ("Connection broken: ConnectionResetError(104, 'Connection reset by peer')", ConnectionResetError(104, 'Connection reset by peer'))
[2026-05-02 16:27:19] [2026-05-02 16:27:18,713 AIMaster] (config.py 347) INFO: Try loading config from pai-aimaster-new configmap.
[2026-05-02 16:27:22] [2026-05-02 16:27:21,911 AIMaster] (pod_manager.py 415) INFO: Pod Category Summary (Total pods: 2)
[2026-05-02 16:27:22] | Category           |   Count | Percentage   | Pods                        |
[2026-05-02 16:27:22] |--------------------|---------|--------------|-----------------------------|
[2026-05-02 16:27:22] | Running            |       1 | 50.0%        | [dlc7uaznuz8nkr0r-worker-0] |
[2026-05-02 16:27:22] | Succeeded          |       1 | 50.0%        | [dlc7uaznuz8nkr0r-master-0] |
[2026-05-02 16:27:22] | Pending            |       0 | 0.0%         |                             |
[2026-05-02 16:27:22] | Failed             |       0 | 0.0%         |                             |
[2026-05-02 16:27:22] | Terminating        |       0 | 0.0%         |                             |
[2026-05-02 16:27:22] | Scheduler_evicting |       0 | 0.0%         |                             |
[2026-05-02 16:27:22] | Aiph_node_error    |       0 | 0.0%         |                             |
[2026-05-02 16:27:22] | Unknown            |       0 | 0.0%         |                             |
[2026-05-02 16:27:22] 
[2026-05-02 16:27:22] [2026-05-02 16:27:21,911 AIMaster] (job_monitor_controller_k8s.py 1099) INFO: All workers: 2, running: 1, failed: 0, pending: 0
[2026-05-02 16:27:22] [2026-05-02 16:27:21,911 AIMaster] (ops_reported_error_detector.py 103) INFO: Detecting whether the job is affected by errors reported by ops platform.
[2026-05-02 16:27:52] [2026-05-02 16:27:52,086 AIMaster] (job_monitor_controller_k8s.py 1099) INFO: All workers: 2, running: 1, failed: 0, pending: 0
[2026-05-02 16:27:57] [2026-05-02 16:27:57,101 AIMaster] (aimaster_failover_controller.py 81) INFO: Detecting whether aimaster should be migrated.
[2026-05-02 16:28:19] [2026-05-02 16:28:18,749 AIMaster] (config.py 347) INFO: Try loading config from pai-aimaster-new configmap.
[2026-05-02 16:28:22] [2026-05-02 16:28:22,222 AIMaster] (job_monitor_controller_k8s.py 1099) INFO: All workers: 2, running: 1, failed: 0, pending: 0
[2026-05-02 16:28:22] [2026-05-02 16:28:22,222 AIMaster] (ops_reported_error_detector.py 103) INFO: Detecting whether the job is affected by errors reported by ops platform.
[2026-05-02 16:28:47] [2026-05-02 16:28:47,192 AIMaster] (job_event_collector.py 135) WARNING: Failed to watch pods, exception: ("Connection broken: ConnectionResetError(104, 'Connection reset by peer')", ConnectionResetError(104, 'Connection reset by peer'))
[2026-05-02 16:28:52] [2026-05-02 16:28:52,513 AIMaster] (job_monitor_controller_k8s.py 1099) INFO: All workers: 2, running: 1, failed: 0, pending: 0
[2026-05-02 16:29:19] [2026-05-02 16:29:18,785 AIMaster] (config.py 347) INFO: Try loading config from pai-aimaster-new configmap.
[2026-05-02 16:29:23] [2026-05-02 16:29:22,647 AIMaster] (job_monitor_controller_k8s.py 1099) INFO: All workers: 2, running: 1, failed: 0, pending: 0
[2026-05-02 16:29:23] [2026-05-02 16:29:22,647 AIMaster] (ops_reported_error_detector.py 103) INFO: Detecting whether the job is affected by errors reported by ops platform.
[2026-05-02 16:29:53] [2026-05-02 16:29:52,839 AIMaster] (job_monitor_controller_k8s.py 1099) INFO: All workers: 2, running: 1, failed: 0, pending: 0
[2026-05-02 16:29:58] [2026-05-02 16:29:57,857 AIMaster] (aimaster_failover_controller.py 81) INFO: Detecting whether aimaster should be migrated.
[2026-05-02 16:30:19] [2026-05-02 16:30:18,822 AIMaster] (job_event_collector.py 135) WARNING: Failed to watch pods, exception: ("Connection broken: ConnectionResetError(104, 'Connection reset by peer')", ConnectionResetError(104, 'Connection reset by peer'))
[2026-05-02 16:30:19] [2026-05-02 16:30:18,822 AIMaster] (config.py 347) INFO: Try loading config from pai-aimaster-new configmap.
[2026-05-02 16:30:23] [2026-05-02 16:30:22,993 AIMaster] (job_monitor_controller_k8s.py 1099) INFO: All workers: 2, running: 1, failed: 0, pending: 0
[2026-05-02 16:30:23] [2026-05-02 16:30:22,993 AIMaster] (ops_reported_error_detector.py 103) INFO: Detecting whether the job is affected by errors reported by ops platform.
[2026-05-02 16:30:53] [2026-05-02 16:30:53,149 AIMaster] (job_monitor_controller_k8s.py 1099) INFO: All workers: 2, running: 1, failed: 0, pending: 0
[2026-05-02 16:31:19] [2026-05-02 16:31:18,857 AIMaster] (config.py 347) INFO: Try loading config from pai-aimaster-new configmap.
[2026-05-02 16:31:23] [2026-05-02 16:31:23,279 AIMaster] (job_monitor_controller_k8s.py 1099) INFO: All workers: 2, running: 1, failed: 0, pending: 0
[2026-05-02 16:31:23] [2026-05-02 16:31:23,279 AIMaster] (ops_reported_error_detector.py 103) INFO: Detecting whether the job is affected by errors reported by ops platform.
[2026-05-02 16:31:50] [2026-05-02 16:31:50,310 AIMaster] (job_event_collector.py 135) WARNING: Failed to watch pods, exception: ("Connection broken: ConnectionResetError(104, 'Connection reset by peer')", ConnectionResetError(104, 'Connection reset by peer'))
[2026-05-02 16:31:53] [2026-05-02 16:31:53,435 AIMaster] (job_monitor_controller_k8s.py 1099) INFO: All workers: 2, running: 1, failed: 0, pending: 0
[2026-05-02 16:31:58] [2026-05-02 16:31:58,450 AIMaster] (aimaster_failover_controller.py 81) INFO: Detecting whether aimaster should be migrated.
[2026-05-02 16:32:19] [2026-05-02 16:32:18,894 AIMaster] (config.py 347) INFO: Try loading config from pai-aimaster-new configmap.
[2026-05-02 16:32:23] [2026-05-02 16:32:23,653 AIMaster] (pod_manager.py 415) INFO: Pod Category Summary (Total pods: 2)
[2026-05-02 16:32:23] | Category           |   Count | Percentage   | Pods                        |
[2026-05-02 16:32:23] |--------------------|---------|--------------|-----------------------------|
[2026-05-02 16:32:23] | Running            |       1 | 50.0%        | [dlc7uaznuz8nkr0r-worker-0] |
[2026-05-02 16:32:23] | Succeeded          |       1 | 50.0%        | [dlc7uaznuz8nkr0r-master-0] |
[2026-05-02 16:32:23] | Pending            |       0 | 0.0%         |                             |
[2026-05-02 16:32:23] | Failed             |       0 | 0.0%         |                             |
[2026-05-02 16:32:23] | Terminating        |       0 | 0.0%         |                             |
[2026-05-02 16:32:23] | Scheduler_evicting |       0 | 0.0%         |                             |
[2026-05-02 16:32:23] | Aiph_node_error    |       0 | 0.0%         |                             |
[2026-05-02 16:32:23] | Unknown            |       0 | 0.0%         |                             |
[2026-05-02 16:32:23] 
[2026-05-02 16:32:23] [2026-05-02 16:32:23,654 AIMaster] (job_monitor_controller_k8s.py 1099) INFO: All workers: 2, running: 1, failed: 0, pending: 0
[2026-05-02 16:32:23] [2026-05-02 16:32:23,654 AIMaster] (ops_reported_error_detector.py 103) INFO: Detecting whether the job is affected by errors reported by ops platform.
[2026-05-02 16:32:54] [2026-05-02 16:32:53,822 AIMaster] (job_monitor_controller_k8s.py 1099) INFO: All workers: 2, running: 1, failed: 0, pending: 0
[2026-05-02 16:33:19] [2026-05-02 16:33:18,931 AIMaster] (config.py 347) INFO: Try loading config from pai-aimaster-new configmap.
[2026-05-02 16:33:22] [2026-05-02 16:33:21,987 AIMaster] (job_event_collector.py 135) WARNING: Failed to watch pods, exception: ("Connection broken: ConnectionResetError(104, 'Connection reset by peer')", ConnectionResetError(104, 'Connection reset by peer'))
[2026-05-02 16:33:24] [2026-05-02 16:33:23,948 AIMaster] (job_monitor_controller_k8s.py 1099) INFO: All workers: 2, running: 1, failed: 0, pending: 0
[2026-05-02 16:33:24] [2026-05-02 16:33:23,948 AIMaster] (ops_reported_error_detector.py 103) INFO: Detecting whether the job is affected by errors reported by ops platform.
[2026-05-02 16:33:54] [2026-05-02 16:33:54,109 AIMaster] (job_monitor_controller_k8s.py 1099) INFO: All workers: 2, running: 1, failed: 0, pending: 0
[2026-05-02 16:33:59] [2026-05-02 16:33:59,121 AIMaster] (aimaster_failover_controller.py 81) INFO: Detecting whether aimaster should be migrated.
[2026-05-02 16:34:19] [2026-05-02 16:34:18,992 AIMaster] (config.py 347) INFO: Try loading config from pai-aimaster-new configmap.
[2026-05-02 16:34:24] [2026-05-02 16:34:24,251 AIMaster] (job_monitor_controller_k8s.py 1099) INFO: All workers: 2, running: 1, failed: 0, pending: 0
[2026-05-02 16:34:24] [2026-05-02 16:34:24,252 AIMaster] (ops_reported_error_detector.py 103) INFO: Detecting whether the job is affected by errors reported by ops platform.
[2026-05-02 16:34:54] [2026-05-02 16:34:53,832 AIMaster] (job_event_collector.py 135) WARNING: Failed to watch pods, exception: ("Connection broken: ConnectionResetError(104, 'Connection reset by peer')", ConnectionResetError(104, 'Connection reset by peer'))
[2026-05-02 16:34:54] [2026-05-02 16:34:54,518 AIMaster] (job_monitor_controller_k8s.py 1099) INFO: All workers: 2, running: 1, failed: 0, pending: 0
[2026-05-02 16:35:19] [2026-05-02 16:35:19,030 AIMaster] (config.py 347) INFO: Try loading config from pai-aimaster-new configmap.
[2026-05-02 16:35:24] [2026-05-02 16:35:24,723 AIMaster] (job_monitor_controller_k8s.py 1099) INFO: All workers: 2, running: 1, failed: 0, pending: 0
[2026-05-02 16:35:24] [2026-05-02 16:35:24,723 AIMaster] (ops_reported_error_detector.py 103) INFO: Detecting whether the job is affected by errors reported by ops platform.
[2026-05-02 16:35:55] [2026-05-02 16:35:54,920 AIMaster] (job_monitor_controller_k8s.py 1099) INFO: All workers: 2, running: 1, failed: 0, pending: 0
[2026-05-02 16:36:00] [2026-05-02 16:35:59,933 AIMaster] (aimaster_failover_controller.py 81) INFO: Detecting whether aimaster should be migrated.
[2026-05-02 16:36:19] [2026-05-02 16:36:19,067 AIMaster] (config.py 347) INFO: Try loading config from pai-aimaster-new configmap.
[2026-05-02 16:36:25] [2026-05-02 16:36:25,053 AIMaster] (job_monitor_controller_k8s.py 1099) INFO: All workers: 2, running: 1, failed: 0, pending: 0
[2026-05-02 16:36:25] [2026-05-02 16:36:25,053 AIMaster] (ops_reported_error_detector.py 103) INFO: Detecting whether the job is affected by errors reported by ops platform.
[2026-05-02 16:36:25] [2026-05-02 16:36:25,613 AIMaster] (job_event_collector.py 135) WARNING: Failed to watch pods, exception: ("Connection broken: ConnectionResetError(104, 'Connection reset by peer')", ConnectionResetError(104, 'Connection reset by peer'))
[2026-05-02 16:36:55] [2026-05-02 16:36:55,303 AIMaster] (job_monitor_controller_k8s.py 1099) INFO: All workers: 2, running: 1, failed: 0, pending: 0
[2026-05-02 16:37:19] [2026-05-02 16:37:19,105 AIMaster] (config.py 347) INFO: Try loading config from pai-aimaster-new configmap.
[2026-05-02 16:37:25] [2026-05-02 16:37:25,469 AIMaster] (pod_manager.py 415) INFO: Pod Category Summary (Total pods: 2)
[2026-05-02 16:37:25] | Category           |   Count | Percentage   | Pods                        |
[2026-05-02 16:37:25] |--------------------|---------|--------------|-----------------------------|
[2026-05-02 16:37:25] | Running            |       1 | 50.0%        | [dlc7uaznuz8nkr0r-worker-0] |
[2026-05-02 16:37:25] | Succeeded          |       1 | 50.0%        | [dlc7uaznuz8nkr0r-master-0] |
[2026-05-02 16:37:25] | Pending            |       0 | 0.0%         |                             |
[2026-05-02 16:37:25] | Failed             |       0 | 0.0%         |                             |
[2026-05-02 16:37:25] | Terminating        |       0 | 0.0%         |                             |
[2026-05-02 16:37:25] | Scheduler_evicting |       0 | 0.0%         |                             |
[2026-05-02 16:37:25] | Aiph_node_error    |       0 | 0.0%         |                             |
[2026-05-02 16:37:25] | Unknown            |       0 | 0.0%         |                             |
[2026-05-02 16:37:25] 
[2026-05-02 16:37:25] [2026-05-02 16:37:25,469 AIMaster] (job_monitor_controller_k8s.py 1099) INFO: All workers: 2, running: 1, failed: 0, pending: 0
[2026-05-02 16:37:25] [2026-05-02 16:37:25,470 AIMaster] (ops_reported_error_detector.py 103) INFO: Detecting whether the job is affected by errors reported by ops platform.
[2026-05-02 16:37:55] [2026-05-02 16:37:55,639 AIMaster] (job_monitor_controller_k8s.py 1099) INFO: All workers: 2, running: 1, failed: 0, pending: 0
[2026-05-02 16:37:57] [2026-05-02 16:37:56,899 AIMaster] (job_event_collector.py 135) WARNING: Failed to watch pods, exception: ("Connection broken: ConnectionResetError(104, 'Connection reset by peer')", ConnectionResetError(104, 'Connection reset by peer'))
[2026-05-02 16:38:00] [2026-05-02 16:38:00,653 AIMaster] (aimaster_failover_controller.py 81) INFO: Detecting whether aimaster should be migrated.
[2026-05-02 16:38:19] [2026-05-02 16:38:19,148 AIMaster] (config.py 347) INFO: Try loading config from pai-aimaster-new configmap.
[2026-05-02 16:38:25] [2026-05-02 16:38:25,845 AIMaster] (job_monitor_controller_k8s.py 1099) INFO: All workers: 2, running: 1, failed: 0, pending: 0
[2026-05-02 16:38:25] [2026-05-02 16:38:25,845 AIMaster] (ops_reported_error_detector.py 103) INFO: Detecting whether the job is affected by errors reported by ops platform.
[2026-05-02 16:38:56] [2026-05-02 16:38:56,039 AIMaster] (job_monitor_controller_k8s.py 1099) INFO: All workers: 2, running: 1, failed: 0, pending: 0
[2026-05-02 16:39:19] [2026-05-02 16:39:19,191 AIMaster] (config.py 347) INFO: Try loading config from pai-aimaster-new configmap.
[2026-05-02 16:39:26] [2026-05-02 16:39:26,168 AIMaster] (job_monitor_controller_k8s.py 1099) INFO: All workers: 2, running: 1, failed: 0, pending: 0
[2026-05-02 16:39:26] [2026-05-02 16:39:26,169 AIMaster] (ops_reported_error_detector.py 103) INFO: Detecting whether the job is affected by errors reported by ops platform.
[2026-05-02 16:39:28] [2026-05-02 16:39:28,359 AIMaster] (job_event_collector.py 135) WARNING: Failed to watch pods, exception: ("Connection broken: ConnectionResetError(104, 'Connection reset by peer')", ConnectionResetError(104, 'Connection reset by peer'))
[2026-05-02 16:39:56] [2026-05-02 16:39:56,338 AIMaster] (job_monitor_controller_k8s.py 1099) INFO: All workers: 2, running: 1, failed: 0, pending: 0
[2026-05-02 16:40:01] [2026-05-02 16:40:01,350 AIMaster] (aimaster_failover_controller.py 81) INFO: Detecting whether aimaster should be migrated.
[2026-05-02 16:40:19] [2026-05-02 16:40:19,260 AIMaster] (config.py 347) INFO: Try loading config from pai-aimaster-new configmap.
[2026-05-02 16:40:26] [2026-05-02 16:40:26,459 AIMaster] (job_monitor_controller_k8s.py 1099) INFO: All workers: 2, running: 1, failed: 0, pending: 0
[2026-05-02 16:40:26] [2026-05-02 16:40:26,459 AIMaster] (ops_reported_error_detector.py 103) INFO: Detecting whether the job is affected by errors reported by ops platform.
[2026-05-02 16:40:56] [2026-05-02 16:40:56,620 AIMaster] (job_monitor_controller_k8s.py 1099) INFO: All workers: 2, running: 1, failed: 0, pending: 0
[2026-05-02 16:41:00] [2026-05-02 16:41:00,110 AIMaster] (job_event_collector.py 135) WARNING: Failed to watch pods, exception: ("Connection broken: ConnectionResetError(104, 'Connection reset by peer')", ConnectionResetError(104, 'Connection reset by peer'))
[2026-05-02 16:41:19] [2026-05-02 16:41:19,298 AIMaster] (config.py 347) INFO: Try loading config from pai-aimaster-new configmap.
[2026-05-02 16:41:26] [2026-05-02 16:41:26,768 AIMaster] (job_monitor_controller_k8s.py 1099) INFO: All workers: 2, running: 1, failed: 0, pending: 0
[2026-05-02 16:41:26] [2026-05-02 16:41:26,768 AIMaster] (ops_reported_error_detector.py 103) INFO: Detecting whether the job is affected by errors reported by ops platform.
[2026-05-02 16:41:56] [2026-05-02 16:41:56,971 AIMaster] (job_monitor_controller_k8s.py 1099) INFO: All workers: 2, running: 1, failed: 0, pending: 0
[2026-05-02 16:42:01] [2026-05-02 16:42:01,980 AIMaster] (aimaster_failover_controller.py 81) INFO: Detecting whether aimaster should be migrated.
[2026-05-02 16:42:19] [2026-05-02 16:42:19,332 AIMaster] (config.py 347) INFO: Try loading config from pai-aimaster-new configmap.
[2026-05-02 16:42:28] [2026-05-02 16:42:27,105 AIMaster] (pod_manager.py 415) INFO: Pod Category Summary (Total pods: 2)
[2026-05-02 16:42:28] | Category           |   Count | Percentage   | Pods                        |
[2026-05-02 16:42:28] |--------------------|---------|--------------|-----------------------------|
[2026-05-02 16:42:28] | Running            |       1 | 50.0%        | [dlc7uaznuz8nkr0r-worker-0] |
[2026-05-02 16:42:28] | Succeeded          |       1 | 50.0%        | [dlc7uaznuz8nkr0r-master-0] |
[2026-05-02 16:42:28] | Pending            |       0 | 0.0%         |                             |
[2026-05-02 16:42:28] | Failed             |       0 | 0.0%         |                             |
[2026-05-02 16:42:28] | Terminating        |       0 | 0.0%         |                             |
[2026-05-02 16:42:28] | Scheduler_evicting |       0 | 0.0%         |                             |
[2026-05-02 16:42:28] | Aiph_node_error    |       0 | 0.0%         |                             |
[2026-05-02 16:42:28] | Unknown            |       0 | 0.0%         |                             |
[2026-05-02 16:42:28] 
[2026-05-02 16:42:28] [2026-05-02 16:42:27,105 AIMaster] (job_monitor_controller_k8s.py 1099) INFO: All workers: 2, running: 1, failed: 0, pending: 0
[2026-05-02 16:42:28] [2026-05-02 16:42:27,105 AIMaster] (ops_reported_error_detector.py 103) INFO: Detecting whether the job is affected by errors reported by ops platform.
[2026-05-02 16:42:32] [2026-05-02 16:42:31,527 AIMaster] (job_event_collector.py 135) WARNING: Failed to watch pods, exception: ("Connection broken: ConnectionResetError(104, 'Connection reset by peer')", ConnectionResetError(104, 'Connection reset by peer'))
[2026-05-02 16:42:58] [2026-05-02 16:42:57,275 AIMaster] (job_monitor_controller_k8s.py 1099) INFO: All workers: 2, running: 1, failed: 0, pending: 0
[2026-05-02 16:43:20] [2026-05-02 16:43:19,369 AIMaster] (config.py 347) INFO: Try loading config from pai-aimaster-new configmap.
[2026-05-02 16:43:28] [2026-05-02 16:43:27,397 AIMaster] (job_monitor_controller_k8s.py 1099) INFO: All workers: 2, running: 1, failed: 0, pending: 0
[2026-05-02 16:43:28] [2026-05-02 16:43:27,397 AIMaster] (ops_reported_error_detector.py 103) INFO: Detecting whether the job is affected by errors reported by ops platform.
[2026-05-02 16:43:58] [2026-05-02 16:43:57,563 AIMaster] (job_monitor_controller_k8s.py 1099) INFO: All workers: 2, running: 1, failed: 0, pending: 0
[2026-05-02 16:44:03] [2026-05-02 16:44:02,575 AIMaster] (aimaster_failover_controller.py 81) INFO: Detecting whether aimaster should be migrated.
[2026-05-02 16:44:04] [2026-05-02 16:44:03,426 AIMaster] (job_event_collector.py 135) WARNING: Failed to watch pods, exception: ("Connection broken: ConnectionResetError(104, 'Connection reset by peer')", ConnectionResetError(104, 'Connection reset by peer'))
[2026-05-02 16:44:20] [2026-05-02 16:44:19,404 AIMaster] (config.py 347) INFO: Try loading config from pai-aimaster-new configmap.
[2026-05-02 16:44:28] [2026-05-02 16:44:27,805 AIMaster] (job_monitor_controller_k8s.py 1099) INFO: All workers: 2, running: 1, failed: 0, pending: 0
[2026-05-02 16:44:28] [2026-05-02 16:44:27,805 AIMaster] (ops_reported_error_detector.py 103) INFO: Detecting whether the job is affected by errors reported by ops platform.
[2026-05-02 16:44:58] [2026-05-02 16:44:58,031 AIMaster] (job_monitor_controller_k8s.py 1099) INFO: All workers: 2, running: 1, failed: 0, pending: 0
[2026-05-02 16:45:20] [2026-05-02 16:45:19,439 AIMaster] (config.py 347) INFO: Try loading config from pai-aimaster-new configmap.
[2026-05-02 16:45:28] [2026-05-02 16:45:28,154 AIMaster] (job_monitor_controller_k8s.py 1099) INFO: All workers: 2, running: 1, failed: 0, pending: 0
[2026-05-02 16:45:28] [2026-05-02 16:45:28,154 AIMaster] (ops_reported_error_detector.py 103) INFO: Detecting whether the job is affected by errors reported by ops platform.
[2026-05-02 16:45:36] [2026-05-02 16:45:35,329 AIMaster] (job_event_collector.py 135) WARNING: Failed to watch pods, exception: ("Connection broken: ConnectionResetError(104, 'Connection reset by peer')", ConnectionResetError(104, 'Connection reset by peer'))
[2026-05-02 16:45:59] [2026-05-02 16:45:58,348 AIMaster] (job_monitor_controller_k8s.py 1099) INFO: All workers: 2, running: 1, failed: 0, pending: 0
[2026-05-02 16:46:04] [2026-05-02 16:46:03,361 AIMaster] (aimaster_failover_controller.py 81) INFO: Detecting whether aimaster should be migrated.
[2026-05-02 16:46:20] [2026-05-02 16:46:19,507 AIMaster] (config.py 347) INFO: Try loading config from pai-aimaster-new configmap.
[2026-05-02 16:46:29] [2026-05-02 16:46:28,566 AIMaster] (job_monitor_controller_k8s.py 1099) INFO: All workers: 2, running: 1, failed: 0, pending: 0
[2026-05-02 16:46:29] [2026-05-02 16:46:28,566 AIMaster] (ops_reported_error_detector.py 103) INFO: Detecting whether the job is affected by errors reported by ops platform.
[2026-05-02 16:46:59] [2026-05-02 16:46:58,722 AIMaster] (job_monitor_controller_k8s.py 1099) INFO: All workers: 2, running: 1, failed: 0, pending: 0
[2026-05-02 16:47:07] [2026-05-02 16:47:07,186 AIMaster] (job_event_collector.py 135) WARNING: Failed to watch pods, exception: ("Connection broken: ConnectionResetError(104, 'Connection reset by peer')", ConnectionResetError(104, 'Connection reset by peer'))
[2026-05-02 16:47:20] [2026-05-02 16:47:19,542 AIMaster] (config.py 347) INFO: Try loading config from pai-aimaster-new configmap.
[2026-05-02 16:47:29] [2026-05-02 16:47:28,846 AIMaster] (pod_manager.py 415) INFO: Pod Category Summary (Total pods: 2)
[2026-05-02 16:47:29] | Category           |   Count | Percentage   | Pods                        |
[2026-05-02 16:47:29] |--------------------|---------|--------------|-----------------------------|
[2026-05-02 16:47:29] | Running            |       1 | 50.0%        | [dlc7uaznuz8nkr0r-worker-0] |
[2026-05-02 16:47:29] | Succeeded          |       1 | 50.0%        | [dlc7uaznuz8nkr0r-master-0] |
[2026-05-02 16:47:29] | Pending            |       0 | 0.0%         |                             |
[2026-05-02 16:47:29] | Failed             |       0 | 0.0%         |                             |
[2026-05-02 16:47:29] | Terminating        |       0 | 0.0%         |                             |
[2026-05-02 16:47:29] | Scheduler_evicting |       0 | 0.0%         |                             |
[2026-05-02 16:47:29] | Aiph_node_error    |       0 | 0.0%         |                             |
[2026-05-02 16:47:29] | Unknown            |       0 | 0.0%         |                             |
[2026-05-02 16:47:29] 
[2026-05-02 16:47:29] [2026-05-02 16:47:28,846 AIMaster] (job_monitor_controller_k8s.py 1099) INFO: All workers: 2, running: 1, failed: 0, pending: 0
[2026-05-02 16:47:29] [2026-05-02 16:47:28,846 AIMaster] (ops_reported_error_detector.py 103) INFO: Detecting whether the job is affected by errors reported by ops platform.
[2026-05-02 16:47:59] [2026-05-02 16:47:59,049 AIMaster] (job_monitor_controller_k8s.py 1099) INFO: All workers: 2, running: 1, failed: 0, pending: 0
[2026-05-02 16:48:04] [2026-05-02 16:48:04,062 AIMaster] (aimaster_failover_controller.py 81) INFO: Detecting whether aimaster should be migrated.
[2026-05-02 16:48:20] [2026-05-02 16:48:19,580 AIMaster] (config.py 347) INFO: Try loading config from pai-aimaster-new configmap.
[2026-05-02 16:48:29] [2026-05-02 16:48:29,196 AIMaster] (job_monitor_controller_k8s.py 1099) INFO: All workers: 2, running: 1, failed: 0, pending: 0
[2026-05-02 16:48:29] [2026-05-02 16:48:29,196 AIMaster] (ops_reported_error_detector.py 103) INFO: Detecting whether the job is affected by errors reported by ops platform.
[2026-05-02 16:48:39] [2026-05-02 16:48:38,904 AIMaster] (job_event_collector.py 135) WARNING: Failed to watch pods, exception: ("Connection broken: ConnectionResetError(104, 'Connection reset by peer')", ConnectionResetError(104, 'Connection reset by peer'))
[2026-05-02 16:49:00] [2026-05-02 16:48:59,378 AIMaster] (job_monitor_controller_k8s.py 1099) INFO: All workers: 2, running: 1, failed: 0, pending: 0
[2026-05-02 16:49:20] [2026-05-02 16:49:19,618 AIMaster] (config.py 347) INFO: Try loading config from pai-aimaster-new configmap.
[2026-05-02 16:49:30] [2026-05-02 16:49:29,531 AIMaster] (job_monitor_controller_k8s.py 1099) INFO: All workers: 2, running: 1, failed: 0, pending: 0
[2026-05-02 16:49:30] [2026-05-02 16:49:29,531 AIMaster] (ops_reported_error_detector.py 103) INFO: Detecting whether the job is affected by errors reported by ops platform.
[2026-05-02 16:50:00] [2026-05-02 16:49:59,695 AIMaster] (job_monitor_controller_k8s.py 1099) INFO: All workers: 2, running: 1, failed: 0, pending: 0
[2026-05-02 16:50:05] [2026-05-02 16:50:04,708 AIMaster] (aimaster_failover_controller.py 81) INFO: Detecting whether aimaster should be migrated.
[2026-05-02 16:50:11] [2026-05-02 16:50:10,453 AIMaster] (job_event_collector.py 135) WARNING: Failed to watch pods, exception: ("Connection broken: ConnectionResetError(104, 'Connection reset by peer')", ConnectionResetError(104, 'Connection reset by peer'))
[2026-05-02 16:50:20] [2026-05-02 16:50:19,775 AIMaster] (config.py 347) INFO: Try loading config from pai-aimaster-new configmap.
[2026-05-02 16:50:30] [2026-05-02 16:50:29,915 AIMaster] (job_monitor_controller_k8s.py 1099) INFO: All workers: 2, running: 1, failed: 0, pending: 0
[2026-05-02 16:50:30] [2026-05-02 16:50:29,916 AIMaster] (ops_reported_error_detector.py 103) INFO: Detecting whether the job is affected by errors reported by ops platform.
[2026-05-02 16:51:00] [2026-05-02 16:51:00,096 AIMaster] (job_monitor_controller_k8s.py 1099) INFO: All workers: 2, running: 1, failed: 0, pending: 0
[2026-05-02 16:51:20] [2026-05-02 16:51:19,812 AIMaster] (config.py 347) INFO: Try loading config from pai-aimaster-new configmap.
[2026-05-02 16:51:30] [2026-05-02 16:51:30,325 AIMaster] (job_monitor_controller_k8s.py 1099) INFO: All workers: 2, running: 1, failed: 0, pending: 0
[2026-05-02 16:51:30] [2026-05-02 16:51:30,326 AIMaster] (ops_reported_error_detector.py 103) INFO: Detecting whether the job is affected by errors reported by ops platform.
[2026-05-02 16:51:42] [2026-05-02 16:51:42,126 AIMaster] (job_event_collector.py 135) WARNING: Failed to watch pods, exception: ("Connection broken: ConnectionResetError(104, 'Connection reset by peer')", ConnectionResetError(104, 'Connection reset by peer'))
[2026-05-02 16:52:01] [2026-05-02 16:52:00,541 AIMaster] (job_monitor_controller_k8s.py 1099) INFO: All workers: 2, running: 1, failed: 0, pending: 0
[2026-05-02 16:52:06] [2026-05-02 16:52:05,554 AIMaster] (aimaster_failover_controller.py 81) INFO: Detecting whether aimaster should be migrated.
[2026-05-02 16:52:20] [2026-05-02 16:52:19,847 AIMaster] (config.py 347) INFO: Try loading config from pai-aimaster-new configmap.
[2026-05-02 16:52:31] [2026-05-02 16:52:30,674 AIMaster] (pod_manager.py 415) INFO: Pod Category Summary (Total pods: 2)
[2026-05-02 16:52:31] | Category           |   Count | Percentage   | Pods                        |
[2026-05-02 16:52:31] |--------------------|---------|--------------|-----------------------------|
[2026-05-02 16:52:31] | Running            |       1 | 50.0%        | [dlc7uaznuz8nkr0r-worker-0] |
[2026-05-02 16:52:31] | Succeeded          |       1 | 50.0%        | [dlc7uaznuz8nkr0r-master-0] |
[2026-05-02 16:52:31] | Pending            |       0 | 0.0%         |                             |
[2026-05-02 16:52:31] | Failed             |       0 | 0.0%         |                             |
[2026-05-02 16:52:31] | Terminating        |       0 | 0.0%         |                             |
[2026-05-02 16:52:31] | Scheduler_evicting |       0 | 0.0%         |                             |
[2026-05-02 16:52:31] | Aiph_node_error    |       0 | 0.0%         |                             |
[2026-05-02 16:52:31] | Unknown            |       0 | 0.0%         |                             |
[2026-05-02 16:52:31] 
[2026-05-02 16:52:31] [2026-05-02 16:52:30,674 AIMaster] (job_monitor_controller_k8s.py 1099) INFO: All workers: 2, running: 1, failed: 0, pending: 0
[2026-05-02 16:52:31] [2026-05-02 16:52:30,674 AIMaster] (ops_reported_error_detector.py 103) INFO: Detecting whether the job is affected by errors reported by ops platform.
[2026-05-02 16:53:01] [2026-05-02 16:53:00,840 AIMaster] (job_monitor_controller_k8s.py 1099) INFO: All workers: 2, running: 1, failed: 0, pending: 0
[2026-05-02 16:53:14] [2026-05-02 16:53:13,654 AIMaster] (job_event_collector.py 135) WARNING: Failed to watch pods, exception: ("Connection broken: ConnectionResetError(104, 'Connection reset by peer')", ConnectionResetError(104, 'Connection reset by peer'))
[2026-05-02 16:53:20] [2026-05-02 16:53:19,884 AIMaster] (config.py 347) INFO: Try loading config from pai-aimaster-new configmap.
[2026-05-02 16:53:31] [2026-05-02 16:53:30,976 AIMaster] (job_monitor_controller_k8s.py 1099) INFO: All workers: 2, running: 1, failed: 0, pending: 0
[2026-05-02 16:53:31] [2026-05-02 16:53:30,977 AIMaster] (ops_reported_error_detector.py 103) INFO: Detecting whether the job is affected by errors reported by ops platform.
[2026-05-02 16:54:01] [2026-05-02 16:54:01,136 AIMaster] (job_monitor_controller_k8s.py 1099) INFO: All workers: 2, running: 1, failed: 0, pending: 0
[2026-05-02 16:54:06] [2026-05-02 16:54:06,149 AIMaster] (aimaster_failover_controller.py 81) INFO: Detecting whether aimaster should be migrated.
[2026-05-02 16:54:20] [2026-05-02 16:54:19,920 AIMaster] (config.py 347) INFO: Try loading config from pai-aimaster-new configmap.
[2026-05-02 16:54:31] [2026-05-02 16:54:31,268 AIMaster] (job_monitor_controller_k8s.py 1099) INFO: All workers: 2, running: 1, failed: 0, pending: 0
[2026-05-02 16:54:31] [2026-05-02 16:54:31,268 AIMaster] (ops_reported_error_detector.py 103) INFO: Detecting whether the job is affected by errors reported by ops platform.
[2026-05-02 16:54:45] [2026-05-02 16:54:45,283 AIMaster] (job_event_collector.py 135) WARNING: Failed to watch pods, exception: ("Connection broken: ConnectionResetError(104, 'Connection reset by peer')", ConnectionResetError(104, 'Connection reset by peer'))
[2026-05-02 16:55:01] [2026-05-02 16:55:01,439 AIMaster] (job_monitor_controller_k8s.py 1099) INFO: All workers: 2, running: 1, failed: 0, pending: 0
[2026-05-02 16:55:20] [2026-05-02 16:55:19,956 AIMaster] (config.py 347) INFO: Try loading config from pai-aimaster-new configmap.
[2026-05-02 16:55:32] [2026-05-02 16:55:31,563 AIMaster] (job_monitor_controller_k8s.py 1099) INFO: All workers: 2, running: 1, failed: 0, pending: 0
[2026-05-02 16:55:32] [2026-05-02 16:55:31,564 AIMaster] (ops_reported_error_detector.py 103) INFO: Detecting whether the job is affected by errors reported by ops platform.
[2026-05-02 16:56:02] [2026-05-02 16:56:01,831 AIMaster] (job_monitor_controller_k8s.py 1099) INFO: All workers: 2, running: 1, failed: 0, pending: 0
[2026-05-02 16:56:07] [2026-05-02 16:56:06,843 AIMaster] (aimaster_failover_controller.py 81) INFO: Detecting whether aimaster should be migrated.
[2026-05-02 16:56:17] [2026-05-02 16:56:17,346 AIMaster] (job_event_collector.py 135) WARNING: Failed to watch pods, exception: ("Connection broken: ConnectionResetError(104, 'Connection reset by peer')", ConnectionResetError(104, 'Connection reset by peer'))
[2026-05-02 16:56:20] [2026-05-02 16:56:19,993 AIMaster] (config.py 347) INFO: Try loading config from pai-aimaster-new configmap.
[2026-05-02 16:56:32] [2026-05-02 16:56:31,966 AIMaster] (job_monitor_controller_k8s.py 1099) INFO: All workers: 2, running: 1, failed: 0, pending: 0
[2026-05-02 16:56:32] [2026-05-02 16:56:31,966 AIMaster] (ops_reported_error_detector.py 103) INFO: Detecting whether the job is affected by errors reported by ops platform.
[2026-05-02 16:57:02] [2026-05-02 16:57:02,122 AIMaster] (job_monitor_controller_k8s.py 1099) INFO: All workers: 2, running: 1, failed: 0, pending: 0
[2026-05-02 16:57:20] [2026-05-02 16:57:20,028 AIMaster] (config.py 347) INFO: Try loading config from pai-aimaster-new configmap.
[2026-05-02 16:57:32] [2026-05-02 16:57:32,292 AIMaster] (pod_manager.py 415) INFO: Pod Category Summary (Total pods: 2)
[2026-05-02 16:57:32] | Category           |   Count | Percentage   | Pods                        |
[2026-05-02 16:57:32] |--------------------|---------|--------------|-----------------------------|
[2026-05-02 16:57:32] | Running            |       1 | 50.0%        | [dlc7uaznuz8nkr0r-worker-0] |
[2026-05-02 16:57:32] | Succeeded          |       1 | 50.0%        | [dlc7uaznuz8nkr0r-master-0] |
[2026-05-02 16:57:32] | Pending            |       0 | 0.0%         |                             |
[2026-05-02 16:57:32] | Failed             |       0 | 0.0%         |                             |
[2026-05-02 16:57:32] | Terminating        |       0 | 0.0%         |                             |
[2026-05-02 16:57:32] | Scheduler_evicting |       0 | 0.0%         |                             |
[2026-05-02 16:57:32] | Aiph_node_error    |       0 | 0.0%         |                             |
[2026-05-02 16:57:32] | Unknown            |       0 | 0.0%         |                             |
[2026-05-02 16:57:32] 
[2026-05-02 16:57:32] [2026-05-02 16:57:32,292 AIMaster] (job_monitor_controller_k8s.py 1099) INFO: All workers: 2, running: 1, failed: 0, pending: 0
[2026-05-02 16:57:32] [2026-05-02 16:57:32,292 AIMaster] (ops_reported_error_detector.py 103) INFO: Detecting whether the job is affected by errors reported by ops platform.
[2026-05-02 16:57:49] [2026-05-02 16:57:49,279 AIMaster] (job_event_collector.py 135) WARNING: Failed to watch pods, exception: ("Connection broken: ConnectionResetError(104, 'Connection reset by peer')", ConnectionResetError(104, 'Connection reset by peer'))
[2026-05-02 16:58:02] [2026-05-02 16:58:02,450 AIMaster] (job_monitor_controller_k8s.py 1099) INFO: All workers: 2, running: 1, failed: 0, pending: 0
[2026-05-02 16:58:07] [2026-05-02 16:58:07,462 AIMaster] (aimaster_failover_controller.py 81) INFO: Detecting whether aimaster should be migrated.
[2026-05-02 16:58:20] [2026-05-02 16:58:20,067 AIMaster] (config.py 347) INFO: Try loading config from pai-aimaster-new configmap.
[2026-05-02 16:58:32] [2026-05-02 16:58:32,620 AIMaster] (job_monitor_controller_k8s.py 1099) INFO: All workers: 2, running: 1, failed: 0, pending: 0
[2026-05-02 16:58:32] [2026-05-02 16:58:32,620 AIMaster] (ops_reported_error_detector.py 103) INFO: Detecting whether the job is affected by errors reported by ops platform.
[2026-05-02 16:59:03] [2026-05-02 16:59:02,855 AIMaster] (job_monitor_controller_k8s.py 1099) INFO: All workers: 2, running: 1, failed: 0, pending: 0
[2026-05-02 16:59:20] [2026-05-02 16:59:20,105 AIMaster] (config.py 347) INFO: Try loading config from pai-aimaster-new configmap.
[2026-05-02 16:59:21] [2026-05-02 16:59:20,841 AIMaster] (job_event_collector.py 135) WARNING: Failed to watch pods, exception: ("Connection broken: ConnectionResetError(104, 'Connection reset by peer')", ConnectionResetError(104, 'Connection reset by peer'))
[2026-05-02 16:59:33] [2026-05-02 16:59:32,990 AIMaster] (job_monitor_controller_k8s.py 1099) INFO: All workers: 2, running: 1, failed: 0, pending: 0
[2026-05-02 16:59:33] [2026-05-02 16:59:32,990 AIMaster] (ops_reported_error_detector.py 103) INFO: Detecting whether the job is affected by errors reported by ops platform.
[2026-05-02 17:00:03] [2026-05-02 17:00:03,151 AIMaster] (job_monitor_controller_k8s.py 1099) INFO: All workers: 2, running: 1, failed: 0, pending: 0
[2026-05-02 17:00:08] [2026-05-02 17:00:08,164 AIMaster] (aimaster_failover_controller.py 81) INFO: Detecting whether aimaster should be migrated.
[2026-05-02 17:00:20] [2026-05-02 17:00:20,167 AIMaster] (config.py 347) INFO: Try loading config from pai-aimaster-new configmap.
[2026-05-02 17:00:33] [2026-05-02 17:00:33,279 AIMaster] (job_monitor_controller_k8s.py 1099) INFO: All workers: 2, running: 1, failed: 0, pending: 0
[2026-05-02 17:00:33] [2026-05-02 17:00:33,280 AIMaster] (ops_reported_error_detector.py 103) INFO: Detecting whether the job is affected by errors reported by ops platform.
[2026-05-02 17:00:52] [2026-05-02 17:00:52,418 AIMaster] (job_event_collector.py 135) WARNING: Failed to watch pods, exception: ("Connection broken: ConnectionResetError(104, 'Connection reset by peer')", ConnectionResetError(104, 'Connection reset by peer'))
[2026-05-02 17:01:03] [2026-05-02 17:01:03,502 AIMaster] (job_monitor_controller_k8s.py 1099) INFO: All workers: 2, running: 1, failed: 0, pending: 0
[2026-05-02 17:01:20] [2026-05-02 17:01:20,205 AIMaster] (config.py 347) INFO: Try loading config from pai-aimaster-new configmap.
[2026-05-02 17:01:33] [2026-05-02 17:01:33,623 AIMaster] (job_monitor_controller_k8s.py 1099) INFO: All workers: 2, running: 1, failed: 0, pending: 0
[2026-05-02 17:01:33] [2026-05-02 17:01:33,623 AIMaster] (ops_reported_error_detector.py 103) INFO: Detecting whether the job is affected by errors reported by ops platform.
[2026-05-02 17:02:03] [2026-05-02 17:02:03,799 AIMaster] (job_monitor_controller_k8s.py 1099) INFO: All workers: 2, running: 1, failed: 0, pending: 0
[2026-05-02 17:02:08] [2026-05-02 17:02:08,811 AIMaster] (aimaster_failover_controller.py 81) INFO: Detecting whether aimaster should be migrated.
[2026-05-02 17:02:20] [2026-05-02 17:02:20,241 AIMaster] (config.py 347) INFO: Try loading config from pai-aimaster-new configmap.
[2026-05-02 17:02:24] [2026-05-02 17:02:24,186 AIMaster] (job_event_collector.py 135) WARNING: Failed to watch pods, exception: ("Connection broken: ConnectionResetError(104, 'Connection reset by peer')", ConnectionResetError(104, 'Connection reset by peer'))
[2026-05-02 17:02:34] [2026-05-02 17:02:33,936 AIMaster] (pod_manager.py 415) INFO: Pod Category Summary (Total pods: 2)
[2026-05-02 17:02:34] | Category           |   Count | Percentage   | Pods                        |
[2026-05-02 17:02:34] |--------------------|---------|--------------|-----------------------------|
[2026-05-02 17:02:34] | Running            |       1 | 50.0%        | [dlc7uaznuz8nkr0r-worker-0] |
[2026-05-02 17:02:34] | Succeeded          |       1 | 50.0%        | [dlc7uaznuz8nkr0r-master-0] |
[2026-05-02 17:02:34] | Pending            |       0 | 0.0%         |                             |
[2026-05-02 17:02:34] | Failed             |       0 | 0.0%         |                             |
[2026-05-02 17:02:34] | Terminating        |       0 | 0.0%         |                             |
[2026-05-02 17:02:34] | Scheduler_evicting |       0 | 0.0%         |                             |
[2026-05-02 17:02:34] | Aiph_node_error    |       0 | 0.0%         |                             |
[2026-05-02 17:02:34] | Unknown            |       0 | 0.0%         |                             |
[2026-05-02 17:02:34] 
[2026-05-02 17:02:34] [2026-05-02 17:02:33,937 AIMaster] (job_monitor_controller_k8s.py 1099) INFO: All workers: 2, running: 1, failed: 0, pending: 0
[2026-05-02 17:02:34] [2026-05-02 17:02:33,937 AIMaster] (ops_reported_error_detector.py 103) INFO: Detecting whether the job is affected by errors reported by ops platform.
[2026-05-02 17:03:04] [2026-05-02 17:03:04,170 AIMaster] (job_monitor_controller_k8s.py 1099) INFO: All workers: 2, running: 1, failed: 0, pending: 0
[2026-05-02 17:03:20] [2026-05-02 17:03:20,281 AIMaster] (config.py 347) INFO: Try loading config from pai-aimaster-new configmap.
[2026-05-02 17:03:34] [2026-05-02 17:03:34,314 AIMaster] (job_monitor_controller_k8s.py 1099) INFO: All workers: 2, running: 1, failed: 0, pending: 0
[2026-05-02 17:03:34] [2026-05-02 17:03:34,314 AIMaster] (ops_reported_error_detector.py 103) INFO: Detecting whether the job is affected by errors reported by ops platform.
[2026-05-02 17:03:56] [2026-05-02 17:03:56,293 AIMaster] (job_event_collector.py 135) WARNING: Failed to watch pods, exception: ("Connection broken: ConnectionResetError(104, 'Connection reset by peer')", ConnectionResetError(104, 'Connection reset by peer'))
[2026-05-02 17:04:04] [2026-05-02 17:04:04,505 AIMaster] (job_monitor_controller_k8s.py 1099) INFO: All workers: 2, running: 1, failed: 0, pending: 0
[2026-05-02 17:04:09] [2026-05-02 17:04:09,518 AIMaster] (aimaster_failover_controller.py 81) INFO: Detecting whether aimaster should be migrated.
[2026-05-02 17:04:20] [2026-05-02 17:04:20,317 AIMaster] (config.py 347) INFO: Try loading config from pai-aimaster-new configmap.
[2026-05-02 17:04:34] [2026-05-02 17:04:34,715 AIMaster] (job_monitor_controller_k8s.py 1099) INFO: All workers: 2, running: 1, failed: 0, pending: 0
[2026-05-02 17:04:34] [2026-05-02 17:04:34,716 AIMaster] (ops_reported_error_detector.py 103) INFO: Detecting whether the job is affected by errors reported by ops platform.
[2026-05-02 17:05:05] [2026-05-02 17:05:04,968 AIMaster] (job_monitor_controller_k8s.py 1099) INFO: All workers: 2, running: 1, failed: 0, pending: 0
[2026-05-02 17:05:20] [2026-05-02 17:05:20,355 AIMaster] (config.py 347) INFO: Try loading config from pai-aimaster-new configmap.
[2026-05-02 17:05:27] [2026-05-02 17:05:27,667 AIMaster] (job_event_collector.py 135) WARNING: Failed to watch pods, exception: ("Connection broken: ConnectionResetError(104, 'Connection reset by peer')", ConnectionResetError(104, 'Connection reset by peer'))
[2026-05-02 17:05:35] [2026-05-02 17:05:35,102 AIMaster] (job_monitor_controller_k8s.py 1099) INFO: All workers: 2, running: 1, failed: 0, pending: 0
[2026-05-02 17:05:35] [2026-05-02 17:05:35,102 AIMaster] (ops_reported_error_detector.py 103) INFO: Detecting whether the job is affected by errors reported by ops platform.
[2026-05-02 17:06:05] [2026-05-02 17:06:05,254 AIMaster] (job_monitor_controller_k8s.py 1099) INFO: All workers: 2, running: 1, failed: 0, pending: 0
[2026-05-02 17:06:10] [2026-05-02 17:06:10,272 AIMaster] (aimaster_failover_controller.py 81) INFO: Detecting whether aimaster should be migrated.
[2026-05-02 17:06:20] [2026-05-02 17:06:20,391 AIMaster] (config.py 347) INFO: Try loading config from pai-aimaster-new configmap.
[2026-05-02 17:06:35] [2026-05-02 17:06:35,390 AIMaster] (job_monitor_controller_k8s.py 1099) INFO: All workers: 2, running: 1, failed: 0, pending: 0
[2026-05-02 17:06:35] [2026-05-02 17:06:35,390 AIMaster] (ops_reported_error_detector.py 103) INFO: Detecting whether the job is affected by errors reported by ops platform.
[2026-05-02 17:06:59] [2026-05-02 17:06:59,019 AIMaster] (job_event_collector.py 135) WARNING: Failed to watch pods, exception: ("Connection broken: ConnectionResetError(104, 'Connection reset by peer')", ConnectionResetError(104, 'Connection reset by peer'))
[2026-05-02 17:07:05] [2026-05-02 17:07:05,557 AIMaster] (job_monitor_controller_k8s.py 1099) INFO: All workers: 2, running: 1, failed: 0, pending: 0
[2026-05-02 17:07:21] [2026-05-02 17:07:20,427 AIMaster] (config.py 347) INFO: Try loading config from pai-aimaster-new configmap.
[2026-05-02 17:07:36] [2026-05-02 17:07:35,682 AIMaster] (pod_manager.py 415) INFO: Pod Category Summary (Total pods: 2)
[2026-05-02 17:07:36] | Category           |   Count | Percentage   | Pods                        |
[2026-05-02 17:07:36] |--------------------|---------|--------------|-----------------------------|
[2026-05-02 17:07:36] | Running            |       1 | 50.0%        | [dlc7uaznuz8nkr0r-worker-0] |
[2026-05-02 17:07:36] | Succeeded          |       1 | 50.0%        | [dlc7uaznuz8nkr0r-master-0] |
[2026-05-02 17:07:36] | Pending            |       0 | 0.0%         |                             |
[2026-05-02 17:07:36] | Failed             |       0 | 0.0%         |                             |
[2026-05-02 17:07:36] | Terminating        |       0 | 0.0%         |                             |
[2026-05-02 17:07:36] | Scheduler_evicting |       0 | 0.0%         |                             |
[2026-05-02 17:07:36] | Aiph_node_error    |       0 | 0.0%         |                             |
[2026-05-02 17:07:36] | Unknown            |       0 | 0.0%         |                             |
[2026-05-02 17:07:36] 
[2026-05-02 17:07:36] [2026-05-02 17:07:35,683 AIMaster] (job_monitor_controller_k8s.py 1099) INFO: All workers: 2, running: 1, failed: 0, pending: 0
[2026-05-02 17:07:36] [2026-05-02 17:07:35,683 AIMaster] (ops_reported_error_detector.py 103) INFO: Detecting whether the job is affected by errors reported by ops platform.
[2026-05-02 17:08:06] [2026-05-02 17:08:05,876 AIMaster] (job_monitor_controller_k8s.py 1099) INFO: All workers: 2, running: 1, failed: 0, pending: 0
[2026-05-02 17:08:11] [2026-05-02 17:08:10,888 AIMaster] (aimaster_failover_controller.py 81) INFO: Detecting whether aimaster should be migrated.
[2026-05-02 17:08:21] [2026-05-02 17:08:20,461 AIMaster] (config.py 347) INFO: Try loading config from pai-aimaster-new configmap.
[2026-05-02 17:08:31] [2026-05-02 17:08:30,641 AIMaster] (job_event_collector.py 135) WARNING: Failed to watch pods, exception: ("Connection broken: ConnectionResetError(104, 'Connection reset by peer')", ConnectionResetError(104, 'Connection reset by peer'))
[2026-05-02 17:08:36] [2026-05-02 17:08:36,019 AIMaster] (job_monitor_controller_k8s.py 1099) INFO: All workers: 2, running: 1, failed: 0, pending: 0
[2026-05-02 17:08:36] [2026-05-02 17:08:36,019 AIMaster] (ops_reported_error_detector.py 103) INFO: Detecting whether the job is affected by errors reported by ops platform.
[2026-05-02 17:09:07] [2026-05-02 17:09:06,171 AIMaster] (job_monitor_controller_k8s.py 1099) INFO: All workers: 2, running: 1, failed: 0, pending: 0
[2026-05-02 17:09:21] [2026-05-02 17:09:20,498 AIMaster] (config.py 347) INFO: Try loading config from pai-aimaster-new configmap.
[2026-05-02 17:09:37] [2026-05-02 17:09:36,291 AIMaster] (job_monitor_controller_k8s.py 1099) INFO: All workers: 2, running: 1, failed: 0, pending: 0
[2026-05-02 17:09:37] [2026-05-02 17:09:36,291 AIMaster] (ops_reported_error_detector.py 103) INFO: Detecting whether the job is affected by errors reported by ops platform.
[2026-05-02 17:10:02] [2026-05-02 17:10:02,044 AIMaster] (job_event_collector.py 135) WARNING: Failed to watch pods, exception: ("Connection broken: ConnectionResetError(104, 'Connection reset by peer')", ConnectionResetError(104, 'Connection reset by peer'))
[2026-05-02 17:10:07] [2026-05-02 17:10:06,498 AIMaster] (job_monitor_controller_k8s.py 1099) INFO: All workers: 2, running: 1, failed: 0, pending: 0
[2026-05-02 17:10:12] [2026-05-02 17:10:11,511 AIMaster] (aimaster_failover_controller.py 81) INFO: Detecting whether aimaster should be migrated.
[2026-05-02 17:10:21] [2026-05-02 17:10:20,534 AIMaster] (config.py 347) INFO: Try loading config from pai-aimaster-new configmap.
[2026-05-02 17:10:37] [2026-05-02 17:10:36,650 AIMaster] (job_monitor_controller_k8s.py 1099) INFO: All workers: 2, running: 1, failed: 0, pending: 0
[2026-05-02 17:10:37] [2026-05-02 17:10:36,650 AIMaster] (ops_reported_error_detector.py 103) INFO: Detecting whether the job is affected by errors reported by ops platform.
[2026-05-02 17:11:07] [2026-05-02 17:11:06,830 AIMaster] (job_monitor_controller_k8s.py 1099) INFO: All workers: 2, running: 1, failed: 0, pending: 0
[2026-05-02 17:11:21] [2026-05-02 17:11:20,571 AIMaster] (config.py 347) INFO: Try loading config from pai-aimaster-new configmap.
[2026-05-02 17:11:34] [2026-05-02 17:11:34,036 AIMaster] (job_event_collector.py 135) WARNING: Failed to watch pods, exception: ("Connection broken: ConnectionResetError(104, 'Connection reset by peer')", ConnectionResetError(104, 'Connection reset by peer'))
[2026-05-02 17:11:37] [2026-05-02 17:11:36,945 AIMaster] (job_monitor_controller_k8s.py 1099) INFO: All workers: 2, running: 1, failed: 0, pending: 0
[2026-05-02 17:11:37] [2026-05-02 17:11:36,945 AIMaster] (ops_reported_error_detector.py 103) INFO: Detecting whether the job is affected by errors reported by ops platform.
[2026-05-02 17:12:07] [2026-05-02 17:12:07,099 AIMaster] (job_monitor_controller_k8s.py 1099) INFO: All workers: 2, running: 1, failed: 0, pending: 0
[2026-05-02 17:12:12] [2026-05-02 17:12:12,111 AIMaster] (aimaster_failover_controller.py 81) INFO: Detecting whether aimaster should be migrated.
[2026-05-02 17:12:21] [2026-05-02 17:12:20,607 AIMaster] (config.py 347) INFO: Try loading config from pai-aimaster-new configmap.
[2026-05-02 17:12:38] [2026-05-02 17:12:37,225 AIMaster] (pod_manager.py 415) INFO: Pod Category Summary (Total pods: 2)
[2026-05-02 17:12:38] | Category           |   Count | Percentage   | Pods                        |
[2026-05-02 17:12:38] |--------------------|---------|--------------|-----------------------------|
[2026-05-02 17:12:38] | Running            |       1 | 50.0%        | [dlc7uaznuz8nkr0r-worker-0] |
[2026-05-02 17:12:38] | Succeeded          |       1 | 50.0%        | [dlc7uaznuz8nkr0r-master-0] |
[2026-05-02 17:12:38] | Pending            |       0 | 0.0%         |                             |
[2026-05-02 17:12:38] | Failed             |       0 | 0.0%         |                             |
[2026-05-02 17:12:38] | Terminating        |       0 | 0.0%         |                             |
[2026-05-02 17:12:38] | Scheduler_evicting |       0 | 0.0%         |                             |
[2026-05-02 17:12:38] | Aiph_node_error    |       0 | 0.0%         |                             |
[2026-05-02 17:12:38] | Unknown            |       0 | 0.0%         |                             |
[2026-05-02 17:12:38] 
[2026-05-02 17:12:38] [2026-05-02 17:12:37,225 AIMaster] (job_monitor_controller_k8s.py 1099) INFO: All workers: 2, running: 1, failed: 0, pending: 0
[2026-05-02 17:12:38] [2026-05-02 17:12:37,226 AIMaster] (ops_reported_error_detector.py 103) INFO: Detecting whether the job is affected by errors reported by ops platform.
[2026-05-02 17:12:59] [posteval-worker] ERROR: idle watch loop timed out after 10800s
[2026-05-02 17:12:59] [worker] posteval_worker_watch exited rc=1
[2026-05-02 17:13:03] [2026-05-02 17:13:02,370 AIMaster] (job_monitor_controller_k8s.py 1099) INFO: All workers: 2, running: 1, failed: 0, pending: 0
[2026-05-02 17:13:03] [2026-05-02 17:13:02,371 AIMaster] (ops_reported_error_detector.py 103) INFO: Detecting whether the job is affected by errors reported by ops platform.
[2026-05-02 17:13:08] [2026-05-02 17:13:07,465 AIMaster] (job_monitor_controller_k8s.py 1099) INFO: All workers: 2, running: 1, failed: 0, pending: 0
[2026-05-02 17:13:08] [2026-05-02 17:13:07,465 AIMaster] (ops_reported_error_detector.py 103) INFO: Detecting whether the job is affected by errors reported by ops platform.
[2026-05-02 17:13:21] [2026-05-02 17:13:20,644 AIMaster] (config.py 347) INFO: Try loading config from pai-aimaster-new configmap.
[2026-05-02 17:13:23] [2026-05-02 17:13:22,621 AIMaster] (pod_manager.py 415) INFO: Pod Category Summary (Total pods: 2)
[2026-05-02 17:13:23] | Category           |   Count | Percentage   | Pods                        |
[2026-05-02 17:13:23] |--------------------|---------|--------------|-----------------------------|
[2026-05-02 17:13:23] | Succeeded          |       1 | 50.0%        | [dlc7uaznuz8nkr0r-master-0] |
[2026-05-02 17:13:23] | Failed             |       1 | 50.0%        | [dlc7uaznuz8nkr0r-worker-0] |
[2026-05-02 17:13:23] | Pending            |       0 | 0.0%         |                             |
[2026-05-02 17:13:23] | Running            |       0 | 0.0%         |                             |
[2026-05-02 17:13:23] | Terminating        |       0 | 0.0%         |                             |
[2026-05-02 17:13:23] | Scheduler_evicting |       0 | 0.0%         |                             |
[2026-05-02 17:13:23] | Aiph_node_error    |       0 | 0.0%         |                             |
[2026-05-02 17:13:23] | Unknown            |       0 | 0.0%         |                             |
[2026-05-02 17:13:23] 
[2026-05-02 17:13:23] [2026-05-02 17:13:22,622 AIMaster] (job_monitor_controller_k8s.py 1099) INFO: All workers: 2, running: 0, failed: 1, pending: 0
[2026-05-02 17:13:23] [2026-05-02 17:13:22,622 AIMaster] (job_monitor_controller_k8s.py 1573) WARNING: Handle failed workers: {'worker': ['0']}
[2026-05-02 17:13:23] [2026-05-02 17:13:22,847 AIMaster] (utils.py 153) INFO: Function parse_failed_worker run time is 0.2253s
[2026-05-02 17:13:23] [2026-05-02 17:13:22,847 AIMaster] (job_monitor_controller_k8s.py 1336) INFO: Detecting anomalous node from 2 workers.
[2026-05-02 17:13:23] [2026-05-02 17:13:22,847 AIMaster] (kubernetes_job_tracker.py 572) INFO: Fetching logs from 2 pods in namespace 't1245621648665098' using pre-created thread pool (15 workers). Total timeout: 300s, Pod timeout: 2s, Additional args: {'tail_lines': 200}
[2026-05-02 17:13:23] [2026-05-02 17:13:22,883 AIMaster] (kubernetes_job_tracker.py 663) INFO: Batch log fetching completed in 0.0360s with 2/2 pods successful
[2026-05-02 17:13:23] 
Detecting anomalous node from pods:   0%|          | 0/2 [00:00<?, ?it/s]
Detecting anomalous node from pods: 100%|██████████| 2/2 [00:00<00:00, 27.21it/s]
[2026-05-02 17:13:23] [2026-05-02 17:13:22,957 AIMaster] (utils.py 153) INFO: Function AnomalousNodeDetector.detect run time is 0.1099s
[2026-05-02 17:13:23] [2026-05-02 17:13:22,959 AIMaster] (anomalous_nodes_manager.py 204) INFO: Job level blacklist node error history
[2026-05-02 17:13:23] # History accumulation for node error information of job level blacklist, not indicate this round restarting!!!
[2026-05-02 17:13:23] # Please check log(or others) like "Handle failed workers: xxx" for this round restarting.
[2026-05-02 17:13:23] | NodeName                            | ErrorMessage   |   ErrorCount |   ErrorScore | IsBlacklisted   | UpdateTime           |
[2026-05-02 17:13:23] |:------------------------------------|:---------------|-------------:|-------------:|:----------------|:---------------------|
[2026-05-02 17:13:23] | lingjjzxfyht3hny-mgldvevd51o2qeh9-0 | Failed         |            2 |            0 | No              | 2026-05-02T03:53:54Z |
[2026-05-02 17:13:23] | lingjjzxfyht3hny-mg1tqb9xmi66w5qp-0 | Failed         |            1 |            0 | No              | 2026-05-02T09:13:22Z |
[2026-05-02 17:13:23] [2026-05-02 17:13:22,965 AIMaster] (manager.py 120) INFO: Add a new job message, version: 3, level: Warning, source: System
[2026-05-02 17:13:23] [2026-05-02 17:13:22,965 AIMaster] (job_monitor_controller_k8s.py 2108) WARNING: Restarting job.
[2026-05-02 17:13:23] [2026-05-02 17:13:22,965 AIMaster] (job_monitor_controller_k8s.py 1663) INFO: perftracker controller set job status: Restarting
[2026-05-02 17:13:23] [2026-05-02 17:13:22.965 AIMaster] (perftracker_manager.cc 39) INFO: Set perftracker job status `Restarting`
[2026-05-02 17:13:23] [2026-05-02 17:13:22,975 AIMaster] (job_status_manager.py 70) WARNING: Update job status to Restarting, reason: 
[2026-05-02 17:13:23] [2026-05-02 17:13:22,985 AIMaster] (kubernetes_job_tracker.py 184) INFO: New job patch: [{'op': 'replace', 'path': '/metadata/annotations/kubedl.io~1expected-job-status', 'value': '{"JobState": "Restarting", "Message": "", "Source": "System"}'}]
[2026-05-02 17:13:23] [2026-05-02 17:13:23,010 AIMaster] (kubernetes_job_tracker.py 184) INFO: New job patch: [{'op': 'replace', 'path': '/metadata/annotations/kubedl.io~1add-aimaster-message', 'value': '{"MessageContent": "\\u4efb\\u52a1\\u90e8\\u5206\\u5b9e\\u4f8b\\u8fd0\\u884c\\u5931\\u8d25, \\u5305\\u62ec {\'worker\': [\'0\']}", "MessageVersion": 3, "MessageLevel": "Warning", "MessageSource": "System", "MessageCreateTime": "2026-05-02T17:13:22.622273+08:00", "JobRestartCount": 3, "RestartType": "Job", "MessageEvent": "\\u4efb\\u52a1\\u7b2c **3** \\u6b21\\u91cd\\u542f", "Extended": "{}"}'}]
[2026-05-02 17:13:23] [2026-05-02 17:13:23,042 AIMaster] (job_monitor_controller_k8s.py 1663) INFO: perftracker controller set job status: Restarting
[2026-05-02 17:13:23] [2026-05-02 17:13:23.042 AIMaster] (perftracker_manager.cc 39) INFO: Set perftracker job status `Restarting`
[2026-05-02 17:13:23] [2026-05-02 17:13:23,054 AIMaster] (kubernetes_job_tracker.py 184) INFO: New job patch: [{'op': 'replace', 'path': '/metadata/annotations/pai.alibabacloud.com~1job-failover-generation', 'value': '3'}, {'op': 'replace', 'path': '/metadata/annotations/kubedl.io~1job-failover-generation', 'value': '3'}, {'op': 'replace', 'path': '/metadata/annotations/pai.alibabacloud.com~1job-restart-info', 'value': '{"OccurTime": "2026-05-02T09:13:22Z", "OccurPhase": "Running", "Reason": "WorkerFailed", "TriggerID": "pP_BunvyRWOs8E9VcpkJUQ", "JobRestartCount": 3, "DetailErrorInfoList": [{"Node": "lingjjzxfyht3hny-mg1tqb9xmi66w5qp-0", "Pod": "dlc7uaznuz8nkr0r-worker-0", "ErrorCode": "499", "ErrorMsg": "WorkerFailed", "AddNodeToBlacklist": false, "AddJobLevelBlacklist": false, "ErrorSource": "AIMaster", "IsGlobal": false, "Count": 1}]}'}, {'op': 'replace', 'path': '/metadata/annotations/kubedl.io~1immediately-start-worker', 'value': 'true'}, {'op': 'replace', 'path': '/spec/pytorchReplicaSpecs/Master/template/spec/containers/0/env/25/value', 'value': '3'}, {'op': 'replace', 'path': '/spec/pytorchReplicaSpecs/Worker/template/spec/containers/0/env/25/value', 'value': '3'}]
[2026-05-02 17:13:23] [2026-05-02 17:13:23,102 AIMaster] (job_monitor_controller_k8s.py 2168) INFO: Waiting for restart job patch to be triggered...
[2026-05-02 17:13:25] [2026-05-02 17:13:25,116 AIMaster] (job_monitor_controller_k8s.py 2170) INFO: Restart job patch has been triggered.
[2026-05-02 17:13:25] [2026-05-02 17:13:25,150 AIMaster] (job_status_manager.py 90) INFO: Remove expected job status setting.
[2026-05-02 17:13:25] [2026-05-02 17:13:25,151 AIMaster] (kubernetes_job_tracker.py 184) INFO: New job patch: [{'op': 'replace', 'path': '/metadata/annotations/kubedl.io~1expected-job-status', 'value': ''}]
[2026-05-02 17:13:25] [2026-05-02 17:13:25,190 AIMaster] (job_restart_info_manager.py 108) INFO: Recorded job restart #3 at 1777713205.1905024
[2026-05-02 17:13:25] [2026-05-02 17:13:25,199 AIMaster] (kubernetes_job_tracker.py 184) INFO: New job patch: [{'op': 'replace', 'path': '/metadata/annotations/pai.alibabacloud.com~1job-restart-finish-info', 'value': '{"OccurTime": "2026-05-02T09:13:25Z", "RestartStatus": "Succeeded", "TriggerID": "pP_BunvyRWOs8E9VcpkJUQ", "RestartDurationInSec": 0, "JobRestartCount": 3}'}, {'op': 'replace', 'path': '/metadata/annotations/pai.alibabacloud.com~1job-restart-info', 'value': ''}]
[2026-05-02 17:13:26] [2026-05-02 17:13:25,220 AIMaster] (runtime_error_detector.py 517) INFO: Set training metric expired time to 1777713205.220871
[2026-05-02 17:14:16] [2026-05-02 17:14:15,378 AIMaster] (aimaster_failover_controller.py 81) INFO: Detecting whether aimaster should be migrated.
[2026-05-02 17:14:21] [2026-05-02 17:14:20,686 AIMaster] (config.py 347) INFO: Try loading config from pai-aimaster-new configmap.
[2026-05-02 17:14:55] [2026-05-02 17:14:54,352 AIMaster] (job_event_collector.py 135) WARNING: Failed to watch pods, exception: ("Connection broken: ConnectionResetError(104, 'Connection reset by peer')", ConnectionResetError(104, 'Connection reset by peer'))
[2026-05-02 17:15:16] [2026-05-02 17:15:15,578 AIMaster] (retry.py 51) WARNING: Failed to call read_namespaced_pod, exception: (404)
[2026-05-02 17:15:16] Reason: Not Found
[2026-05-02 17:15:16] HTTP response headers: HTTPHeaderDict({'Audit-Id': 'ab47dec2-e07d-4afc-a6b5-c2aa2615a243', 'Cache-Control': 'no-cache, private', 'Content-Type': 'application/json', 'X-Kubernetes-Pf-Flowschema-Uid': 'f4625862-d16d-4569-9272-da6d3702f034', 'X-Kubernetes-Pf-Prioritylevel-Uid': 'faabc609-75ed-4e57-aa2b-0b5958504161', 'Date': 'Sat, 02 May 2026 09:15:15 GMT', 'Content-Length': '218'})
[2026-05-02 17:15:16] HTTP response body: {"kind":"Status","apiVersion":"v1","metadata":{},"status":"Failure","message":"pods \"dlc7uaznuz8nkr0r-master-0\" not found","reason":"NotFound","details":{"name":"dlc7uaznuz8nkr0r-master-0","kind":"pods"},"code":404}
[2026-05-02 17:15:16] 
[2026-05-02 17:15:16] , retry: 0/3
[2026-05-02 17:15:17] [2026-05-02 17:15:16,583 AIMaster] (retry.py 51) WARNING: Failed to call read_namespaced_pod, exception: (404)
[2026-05-02 17:15:17] Reason: Not Found
[2026-05-02 17:15:17] HTTP response headers: HTTPHeaderDict({'Audit-Id': 'cf5a77b1-c0e4-4ced-8bef-644b6d73105c', 'Cache-Control': 'no-cache, private', 'Content-Type': 'application/json', 'X-Kubernetes-Pf-Flowschema-Uid': 'f4625862-d16d-4569-9272-da6d3702f034', 'X-Kubernetes-Pf-Prioritylevel-Uid': 'faabc609-75ed-4e57-aa2b-0b5958504161', 'Date': 'Sat, 02 May 2026 09:15:16 GMT', 'Content-Length': '218'})
[2026-05-02 17:15:17] HTTP response body: {"kind":"Status","apiVersion":"v1","metadata":{},"status":"Failure","message":"pods \"dlc7uaznuz8nkr0r-master-0\" not found","reason":"NotFound","details":{"name":"dlc7uaznuz8nkr0r-master-0","kind":"pods"},"code":404}
[2026-05-02 17:15:17] 
[2026-05-02 17:15:17] , retry: 1/3
[2026-05-02 17:15:19] [2026-05-02 17:15:18,590 AIMaster] (retry.py 51) WARNING: Failed to call read_namespaced_pod, exception: (404)
[2026-05-02 17:15:19] Reason: Not Found
[2026-05-02 17:15:19] HTTP response headers: HTTPHeaderDict({'Audit-Id': '17efb4c4-2ce3-4200-b6dd-c0d762c801d3', 'Cache-Control': 'no-cache, private', 'Content-Type': 'application/json', 'X-Kubernetes-Pf-Flowschema-Uid': 'f4625862-d16d-4569-9272-da6d3702f034', 'X-Kubernetes-Pf-Prioritylevel-Uid': 'faabc609-75ed-4e57-aa2b-0b5958504161', 'Date': 'Sat, 02 May 2026 09:15:18 GMT', 'Content-Length': '218'})
[2026-05-02 17:15:19] HTTP response body: {"kind":"Status","apiVersion":"v1","metadata":{},"status":"Failure","message":"pods \"dlc7uaznuz8nkr0r-master-0\" not found","reason":"NotFound","details":{"name":"dlc7uaznuz8nkr0r-master-0","kind":"pods"},"code":404}
[2026-05-02 17:15:19] 
[2026-05-02 17:15:19] , retry: 2/3
[2026-05-02 17:15:21] [2026-05-02 17:15:20,723 AIMaster] (config.py 347) INFO: Try loading config from pai-aimaster-new configmap.
[2026-05-02 17:15:23] [2026-05-02 17:15:22,599 AIMaster] (retry.py 51) WARNING: Failed to call read_namespaced_pod, exception: (404)
[2026-05-02 17:15:23] Reason: Not Found
[2026-05-02 17:15:23] HTTP response headers: HTTPHeaderDict({'Audit-Id': '43543f3e-ff2e-4197-a4dd-ad7af22524dc', 'Cache-Control': 'no-cache, private', 'Content-Type': 'application/json', 'X-Kubernetes-Pf-Flowschema-Uid': 'f4625862-d16d-4569-9272-da6d3702f034', 'X-Kubernetes-Pf-Prioritylevel-Uid': 'faabc609-75ed-4e57-aa2b-0b5958504161', 'Date': 'Sat, 02 May 2026 09:15:22 GMT', 'Content-Length': '218'})
[2026-05-02 17:15:23] HTTP response body: {"kind":"Status","apiVersion":"v1","metadata":{},"status":"Failure","message":"pods \"dlc7uaznuz8nkr0r-master-0\" not found","reason":"NotFound","details":{"name":"dlc7uaznuz8nkr0r-master-0","kind":"pods"},"code":404}
[2026-05-02 17:15:23] 
[2026-05-02 17:15:23] , retry: 3/3
[2026-05-02 17:15:23] [2026-05-02 17:15:22,599 AIMaster] (job_monitor_controller_k8s.py 936) WARNING: Failed to get dlc7uaznuz8nkr0r-master-0 pod status.
[2026-05-02 17:15:43] [2026-05-02 17:15:42,648 AIMaster] (retry.py 51) WARNING: Failed to call read_namespaced_pod, exception: (404)
[2026-05-02 17:15:43] Reason: Not Found
[2026-05-02 17:15:43] HTTP response headers: HTTPHeaderDict({'Audit-Id': 'ce4e741e-3db3-4f8c-be4c-754e0d444a24', 'Cache-Control': 'no-cache, private', 'Content-Type': 'application/json', 'X-Kubernetes-Pf-Flowschema-Uid': 'f4625862-d16d-4569-9272-da6d3702f034', 'X-Kubernetes-Pf-Prioritylevel-Uid': 'faabc609-75ed-4e57-aa2b-0b5958504161', 'Date': 'Sat, 02 May 2026 09:15:42 GMT', 'Content-Length': '218'})
[2026-05-02 17:15:43] HTTP response body: {"kind":"Status","apiVersion":"v1","metadata":{},"status":"Failure","message":"pods \"dlc7uaznuz8nkr0r-master-0\" not found","reason":"NotFound","details":{"name":"dlc7uaznuz8nkr0r-master-0","kind":"pods"},"code":404}
[2026-05-02 17:15:43] 
[2026-05-02 17:15:43] , retry: 0/3
[2026-05-02 17:15:44] [2026-05-02 17:15:43,654 AIMaster] (retry.py 51) WARNING: Failed to call read_namespaced_pod, exception: (404)
[2026-05-02 17:15:44] Reason: Not Found
[2026-05-02 17:15:44] HTTP response headers: HTTPHeaderDict({'Audit-Id': '17e4b419-7b15-4772-9c8e-45c29f2466b8', 'Cache-Control': 'no-cache, private', 'Content-Type': 'application/json', 'X-Kubernetes-Pf-Flowschema-Uid': 'f4625862-d16d-4569-9272-da6d3702f034', 'X-Kubernetes-Pf-Prioritylevel-Uid': 'faabc609-75ed-4e57-aa2b-0b5958504161', 'Date': 'Sat, 02 May 2026 09:15:43 GMT', 'Content-Length': '218'})
[2026-05-02 17:15:44] HTTP response body: {"kind":"Status","apiVersion":"v1","metadata":{},"status":"Failure","message":"pods \"dlc7uaznuz8nkr0r-master-0\" not found","reason":"NotFound","details":{"name":"dlc7uaznuz8nkr0r-master-0","kind":"pods"},"code":404}
[2026-05-02 17:15:44] 
[2026-05-02 17:15:44] , retry: 1/3
[2026-05-02 17:15:46] [2026-05-02 17:15:45,662 AIMaster] (retry.py 51) WARNING: Failed to call read_namespaced_pod, exception: (404)
[2026-05-02 17:15:46] Reason: Not Found
[2026-05-02 17:15:46] HTTP response headers: HTTPHeaderDict({'Audit-Id': '9f480d46-bd0a-4c54-a625-54a79543b953', 'Cache-Control': 'no-cache, private', 'Content-Type': 'application/json', 'X-Kubernetes-Pf-Flowschema-Uid': 'f4625862-d16d-4569-9272-da6d3702f034', 'X-Kubernetes-Pf-Prioritylevel-Uid': 'faabc609-75ed-4e57-aa2b-0b5958504161', 'Date': 'Sat, 02 May 2026 09:15:45 GMT', 'Content-Length': '218'})
[2026-05-02 17:15:46] HTTP response body: {"kind":"Status","apiVersion":"v1","metadata":{},"status":"Failure","message":"pods \"dlc7uaznuz8nkr0r-master-0\" not found","reason":"NotFound","details":{"name":"dlc7uaznuz8nkr0r-master-0","kind":"pods"},"code":404}
[2026-05-02 17:15:46] 
[2026-05-02 17:15:46] , retry: 2/3
[2026-05-02 17:15:50] [2026-05-02 17:15:49,670 AIMaster] (retry.py 51) WARNING: Failed to call read_namespaced_pod, exception: (404)
[2026-05-02 17:15:50] Reason: Not Found
[2026-05-02 17:15:50] HTTP response headers: HTTPHeaderDict({'Audit-Id': '47f8f45d-1348-436b-a3c6-500efc3d5437', 'Cache-Control': 'no-cache, private', 'Content-Type': 'application/json', 'X-Kubernetes-Pf-Flowschema-Uid': 'f4625862-d16d-4569-9272-da6d3702f034', 'X-Kubernetes-Pf-Prioritylevel-Uid': 'faabc609-75ed-4e57-aa2b-0b5958504161', 'Date': 'Sat, 02 May 2026 09:15:49 GMT', 'Content-Length': '218'})
[2026-05-02 17:15:50] HTTP response body: {"kind":"Status","apiVersion":"v1","metadata":{},"status":"Failure","message":"pods \"dlc7uaznuz8nkr0r-master-0\" not found","reason":"NotFound","details":{"name":"dlc7uaznuz8nkr0r-master-0","kind":"pods"},"code":404}
[2026-05-02 17:15:50] 
[2026-05-02 17:15:50] , retry: 3/3
[2026-05-02 17:15:50] [2026-05-02 17:15:49,670 AIMaster] (job_monitor_controller_k8s.py 936) WARNING: Failed to get dlc7uaznuz8nkr0r-master-0 pod status.
[2026-05-02 17:16:15] [2026-05-02 17:16:14,741 AIMaster] (retry.py 51) WARNING: Failed to call read_namespaced_pod, exception: (404)
[2026-05-02 17:16:15] Reason: Not Found
[2026-05-02 17:16:15] HTTP response headers: HTTPHeaderDict({'Audit-Id': '6405eb59-9b70-40b4-a695-62cfe046d946', 'Cache-Control': 'no-cache, private', 'Content-Type': 'application/json', 'X-Kubernetes-Pf-Flowschema-Uid': 'f4625862-d16d-4569-9272-da6d3702f034', 'X-Kubernetes-Pf-Prioritylevel-Uid': 'faabc609-75ed-4e57-aa2b-0b5958504161', 'Date': 'Sat, 02 May 2026 09:16:14 GMT', 'Content-Length': '218'})
[2026-05-02 17:16:15] HTTP response body: {"kind":"Status","apiVersion":"v1","metadata":{},"status":"Failure","message":"pods \"dlc7uaznuz8nkr0r-master-0\" not found","reason":"NotFound","details":{"name":"dlc7uaznuz8nkr0r-master-0","kind":"pods"},"code":404}
[2026-05-02 17:16:15] 
[2026-05-02 17:16:15] , retry: 0/3
[2026-05-02 17:16:16] [2026-05-02 17:16:15,747 AIMaster] (retry.py 51) WARNING: Failed to call read_namespaced_pod, exception: (404)
[2026-05-02 17:16:16] Reason: Not Found
[2026-05-02 17:16:16] HTTP response headers: HTTPHeaderDict({'Audit-Id': '77d516ec-45e8-401f-893b-be3196c67699', 'Cache-Control': 'no-cache, private', 'Content-Type': 'application/json', 'X-Kubernetes-Pf-Flowschema-Uid': 'f4625862-d16d-4569-9272-da6d3702f034', 'X-Kubernetes-Pf-Prioritylevel-Uid': 'faabc609-75ed-4e57-aa2b-0b5958504161', 'Date': 'Sat, 02 May 2026 09:16:15 GMT', 'Content-Length': '218'})
[2026-05-02 17:16:16] HTTP response body: {"kind":"Status","apiVersion":"v1","metadata":{},"status":"Failure","message":"pods \"dlc7uaznuz8nkr0r-master-0\" not found","reason":"NotFound","details":{"name":"dlc7uaznuz8nkr0r-master-0","kind":"pods"},"code":404}
[2026-05-02 17:16:16] 
[2026-05-02 17:16:16] , retry: 1/3
[2026-05-02 17:16:18] [2026-05-02 17:16:17,752 AIMaster] (retry.py 51) WARNING: Failed to call read_namespaced_pod, exception: (404)
[2026-05-02 17:16:18] Reason: Not Found
[2026-05-02 17:16:18] HTTP response headers: HTTPHeaderDict({'Audit-Id': '2a4325b8-5620-46fa-a325-2df27fdc72f7', 'Cache-Control': 'no-cache, private', 'Content-Type': 'application/json', 'X-Kubernetes-Pf-Flowschema-Uid': 'f4625862-d16d-4569-9272-da6d3702f034', 'X-Kubernetes-Pf-Prioritylevel-Uid': 'faabc609-75ed-4e57-aa2b-0b5958504161', 'Date': 'Sat, 02 May 2026 09:16:17 GMT', 'Content-Length': '218'})
[2026-05-02 17:16:18] HTTP response body: {"kind":"Status","apiVersion":"v1","metadata":{},"status":"Failure","message":"pods \"dlc7uaznuz8nkr0r-master-0\" not found","reason":"NotFound","details":{"name":"dlc7uaznuz8nkr0r-master-0","kind":"pods"},"code":404}
[2026-05-02 17:16:18] 
[2026-05-02 17:16:18] , retry: 2/3
[2026-05-02 17:16:21] [2026-05-02 17:16:20,761 AIMaster] (config.py 347) INFO: Try loading config from pai-aimaster-new configmap.
[2026-05-02 17:16:22] [2026-05-02 17:16:21,762 AIMaster] (retry.py 51) WARNING: Failed to call read_namespaced_pod, exception: (404)
[2026-05-02 17:16:22] Reason: Not Found
[2026-05-02 17:16:22] HTTP response headers: HTTPHeaderDict({'Audit-Id': 'a70a3200-e4f1-4e85-8e71-70e3ceca2067', 'Cache-Control': 'no-cache, private', 'Content-Type': 'application/json', 'X-Kubernetes-Pf-Flowschema-Uid': 'f4625862-d16d-4569-9272-da6d3702f034', 'X-Kubernetes-Pf-Prioritylevel-Uid': 'faabc609-75ed-4e57-aa2b-0b5958504161', 'Date': 'Sat, 02 May 2026 09:16:21 GMT', 'Content-Length': '218'})
[2026-05-02 17:16:22] HTTP response body: {"kind":"Status","apiVersion":"v1","metadata":{},"status":"Failure","message":"pods \"dlc7uaznuz8nkr0r-master-0\" not found","reason":"NotFound","details":{"name":"dlc7uaznuz8nkr0r-master-0","kind":"pods"},"code":404}
[2026-05-02 17:16:22] 
[2026-05-02 17:16:22] , retry: 3/3
[2026-05-02 17:16:22] [2026-05-02 17:16:21,762 AIMaster] (job_monitor_controller_k8s.py 936) WARNING: Failed to get dlc7uaznuz8nkr0r-master-0 pod status.
[2026-05-02 17:16:22] [2026-05-02 17:16:21,762 AIMaster] (aimaster_failover_controller.py 81) INFO: Detecting whether aimaster should be migrated.
[2026-05-02 17:16:45] [2026-05-02 17:16:44,794 AIMaster] (job_event_collector.py 135) WARNING: Failed to watch pods, exception: ("Connection broken: ConnectionResetError(104, 'Connection reset by peer')", ConnectionResetError(104, 'Connection reset by peer'))
[2026-05-02 17:16:47] [2026-05-02 17:16:46,839 AIMaster] (retry.py 51) WARNING: Failed to call read_namespaced_pod, exception: (404)
[2026-05-02 17:16:47] Reason: Not Found
[2026-05-02 17:16:47] HTTP response headers: HTTPHeaderDict({'Audit-Id': '34328f6f-b3aa-4cd5-a71c-8289e29a43e2', 'Cache-Control': 'no-cache, private', 'Content-Type': 'application/json', 'X-Kubernetes-Pf-Flowschema-Uid': 'f4625862-d16d-4569-9272-da6d3702f034', 'X-Kubernetes-Pf-Prioritylevel-Uid': 'faabc609-75ed-4e57-aa2b-0b5958504161', 'Date': 'Sat, 02 May 2026 09:16:46 GMT', 'Content-Length': '218'})
[2026-05-02 17:16:47] HTTP response body: {"kind":"Status","apiVersion":"v1","metadata":{},"status":"Failure","message":"pods \"dlc7uaznuz8nkr0r-master-0\" not found","reason":"NotFound","details":{"name":"dlc7uaznuz8nkr0r-master-0","kind":"pods"},"code":404}
[2026-05-02 17:16:47] 
[2026-05-02 17:16:47] , retry: 0/3
[2026-05-02 17:16:48] [2026-05-02 17:16:47,845 AIMaster] (retry.py 51) WARNING: Failed to call read_namespaced_pod, exception: (404)
[2026-05-02 17:16:48] Reason: Not Found
[2026-05-02 17:16:48] HTTP response headers: HTTPHeaderDict({'Audit-Id': '6805b538-81c1-4995-8d3e-4e9b6eed03ab', 'Cache-Control': 'no-cache, private', 'Content-Type': 'application/json', 'X-Kubernetes-Pf-Flowschema-Uid': 'f4625862-d16d-4569-9272-da6d3702f034', 'X-Kubernetes-Pf-Prioritylevel-Uid': 'faabc609-75ed-4e57-aa2b-0b5958504161', 'Date': 'Sat, 02 May 2026 09:16:47 GMT', 'Content-Length': '218'})
[2026-05-02 17:16:48] HTTP response body: {"kind":"Status","apiVersion":"v1","metadata":{},"status":"Failure","message":"pods \"dlc7uaznuz8nkr0r-master-0\" not found","reason":"NotFound","details":{"name":"dlc7uaznuz8nkr0r-master-0","kind":"pods"},"code":404}
[2026-05-02 17:16:48] 
[2026-05-02 17:16:48] , retry: 1/3
[2026-05-02 17:16:50] [2026-05-02 17:16:49,851 AIMaster] (retry.py 51) WARNING: Failed to call read_namespaced_pod, exception: (404)
[2026-05-02 17:16:50] Reason: Not Found
[2026-05-02 17:16:50] HTTP response headers: HTTPHeaderDict({'Audit-Id': 'dab5544b-8909-4632-ad3a-c31d7fabd213', 'Cache-Control': 'no-cache, private', 'Content-Type': 'application/json', 'X-Kubernetes-Pf-Flowschema-Uid': 'f4625862-d16d-4569-9272-da6d3702f034', 'X-Kubernetes-Pf-Prioritylevel-Uid': 'faabc609-75ed-4e57-aa2b-0b5958504161', 'Date': 'Sat, 02 May 2026 09:16:49 GMT', 'Content-Length': '218'})
[2026-05-02 17:16:50] HTTP response body: {"kind":"Status","apiVersion":"v1","metadata":{},"status":"Failure","message":"pods \"dlc7uaznuz8nkr0r-master-0\" not found","reason":"NotFound","details":{"name":"dlc7uaznuz8nkr0r-master-0","kind":"pods"},"code":404}
[2026-05-02 17:16:50] 
[2026-05-02 17:16:50] , retry: 2/3
[2026-05-02 17:16:54] [2026-05-02 17:16:53,860 AIMaster] (retry.py 51) WARNING: Failed to call read_namespaced_pod, exception: (404)
[2026-05-02 17:16:54] Reason: Not Found
[2026-05-02 17:16:54] HTTP response headers: HTTPHeaderDict({'Audit-Id': '3937b7b6-64dd-4b86-990b-93fd6578506c', 'Cache-Control': 'no-cache, private', 'Content-Type': 'application/json', 'X-Kubernetes-Pf-Flowschema-Uid': 'f4625862-d16d-4569-9272-da6d3702f034', 'X-Kubernetes-Pf-Prioritylevel-Uid': 'faabc609-75ed-4e57-aa2b-0b5958504161', 'Date': 'Sat, 02 May 2026 09:16:53 GMT', 'Content-Length': '218'})
[2026-05-02 17:16:54] HTTP response body: {"kind":"Status","apiVersion":"v1","metadata":{},"status":"Failure","message":"pods \"dlc7uaznuz8nkr0r-master-0\" not found","reason":"NotFound","details":{"name":"dlc7uaznuz8nkr0r-master-0","kind":"pods"},"code":404}
[2026-05-02 17:16:54] 
[2026-05-02 17:16:54] , retry: 3/3
[2026-05-02 17:16:54] [2026-05-02 17:16:53,860 AIMaster] (job_monitor_controller_k8s.py 936) WARNING: Failed to get dlc7uaznuz8nkr0r-master-0 pod status.
