[2026-04-30 19:48:34]   Downloading mypy_extensions-1.1.0-py3-none-any.whl (5.0 kB)
[2026-04-30 19:48:34] Collecting pathspec>=1.0.0 (from black->openrlhf==0.8.9)
[2026-04-30 19:48:34]   Downloading pathspec-1.1.1-py3-none-any.whl (57 kB)
[2026-04-30 19:48:34] Collecting pytokens~=0.4.0 (from black->openrlhf==0.8.9)
[2026-04-30 19:48:34]   Downloading pytokens-0.4.1-cp312-cp312-manylinux2014_x86_64.manylinux_2_17_x86_64.manylinux_2_28_x86_64.whl (269 kB)
[2026-04-30 19:48:34] Requirement already satisfied: pyarrow>=21.0.0 in /mnt/workspace/venvs/.venv/lib/python3.12/site-packages (from datasets->openrlhf==0.8.9) (23.0.1)
[2026-04-30 19:48:34] Requirement already satisfied: dill<0.4.2,>=0.3.0 in /mnt/workspace/venvs/.venv/lib/python3.12/site-packages (from datasets->openrlhf==0.8.9) (0.4.1)
[2026-04-30 19:48:34] Requirement already satisfied: pandas in /mnt/workspace/venvs/.venv/lib/python3.12/site-packages (from datasets->openrlhf==0.8.9) (3.0.2)
[2026-04-30 19:48:34] Requirement already satisfied: xxhash in /mnt/workspace/venvs/.venv/lib/python3.12/site-packages (from datasets->openrlhf==0.8.9) (3.7.0)
[2026-04-30 19:48:34] Requirement already satisfied: multiprocess<0.70.20 in /mnt/workspace/venvs/.venv/lib/python3.12/site-packages (from datasets->openrlhf==0.8.9) (0.70.19)
[2026-04-30 19:48:34] Requirement already satisfied: charset_normalizer<4,>=2 in /mnt/workspace/venvs/.venv/lib/python3.12/site-packages (from requests->ray==2.48.0->ray[default]==2.48.0->openrlhf==0.8.9) (3.4.7)
[2026-04-30 19:48:34] Requirement already satisfied: urllib3<3,>=1.26 in /mnt/workspace/venvs/.venv/lib/python3.12/site-packages (from requests->ray==2.48.0->ray[default]==2.48.0->openrlhf==0.8.9) (2.6.3)
[2026-04-30 19:48:34] Requirement already satisfied: hjson in /mnt/workspace/venvs/.venv/lib/python3.12/site-packages (from deepspeed->openrlhf==0.8.9) (3.1.0)
[2026-04-30 19:48:34] Requirement already satisfied: ninja in /mnt/workspace/venvs/.venv/lib/python3.12/site-packages (from deepspeed->openrlhf==0.8.9) (1.13.0)
[2026-04-30 19:48:34] Requirement already satisfied: py-cpuinfo in /mnt/workspace/venvs/.venv/lib/python3.12/site-packages (from deepspeed->openrlhf==0.8.9) (9.0.0)
[2026-04-30 19:48:34] Requirement already satisfied: MarkupSafe>=2.0 in /mnt/workspace/venvs/.venv/lib/python3.12/site-packages (from jinja2->torch->openrlhf==0.8.9) (3.0.3)
[2026-04-30 19:48:34] Requirement already satisfied: jsonschema-specifications>=2023.03.6 in /mnt/workspace/venvs/.venv/lib/python3.12/site-packages (from jsonschema->ray==2.48.0->ray[default]==2.48.0->openrlhf==0.8.9) (2025.9.1)
[2026-04-30 19:48:34] Requirement already satisfied: referencing>=0.28.4 in /mnt/workspace/venvs/.venv/lib/python3.12/site-packages (from jsonschema->ray==2.48.0->ray[default]==2.48.0->openrlhf==0.8.9) (0.37.0)
[2026-04-30 19:48:34] Requirement already satisfied: rpds-py>=0.25.0 in /mnt/workspace/venvs/.venv/lib/python3.12/site-packages (from jsonschema->ray==2.48.0->ray[default]==2.48.0->openrlhf==0.8.9) (0.30.0)
[2026-04-30 19:48:34] Requirement already satisfied: contourpy>=1.0.1 in /mnt/workspace/venvs/.venv/lib/python3.12/site-packages (from matplotlib->openrlhf==0.8.9) (1.3.3)
[2026-04-30 19:48:34] Requirement already satisfied: cycler>=0.10 in /mnt/workspace/venvs/.venv/lib/python3.12/site-packages (from matplotlib->openrlhf==0.8.9) (0.12.1)
[2026-04-30 19:48:34] Requirement already satisfied: fonttools>=4.22.0 in /mnt/workspace/venvs/.venv/lib/python3.12/site-packages (from matplotlib->openrlhf==0.8.9) (4.62.1)
[2026-04-30 19:48:34] Requirement already satisfied: kiwisolver>=1.3.1 in /mnt/workspace/venvs/.venv/lib/python3.12/site-packages (from matplotlib->openrlhf==0.8.9) (1.5.0)
[2026-04-30 19:48:34] Requirement already satisfied: pillow>=8 in /mnt/workspace/venvs/.venv/lib/python3.12/site-packages (from matplotlib->openrlhf==0.8.9) (12.2.0)
[2026-04-30 19:48:34] Requirement already satisfied: pyparsing>=3 in /mnt/workspace/venvs/.venv/lib/python3.12/site-packages (from matplotlib->openrlhf==0.8.9) (3.3.2)
[2026-04-30 19:48:34] Requirement already satisfied: python-dateutil>=2.7 in /mnt/workspace/venvs/.venv/lib/python3.12/site-packages (from matplotlib->openrlhf==0.8.9) (2.9.0.post0)
[2026-04-30 19:48:34] Requirement already satisfied: six>=1.5 in /mnt/workspace/venvs/.venv/lib/python3.12/site-packages (from python-dateutil>=2.7->matplotlib->openrlhf==0.8.9) (1.17.0)
[2026-04-30 19:48:34] Requirement already satisfied: nvidia-ml-py<13.591.0a0,>=11.450.51 in /mnt/workspace/venvs/.venv/lib/python3.12/site-packages (from nvitop->openrlhf==0.8.9) (13.590.48)
[2026-04-30 19:48:34] Requirement already satisfied: opencensus-context>=0.1.3 in /mnt/workspace/venvs/.venv/lib/python3.12/site-packages (from opencensus->ray[default]==2.48.0->openrlhf==0.8.9) (0.1.3)
[2026-04-30 19:48:34] Requirement already satisfied: google-api-core<3.0.0,>=1.0.0 in /mnt/workspace/venvs/.venv/lib/python3.12/site-packages (from opencensus->ray[default]==2.48.0->openrlhf==0.8.9) (2.30.3)
[2026-04-30 19:48:34] Requirement already satisfied: googleapis-common-protos<2.0.0,>=1.63.2 in /mnt/workspace/venvs/.venv/lib/python3.12/site-packages (from google-api-core<3.0.0,>=1.0.0->opencensus->ray[default]==2.48.0->openrlhf==0.8.9) (1.74.0)
[2026-04-30 19:48:34] Requirement already satisfied: proto-plus<2.0.0,>=1.22.3 in /mnt/workspace/venvs/.venv/lib/python3.12/site-packages (from google-api-core<3.0.0,>=1.0.0->opencensus->ray[default]==2.48.0->openrlhf==0.8.9) (1.27.2)
[2026-04-30 19:48:34] Requirement already satisfied: google-auth<3.0.0,>=2.14.1 in /mnt/workspace/venvs/.venv/lib/python3.12/site-packages (from google-api-core<3.0.0,>=1.0.0->opencensus->ray[default]==2.48.0->openrlhf==0.8.9) (2.49.2)
[2026-04-30 19:48:34] Requirement already satisfied: pyasn1-modules>=0.2.1 in /mnt/workspace/venvs/.venv/lib/python3.12/site-packages (from google-auth<3.0.0,>=2.14.1->google-api-core<3.0.0,>=1.0.0->opencensus->ray[default]==2.48.0->openrlhf==0.8.9) (0.4.2)
[2026-04-30 19:48:34] Requirement already satisfied: cryptography>=38.0.3 in /mnt/workspace/venvs/.venv/lib/python3.12/site-packages (from google-auth<3.0.0,>=2.14.1->google-api-core<3.0.0,>=1.0.0->opencensus->ray[default]==2.48.0->openrlhf==0.8.9) (47.0.0)
[2026-04-30 19:48:34] Requirement already satisfied: cffi>=2.0.0 in /mnt/workspace/venvs/.venv/lib/python3.12/site-packages (from cryptography>=38.0.3->google-auth<3.0.0,>=2.14.1->google-api-core<3.0.0,>=1.0.0->opencensus->ray[default]==2.48.0->openrlhf==0.8.9) (2.0.0)
[2026-04-30 19:48:34] Requirement already satisfied: pycparser in /mnt/workspace/venvs/.venv/lib/python3.12/site-packages (from cffi>=2.0.0->cryptography>=38.0.3->google-auth<3.0.0,>=2.14.1->google-api-core<3.0.0,>=1.0.0->opencensus->ray[default]==2.48.0->openrlhf==0.8.9) (3.0)
[2026-04-30 19:48:34] Requirement already satisfied: pyasn1<0.7.0,>=0.6.1 in /mnt/workspace/venvs/.venv/lib/python3.12/site-packages (from pyasn1-modules>=0.2.1->google-auth<3.0.0,>=2.14.1->google-api-core<3.0.0,>=1.0.0->opencensus->ray[default]==2.48.0->openrlhf==0.8.9) (0.6.3)
[2026-04-30 19:48:34] Requirement already satisfied: regex>=2025.10.22 in /mnt/workspace/venvs/.venv/lib/python3.12/site-packages (from transformers->openrlhf==0.8.9) (2026.4.4)
[2026-04-30 19:48:34] Requirement already satisfied: tokenizers<=0.23.0,>=0.22.0 in /mnt/workspace/venvs/.venv/lib/python3.12/site-packages (from transformers->openrlhf==0.8.9) (0.22.2)
[2026-04-30 19:48:34] Requirement already satisfied: wrapt in /mnt/workspace/venvs/.venv/lib/python3.12/site-packages (from smart_open->ray[default]==2.48.0->openrlhf==0.8.9) (2.1.2)
[2026-04-30 19:48:34] Requirement already satisfied: absl-py>=0.4 in /mnt/workspace/venvs/.venv/lib/python3.12/site-packages (from tensorboard->openrlhf==0.8.9) (2.4.0)
[2026-04-30 19:48:34] Requirement already satisfied: markdown>=2.6.8 in /mnt/workspace/venvs/.venv/lib/python3.12/site-packages (from tensorboard->openrlhf==0.8.9) (3.10.2)
[2026-04-30 19:48:34] Requirement already satisfied: tensorboard-data-server<0.8.0,>=0.7.0 in /mnt/workspace/venvs/.venv/lib/python3.12/site-packages (from tensorboard->openrlhf==0.8.9) (0.7.2)
[2026-04-30 19:48:34] Requirement already satisfied: werkzeug>=1.0.1 in /mnt/workspace/venvs/.venv/lib/python3.12/site-packages (from tensorboard->openrlhf==0.8.9) (3.1.8)
[2026-04-30 19:48:34] Requirement already satisfied: lightning-utilities>=0.15.3 in /mnt/workspace/venvs/.venv/lib/python3.12/site-packages (from torchmetrics->openrlhf==0.8.9) (0.15.3)
[2026-04-30 19:48:34] Requirement already satisfied: shellingham>=1.3.0 in /mnt/workspace/venvs/.venv/lib/python3.12/site-packages (from typer->huggingface_hub>=0.21.0->accelerate->openrlhf==0.8.9) (1.5.4)
[2026-04-30 19:48:34] Requirement already satisfied: rich>=13.8.0 in /mnt/workspace/venvs/.venv/lib/python3.12/site-packages (from typer->huggingface_hub>=0.21.0->accelerate->openrlhf==0.8.9) (15.0.0)
[2026-04-30 19:48:34] Requirement already satisfied: annotated-doc>=0.0.2 in /mnt/workspace/venvs/.venv/lib/python3.12/site-packages (from typer->huggingface_hub>=0.21.0->accelerate->openrlhf==0.8.9) (0.0.4)
[2026-04-30 19:48:34] Requirement already satisfied: markdown-it-py>=2.2.0 in /mnt/workspace/venvs/.venv/lib/python3.12/site-packages (from rich>=13.8.0->typer->huggingface_hub>=0.21.0->accelerate->openrlhf==0.8.9) (4.0.0)
[2026-04-30 19:48:34] Requirement already satisfied: pygments<3.0.0,>=2.13.0 in /mnt/workspace/venvs/.venv/lib/python3.12/site-packages (from rich>=13.8.0->typer->huggingface_hub>=0.21.0->accelerate->openrlhf==0.8.9) (2.20.0)
[2026-04-30 19:48:34] Requirement already satisfied: mdurl~=0.1 in /mnt/workspace/venvs/.venv/lib/python3.12/site-packages (from markdown-it-py>=2.2.0->rich>=13.8.0->typer->huggingface_hub>=0.21.0->accelerate->openrlhf==0.8.9) (0.1.2)
[2026-04-30 19:48:35] Requirement already satisfied: gitpython!=3.1.29,>=1.0.0 in /mnt/workspace/venvs/.venv/lib/python3.12/site-packages (from wandb->openrlhf==0.8.9) (3.1.49)
[2026-04-30 19:48:35] Requirement already satisfied: sentry-sdk>=2.0.0 in /mnt/workspace/venvs/.venv/lib/python3.12/site-packages (from wandb->openrlhf==0.8.9) (2.58.0)
[2026-04-30 19:48:35] Requirement already satisfied: gitdb<5,>=4.0.1 in /mnt/workspace/venvs/.venv/lib/python3.12/site-packages (from gitpython!=3.1.29,>=1.0.0->wandb->openrlhf==0.8.9) (4.0.12)
[2026-04-30 19:48:35] Requirement already satisfied: smmap<6,>=3.0.1 in /mnt/workspace/venvs/.venv/lib/python3.12/site-packages (from gitdb<5,>=4.0.1->gitpython!=3.1.29,>=1.0.0->wandb->openrlhf==0.8.9) (5.0.3)
[2026-04-30 19:48:35] Building wheels for collected packages: openrlhf
[2026-04-30 19:48:35]   Building editable for openrlhf (pyproject.toml): started
[2026-04-30 19:48:35]   Running command git checkout -q db9f18c370c92e971172e69bc9a88854947d9fc5
[2026-04-30 19:48:36]   Building editable for openrlhf (pyproject.toml): finished with status 'done'
[2026-04-30 19:48:36]   Created wheel for openrlhf: filename=openrlhf-0.8.9-0.editable-cp312-cp312-manylinux1_x86_64.whl size=6458 sha256=120a96573eeabd0e5fdf5e71cd0c56ee5ec8ea9dee36ffbcd049e68febd4be87
[2026-04-30 19:48:36]   Stored in directory: /tmp/pip-ephem-wheel-cache-x78_af64/wheels/d4/f3/cc/bacfe9c43ade13e34d9eb488aa24a8dd8094bb696b13dce906
[2026-04-30 19:48:36] Successfully built openrlhf
[2026-04-30 19:48:36] Installing collected packages: pytokens, pycodestyle, pathspec, mypy-extensions, isort, black, autopep8, openrlhf
[2026-04-30 19:48:36] 
[2026-04-30 19:48:36] Successfully installed autopep8-2.3.2 black-26.3.1 isort-8.0.1 mypy-extensions-1.1.0 openrlhf-0.8.9 pathspec-1.1.1 pycodestyle-2.14.0 pytokens-0.4.1
[2026-04-30 19:48:36] 
[2026-04-30 19:48:36] [19:48:36] Installing analysis evaluation stack (math-verify + deps)
[2026-04-30 19:48:37] Looking in indexes: https://mirrors.aliyun.com/pypi/simple/
[2026-04-30 19:48:37] Looking in links: /mnt/data/ebft-distribution-new/caches/wheels
[2026-04-30 19:48:37] Collecting math-verify
[2026-04-30 19:48:37]   Downloading math_verify-0.9.0-py3-none-any.whl (29 kB)
[2026-04-30 19:48:37] Collecting pebble
[2026-04-30 19:48:37]   Downloading pebble-5.2.0-py3-none-any.whl (34 kB)
[2026-04-30 19:48:37] Processing /mnt/data/ebft-distribution-new/caches/wheels/word2number-1.1-py3-none-any.whl
[2026-04-30 19:48:37] Collecting latex2sympy2
[2026-04-30 19:48:37]   Downloading latex2sympy2-1.9.1-py3-none-any.whl (89 kB)
[2026-04-30 19:48:38] Collecting antlr4-python3-runtime
[2026-04-30 19:48:38]   Downloading antlr4_python3_runtime-4.13.2-py3-none-any.whl (144 kB)
[2026-04-30 19:48:38] Collecting latex2sympy2_extended==1.11.0 (from math-verify)
[2026-04-30 19:48:38]   Downloading latex2sympy2_extended-1.11.0-py3-none-any.whl (209 kB)
[2026-04-30 19:48:38] Requirement already satisfied: sympy in /mnt/workspace/venvs/.venv/lib/python3.12/site-packages (from latex2sympy2_extended==1.11.0->math-verify) (1.13.1)
[2026-04-30 19:48:38] INFO: pip is looking at multiple versions of latex2sympy2 to determine which version is compatible with other requirements. This could take a while.
[2026-04-30 19:48:38] Collecting latex2sympy2
[2026-04-30 19:48:38]   Downloading latex2sympy2-1.9.0-py3-none-any.whl (89 kB)
[2026-04-30 19:48:38]   Downloading latex2sympy2-1.8.6-py3-none-any.whl (88 kB)
[2026-04-30 19:48:38]   Downloading latex2sympy2-1.8.5-py3-none-any.whl (88 kB)
[2026-04-30 19:48:38]   Downloading latex2sympy2-1.8.3-py3-none-any.whl (86 kB)
[2026-04-30 19:48:38]   Downloading latex2sympy2-1.8.2-py3-none-any.whl (85 kB)
[2026-04-30 19:48:39]   Resolved https://github.com/huggingface/transformers.git to commit db9f18c370c92e971172e69bc9a88854947d9fc5
[2026-04-30 19:48:39]   Installing build dependencies: started
[2026-04-30 19:48:39]   Installing build dependencies: finished with status 'done'
[2026-04-30 19:48:39]   Getting requirements to build wheel: started
[2026-04-30 19:48:39]   Downloading latex2sympy2-1.8.0-py3-none-any.whl (84 kB)
[2026-04-30 19:48:39]   Downloading latex2sympy2-1.7.9-py3-none-any.whl (84 kB)
[2026-04-30 19:48:39] INFO: pip is still looking at multiple versions of latex2sympy2 to determine which version is compatible with other requirements. This could take a while.
[2026-04-30 19:48:39]   Downloading latex2sympy2-1.7.8-py3-none-any.whl (83 kB)
[2026-04-30 19:48:39]   Downloading latex2sympy2-1.7.7-py3-none-any.whl (83 kB)
[2026-04-30 19:48:39]   Downloading latex2sympy2-1.7.6-py3-none-any.whl (83 kB)
[2026-04-30 19:48:39]   Downloading latex2sympy2-1.7.4-py3-none-any.whl (83 kB)
[2026-04-30 19:48:39]   Downloading latex2sympy2-1.7.2-py3-none-any.whl (83 kB)
[2026-04-30 19:48:39] INFO: This is taking longer than usual. You might need to provide the dependency resolver with stricter constraints to reduce runtime. See https://pip.pypa.io/warnings/backtracking for guidance. If you want to abort this run, press Ctrl + C.
[2026-04-30 19:48:39]   Downloading latex2sympy2-1.6.20-py3-none-any.whl (76 kB)
[2026-04-30 19:48:39]   Downloading latex2sympy2-1.6.19-py3-none-any.whl (76 kB)
[2026-04-30 19:48:40]   Getting requirements to build wheel: finished with status 'done'
[2026-04-30 19:48:40]   Preparing metadata (pyproject.toml): started
[2026-04-30 19:48:40]   Downloading latex2sympy2-1.6.18-py3-none-any.whl (76 kB)
[2026-04-30 19:48:40]   Downloading latex2sympy2-1.6.16-py3-none-any.whl (76 kB)
[2026-04-30 19:48:40]   Downloading latex2sympy2-1.6.14-py3-none-any.whl (75 kB)
[2026-04-30 19:48:40]   Downloading latex2sympy2-1.6.12-py3-none-any.whl (75 kB)
[2026-04-30 19:48:40]   Downloading latex2sympy2-1.6.11-py3-none-any.whl (75 kB)
[2026-04-30 19:48:40]   Downloading latex2sympy2-1.6.10-py3-none-any.whl (75 kB)
[2026-04-30 19:48:40]   Downloading latex2sympy2-1.6.9-py3-none-any.whl (75 kB)
[2026-04-30 19:48:40]   Downloading latex2sympy2-1.6.8-py3-none-any.whl (74 kB)
[2026-04-30 19:48:40]   Downloading latex2sympy2-1.6.7-py3-none-any.whl (74 kB)
[2026-04-30 19:48:41]   Preparing metadata (pyproject.toml): finished with status 'done'
[2026-04-30 19:48:41] Requirement already satisfied: huggingface-hub<2.0,>=1.5.0 in /mnt/workspace/venvs/.venv/lib/python3.12/site-packages (from transformers==5.6.0.dev0) (1.10.1)
[2026-04-30 19:48:41] Requirement already satisfied: numpy>=1.17 in /mnt/workspace/venvs/.venv/lib/python3.12/site-packages (from transformers==5.6.0.dev0) (2.2.6)
[2026-04-30 19:48:41] Requirement already satisfied: packaging>=20.0 in /mnt/workspace/venvs/.venv/lib/python3.12/site-packages (from transformers==5.6.0.dev0) (26.0)
[2026-04-30 19:48:41] Requirement already satisfied: pyyaml>=5.1 in /mnt/workspace/venvs/.venv/lib/python3.12/site-packages (from transformers==5.6.0.dev0) (6.0.3)
[2026-04-30 19:48:41] Requirement already satisfied: regex>=2025.10.22 in /mnt/workspace/venvs/.venv/lib/python3.12/site-packages (from transformers==5.6.0.dev0) (2026.4.4)
[2026-04-30 19:48:41] Requirement already satisfied: tokenizers<=0.23.0,>=0.22.0 in /mnt/workspace/venvs/.venv/lib/python3.12/site-packages (from transformers==5.6.0.dev0) (0.22.2)
[2026-04-30 19:48:41] Requirement already satisfied: typer in /mnt/workspace/venvs/.venv/lib/python3.12/site-packages (from transformers==5.6.0.dev0) (0.25.0)
[2026-04-30 19:48:41] Requirement already satisfied: safetensors>=0.4.3 in /mnt/workspace/venvs/.venv/lib/python3.12/site-packages (from transformers==5.6.0.dev0) (0.7.0)
[2026-04-30 19:48:41] Requirement already satisfied: tqdm>=4.27 in /mnt/workspace/venvs/.venv/lib/python3.12/site-packages (from transformers==5.6.0.dev0) (4.67.3)
[2026-04-30 19:48:41] Requirement already satisfied: filelock>=3.10.0 in /mnt/workspace/venvs/.venv/lib/python3.12/site-packages (from huggingface-hub<2.0,>=1.5.0->transformers==5.6.0.dev0) (3.29.0)
[2026-04-30 19:48:41] Requirement already satisfied: fsspec>=2023.5.0 in /mnt/workspace/venvs/.venv/lib/python3.12/site-packages (from huggingface-hub<2.0,>=1.5.0->transformers==5.6.0.dev0) (2026.2.0)
[2026-04-30 19:48:41] Requirement already satisfied: hf-xet<2.0.0,>=1.4.3 in /mnt/workspace/venvs/.venv/lib/python3.12/site-packages (from huggingface-hub<2.0,>=1.5.0->transformers==5.6.0.dev0) (1.4.3)
[2026-04-30 19:48:41] Requirement already satisfied: httpx<1,>=0.23.0 in /mnt/workspace/venvs/.venv/lib/python3.12/site-packages (from huggingface-hub<2.0,>=1.5.0->transformers==5.6.0.dev0) (0.28.1)
[2026-04-30 19:48:41] Requirement already satisfied: typing-extensions>=4.1.0 in /mnt/workspace/venvs/.venv/lib/python3.12/site-packages (from huggingface-hub<2.0,>=1.5.0->transformers==5.6.0.dev0) (4.15.0)
[2026-04-30 19:48:41] Requirement already satisfied: anyio in /mnt/workspace/venvs/.venv/lib/python3.12/site-packages (from httpx<1,>=0.23.0->huggingface-hub<2.0,>=1.5.0->transformers==5.6.0.dev0) (4.13.0)
[2026-04-30 19:48:41] Requirement already satisfied: certifi in /mnt/workspace/venvs/.venv/lib/python3.12/site-packages (from httpx<1,>=0.23.0->huggingface-hub<2.0,>=1.5.0->transformers==5.6.0.dev0) (2026.4.22)
[2026-04-30 19:48:41] Requirement already satisfied: httpcore==1.* in /mnt/workspace/venvs/.venv/lib/python3.12/site-packages (from httpx<1,>=0.23.0->huggingface-hub<2.0,>=1.5.0->transformers==5.6.0.dev0) (1.0.9)
[2026-04-30 19:48:41] Requirement already satisfied: idna in /mnt/workspace/venvs/.venv/lib/python3.12/site-packages (from httpx<1,>=0.23.0->huggingface-hub<2.0,>=1.5.0->transformers==5.6.0.dev0) (3.13)
[2026-04-30 19:48:41] Requirement already satisfied: h11>=0.16 in /mnt/workspace/venvs/.venv/lib/python3.12/site-packages (from httpcore==1.*->httpx<1,>=0.23.0->huggingface-hub<2.0,>=1.5.0->transformers==5.6.0.dev0) (0.16.0)
[2026-04-30 19:48:41] Requirement already satisfied: click>=8.2.1 in /mnt/workspace/venvs/.venv/lib/python3.12/site-packages (from typer->transformers==5.6.0.dev0) (8.3.3)
[2026-04-30 19:48:41] Requirement already satisfied: shellingham>=1.3.0 in /mnt/workspace/venvs/.venv/lib/python3.12/site-packages (from typer->transformers==5.6.0.dev0) (1.5.4)
[2026-04-30 19:48:41] Requirement already satisfied: rich>=13.8.0 in /mnt/workspace/venvs/.venv/lib/python3.12/site-packages (from typer->transformers==5.6.0.dev0) (15.0.0)
[2026-04-30 19:48:41] Requirement already satisfied: annotated-doc>=0.0.2 in /mnt/workspace/venvs/.venv/lib/python3.12/site-packages (from typer->transformers==5.6.0.dev0) (0.0.4)
[2026-04-30 19:48:41] Requirement already satisfied: markdown-it-py>=2.2.0 in /mnt/workspace/venvs/.venv/lib/python3.12/site-packages (from rich>=13.8.0->typer->transformers==5.6.0.dev0) (4.0.0)
[2026-04-30 19:48:41] Requirement already satisfied: pygments<3.0.0,>=2.13.0 in /mnt/workspace/venvs/.venv/lib/python3.12/site-packages (from rich>=13.8.0->typer->transformers==5.6.0.dev0) (2.20.0)
[2026-04-30 19:48:41] Requirement already satisfied: mdurl~=0.1 in /mnt/workspace/venvs/.venv/lib/python3.12/site-packages (from markdown-it-py>=2.2.0->rich>=13.8.0->typer->transformers==5.6.0.dev0) (0.1.2)
[2026-04-30 19:48:41] Building wheels for collected packages: transformers
[2026-04-30 19:48:41]   Building wheel for transformers (pyproject.toml): started
[2026-04-30 19:48:41]   Downloading latex2sympy2-1.6.6-py3-none-any.whl (74 kB)
[2026-04-30 19:48:41]   Downloading latex2sympy2-1.6.5-py3-none-any.whl (73 kB)
[2026-04-30 19:48:41]   Downloading latex2sympy2-1.6.4-py3-none-any.whl (73 kB)
[2026-04-30 19:48:41]   Downloading latex2sympy2-1.6.3-py3-none-any.whl (73 kB)
[2026-04-30 19:48:41]   Downloading latex2sympy2-1.6.2-py3-none-any.whl (73 kB)
[2026-04-30 19:48:41]   Downloading latex2sympy2-1.6.1-py3-none-any.whl (73 kB)
[2026-04-30 19:48:41]   Downloading latex2sympy2-1.6.0-py3-none-any.whl (73 kB)
[2026-04-30 19:48:41]   Downloading latex2sympy2-1.5.9-py3-none-any.whl (73 kB)
[2026-04-30 19:48:41]   Downloading latex2sympy2-1.5.8-py3-none-any.whl (73 kB)
[2026-04-30 19:48:41]   Downloading latex2sympy2-1.5.7-py3-none-any.whl (73 kB)
[2026-04-30 19:48:41]   Downloading latex2sympy2-1.5.6-py3-none-any.whl (73 kB)
[2026-04-30 19:48:41]   Downloading latex2sympy2-1.5.5-py3-none-any.whl (73 kB)
[2026-04-30 19:48:41]   Downloading latex2sympy2-1.5.4-py3-none-any.whl (73 kB)
[2026-04-30 19:48:41] Requirement already satisfied: mpmath<1.4,>=1.1.0 in /mnt/workspace/venvs/.venv/lib/python3.12/site-packages (from sympy->latex2sympy2_extended==1.11.0->math-verify) (1.3.0)
[2026-04-30 19:48:42] Installing collected packages: word2number, antlr4-python3-runtime, pebble, latex2sympy2_extended, latex2sympy2, math-verify
[2026-04-30 19:48:42] 
[2026-04-30 19:48:42] Successfully installed antlr4-python3-runtime-4.13.2 latex2sympy2-1.5.4 latex2sympy2_extended-1.11.0 math-verify-0.9.0 pebble-5.2.0 word2number-1.1
[2026-04-30 19:48:42] 
[2026-04-30 19:48:42] [19:48:42] Verifying student env
[2026-04-30 19:48:43] /mnt/workspace/venvs/.venv/lib/python3.12/site-packages/torch/cuda/__init__.py:61: FutureWarning: The pynvml package is deprecated. Please install nvidia-ml-py instead. If you did not install pynvml directly, please report this to the maintainers of the package that installed pynvml for you.
[2026-04-30 19:48:43]   import pynvml  # type: ignore[import]
[2026-04-30 19:48:43] [2026-04-30 19:48:42,470 AIMaster] (config.py 347) INFO: Try loading config from pai-aimaster-new configmap.
[2026-04-30 19:48:44]   Building wheel for transformers (pyproject.toml): finished with status 'done'
[2026-04-30 19:48:44]   Created wheel for transformers: filename=transformers-5.6.0.dev0-py3-none-any.whl size=11353921 sha256=e5077cd254f424165d1b18d96021a6e6022ad90ba4906bddf82a154fc9433a2d
[2026-04-30 19:48:44]   Stored in directory: /root/.cache/pip/wheels/96/a0/0a/65fe9775eed2664c721510a616fa31feb2014a6e8188a703c6
[2026-04-30 19:48:44] Successfully built transformers
[2026-04-30 19:48:44] Installing collected packages: transformers
[2026-04-30 19:48:44]   Attempting uninstall: transformers
[2026-04-30 19:48:44]     Found existing installation: transformers 5.7.0
[2026-04-30 19:48:44]     Uninstalling transformers-5.7.0:
[2026-04-30 19:48:44]       Successfully uninstalled transformers-5.7.0
[2026-04-30 19:48:44] [2026-04-30 19:48:43,878 AIMaster] (job_event_collector.py 135) WARNING: Failed to watch pods, exception: ("Connection broken: ConnectionResetError(104, 'Connection reset by peer')", ConnectionResetError(104, 'Connection reset by peer'))
[2026-04-30 19:48:48] /mnt/workspace/venvs/.venv/lib/python3.12/site-packages/torch/cuda/__init__.py:61: FutureWarning: The pynvml package is deprecated. Please install nvidia-ml-py instead. If you did not install pynvml directly, please report this to the maintainers of the package that installed pynvml for you.
[2026-04-30 19:48:48]   import pynvml  # type: ignore[import]
[2026-04-30 19:48:51] Successfully installed transformers-5.6.0.dev0
[2026-04-30 19:48:51] 
[2026-04-30 19:48:51] [19:48:51] Installing student flash-attn==2.8.3
[2026-04-30 19:48:51] 
[2026-04-30 19:48:51] [19:48:51] Installing flash-attn from local wheel /mnt/data/ebft-distribution-new/code/flash_attn-2.8.3+cu124torch2.5-cp312-cp312-linux_x86_64.whl
[2026-04-30 19:48:51] Looking in indexes: https://mirrors.aliyun.com/pypi/simple/
[2026-04-30 19:48:51] Looking in links: /mnt/data/ebft-distribution-new/caches/wheels
[2026-04-30 19:48:51] Processing ./flash_attn-2.8.3+cu124torch2.5-cp312-cp312-linux_x86_64.whl
[2026-04-30 19:48:51] python 3.12.12
[2026-04-30 19:48:51] torch 2.5.1+cu124 cuda 12.4 available True
[2026-04-30 19:48:51] ray 2.48.0
[2026-04-30 19:48:51] deepspeed 0.18.9
[2026-04-30 19:48:51] transformers 5.6.0.dev0
[2026-04-30 19:48:51] openrlhf editable
[2026-04-30 19:48:51] math_verify ok
[2026-04-30 19:48:51] latex2sympy2_import_error attempted relative import with no known parent package
[2026-04-30 19:48:51] antlr4 ok
[2026-04-30 19:48:51] pebble 5.2.0
[2026-04-30 19:48:51] word2number ok
[2026-04-30 19:48:52] warning: zstd not on PATH; skipping snapshot of student venv
[2026-04-30 19:48:52] 
[2026-04-30 19:48:52] [19:48:52] Creating virtualenv at /mnt/workspace/venvs/.teacherVenv (python 3.12.12)
[2026-04-30 19:48:52] Using CPython 3.12.12 interpreter at: /usr/local/bin/python3.12
[2026-04-30 19:48:52] Creating virtual environment with seed packages at: /mnt/workspace/venvs/.teacherVenv
[2026-04-30 19:48:52] Requirement already satisfied: torch in /mnt/workspace/venvs/.venv/lib/python3.12/site-packages (from flash-attn==2.8.3+cu124torch2.5) (2.5.1+cu124)
[2026-04-30 19:48:52] Requirement already satisfied: einops in /mnt/workspace/venvs/.venv/lib/python3.12/site-packages (from flash-attn==2.8.3+cu124torch2.5) (0.8.2)
[2026-04-30 19:48:52] Requirement already satisfied: filelock in /mnt/workspace/venvs/.venv/lib/python3.12/site-packages (from torch->flash-attn==2.8.3+cu124torch2.5) (3.29.0)
[2026-04-30 19:48:52] Requirement already satisfied: typing-extensions>=4.8.0 in /mnt/workspace/venvs/.venv/lib/python3.12/site-packages (from torch->flash-attn==2.8.3+cu124torch2.5) (4.15.0)
[2026-04-30 19:48:52] Requirement already satisfied: networkx in /mnt/workspace/venvs/.venv/lib/python3.12/site-packages (from torch->flash-attn==2.8.3+cu124torch2.5) (3.6.1)
[2026-04-30 19:48:52] Requirement already satisfied: jinja2 in /mnt/workspace/venvs/.venv/lib/python3.12/site-packages (from torch->flash-attn==2.8.3+cu124torch2.5) (3.1.6)
[2026-04-30 19:48:52] Requirement already satisfied: fsspec in /mnt/workspace/venvs/.venv/lib/python3.12/site-packages (from torch->flash-attn==2.8.3+cu124torch2.5) (2026.2.0)
[2026-04-30 19:48:52] Requirement already satisfied: nvidia-cuda-nvrtc-cu12==12.4.127 in /mnt/workspace/venvs/.venv/lib/python3.12/site-packages (from torch->flash-attn==2.8.3+cu124torch2.5) (12.4.127)
[2026-04-30 19:48:52] Requirement already satisfied: nvidia-cuda-runtime-cu12==12.4.127 in /mnt/workspace/venvs/.venv/lib/python3.12/site-packages (from torch->flash-attn==2.8.3+cu124torch2.5) (12.4.127)
[2026-04-30 19:48:52] Requirement already satisfied: nvidia-cuda-cupti-cu12==12.4.127 in /mnt/workspace/venvs/.venv/lib/python3.12/site-packages (from torch->flash-attn==2.8.3+cu124torch2.5) (12.4.127)
[2026-04-30 19:48:52] Requirement already satisfied: nvidia-cudnn-cu12==9.1.0.70 in /mnt/workspace/venvs/.venv/lib/python3.12/site-packages (from torch->flash-attn==2.8.3+cu124torch2.5) (9.1.0.70)
[2026-04-30 19:48:52] Requirement already satisfied: nvidia-cublas-cu12==12.4.5.8 in /mnt/workspace/venvs/.venv/lib/python3.12/site-packages (from torch->flash-attn==2.8.3+cu124torch2.5) (12.4.5.8)
[2026-04-30 19:48:52] Requirement already satisfied: nvidia-cufft-cu12==11.2.1.3 in /mnt/workspace/venvs/.venv/lib/python3.12/site-packages (from torch->flash-attn==2.8.3+cu124torch2.5) (11.2.1.3)
[2026-04-30 19:48:52] Requirement already satisfied: nvidia-curand-cu12==10.3.5.147 in /mnt/workspace/venvs/.venv/lib/python3.12/site-packages (from torch->flash-attn==2.8.3+cu124torch2.5) (10.3.5.147)
[2026-04-30 19:48:52] Requirement already satisfied: nvidia-cusolver-cu12==11.6.1.9 in /mnt/workspace/venvs/.venv/lib/python3.12/site-packages (from torch->flash-attn==2.8.3+cu124torch2.5) (11.6.1.9)
[2026-04-30 19:48:52] Requirement already satisfied: nvidia-cusparse-cu12==12.3.1.170 in /mnt/workspace/venvs/.venv/lib/python3.12/site-packages (from torch->flash-attn==2.8.3+cu124torch2.5) (12.3.1.170)
[2026-04-30 19:48:52] Requirement already satisfied: nvidia-nccl-cu12==2.21.5 in /mnt/workspace/venvs/.venv/lib/python3.12/site-packages (from torch->flash-attn==2.8.3+cu124torch2.5) (2.21.5)
[2026-04-30 19:48:52] Requirement already satisfied: nvidia-nvtx-cu12==12.4.127 in /mnt/workspace/venvs/.venv/lib/python3.12/site-packages (from torch->flash-attn==2.8.3+cu124torch2.5) (12.4.127)
[2026-04-30 19:48:52] Requirement already satisfied: nvidia-nvjitlink-cu12==12.4.127 in /mnt/workspace/venvs/.venv/lib/python3.12/site-packages (from torch->flash-attn==2.8.3+cu124torch2.5) (12.4.127)
[2026-04-30 19:48:52] Requirement already satisfied: triton==3.1.0 in /mnt/workspace/venvs/.venv/lib/python3.12/site-packages (from torch->flash-attn==2.8.3+cu124torch2.5) (3.1.0)
[2026-04-30 19:48:52] Requirement already satisfied: setuptools in /mnt/workspace/venvs/.venv/lib/python3.12/site-packages (from torch->flash-attn==2.8.3+cu124torch2.5) (82.0.1)
[2026-04-30 19:48:52] Requirement already satisfied: sympy==1.13.1 in /mnt/workspace/venvs/.venv/lib/python3.12/site-packages (from torch->flash-attn==2.8.3+cu124torch2.5) (1.13.1)
[2026-04-30 19:48:52] Requirement already satisfied: mpmath<1.4,>=1.1.0 in /mnt/workspace/venvs/.venv/lib/python3.12/site-packages (from sympy==1.13.1->torch->flash-attn==2.8.3+cu124torch2.5) (1.3.0)
[2026-04-30 19:48:52] Requirement already satisfied: MarkupSafe>=2.0 in /mnt/workspace/venvs/.venv/lib/python3.12/site-packages (from jinja2->torch->flash-attn==2.8.3+cu124torch2.5) (3.0.3)
[2026-04-30 19:48:52] Installing collected packages: flash-attn
[2026-04-30 19:48:53] [2026-04-30 19:48:53,146 AIMaster] (job_monitor_controller_k8s.py 1099) INFO: All workers: 2, running: 2, failed: 0, pending: 0
[2026-04-30 19:48:53] [2026-04-30 19:48:53,146 AIMaster] (aimaster_failover_controller.py 81) INFO: Detecting whether aimaster should be migrated.
[2026-04-30 19:48:54] Successfully installed flash-attn-2.8.3+cu124torch2.5
[2026-04-30 19:48:54] 
[2026-04-30 19:48:54] [19:48:54] Installing this repo (editable) into /mnt/workspace/venvs/.venv
[2026-04-30 19:48:54] Looking in indexes: https://mirrors.aliyun.com/pypi/simple/
[2026-04-30 19:48:54] Looking in links: /mnt/data/ebft-distribution-new/caches/wheels
[2026-04-30 19:48:54] Obtaining file:///mnt/data/ebft-distribution-new/code
[2026-04-30 19:48:54]   Installing build dependencies: started
[2026-04-30 19:48:55]  + pip==26.1
[2026-04-30 19:48:55] Activate with: source /mnt/workspace/venvs/.teacherVenv/bin/activate
[2026-04-30 19:48:56] Looking in indexes: https://mirrors.aliyun.com/pypi/simple/
[2026-04-30 19:48:56] Looking in links: /mnt/data/ebft-distribution-new/caches/wheels
[2026-04-30 19:48:56] Requirement already satisfied: pip in /mnt/workspace/venvs/.teacherVenv/lib/python3.12/site-packages (26.1)
[2026-04-30 19:48:57] Collecting setuptools==82.0.1
[2026-04-30 19:48:57]   Using cached setuptools-82.0.1-py3-none-any.whl (1.0 MB)
[2026-04-30 19:48:57] Collecting wheel==0.46.3
[2026-04-30 19:48:57]   Using cached wheel-0.46.3-py3-none-any.whl (30 kB)
[2026-04-30 19:48:57]   Installing build dependencies: finished with status 'done'
[2026-04-30 19:48:57]   Checking if build backend supports build_editable: started
[2026-04-30 19:48:57]   Checking if build backend supports build_editable: finished with status 'done'
[2026-04-30 19:48:57]   Getting requirements to build editable: started
[2026-04-30 19:48:58] Collecting packaging>=24.0 (from wheel==0.46.3)
[2026-04-30 19:48:58]   Using cached packaging-26.2-py3-none-any.whl (100 kB)
[2026-04-30 19:48:58] Installing collected packages: setuptools, packaging, wheel
[2026-04-30 19:48:58] 
[2026-04-30 19:48:58] Successfully installed packaging-26.2 setuptools-82.0.1 wheel-0.46.3
[2026-04-30 19:48:58]   Getting requirements to build editable: finished with status 'done'
[2026-04-30 19:48:58]   Preparing editable metadata (pyproject.toml): started
[2026-04-30 19:48:59] 
[2026-04-30 19:48:59] [19:48:59] Installing teacher PyTorch stack
[2026-04-30 19:48:59] Looking in indexes: https://mirrors.aliyun.com/pypi/simple/
[2026-04-30 19:48:59] Looking in links: /mnt/data/ebft-distribution-new/caches/wheels
[2026-04-30 19:48:59]   Preparing editable metadata (pyproject.toml): finished with status 'done'
[2026-04-30 19:48:59] Requirement already satisfied: accelerate in /mnt/workspace/venvs/.venv/lib/python3.12/site-packages (from openrlhf==0.8.9) (1.13.0)
[2026-04-30 19:48:59] Collecting autopep8 (from openrlhf==0.8.9)
[2026-04-30 19:48:59]   Downloading autopep8-2.3.2-py2.py3-none-any.whl (45 kB)
[2026-04-30 19:49:00] Collecting torch==2.10.0
[2026-04-30 19:49:00]   Downloading torch-2.10.0-3-cp312-cp312-manylinux_2_28_x86_64.whl (915.6 MB)
[2026-04-30 19:49:00] Collecting black (from openrlhf==0.8.9)
[2026-04-30 19:49:00]   Downloading black-26.3.1-cp312-cp312-manylinux2014_x86_64.manylinux_2_17_x86_64.manylinux_2_28_x86_64.whl (1.8 MB)
[2026-04-30 19:49:08]      ━━━━━━━━━━━━━━━━━━━━━━━━━━━━━━━━━━━━━━━━ 1.8/1.8 MB 245.2 kB/s  0:00:07
[2026-04-30 19:49:08] Requirement already satisfied: bitsandbytes in /mnt/workspace/venvs/.venv/lib/python3.12/site-packages (from openrlhf==0.8.9) (0.49.2)
[2026-04-30 19:49:08] Requirement already satisfied: datasets in /mnt/workspace/venvs/.venv/lib/python3.12/site-packages (from openrlhf==0.8.9) (4.8.4)
[2026-04-30 19:49:08] Requirement already satisfied: deepspeed in /mnt/workspace/venvs/.venv/lib/python3.12/site-packages (from openrlhf==0.8.9) (0.18.9)
[2026-04-30 19:49:08] Requirement already satisfied: einops in /mnt/workspace/venvs/.venv/lib/python3.12/site-packages (from openrlhf==0.8.9) (0.8.2)
[2026-04-30 19:49:08] Requirement already satisfied: grpcio in /mnt/workspace/venvs/.venv/lib/python3.12/site-packages (from openrlhf==0.8.9) (1.80.0)
[2026-04-30 19:49:08] Collecting isort (from openrlhf==0.8.9)
[2026-04-30 19:49:08]   Downloading isort-8.0.1-py3-none-any.whl (89 kB)
[2026-04-30 19:49:08] Requirement already satisfied: jsonlines in /mnt/workspace/venvs/.venv/lib/python3.12/site-packages (from openrlhf==0.8.9) (4.0.0)
[2026-04-30 19:49:08] Requirement already satisfied: loralib in /mnt/workspace/venvs/.venv/lib/python3.12/site-packages (from openrlhf==0.8.9) (0.1.2)
[2026-04-30 19:49:08] Requirement already satisfied: optimum in /mnt/workspace/venvs/.venv/lib/python3.12/site-packages (from openrlhf==0.8.9) (2.1.0)
[2026-04-30 19:49:08] Requirement already satisfied: optree in /mnt/workspace/venvs/.venv/lib/python3.12/site-packages (from openrlhf==0.8.9) (0.19.0)
[2026-04-30 19:49:08] Requirement already satisfied: packaging in /mnt/workspace/venvs/.venv/lib/python3.12/site-packages (from openrlhf==0.8.9) (26.0)
[2026-04-30 19:49:08] Requirement already satisfied: peft in /mnt/workspace/venvs/.venv/lib/python3.12/site-packages (from openrlhf==0.8.9) (0.18.1)
[2026-04-30 19:49:08] Requirement already satisfied: pynvml in /mnt/workspace/venvs/.venv/lib/python3.12/site-packages (from openrlhf==0.8.9) (13.0.1)
[2026-04-30 19:49:08] Requirement already satisfied: ray==2.48.0 in /mnt/workspace/venvs/.venv/lib/python3.12/site-packages (from ray[default]==2.48.0->openrlhf==0.8.9) (2.48.0)
[2026-04-30 19:49:08] Requirement already satisfied: tensorboard in /mnt/workspace/venvs/.venv/lib/python3.12/site-packages (from openrlhf==0.8.9) (2.20.0)
[2026-04-30 19:49:08] Requirement already satisfied: torch in /mnt/workspace/venvs/.venv/lib/python3.12/site-packages (from openrlhf==0.8.9) (2.5.1+cu124)
[2026-04-30 19:49:08] Requirement already satisfied: torchdata in /mnt/workspace/venvs/.venv/lib/python3.12/site-packages (from openrlhf==0.8.9) (0.11.0)
[2026-04-30 19:49:08] Requirement already satisfied: torchmetrics in /mnt/workspace/venvs/.venv/lib/python3.12/site-packages (from openrlhf==0.8.9) (1.9.0)
[2026-04-30 19:49:08] Requirement already satisfied: tqdm in /mnt/workspace/venvs/.venv/lib/python3.12/site-packages (from openrlhf==0.8.9) (4.67.3)
[2026-04-30 19:49:08] Requirement already satisfied: transformers in /mnt/workspace/venvs/.venv/lib/python3.12/site-packages (from openrlhf==0.8.9) (5.6.0.dev0)
[2026-04-30 19:49:08] Requirement already satisfied: transformers_stream_generator in /mnt/workspace/venvs/.venv/lib/python3.12/site-packages (from openrlhf==0.8.9) (0.0.5)
[2026-04-30 19:49:08] Requirement already satisfied: matplotlib in /mnt/workspace/venvs/.venv/lib/python3.12/site-packages (from openrlhf==0.8.9) (3.10.8)
[2026-04-30 19:49:08] Requirement already satisfied: pyyaml in /mnt/workspace/venvs/.venv/lib/python3.12/site-packages (from openrlhf==0.8.9) (6.0.3)
[2026-04-30 19:49:08] Requirement already satisfied: wandb in /mnt/workspace/venvs/.venv/lib/python3.12/site-packages (from openrlhf==0.8.9) (0.25.1)
[2026-04-30 19:49:08] Requirement already satisfied: wheel in /mnt/workspace/venvs/.venv/lib/python3.12/site-packages (from openrlhf==0.8.9) (0.46.3)
[2026-04-30 19:49:08] Requirement already satisfied: nvitop in /mnt/workspace/venvs/.venv/lib/python3.12/site-packages (from openrlhf==0.8.9) (1.6.2)
[2026-04-30 19:49:08] Requirement already satisfied: click>=7.0 in /mnt/workspace/venvs/.venv/lib/python3.12/site-packages (from ray==2.48.0->ray[default]==2.48.0->openrlhf==0.8.9) (8.3.3)
[2026-04-30 19:49:08] Requirement already satisfied: filelock in /mnt/workspace/venvs/.venv/lib/python3.12/site-packages (from ray==2.48.0->ray[default]==2.48.0->openrlhf==0.8.9) (3.29.0)
[2026-04-30 19:49:08] Requirement already satisfied: jsonschema in /mnt/workspace/venvs/.venv/lib/python3.12/site-packages (from ray==2.48.0->ray[default]==2.48.0->openrlhf==0.8.9) (4.26.0)
[2026-04-30 19:49:08] Requirement already satisfied: msgpack<2.0.0,>=1.0.0 in /mnt/workspace/venvs/.venv/lib/python3.12/site-packages (from ray==2.48.0->ray[default]==2.48.0->openrlhf==0.8.9) (1.1.2)
[2026-04-30 19:49:08] Requirement already satisfied: protobuf!=3.19.5,>=3.15.3 in /mnt/workspace/venvs/.venv/lib/python3.12/site-packages (from ray==2.48.0->ray[default]==2.48.0->openrlhf==0.8.9) (6.33.6)
[2026-04-30 19:49:08] Requirement already satisfied: requests in /mnt/workspace/venvs/.venv/lib/python3.12/site-packages (from ray==2.48.0->ray[default]==2.48.0->openrlhf==0.8.9) (2.33.1)
[2026-04-30 19:49:08] Requirement already satisfied: aiohttp>=3.7 in /mnt/workspace/venvs/.venv/lib/python3.12/site-packages (from ray[default]==2.48.0->openrlhf==0.8.9) (3.13.5)
[2026-04-30 19:49:08] Requirement already satisfied: aiohttp_cors in /mnt/workspace/venvs/.venv/lib/python3.12/site-packages (from ray[default]==2.48.0->openrlhf==0.8.9) (0.8.1)
[2026-04-30 19:49:08] Requirement already satisfied: colorful in /mnt/workspace/venvs/.venv/lib/python3.12/site-packages (from ray[default]==2.48.0->openrlhf==0.8.9) (0.5.8)
[2026-04-30 19:49:08] Requirement already satisfied: py-spy>=0.4.0 in /mnt/workspace/venvs/.venv/lib/python3.12/site-packages (from ray[default]==2.48.0->openrlhf==0.8.9) (0.4.2)
[2026-04-30 19:49:08] Requirement already satisfied: opencensus in /mnt/workspace/venvs/.venv/lib/python3.12/site-packages (from ray[default]==2.48.0->openrlhf==0.8.9) (0.11.4)
[2026-04-30 19:49:08] Requirement already satisfied: opentelemetry-sdk>=1.30.0 in /mnt/workspace/venvs/.venv/lib/python3.12/site-packages (from ray[default]==2.48.0->openrlhf==0.8.9) (1.41.1)
[2026-04-30 19:49:08] Requirement already satisfied: opentelemetry-exporter-prometheus in /mnt/workspace/venvs/.venv/lib/python3.12/site-packages (from ray[default]==2.48.0->openrlhf==0.8.9) (0.62b1)
[2026-04-30 19:49:08] Requirement already satisfied: opentelemetry-proto in /mnt/workspace/venvs/.venv/lib/python3.12/site-packages (from ray[default]==2.48.0->openrlhf==0.8.9) (1.41.1)
[2026-04-30 19:49:08] Requirement already satisfied: pydantic!=2.0.*,!=2.1.*,!=2.2.*,!=2.3.*,!=2.4.*,<3 in /mnt/workspace/venvs/.venv/lib/python3.12/site-packages (from ray[default]==2.48.0->openrlhf==0.8.9) (2.13.3)
[2026-04-30 19:49:08] Requirement already satisfied: prometheus_client>=0.7.1 in /mnt/workspace/venvs/.venv/lib/python3.12/site-packages (from ray[default]==2.48.0->openrlhf==0.8.9) (0.25.0)
[2026-04-30 19:49:08] Requirement already satisfied: smart_open in /mnt/workspace/venvs/.venv/lib/python3.12/site-packages (from ray[default]==2.48.0->openrlhf==0.8.9) (7.6.0)
[2026-04-30 19:49:08] Requirement already satisfied: virtualenv!=20.21.1,>=20.0.24 in /mnt/workspace/venvs/.venv/lib/python3.12/site-packages (from ray[default]==2.48.0->openrlhf==0.8.9) (21.3.0)
[2026-04-30 19:49:08] Requirement already satisfied: annotated-types>=0.6.0 in /mnt/workspace/venvs/.venv/lib/python3.12/site-packages (from pydantic!=2.0.*,!=2.1.*,!=2.2.*,!=2.3.*,!=2.4.*,<3->ray[default]==2.48.0->openrlhf==0.8.9) (0.7.0)
[2026-04-30 19:49:08] Requirement already satisfied: pydantic-core==2.46.3 in /mnt/workspace/venvs/.venv/lib/python3.12/site-packages (from pydantic!=2.0.*,!=2.1.*,!=2.2.*,!=2.3.*,!=2.4.*,<3->ray[default]==2.48.0->openrlhf==0.8.9) (2.46.3)
[2026-04-30 19:49:08] Requirement already satisfied: typing-extensions>=4.14.1 in /mnt/workspace/venvs/.venv/lib/python3.12/site-packages (from pydantic!=2.0.*,!=2.1.*,!=2.2.*,!=2.3.*,!=2.4.*,<3->ray[default]==2.48.0->openrlhf==0.8.9) (4.15.0)
[2026-04-30 19:49:08] Requirement already satisfied: typing-inspection>=0.4.2 in /mnt/workspace/venvs/.venv/lib/python3.12/site-packages (from pydantic!=2.0.*,!=2.1.*,!=2.2.*,!=2.3.*,!=2.4.*,<3->ray[default]==2.48.0->openrlhf==0.8.9) (0.4.2)
[2026-04-30 19:49:08] Requirement already satisfied: aiohappyeyeballs>=2.5.0 in /mnt/workspace/venvs/.venv/lib/python3.12/site-packages (from aiohttp>=3.7->ray[default]==2.48.0->openrlhf==0.8.9) (2.6.1)
[2026-04-30 19:49:08] Requirement already satisfied: aiosignal>=1.4.0 in /mnt/workspace/venvs/.venv/lib/python3.12/site-packages (from aiohttp>=3.7->ray[default]==2.48.0->openrlhf==0.8.9) (1.4.0)
[2026-04-30 19:49:08] Requirement already satisfied: attrs>=17.3.0 in /mnt/workspace/venvs/.venv/lib/python3.12/site-packages (from aiohttp>=3.7->ray[default]==2.48.0->openrlhf==0.8.9) (26.1.0)
[2026-04-30 19:49:08] Requirement already satisfied: frozenlist>=1.1.1 in /mnt/workspace/venvs/.venv/lib/python3.12/site-packages (from aiohttp>=3.7->ray[default]==2.48.0->openrlhf==0.8.9) (1.8.0)
[2026-04-30 19:49:08] Requirement already satisfied: multidict<7.0,>=4.5 in /mnt/workspace/venvs/.venv/lib/python3.12/site-packages (from aiohttp>=3.7->ray[default]==2.48.0->openrlhf==0.8.9) (6.7.1)
[2026-04-30 19:49:08] Requirement already satisfied: propcache>=0.2.0 in /mnt/workspace/venvs/.venv/lib/python3.12/site-packages (from aiohttp>=3.7->ray[default]==2.48.0->openrlhf==0.8.9) (0.4.1)
[2026-04-30 19:49:08] Requirement already satisfied: yarl<2.0,>=1.17.0 in /mnt/workspace/venvs/.venv/lib/python3.12/site-packages (from aiohttp>=3.7->ray[default]==2.48.0->openrlhf==0.8.9) (1.23.0)
[2026-04-30 19:49:08] Requirement already satisfied: idna>=2.0 in /mnt/workspace/venvs/.venv/lib/python3.12/site-packages (from yarl<2.0,>=1.17.0->aiohttp>=3.7->ray[default]==2.48.0->openrlhf==0.8.9) (3.13)
[2026-04-30 19:49:08] Requirement already satisfied: opentelemetry-api==1.41.1 in /mnt/workspace/venvs/.venv/lib/python3.12/site-packages (from opentelemetry-sdk>=1.30.0->ray[default]==2.48.0->openrlhf==0.8.9) (1.41.1)
[2026-04-30 19:49:08] Requirement already satisfied: opentelemetry-semantic-conventions==0.62b1 in /mnt/workspace/venvs/.venv/lib/python3.12/site-packages (from opentelemetry-sdk>=1.30.0->ray[default]==2.48.0->openrlhf==0.8.9) (0.62b1)
[2026-04-30 19:49:08] Requirement already satisfied: importlib-metadata<8.8.0,>=6.0 in /mnt/workspace/venvs/.venv/lib/python3.12/site-packages (from opentelemetry-api==1.41.1->opentelemetry-sdk>=1.30.0->ray[default]==2.48.0->openrlhf==0.8.9) (8.7.1)
[2026-04-30 19:49:08] Requirement already satisfied: zipp>=3.20 in /mnt/workspace/venvs/.venv/lib/python3.12/site-packages (from importlib-metadata<8.8.0,>=6.0->opentelemetry-api==1.41.1->opentelemetry-sdk>=1.30.0->ray[default]==2.48.0->openrlhf==0.8.9) (3.23.1)
[2026-04-30 19:49:08] Requirement already satisfied: distlib<1,>=0.3.7 in /mnt/workspace/venvs/.venv/lib/python3.12/site-packages (from virtualenv!=20.21.1,>=20.0.24->ray[default]==2.48.0->openrlhf==0.8.9) (0.4.0)
[2026-04-30 19:49:08] Requirement already satisfied: platformdirs<5,>=3.9.1 in /mnt/workspace/venvs/.venv/lib/python3.12/site-packages (from virtualenv!=20.21.1,>=20.0.24->ray[default]==2.48.0->openrlhf==0.8.9) (4.9.6)
[2026-04-30 19:49:08] Requirement already satisfied: python-discovery>=1.2.2 in /mnt/workspace/venvs/.venv/lib/python3.12/site-packages (from virtualenv!=20.21.1,>=20.0.24->ray[default]==2.48.0->openrlhf==0.8.9) (1.2.2)
[2026-04-30 19:49:08] Requirement already satisfied: numpy>=1.17 in /mnt/workspace/venvs/.venv/lib/python3.12/site-packages (from accelerate->openrlhf==0.8.9) (2.2.6)
[2026-04-30 19:49:08] Requirement already satisfied: psutil in /mnt/workspace/venvs/.venv/lib/python3.12/site-packages (from accelerate->openrlhf==0.8.9) (7.2.2)
[2026-04-30 19:49:08] Requirement already satisfied: huggingface_hub>=0.21.0 in /mnt/workspace/venvs/.venv/lib/python3.12/site-packages (from accelerate->openrlhf==0.8.9) (1.10.1)
[2026-04-30 19:49:08] Requirement already satisfied: safetensors>=0.4.3 in /mnt/workspace/venvs/.venv/lib/python3.12/site-packages (from accelerate->openrlhf==0.8.9) (0.7.0)
[2026-04-30 19:49:08] Requirement already satisfied: fsspec>=2023.5.0 in /mnt/workspace/venvs/.venv/lib/python3.12/site-packages (from huggingface_hub>=0.21.0->accelerate->openrlhf==0.8.9) (2026.2.0)
[2026-04-30 19:49:08] Requirement already satisfied: hf-xet<2.0.0,>=1.4.3 in /mnt/workspace/venvs/.venv/lib/python3.12/site-packages (from huggingface_hub>=0.21.0->accelerate->openrlhf==0.8.9) (1.4.3)
[2026-04-30 19:49:08] Requirement already satisfied: httpx<1,>=0.23.0 in /mnt/workspace/venvs/.venv/lib/python3.12/site-packages (from huggingface_hub>=0.21.0->accelerate->openrlhf==0.8.9) (0.28.1)
[2026-04-30 19:49:08] Requirement already satisfied: typer in /mnt/workspace/venvs/.venv/lib/python3.12/site-packages (from huggingface_hub>=0.21.0->accelerate->openrlhf==0.8.9) (0.25.0)
[2026-04-30 19:49:08] Requirement already satisfied: anyio in /mnt/workspace/venvs/.venv/lib/python3.12/site-packages (from httpx<1,>=0.23.0->huggingface_hub>=0.21.0->accelerate->openrlhf==0.8.9) (4.13.0)
[2026-04-30 19:49:08] Requirement already satisfied: certifi in /mnt/workspace/venvs/.venv/lib/python3.12/site-packages (from httpx<1,>=0.23.0->huggingface_hub>=0.21.0->accelerate->openrlhf==0.8.9) (2026.4.22)
[2026-04-30 19:49:08] Requirement already satisfied: httpcore==1.* in /mnt/workspace/venvs/.venv/lib/python3.12/site-packages (from httpx<1,>=0.23.0->huggingface_hub>=0.21.0->accelerate->openrlhf==0.8.9) (1.0.9)
[2026-04-30 19:49:08] Requirement already satisfied: h11>=0.16 in /mnt/workspace/venvs/.venv/lib/python3.12/site-packages (from httpcore==1.*->httpx<1,>=0.23.0->huggingface_hub>=0.21.0->accelerate->openrlhf==0.8.9) (0.16.0)
[2026-04-30 19:49:08] Requirement already satisfied: networkx in /mnt/workspace/venvs/.venv/lib/python3.12/site-packages (from torch->openrlhf==0.8.9) (3.6.1)
[2026-04-30 19:49:08] Requirement already satisfied: jinja2 in /mnt/workspace/venvs/.venv/lib/python3.12/site-packages (from torch->openrlhf==0.8.9) (3.1.6)
[2026-04-30 19:49:08] Requirement already satisfied: nvidia-cuda-nvrtc-cu12==12.4.127 in /mnt/workspace/venvs/.venv/lib/python3.12/site-packages (from torch->openrlhf==0.8.9) (12.4.127)
[2026-04-30 19:49:08] Requirement already satisfied: nvidia-cuda-runtime-cu12==12.4.127 in /mnt/workspace/venvs/.venv/lib/python3.12/site-packages (from torch->openrlhf==0.8.9) (12.4.127)
[2026-04-30 19:49:08] Requirement already satisfied: nvidia-cuda-cupti-cu12==12.4.127 in /mnt/workspace/venvs/.venv/lib/python3.12/site-packages (from torch->openrlhf==0.8.9) (12.4.127)
[2026-04-30 19:49:08] Requirement already satisfied: nvidia-cudnn-cu12==9.1.0.70 in /mnt/workspace/venvs/.venv/lib/python3.12/site-packages (from torch->openrlhf==0.8.9) (9.1.0.70)
[2026-04-30 19:49:08] Requirement already satisfied: nvidia-cublas-cu12==12.4.5.8 in /mnt/workspace/venvs/.venv/lib/python3.12/site-packages (from torch->openrlhf==0.8.9) (12.4.5.8)
[2026-04-30 19:49:08] Requirement already satisfied: nvidia-cufft-cu12==11.2.1.3 in /mnt/workspace/venvs/.venv/lib/python3.12/site-packages (from torch->openrlhf==0.8.9) (11.2.1.3)
[2026-04-30 19:49:08] Requirement already satisfied: nvidia-curand-cu12==10.3.5.147 in /mnt/workspace/venvs/.venv/lib/python3.12/site-packages (from torch->openrlhf==0.8.9) (10.3.5.147)
[2026-04-30 19:49:08] Requirement already satisfied: nvidia-cusolver-cu12==11.6.1.9 in /mnt/workspace/venvs/.venv/lib/python3.12/site-packages (from torch->openrlhf==0.8.9) (11.6.1.9)
[2026-04-30 19:49:08] Requirement already satisfied: nvidia-cusparse-cu12==12.3.1.170 in /mnt/workspace/venvs/.venv/lib/python3.12/site-packages (from torch->openrlhf==0.8.9) (12.3.1.170)
[2026-04-30 19:49:08] Requirement already satisfied: nvidia-nccl-cu12==2.21.5 in /mnt/workspace/venvs/.venv/lib/python3.12/site-packages (from torch->openrlhf==0.8.9) (2.21.5)
[2026-04-30 19:49:08] Requirement already satisfied: nvidia-nvtx-cu12==12.4.127 in /mnt/workspace/venvs/.venv/lib/python3.12/site-packages (from torch->openrlhf==0.8.9) (12.4.127)
[2026-04-30 19:49:08] Requirement already satisfied: nvidia-nvjitlink-cu12==12.4.127 in /mnt/workspace/venvs/.venv/lib/python3.12/site-packages (from torch->openrlhf==0.8.9) (12.4.127)
[2026-04-30 19:49:08] Requirement already satisfied: triton==3.1.0 in /mnt/workspace/venvs/.venv/lib/python3.12/site-packages (from torch->openrlhf==0.8.9) (3.1.0)
[2026-04-30 19:49:08] Requirement already satisfied: setuptools in /mnt/workspace/venvs/.venv/lib/python3.12/site-packages (from torch->openrlhf==0.8.9) (82.0.1)
[2026-04-30 19:49:08] Requirement already satisfied: sympy==1.13.1 in /mnt/workspace/venvs/.venv/lib/python3.12/site-packages (from torch->openrlhf==0.8.9) (1.13.1)
[2026-04-30 19:49:08] Requirement already satisfied: mpmath<1.4,>=1.1.0 in /mnt/workspace/venvs/.venv/lib/python3.12/site-packages (from sympy==1.13.1->torch->openrlhf==0.8.9) (1.3.0)
[2026-04-30 19:49:08] Collecting pycodestyle>=2.12.0 (from autopep8->openrlhf==0.8.9)
[2026-04-30 19:49:08]   Downloading pycodestyle-2.14.0-py2.py3-none-any.whl (31 kB)
[2026-04-30 19:49:09] Collecting mypy-extensions>=0.4.3 (from black->openrlhf==0.8.9)
[2026-04-30 19:49:09]   Downloading mypy_extensions-1.1.0-py3-none-any.whl (5.0 kB)
[2026-04-30 19:49:09] Collecting pathspec>=1.0.0 (from black->openrlhf==0.8.9)
[2026-04-30 19:49:09]   Downloading pathspec-1.1.1-py3-none-any.whl (57 kB)
[2026-04-30 19:49:09] Collecting pytokens~=0.4.0 (from black->openrlhf==0.8.9)
[2026-04-30 19:49:09]   Downloading pytokens-0.4.1-cp312-cp312-manylinux2014_x86_64.manylinux_2_17_x86_64.manylinux_2_28_x86_64.whl (269 kB)
[2026-04-30 19:49:10] Requirement already satisfied: pyarrow>=21.0.0 in /mnt/workspace/venvs/.venv/lib/python3.12/site-packages (from datasets->openrlhf==0.8.9) (23.0.1)
[2026-04-30 19:49:10] Requirement already satisfied: dill<0.4.2,>=0.3.0 in /mnt/workspace/venvs/.venv/lib/python3.12/site-packages (from datasets->openrlhf==0.8.9) (0.4.1)
[2026-04-30 19:49:10] Requirement already satisfied: pandas in /mnt/workspace/venvs/.venv/lib/python3.12/site-packages (from datasets->openrlhf==0.8.9) (3.0.2)
[2026-04-30 19:49:10] Requirement already satisfied: xxhash in /mnt/workspace/venvs/.venv/lib/python3.12/site-packages (from datasets->openrlhf==0.8.9) (3.7.0)
[2026-04-30 19:49:10] Requirement already satisfied: multiprocess<0.70.20 in /mnt/workspace/venvs/.venv/lib/python3.12/site-packages (from datasets->openrlhf==0.8.9) (0.70.19)
[2026-04-30 19:49:10] Requirement already satisfied: charset_normalizer<4,>=2 in /mnt/workspace/venvs/.venv/lib/python3.12/site-packages (from requests->ray==2.48.0->ray[default]==2.48.0->openrlhf==0.8.9) (3.4.7)
[2026-04-30 19:49:10] Requirement already satisfied: urllib3<3,>=1.26 in /mnt/workspace/venvs/.venv/lib/python3.12/site-packages (from requests->ray==2.48.0->ray[default]==2.48.0->openrlhf==0.8.9) (2.6.3)
[2026-04-30 19:49:10] Requirement already satisfied: hjson in /mnt/workspace/venvs/.venv/lib/python3.12/site-packages (from deepspeed->openrlhf==0.8.9) (3.1.0)
[2026-04-30 19:49:10] Requirement already satisfied: ninja in /mnt/workspace/venvs/.venv/lib/python3.12/site-packages (from deepspeed->openrlhf==0.8.9) (1.13.0)
[2026-04-30 19:49:10] Requirement already satisfied: py-cpuinfo in /mnt/workspace/venvs/.venv/lib/python3.12/site-packages (from deepspeed->openrlhf==0.8.9) (9.0.0)
[2026-04-30 19:49:10] Requirement already satisfied: MarkupSafe>=2.0 in /mnt/workspace/venvs/.venv/lib/python3.12/site-packages (from jinja2->torch->openrlhf==0.8.9) (3.0.3)
[2026-04-30 19:49:10] Requirement already satisfied: jsonschema-specifications>=2023.03.6 in /mnt/workspace/venvs/.venv/lib/python3.12/site-packages (from jsonschema->ray==2.48.0->ray[default]==2.48.0->openrlhf==0.8.9) (2025.9.1)
[2026-04-30 19:49:10] Requirement already satisfied: referencing>=0.28.4 in /mnt/workspace/venvs/.venv/lib/python3.12/site-packages (from jsonschema->ray==2.48.0->ray[default]==2.48.0->openrlhf==0.8.9) (0.37.0)
[2026-04-30 19:49:10] Requirement already satisfied: rpds-py>=0.25.0 in /mnt/workspace/venvs/.venv/lib/python3.12/site-packages (from jsonschema->ray==2.48.0->ray[default]==2.48.0->openrlhf==0.8.9) (0.30.0)
[2026-04-30 19:49:10] Requirement already satisfied: contourpy>=1.0.1 in /mnt/workspace/venvs/.venv/lib/python3.12/site-packages (from matplotlib->openrlhf==0.8.9) (1.3.3)
[2026-04-30 19:49:10] Requirement already satisfied: cycler>=0.10 in /mnt/workspace/venvs/.venv/lib/python3.12/site-packages (from matplotlib->openrlhf==0.8.9) (0.12.1)
[2026-04-30 19:49:10] Requirement already satisfied: fonttools>=4.22.0 in /mnt/workspace/venvs/.venv/lib/python3.12/site-packages (from matplotlib->openrlhf==0.8.9) (4.62.1)
[2026-04-30 19:49:10] Requirement already satisfied: kiwisolver>=1.3.1 in /mnt/workspace/venvs/.venv/lib/python3.12/site-packages (from matplotlib->openrlhf==0.8.9) (1.5.0)
[2026-04-30 19:49:10] Requirement already satisfied: pillow>=8 in /mnt/workspace/venvs/.venv/lib/python3.12/site-packages (from matplotlib->openrlhf==0.8.9) (12.2.0)
[2026-04-30 19:49:10] Requirement already satisfied: pyparsing>=3 in /mnt/workspace/venvs/.venv/lib/python3.12/site-packages (from matplotlib->openrlhf==0.8.9) (3.3.2)
[2026-04-30 19:49:10] Requirement already satisfied: python-dateutil>=2.7 in /mnt/workspace/venvs/.venv/lib/python3.12/site-packages (from matplotlib->openrlhf==0.8.9) (2.9.0.post0)
[2026-04-30 19:49:10] Requirement already satisfied: six>=1.5 in /mnt/workspace/venvs/.venv/lib/python3.12/site-packages (from python-dateutil>=2.7->matplotlib->openrlhf==0.8.9) (1.17.0)
[2026-04-30 19:49:10] Requirement already satisfied: nvidia-ml-py<13.591.0a0,>=11.450.51 in /mnt/workspace/venvs/.venv/lib/python3.12/site-packages (from nvitop->openrlhf==0.8.9) (13.590.48)
[2026-04-30 19:49:10] Requirement already satisfied: opencensus-context>=0.1.3 in /mnt/workspace/venvs/.venv/lib/python3.12/site-packages (from opencensus->ray[default]==2.48.0->openrlhf==0.8.9) (0.1.3)
[2026-04-30 19:49:10] Requirement already satisfied: google-api-core<3.0.0,>=1.0.0 in /mnt/workspace/venvs/.venv/lib/python3.12/site-packages (from opencensus->ray[default]==2.48.0->openrlhf==0.8.9) (2.30.3)
[2026-04-30 19:49:10] Requirement already satisfied: googleapis-common-protos<2.0.0,>=1.63.2 in /mnt/workspace/venvs/.venv/lib/python3.12/site-packages (from google-api-core<3.0.0,>=1.0.0->opencensus->ray[default]==2.48.0->openrlhf==0.8.9) (1.74.0)
[2026-04-30 19:49:10] Requirement already satisfied: proto-plus<2.0.0,>=1.22.3 in /mnt/workspace/venvs/.venv/lib/python3.12/site-packages (from google-api-core<3.0.0,>=1.0.0->opencensus->ray[default]==2.48.0->openrlhf==0.8.9) (1.27.2)
[2026-04-30 19:49:10] Requirement already satisfied: google-auth<3.0.0,>=2.14.1 in /mnt/workspace/venvs/.venv/lib/python3.12/site-packages (from google-api-core<3.0.0,>=1.0.0->opencensus->ray[default]==2.48.0->openrlhf==0.8.9) (2.49.2)
[2026-04-30 19:49:10] Requirement already satisfied: pyasn1-modules>=0.2.1 in /mnt/workspace/venvs/.venv/lib/python3.12/site-packages (from google-auth<3.0.0,>=2.14.1->google-api-core<3.0.0,>=1.0.0->opencensus->ray[default]==2.48.0->openrlhf==0.8.9) (0.4.2)
[2026-04-30 19:49:10] Requirement already satisfied: cryptography>=38.0.3 in /mnt/workspace/venvs/.venv/lib/python3.12/site-packages (from google-auth<3.0.0,>=2.14.1->google-api-core<3.0.0,>=1.0.0->opencensus->ray[default]==2.48.0->openrlhf==0.8.9) (47.0.0)
[2026-04-30 19:49:10] Requirement already satisfied: cffi>=2.0.0 in /mnt/workspace/venvs/.venv/lib/python3.12/site-packages (from cryptography>=38.0.3->google-auth<3.0.0,>=2.14.1->google-api-core<3.0.0,>=1.0.0->opencensus->ray[default]==2.48.0->openrlhf==0.8.9) (2.0.0)
[2026-04-30 19:49:10] Requirement already satisfied: pycparser in /mnt/workspace/venvs/.venv/lib/python3.12/site-packages (from cffi>=2.0.0->cryptography>=38.0.3->google-auth<3.0.0,>=2.14.1->google-api-core<3.0.0,>=1.0.0->opencensus->ray[default]==2.48.0->openrlhf==0.8.9) (3.0)
[2026-04-30 19:49:10] Requirement already satisfied: pyasn1<0.7.0,>=0.6.1 in /mnt/workspace/venvs/.venv/lib/python3.12/site-packages (from pyasn1-modules>=0.2.1->google-auth<3.0.0,>=2.14.1->google-api-core<3.0.0,>=1.0.0->opencensus->ray[default]==2.48.0->openrlhf==0.8.9) (0.6.3)
[2026-04-30 19:49:10] Requirement already satisfied: regex>=2025.10.22 in /mnt/workspace/venvs/.venv/lib/python3.12/site-packages (from transformers->openrlhf==0.8.9) (2026.4.4)
[2026-04-30 19:49:10] Requirement already satisfied: tokenizers<=0.23.0,>=0.22.0 in /mnt/workspace/venvs/.venv/lib/python3.12/site-packages (from transformers->openrlhf==0.8.9) (0.22.2)
[2026-04-30 19:49:10] Requirement already satisfied: wrapt in /mnt/workspace/venvs/.venv/lib/python3.12/site-packages (from smart_open->ray[default]==2.48.0->openrlhf==0.8.9) (2.1.2)
[2026-04-30 19:49:10] Requirement already satisfied: absl-py>=0.4 in /mnt/workspace/venvs/.venv/lib/python3.12/site-packages (from tensorboard->openrlhf==0.8.9) (2.4.0)
[2026-04-30 19:49:10] Requirement already satisfied: markdown>=2.6.8 in /mnt/workspace/venvs/.venv/lib/python3.12/site-packages (from tensorboard->openrlhf==0.8.9) (3.10.2)
[2026-04-30 19:49:10] Requirement already satisfied: tensorboard-data-server<0.8.0,>=0.7.0 in /mnt/workspace/venvs/.venv/lib/python3.12/site-packages (from tensorboard->openrlhf==0.8.9) (0.7.2)
[2026-04-30 19:49:10] Requirement already satisfied: werkzeug>=1.0.1 in /mnt/workspace/venvs/.venv/lib/python3.12/site-packages (from tensorboard->openrlhf==0.8.9) (3.1.8)
[2026-04-30 19:49:10] Requirement already satisfied: lightning-utilities>=0.15.3 in /mnt/workspace/venvs/.venv/lib/python3.12/site-packages (from torchmetrics->openrlhf==0.8.9) (0.15.3)
[2026-04-30 19:49:10] Requirement already satisfied: shellingham>=1.3.0 in /mnt/workspace/venvs/.venv/lib/python3.12/site-packages (from typer->huggingface_hub>=0.21.0->accelerate->openrlhf==0.8.9) (1.5.4)
[2026-04-30 19:49:10] Requirement already satisfied: rich>=13.8.0 in /mnt/workspace/venvs/.venv/lib/python3.12/site-packages (from typer->huggingface_hub>=0.21.0->accelerate->openrlhf==0.8.9) (15.0.0)
[2026-04-30 19:49:10] Requirement already satisfied: annotated-doc>=0.0.2 in /mnt/workspace/venvs/.venv/lib/python3.12/site-packages (from typer->huggingface_hub>=0.21.0->accelerate->openrlhf==0.8.9) (0.0.4)
[2026-04-30 19:49:10] Requirement already satisfied: markdown-it-py>=2.2.0 in /mnt/workspace/venvs/.venv/lib/python3.12/site-packages (from rich>=13.8.0->typer->huggingface_hub>=0.21.0->accelerate->openrlhf==0.8.9) (4.0.0)
[2026-04-30 19:49:10] Requirement already satisfied: pygments<3.0.0,>=2.13.0 in /mnt/workspace/venvs/.venv/lib/python3.12/site-packages (from rich>=13.8.0->typer->huggingface_hub>=0.21.0->accelerate->openrlhf==0.8.9) (2.20.0)
[2026-04-30 19:49:10] Requirement already satisfied: mdurl~=0.1 in /mnt/workspace/venvs/.venv/lib/python3.12/site-packages (from markdown-it-py>=2.2.0->rich>=13.8.0->typer->huggingface_hub>=0.21.0->accelerate->openrlhf==0.8.9) (0.1.2)
[2026-04-30 19:49:10] Requirement already satisfied: gitpython!=3.1.29,>=1.0.0 in /mnt/workspace/venvs/.venv/lib/python3.12/site-packages (from wandb->openrlhf==0.8.9) (3.1.49)
[2026-04-30 19:49:10] Requirement already satisfied: sentry-sdk>=2.0.0 in /mnt/workspace/venvs/.venv/lib/python3.12/site-packages (from wandb->openrlhf==0.8.9) (2.58.0)
[2026-04-30 19:49:10] Requirement already satisfied: gitdb<5,>=4.0.1 in /mnt/workspace/venvs/.venv/lib/python3.12/site-packages (from gitpython!=3.1.29,>=1.0.0->wandb->openrlhf==0.8.9) (4.0.12)
[2026-04-30 19:49:10] Requirement already satisfied: smmap<6,>=3.0.1 in /mnt/workspace/venvs/.venv/lib/python3.12/site-packages (from gitdb<5,>=4.0.1->gitpython!=3.1.29,>=1.0.0->wandb->openrlhf==0.8.9) (5.0.3)
[2026-04-30 19:49:10] Building wheels for collected packages: openrlhf
[2026-04-30 19:49:10]   Building editable for openrlhf (pyproject.toml): started
[2026-04-30 19:49:12]   Building editable for openrlhf (pyproject.toml): finished with status 'done'
[2026-04-30 19:49:12]   Created wheel for openrlhf: filename=openrlhf-0.8.9-0.editable-cp312-cp312-manylinux1_x86_64.whl size=6458 sha256=33c51e9ee97fb0100aaafc12683d40d708f0a337cb23959572eb4fd145954778
[2026-04-30 19:49:12]   Stored in directory: /tmp/pip-ephem-wheel-cache-vdin9yp3/wheels/d4/f3/cc/bacfe9c43ade13e34d9eb488aa24a8dd8094bb696b13dce906
[2026-04-30 19:49:12] Successfully built openrlhf
[2026-04-30 19:49:12] Installing collected packages: pytokens, pycodestyle, pathspec, mypy-extensions, isort, black, autopep8, openrlhf
[2026-04-30 19:49:12] 
[2026-04-30 19:49:12] Successfully installed autopep8-2.3.2 black-26.3.1 isort-8.0.1 mypy-extensions-1.1.0 openrlhf-0.8.9 pathspec-1.1.1 pycodestyle-2.14.0 pytokens-0.4.1
[2026-04-30 19:49:12] 
[2026-04-30 19:49:12] [19:49:12] Installing analysis evaluation stack (math-verify + deps)
[2026-04-30 19:49:12] Looking in indexes: https://mirrors.aliyun.com/pypi/simple/
[2026-04-30 19:49:12] Looking in links: /mnt/data/ebft-distribution-new/caches/wheels
[2026-04-30 19:49:13] Collecting math-verify
[2026-04-30 19:49:13]   Downloading math_verify-0.9.0-py3-none-any.whl (29 kB)
[2026-04-30 19:49:13] Collecting pebble
[2026-04-30 19:49:13]   Downloading pebble-5.2.0-py3-none-any.whl (34 kB)
[2026-04-30 19:49:13] Processing /mnt/data/ebft-distribution-new/caches/wheels/word2number-1.1-py3-none-any.whl
[2026-04-30 19:49:14] Collecting latex2sympy2
[2026-04-30 19:49:14]   Downloading latex2sympy2-1.9.1-py3-none-any.whl (89 kB)
[2026-04-30 19:49:14] Collecting antlr4-python3-runtime
[2026-04-30 19:49:14]   Downloading antlr4_python3_runtime-4.13.2-py3-none-any.whl (144 kB)
[2026-04-30 19:49:14] Collecting latex2sympy2_extended==1.11.0 (from math-verify)
[2026-04-30 19:49:14]   Downloading latex2sympy2_extended-1.11.0-py3-none-any.whl (209 kB)
[2026-04-30 19:49:15] Requirement already satisfied: sympy in /mnt/workspace/venvs/.venv/lib/python3.12/site-packages (from latex2sympy2_extended==1.11.0->math-verify) (1.13.1)
[2026-04-30 19:49:15] INFO: pip is looking at multiple versions of latex2sympy2 to determine which version is compatible with other requirements. This could take a while.
[2026-04-30 19:49:15] Collecting latex2sympy2
[2026-04-30 19:49:15]   Downloading latex2sympy2-1.9.0-py3-none-any.whl (89 kB)
[2026-04-30 19:49:15]   Downloading latex2sympy2-1.8.6-py3-none-any.whl (88 kB)
[2026-04-30 19:49:15]   Downloading latex2sympy2-1.8.5-py3-none-any.whl (88 kB)
[2026-04-30 19:49:15]   Downloading latex2sympy2-1.8.3-py3-none-any.whl (86 kB)
[2026-04-30 19:49:15]   Downloading latex2sympy2-1.8.2-py3-none-any.whl (85 kB)
[2026-04-30 19:49:15]   Downloading latex2sympy2-1.8.0-py3-none-any.whl (84 kB)
[2026-04-30 19:49:15]   Downloading latex2sympy2-1.7.9-py3-none-any.whl (84 kB)
[2026-04-30 19:49:15] INFO: pip is still looking at multiple versions of latex2sympy2 to determine which version is compatible with other requirements. This could take a while.
[2026-04-30 19:49:15]   Downloading latex2sympy2-1.7.8-py3-none-any.whl (83 kB)
[2026-04-30 19:49:15]   Downloading latex2sympy2-1.7.7-py3-none-any.whl (83 kB)
[2026-04-30 19:49:15]   Downloading latex2sympy2-1.7.6-py3-none-any.whl (83 kB)
[2026-04-30 19:49:15]   Downloading latex2sympy2-1.7.4-py3-none-any.whl (83 kB)
[2026-04-30 19:49:15]   Downloading latex2sympy2-1.7.2-py3-none-any.whl (83 kB)
[2026-04-30 19:49:15] INFO: This is taking longer than usual. You might need to provide the dependency resolver with stricter constraints to reduce runtime. See https://pip.pypa.io/warnings/backtracking for guidance. If you want to abort this run, press Ctrl + C.
[2026-04-30 19:49:15]   Downloading latex2sympy2-1.6.20-py3-none-any.whl (76 kB)
[2026-04-30 19:49:15]   Downloading latex2sympy2-1.6.19-py3-none-any.whl (76 kB)
[2026-04-30 19:49:15]   Downloading latex2sympy2-1.6.18-py3-none-any.whl (76 kB)
[2026-04-30 19:49:15]   Downloading latex2sympy2-1.6.16-py3-none-any.whl (76 kB)
[2026-04-30 19:49:15]   Downloading latex2sympy2-1.6.14-py3-none-any.whl (75 kB)
[2026-04-30 19:49:16]   Downloading latex2sympy2-1.6.12-py3-none-any.whl (75 kB)
[2026-04-30 19:49:16]   Downloading latex2sympy2-1.6.11-py3-none-any.whl (75 kB)
[2026-04-30 19:49:16]   Downloading latex2sympy2-1.6.10-py3-none-any.whl (75 kB)
[2026-04-30 19:49:16]   Downloading latex2sympy2-1.6.9-py3-none-any.whl (75 kB)
[2026-04-30 19:49:16]   Downloading latex2sympy2-1.6.8-py3-none-any.whl (74 kB)
[2026-04-30 19:49:16]   Downloading latex2sympy2-1.6.7-py3-none-any.whl (74 kB)
[2026-04-30 19:49:16]   Downloading latex2sympy2-1.6.6-py3-none-any.whl (74 kB)
[2026-04-30 19:49:16]   Downloading latex2sympy2-1.6.5-py3-none-any.whl (73 kB)
[2026-04-30 19:49:16]   Downloading latex2sympy2-1.6.4-py3-none-any.whl (73 kB)
[2026-04-30 19:49:16]   Downloading latex2sympy2-1.6.3-py3-none-any.whl (73 kB)
[2026-04-30 19:49:16]   Downloading latex2sympy2-1.6.2-py3-none-any.whl (73 kB)
[2026-04-30 19:49:16]   Downloading latex2sympy2-1.6.1-py3-none-any.whl (73 kB)
[2026-04-30 19:49:16]   Downloading latex2sympy2-1.6.0-py3-none-any.whl (73 kB)
[2026-04-30 19:49:16]   Downloading latex2sympy2-1.5.9-py3-none-any.whl (73 kB)
[2026-04-30 19:49:16]   Downloading latex2sympy2-1.5.8-py3-none-any.whl (73 kB)
[2026-04-30 19:49:16]   Downloading latex2sympy2-1.5.7-py3-none-any.whl (73 kB)
[2026-04-30 19:49:16]   Downloading latex2sympy2-1.5.6-py3-none-any.whl (73 kB)
[2026-04-30 19:49:16]   Downloading latex2sympy2-1.5.5-py3-none-any.whl (73 kB)
[2026-04-30 19:49:17]   Downloading latex2sympy2-1.5.4-py3-none-any.whl (73 kB)
[2026-04-30 19:49:17] Requirement already satisfied: mpmath<1.4,>=1.1.0 in /mnt/workspace/venvs/.venv/lib/python3.12/site-packages (from sympy->latex2sympy2_extended==1.11.0->math-verify) (1.3.0)
[2026-04-30 19:49:17] Installing collected packages: word2number, antlr4-python3-runtime, pebble, latex2sympy2_extended, latex2sympy2, math-verify
[2026-04-30 19:49:17] 
[2026-04-30 19:49:17] Successfully installed antlr4-python3-runtime-4.13.2 latex2sympy2-1.5.4 latex2sympy2_extended-1.11.0 math-verify-0.9.0 pebble-5.2.0 word2number-1.1
[2026-04-30 19:49:17] 
[2026-04-30 19:49:17] [19:49:17] Verifying student env
[2026-04-30 19:49:18] /mnt/workspace/venvs/.venv/lib/python3.12/site-packages/torch/cuda/__init__.py:61: FutureWarning: The pynvml package is deprecated. Please install nvidia-ml-py instead. If you did not install pynvml directly, please report this to the maintainers of the package that installed pynvml for you.
[2026-04-30 19:49:18]   import pynvml  # type: ignore[import]
[2026-04-30 19:49:23] /mnt/workspace/venvs/.venv/lib/python3.12/site-packages/torch/cuda/__init__.py:61: FutureWarning: The pynvml package is deprecated. Please install nvidia-ml-py instead. If you did not install pynvml directly, please report this to the maintainers of the package that installed pynvml for you.
[2026-04-30 19:49:23]   import pynvml  # type: ignore[import]
[2026-04-30 19:49:24] [2026-04-30 19:49:23,291 AIMaster] (job_monitor_controller_k8s.py 1099) INFO: All workers: 2, running: 2, failed: 0, pending: 0
[2026-04-30 19:49:24] [2026-04-30 19:49:23,291 AIMaster] (ops_reported_error_detector.py 103) INFO: Detecting whether the job is affected by errors reported by ops platform.
[2026-04-30 19:49:26] python 3.12.12
[2026-04-30 19:49:26] torch 2.5.1+cu124 cuda 12.4 available True
[2026-04-30 19:49:26] ray 2.48.0
[2026-04-30 19:49:26] deepspeed 0.18.9
[2026-04-30 19:49:26] transformers 5.6.0.dev0
[2026-04-30 19:49:26] openrlhf editable
[2026-04-30 19:49:27] math_verify ok
[2026-04-30 19:49:27] latex2sympy2_import_error attempted relative import with no known parent package
[2026-04-30 19:49:27] antlr4 ok
[2026-04-30 19:49:27] pebble 5.2.0
[2026-04-30 19:49:27] word2number ok
[2026-04-30 19:49:27] warning: zstd not on PATH; skipping snapshot of student venv
[2026-04-30 19:49:27] 
[2026-04-30 19:49:27] [19:49:27] Creating virtualenv at /mnt/workspace/venvs/.teacherVenv (python 3.12.12)
[2026-04-30 19:49:27] Using CPython 3.12.12 interpreter at: /usr/local/bin/python3.12
[2026-04-30 19:49:27] Creating virtual environment with seed packages at: /mnt/workspace/venvs/.teacherVenv
[2026-04-30 19:49:28]  + pip==26.1
[2026-04-30 19:49:28] Activate with: source /mnt/workspace/venvs/.teacherVenv/bin/activate
[2026-04-30 19:49:29] Looking in indexes: https://mirrors.aliyun.com/pypi/simple/
[2026-04-30 19:49:29] Looking in links: /mnt/data/ebft-distribution-new/caches/wheels
[2026-04-30 19:49:29] Requirement already satisfied: pip in /mnt/workspace/venvs/.teacherVenv/lib/python3.12/site-packages (26.1)
[2026-04-30 19:49:30] Collecting setuptools==82.0.1
[2026-04-30 19:49:30]   Using cached setuptools-82.0.1-py3-none-any.whl (1.0 MB)
[2026-04-30 19:49:30] Collecting wheel==0.46.3
[2026-04-30 19:49:30]   Using cached wheel-0.46.3-py3-none-any.whl (30 kB)
[2026-04-30 19:49:30] Collecting packaging>=24.0 (from wheel==0.46.3)
[2026-04-30 19:49:30]   Using cached packaging-26.2-py3-none-any.whl (100 kB)
[2026-04-30 19:49:30] Installing collected packages: setuptools, packaging, wheel
[2026-04-30 19:49:31] 
[2026-04-30 19:49:31] Successfully installed packaging-26.2 setuptools-82.0.1 wheel-0.46.3
[2026-04-30 19:49:31] 
[2026-04-30 19:49:31] [19:49:31] Installing teacher PyTorch stack
[2026-04-30 19:49:31] Looking in indexes: https://mirrors.aliyun.com/pypi/simple/
[2026-04-30 19:49:31] Looking in links: /mnt/data/ebft-distribution-new/caches/wheels
[2026-04-30 19:49:32] Collecting torch==2.10.0
[2026-04-30 19:49:32]   Downloading torch-2.10.0-3-cp312-cp312-manylinux_2_28_x86_64.whl (915.6 MB)
[2026-04-30 19:49:43] [2026-04-30 19:49:42,508 AIMaster] (config.py 347) INFO: Try loading config from pai-aimaster-new configmap.
[2026-04-30 19:49:54] [2026-04-30 19:49:53,460 AIMaster] (job_monitor_controller_k8s.py 1099) INFO: All workers: 2, running: 2, failed: 0, pending: 0
[2026-04-30 19:50:15] [2026-04-30 19:50:15,082 AIMaster] (job_event_collector.py 135) WARNING: Failed to watch pods, exception: ("Connection broken: ConnectionResetError(104, 'Connection reset by peer')", ConnectionResetError(104, 'Connection reset by peer'))
[2026-04-30 19:50:24] [2026-04-30 19:50:23,584 AIMaster] (job_monitor_controller_k8s.py 1099) INFO: All workers: 2, running: 2, failed: 0, pending: 0
[2026-04-30 19:50:24] [2026-04-30 19:50:23,584 AIMaster] (ops_reported_error_detector.py 103) INFO: Detecting whether the job is affected by errors reported by ops platform.
[2026-04-30 19:50:43] [2026-04-30 19:50:42,544 AIMaster] (config.py 347) INFO: Try loading config from pai-aimaster-new configmap.
[2026-04-30 19:50:54] [2026-04-30 19:50:53,734 AIMaster] (job_monitor_controller_k8s.py 1099) INFO: All workers: 2, running: 2, failed: 0, pending: 0
[2026-04-30 19:50:54] [2026-04-30 19:50:53,734 AIMaster] (aimaster_failover_controller.py 81) INFO: Detecting whether aimaster should be migrated.
[2026-04-30 19:51:24] [2026-04-30 19:51:23,870 AIMaster] (job_monitor_controller_k8s.py 1099) INFO: All workers: 2, running: 2, failed: 0, pending: 0
[2026-04-30 19:51:24] [2026-04-30 19:51:23,870 AIMaster] (ops_reported_error_detector.py 103) INFO: Detecting whether the job is affected by errors reported by ops platform.
[2026-04-30 19:51:43] [2026-04-30 19:51:42,580 AIMaster] (config.py 347) INFO: Try loading config from pai-aimaster-new configmap.
[2026-04-30 19:51:47] [2026-04-30 19:51:46,802 AIMaster] (job_event_collector.py 135) WARNING: Failed to watch pods, exception: ("Connection broken: ConnectionResetError(104, 'Connection reset by peer')", ConnectionResetError(104, 'Connection reset by peer'))
[2026-04-30 19:51:54] [2026-04-30 19:51:54,021 AIMaster] (job_monitor_controller_k8s.py 1099) INFO: All workers: 2, running: 2, failed: 0, pending: 0
[2026-04-30 19:52:24] [2026-04-30 19:52:24,145 AIMaster] (job_monitor_controller_k8s.py 1099) INFO: All workers: 2, running: 2, failed: 0, pending: 0
[2026-04-30 19:52:24] [2026-04-30 19:52:24,145 AIMaster] (ops_reported_error_detector.py 103) INFO: Detecting whether the job is affected by errors reported by ops platform.
[2026-04-30 19:52:43] [2026-04-30 19:52:42,616 AIMaster] (config.py 347) INFO: Try loading config from pai-aimaster-new configmap.
[2026-04-30 19:52:54] [2026-04-30 19:52:54,318 AIMaster] (job_monitor_controller_k8s.py 1099) INFO: All workers: 2, running: 2, failed: 0, pending: 0
[2026-04-30 19:52:54] [2026-04-30 19:52:54,318 AIMaster] (aimaster_failover_controller.py 81) INFO: Detecting whether aimaster should be migrated.
[2026-04-30 19:53:07]      ━━━━━━━━━━━━━━━━━━━━━━━━━━━━━━━━━━━━━━━━ 915.6/915.6 MB 15.2 MB/s  0:04:06
[2026-04-30 19:53:08] Collecting torchvision==0.25.0
[2026-04-30 19:53:09]   Downloading torchvision-0.25.0-cp312-cp312-manylinux_2_28_x86_64.whl (8.1 MB)
[2026-04-30 19:53:09]      ━━━━━━━━━━━━━━━━━━━━━━━━━━━━━━━━━━━━━━━━ 8.1/8.1 MB 14.7 MB/s  0:00:00
[2026-04-30 19:53:09] Collecting torchaudio==2.10.0
[2026-04-30 19:53:10]   Downloading torchaudio-2.10.0-cp312-cp312-manylinux_2_28_x86_64.whl (1.9 MB)
[2026-04-30 19:53:10]      ━━━━━━━━━━━━━━━━━━━━━━━━━━━━━━━━━━━━━━━━ 1.9/1.9 MB 14.0 MB/s  0:00:00
[2026-04-30 19:53:10] Collecting filelock (from torch==2.10.0)
[2026-04-30 19:53:10]   Downloading filelock-3.29.0-py3-none-any.whl (39 kB)
[2026-04-30 19:53:10] Collecting typing-extensions>=4.10.0 (from torch==2.10.0)
[2026-04-30 19:53:10]   Using cached typing_extensions-4.15.0-py3-none-any.whl (44 kB)
[2026-04-30 19:53:10] Requirement already satisfied: setuptools in /mnt/workspace/venvs/.teacherVenv/lib/python3.12/site-packages (from torch==2.10.0) (82.0.1)
[2026-04-30 19:53:10] Collecting sympy>=1.13.3 (from torch==2.10.0)
[2026-04-30 19:53:10]   Downloading sympy-1.14.0-py3-none-any.whl (6.3 MB)
[2026-04-30 19:53:10]      ━━━━━━━━━━━━━━━━━━━━━━━━━━━━━━━━━━━━━━━━ 6.3/6.3 MB 15.8 MB/s  0:00:00
[2026-04-30 19:53:11] Collecting networkx>=2.5.1 (from torch==2.10.0)
[2026-04-30 19:53:11]   Using cached networkx-3.6.1-py3-none-any.whl (2.1 MB)
[2026-04-30 19:53:11] Collecting jinja2 (from torch==2.10.0)
[2026-04-30 19:53:11]   Using cached jinja2-3.1.6-py3-none-any.whl (134 kB)
[2026-04-30 19:53:11] Collecting fsspec>=0.8.5 (from torch==2.10.0)
[2026-04-30 19:53:11]   Using cached fsspec-2026.4.0-py3-none-any.whl (203 kB)
[2026-04-30 19:53:11] Collecting cuda-bindings==12.9.4 (from torch==2.10.0)
[2026-04-30 19:53:11]   Downloading cuda_bindings-12.9.4-cp312-cp312-manylinux_2_24_x86_64.manylinux_2_28_x86_64.whl (12.2 MB)
[2026-04-30 19:53:12]      ━━━━━━━━━━━━━━━━━━━━━━━━━━━━━━━━━━━━━━━━ 12.2/12.2 MB 15.3 MB/s  0:00:00
[2026-04-30 19:53:12] Collecting nvidia-cuda-nvrtc-cu12==12.8.93 (from torch==2.10.0)
[2026-04-30 19:53:12]   Downloading nvidia_cuda_nvrtc_cu12-12.8.93-py3-none-manylinux2010_x86_64.manylinux_2_12_x86_64.whl (88.0 MB)
[2026-04-30 19:53:13]      ━━━━━━━━━━━━━━━━━━━━━━━━━━━━━━━━━━━━━━━━ 915.6/915.6 MB 13.8 MB/s  0:03:40
[2026-04-30 19:53:14] Collecting torchvision==0.25.0
[2026-04-30 19:53:14]   Downloading torchvision-0.25.0-cp312-cp312-manylinux_2_28_x86_64.whl (8.1 MB)
[2026-04-30 19:53:14]      ━━━━━━━━━━━━━━━━━━━━━━━━━━━━━━━━━━━━━━━━ 8.1/8.1 MB 14.1 MB/s  0:00:00
[2026-04-30 19:53:14] Collecting torchaudio==2.10.0
[2026-04-30 19:53:14]   Downloading torchaudio-2.10.0-cp312-cp312-manylinux_2_28_x86_64.whl (1.9 MB)
[2026-04-30 19:53:14]      ━━━━━━━━━━━━━━━━━━━━━━━━━━━━━━━━━━━━━━━━ 1.9/1.9 MB 14.8 MB/s  0:00:00
[2026-04-30 19:53:15] Collecting filelock (from torch==2.10.0)
[2026-04-30 19:53:15]   Downloading filelock-3.29.0-py3-none-any.whl (39 kB)
[2026-04-30 19:53:15] Collecting typing-extensions>=4.10.0 (from torch==2.10.0)
[2026-04-30 19:53:15]   Using cached typing_extensions-4.15.0-py3-none-any.whl (44 kB)
[2026-04-30 19:53:15] Requirement already satisfied: setuptools in /mnt/workspace/venvs/.teacherVenv/lib/python3.12/site-packages (from torch==2.10.0) (82.0.1)
[2026-04-30 19:53:15] Collecting sympy>=1.13.3 (from torch==2.10.0)
[2026-04-30 19:53:15]   Downloading sympy-1.14.0-py3-none-any.whl (6.3 MB)
[2026-04-30 19:53:15]      ━━━━━━━━━━━━━━━━━━━━━━━━━━━━━━━━━━━━━━━━ 6.3/6.3 MB 14.0 MB/s  0:00:00
[2026-04-30 19:53:15] Collecting networkx>=2.5.1 (from torch==2.10.0)
[2026-04-30 19:53:15]   Using cached networkx-3.6.1-py3-none-any.whl (2.1 MB)
[2026-04-30 19:53:15] Collecting jinja2 (from torch==2.10.0)
[2026-04-30 19:53:15]   Using cached jinja2-3.1.6-py3-none-any.whl (134 kB)
[2026-04-30 19:53:15] Collecting fsspec>=0.8.5 (from torch==2.10.0)
[2026-04-30 19:53:15]   Using cached fsspec-2026.4.0-py3-none-any.whl (203 kB)
[2026-04-30 19:53:16] Collecting cuda-bindings==12.9.4 (from torch==2.10.0)
[2026-04-30 19:53:16]   Downloading cuda_bindings-12.9.4-cp312-cp312-manylinux_2_24_x86_64.manylinux_2_28_x86_64.whl (12.2 MB)
[2026-04-30 19:53:16]      ━━━━━━━━━━━━━━━━━━━━━━━━━━━━━━━━━━━━━━━━ 12.2/12.2 MB 13.8 MB/s  0:00:00
[2026-04-30 19:53:17] Collecting nvidia-cuda-nvrtc-cu12==12.8.93 (from torch==2.10.0)
[2026-04-30 19:53:17]   Downloading nvidia_cuda_nvrtc_cu12-12.8.93-py3-none-manylinux2010_x86_64.manylinux_2_12_x86_64.whl (88.0 MB)
[2026-04-30 19:53:18]      ━━━━━━━━━━━━━━━━━━━━━━━━━━━━━━━━━━━━━━━━ 88.0/88.0 MB 15.2 MB/s  0:00:05
[2026-04-30 19:53:18] Collecting nvidia-cuda-runtime-cu12==12.8.90 (from torch==2.10.0)
[2026-04-30 19:53:18]   Downloading nvidia_cuda_runtime_cu12-12.8.90-py3-none-manylinux2014_x86_64.manylinux_2_17_x86_64.whl (954 kB)
[2026-04-30 19:53:18]      ━━━━━━━━━━━━━━━━━━━━━━━━━━━━━━━━━━━━━━━━ 954.8/954.8 kB 19.0 MB/s  0:00:00
[2026-04-30 19:53:19] Collecting nvidia-cuda-cupti-cu12==12.8.90 (from torch==2.10.0)
[2026-04-30 19:53:19]   Downloading nvidia_cuda_cupti_cu12-12.8.90-py3-none-manylinux2014_x86_64.manylinux_2_17_x86_64.whl (10.2 MB)
[2026-04-30 19:53:19]      ━━━━━━━━━━━━━━━━━━━━━━━━━━━━━━━━━━━━━━━━ 10.2/10.2 MB 15.1 MB/s  0:00:00
[2026-04-30 19:53:19] [2026-04-30 19:53:18,619 AIMaster] (job_event_collector.py 135) WARNING: Failed to watch pods, exception: ("Connection broken: ConnectionResetError(104, 'Connection reset by peer')", ConnectionResetError(104, 'Connection reset by peer'))
[2026-04-30 19:53:20] Collecting nvidia-cudnn-cu12==9.10.2.21 (from torch==2.10.0)
[2026-04-30 19:53:20]   Downloading nvidia_cudnn_cu12-9.10.2.21-py3-none-manylinux_2_27_x86_64.whl (706.8 MB)
[2026-04-30 19:53:23]      ━━━━━━━━━━━━━━━━━━━━━━━━━━━━━━━━━━━━━━━━ 88.0/88.0 MB 14.4 MB/s  0:00:06
[2026-04-30 19:53:23] Collecting nvidia-cuda-runtime-cu12==12.8.90 (from torch==2.10.0)
[2026-04-30 19:53:23]   Downloading nvidia_cuda_runtime_cu12-12.8.90-py3-none-manylinux2014_x86_64.manylinux_2_17_x86_64.whl (954 kB)
[2026-04-30 19:53:23]      ━━━━━━━━━━━━━━━━━━━━━━━━━━━━━━━━━━━━━━━━ 954.8/954.8 kB 17.4 MB/s  0:00:00
[2026-04-30 19:53:23] Collecting nvidia-cuda-cupti-cu12==12.8.90 (from torch==2.10.0)
[2026-04-30 19:53:23]   Downloading nvidia_cuda_cupti_cu12-12.8.90-py3-none-manylinux2014_x86_64.manylinux_2_17_x86_64.whl (10.2 MB)
[2026-04-30 19:53:24]      ━━━━━━━━━━━━━━━━━━━━━━━━━━━━━━━━━━━━━━━━ 10.2/10.2 MB 12.6 MB/s  0:00:00
[2026-04-30 19:53:24] Collecting nvidia-cudnn-cu12==9.10.2.21 (from torch==2.10.0)
[2026-04-30 19:53:24]   Downloading nvidia_cudnn_cu12-9.10.2.21-py3-none-manylinux_2_27_x86_64.whl (706.8 MB)
[2026-04-30 19:53:25] [2026-04-30 19:53:24,460 AIMaster] (pod_manager.py 415) INFO: Pod Category Summary (Total pods: 2)
[2026-04-30 19:53:25] | Category           |   Count | Percentage   | Pods                                                   |
[2026-04-30 19:53:25] |--------------------|---------|--------------|--------------------------------------------------------|
[2026-04-30 19:53:25] | Running            |       2 | 100.0%       | [dlcq0aj9mi9mydx9-master-0, dlcq0aj9mi9mydx9-worker-0] |
[2026-04-30 19:53:25] | Pending            |       0 | 0.0%         |                                                        |
[2026-04-30 19:53:25] | Succeeded          |       0 | 0.0%         |                                                        |
[2026-04-30 19:53:25] | Failed             |       0 | 0.0%         |                                                        |
[2026-04-30 19:53:25] | Terminating        |       0 | 0.0%         |                                                        |
[2026-04-30 19:53:25] | Scheduler_evicting |       0 | 0.0%         |                                                        |
[2026-04-30 19:53:25] | Aiph_node_error    |       0 | 0.0%         |                                                        |
[2026-04-30 19:53:25] | Unknown            |       0 | 0.0%         |                                                        |
[2026-04-30 19:53:25] 
[2026-04-30 19:53:25] [2026-04-30 19:53:24,461 AIMaster] (job_monitor_controller_k8s.py 1099) INFO: All workers: 2, running: 2, failed: 0, pending: 0
[2026-04-30 19:53:25] [2026-04-30 19:53:24,461 AIMaster] (ops_reported_error_detector.py 103) INFO: Detecting whether the job is affected by errors reported by ops platform.
[2026-04-30 19:53:43] [2026-04-30 19:53:42,652 AIMaster] (config.py 347) INFO: Try loading config from pai-aimaster-new configmap.
[2026-04-30 19:53:55] [2026-04-30 19:53:54,623 AIMaster] (job_monitor_controller_k8s.py 1099) INFO: All workers: 2, running: 2, failed: 0, pending: 0
[2026-04-30 19:54:10]      ━━━━━━━━━━━━━━━━━━━━━━━━━━━━━━━━━━━━━━━━ 706.8/706.8 MB 13.8 MB/s  0:00:50
[2026-04-30 19:54:11] Collecting nvidia-cublas-cu12==12.8.4.1 (from torch==2.10.0)
[2026-04-30 19:54:11]   Downloading nvidia_cublas_cu12-12.8.4.1-py3-none-manylinux_2_27_x86_64.whl (594.3 MB)
[2026-04-30 19:54:14]      ━━━━━━━━━━━━━━━━━━━━━━━━━━━━━━━━━━━━━━━━ 706.8/706.8 MB 14.1 MB/s  0:00:50
[2026-04-30 19:54:15] Collecting nvidia-cublas-cu12==12.8.4.1 (from torch==2.10.0)
[2026-04-30 19:54:15]   Downloading nvidia_cublas_cu12-12.8.4.1-py3-none-manylinux_2_27_x86_64.whl (594.3 MB)
[2026-04-30 19:54:25] [2026-04-30 19:54:24,792 AIMaster] (job_monitor_controller_k8s.py 1099) INFO: All workers: 2, running: 2, failed: 0, pending: 0
[2026-04-30 19:54:25] [2026-04-30 19:54:24,792 AIMaster] (ops_reported_error_detector.py 103) INFO: Detecting whether the job is affected by errors reported by ops platform.
[2026-04-30 19:54:43] [2026-04-30 19:54:42,690 AIMaster] (config.py 347) INFO: Try loading config from pai-aimaster-new configmap.
[2026-04-30 19:54:49]      ━━━━━━━━━━━━━━━━━━━━━━━━━━━━━━━━━━━━━━━━ 594.3/594.3 MB 15.3 MB/s  0:00:38
[2026-04-30 19:54:50] [2026-04-30 19:54:50,358 AIMaster] (job_event_collector.py 135) WARNING: Failed to watch pods, exception: ("Connection broken: ConnectionResetError(104, 'Connection reset by peer')", ConnectionResetError(104, 'Connection reset by peer'))
[2026-04-30 19:54:50] Collecting nvidia-cufft-cu12==11.3.3.83 (from torch==2.10.0)
[2026-04-30 19:54:50]   Downloading nvidia_cufft_cu12-11.3.3.83-py3-none-manylinux2014_x86_64.manylinux_2_17_x86_64.whl (193.1 MB)
[2026-04-30 19:54:55] [2026-04-30 19:54:54,950 AIMaster] (job_monitor_controller_k8s.py 1099) INFO: All workers: 2, running: 2, failed: 0, pending: 0
[2026-04-30 19:54:55] [2026-04-30 19:54:54,951 AIMaster] (aimaster_failover_controller.py 81) INFO: Detecting whether aimaster should be migrated.
[2026-04-30 19:54:58]      ━━━━━━━━━━━━━━━━━━━━━━━━━━━━━━━━━━━━━━━━ 594.3/594.3 MB 13.4 MB/s  0:00:42
[2026-04-30 19:54:58] Collecting nvidia-cufft-cu12==11.3.3.83 (from torch==2.10.0)
[2026-04-30 19:54:58]   Downloading nvidia_cufft_cu12-11.3.3.83-py3-none-manylinux2014_x86_64.manylinux_2_17_x86_64.whl (193.1 MB)
[2026-04-30 19:55:02]      ━━━━━━━━━━━━━━━━━━━━━━━━━━━━━━━━━━━━━━━━ 193.1/193.1 MB 15.5 MB/s  0:00:12
[2026-04-30 19:55:03] Collecting nvidia-curand-cu12==10.3.9.90 (from torch==2.10.0)
[2026-04-30 19:55:03]   Downloading nvidia_curand_cu12-10.3.9.90-py3-none-manylinux_2_27_x86_64.whl (63.6 MB)
[2026-04-30 19:55:07]      ━━━━━━━━━━━━━━━━━━━━━━━━━━━━━━━━━━━━━━━━ 63.6/63.6 MB 15.1 MB/s  0:00:04
[2026-04-30 19:55:07] Collecting nvidia-cusolver-cu12==11.7.3.90 (from torch==2.10.0)
[2026-04-30 19:55:07]   Downloading nvidia_cusolver_cu12-11.7.3.90-py3-none-manylinux_2_27_x86_64.whl (267.5 MB)
[2026-04-30 19:55:12]      ━━━━━━━━━━━━━━━━━━━━━━━━━━━━━━━━━━━━━━━━ 193.1/193.1 MB 14.3 MB/s  0:00:13
[2026-04-30 19:55:12] Collecting nvidia-curand-cu12==10.3.9.90 (from torch==2.10.0)
[2026-04-30 19:55:12]   Downloading nvidia_curand_cu12-10.3.9.90-py3-none-manylinux_2_27_x86_64.whl (63.6 MB)
[2026-04-30 19:55:18]      ━━━━━━━━━━━━━━━━━━━━━━━━━━━━━━━━━━━━━━━━ 63.6/63.6 MB 14.2 MB/s  0:00:04
[2026-04-30 19:55:18] Collecting nvidia-cusolver-cu12==11.7.3.90 (from torch==2.10.0)
[2026-04-30 19:55:18]   Downloading nvidia_cusolver_cu12-11.7.3.90-py3-none-manylinux_2_27_x86_64.whl (267.5 MB)
[2026-04-30 19:55:25] [2026-04-30 19:55:25,213 AIMaster] (job_monitor_controller_k8s.py 1099) INFO: All workers: 2, running: 2, failed: 0, pending: 0
[2026-04-30 19:55:25] [2026-04-30 19:55:25,213 AIMaster] (ops_reported_error_detector.py 103) INFO: Detecting whether the job is affected by errors reported by ops platform.
[2026-04-30 19:55:25]      ━━━━━━━━━━━━━━━━━━━━━━━━━━━━━━━━━━━━━━━━ 267.5/267.5 MB 14.9 MB/s  0:00:17
[2026-04-30 19:55:26] Collecting nvidia-cusparse-cu12==12.5.8.93 (from torch==2.10.0)
[2026-04-30 19:55:26]   Downloading nvidia_cusparse_cu12-12.5.8.93-py3-none-manylinux2014_x86_64.manylinux_2_17_x86_64.whl (288.2 MB)
[2026-04-30 19:55:37]      ━━━━━━━━━━━━━━━━━━━━━━━━━━━━━━━━━━━━━━━━ 267.5/267.5 MB 13.8 MB/s  0:00:19
[2026-04-30 19:55:37] Collecting nvidia-cusparse-cu12==12.5.8.93 (from torch==2.10.0)
[2026-04-30 19:55:38]   Downloading nvidia_cusparse_cu12-12.5.8.93-py3-none-manylinux2014_x86_64.manylinux_2_17_x86_64.whl (288.2 MB)
[2026-04-30 19:55:43] [2026-04-30 19:55:42,724 AIMaster] (config.py 347) INFO: Try loading config from pai-aimaster-new configmap.
[2026-04-30 19:55:45]      ━━━━━━━━━━━━━━━━━━━━━━━━━━━━━━━━━━━━━━━━ 288.2/288.2 MB 15.0 MB/s  0:00:19
[2026-04-30 19:55:45] Collecting nvidia-cusparselt-cu12==0.7.1 (from torch==2.10.0)
[2026-04-30 19:55:45]   Downloading nvidia_cusparselt_cu12-0.7.1-py3-none-manylinux2014_x86_64.whl (287.2 MB)
[2026-04-30 19:55:55] [2026-04-30 19:55:55,368 AIMaster] (job_monitor_controller_k8s.py 1099) INFO: All workers: 2, running: 2, failed: 0, pending: 0
[2026-04-30 19:55:58]      ━━━━━━━━━━━━━━━━━━━━━━━━━━━━━━━━━━━━━━━━ 288.2/288.2 MB 14.0 MB/s  0:00:20
[2026-04-30 19:55:58] Collecting nvidia-cusparselt-cu12==0.7.1 (from torch==2.10.0)
[2026-04-30 19:55:59]   Downloading nvidia_cusparselt_cu12-0.7.1-py3-none-manylinux2014_x86_64.whl (287.2 MB)
[2026-04-30 19:56:04]      ━━━━━━━━━━━━━━━━━━━━━━━━━━━━━━━━━━━━━━━━ 287.2/287.2 MB 15.4 MB/s  0:00:18
[2026-04-30 19:56:04] Collecting nvidia-nccl-cu12==2.27.5 (from torch==2.10.0)
[2026-04-30 19:56:05]   Downloading nvidia_nccl_cu12-2.27.5-py3-none-manylinux2014_x86_64.manylinux_2_17_x86_64.whl (322.3 MB)
[2026-04-30 19:56:19]      ━━━━━━━━━━━━━━━━━━━━━━━━━━━━━━━━━━━━━━━━ 287.2/287.2 MB 14.3 MB/s  0:00:20
[2026-04-30 19:56:19] Collecting nvidia-nccl-cu12==2.27.5 (from torch==2.10.0)
[2026-04-30 19:56:19]   Downloading nvidia_nccl_cu12-2.27.5-py3-none-manylinux2014_x86_64.manylinux_2_17_x86_64.whl (322.3 MB)
[2026-04-30 19:56:22] [2026-04-30 19:56:21,564 AIMaster] (job_event_collector.py 135) WARNING: Failed to watch pods, exception: ("Connection broken: ConnectionResetError(104, 'Connection reset by peer')", ConnectionResetError(104, 'Connection reset by peer'))
[2026-04-30 19:56:26]      ━━━━━━━━━━━━━━━━━━━━━━━━━━━━━━━━━━━━━━━━ 322.3/322.3 MB 15.4 MB/s  0:00:21
[2026-04-30 19:56:26] Collecting nvidia-nvshmem-cu12==3.4.5 (from torch==2.10.0)
[2026-04-30 19:56:26]   Downloading nvidia_nvshmem_cu12-3.4.5-py3-none-manylinux2014_x86_64.manylinux_2_17_x86_64.whl (139.1 MB)
[2026-04-30 19:56:26] [2026-04-30 19:56:25,626 AIMaster] (job_monitor_controller_k8s.py 1099) INFO: All workers: 2, running: 2, failed: 0, pending: 0
[2026-04-30 19:56:26] [2026-04-30 19:56:25,626 AIMaster] (ops_reported_error_detector.py 103) INFO: Detecting whether the job is affected by errors reported by ops platform.
[2026-04-30 19:56:35]      ━━━━━━━━━━━━━━━━━━━━━━━━━━━━━━━━━━━━━━━━ 139.1/139.1 MB 15.2 MB/s  0:00:09
[2026-04-30 19:56:36] Collecting nvidia-nvtx-cu12==12.8.90 (from torch==2.10.0)
[2026-04-30 19:56:36]   Downloading nvidia_nvtx_cu12-12.8.90-py3-none-manylinux2014_x86_64.manylinux_2_17_x86_64.whl (89 kB)
[2026-04-30 19:56:36] Collecting nvidia-nvjitlink-cu12==12.8.93 (from torch==2.10.0)
[2026-04-30 19:56:36]   Downloading nvidia_nvjitlink_cu12-12.8.93-py3-none-manylinux2010_x86_64.manylinux_2_12_x86_64.whl (39.3 MB)
[2026-04-30 19:56:39]      ━━━━━━━━━━━━━━━━━━━━━━━━━━━━━━━━━━━━━━━━ 39.3/39.3 MB 14.8 MB/s  0:00:02
[2026-04-30 19:56:39] Collecting nvidia-cufile-cu12==1.13.1.3 (from torch==2.10.0)
[2026-04-30 19:56:39]   Downloading nvidia_cufile_cu12-1.13.1.3-py3-none-manylinux2014_x86_64.manylinux_2_17_x86_64.whl (1.2 MB)
[2026-04-30 19:56:39]      ━━━━━━━━━━━━━━━━━━━━━━━━━━━━━━━━━━━━━━━━ 1.2/1.2 MB 7.7 MB/s  0:00:00
[2026-04-30 19:56:39] Collecting triton==3.6.0 (from torch==2.10.0)
[2026-04-30 19:56:39]   Downloading triton-3.6.0-cp312-cp312-manylinux_2_27_x86_64.manylinux_2_28_x86_64.whl (188.3 MB)
[2026-04-30 19:56:42]      ━━━━━━━━━━━━━━━━━━━━━━━━━━━━━━━━━━━━━━━━ 322.3/322.3 MB 14.2 MB/s  0:00:22
[2026-04-30 19:56:42] Collecting nvidia-nvshmem-cu12==3.4.5 (from torch==2.10.0)
[2026-04-30 19:56:42]   Downloading nvidia_nvshmem_cu12-3.4.5-py3-none-manylinux2014_x86_64.manylinux_2_17_x86_64.whl (139.1 MB)
[2026-04-30 19:56:43] [2026-04-30 19:56:42,760 AIMaster] (config.py 347) INFO: Try loading config from pai-aimaster-new configmap.
[2026-04-30 19:56:51]      ━━━━━━━━━━━━━━━━━━━━━━━━━━━━━━━━━━━━━━━━ 188.3/188.3 MB 15.6 MB/s  0:00:12
[2026-04-30 19:56:52] Collecting numpy (from torchvision==0.25.0)
[2026-04-30 19:56:52]   Downloading numpy-2.4.4-cp312-cp312-manylinux_2_27_x86_64.manylinux_2_28_x86_64.whl (16.6 MB)
[2026-04-30 19:56:52]      ━━━━━━━━━━━━━━━━━━━━━━━━━━━━━━━━━━━━━━━━ 139.1/139.1 MB 14.2 MB/s  0:00:09
[2026-04-30 19:56:52] Collecting nvidia-nvtx-cu12==12.8.90 (from torch==2.10.0)
[2026-04-30 19:56:52]   Downloading nvidia_nvtx_cu12-12.8.90-py3-none-manylinux2014_x86_64.manylinux_2_17_x86_64.whl (89 kB)
[2026-04-30 19:56:53] Collecting nvidia-nvjitlink-cu12==12.8.93 (from torch==2.10.0)
[2026-04-30 19:56:53]   Downloading nvidia_nvjitlink_cu12-12.8.93-py3-none-manylinux2010_x86_64.manylinux_2_12_x86_64.whl (39.3 MB)
[2026-04-30 19:56:53]      ━━━━━━━━━━━━━━━━━━━━━━━━━━━━━━━━━━━━━━━━ 16.6/16.6 MB 15.0 MB/s  0:00:01
[2026-04-30 19:56:53] Collecting pillow!=8.3.*,>=5.3.0 (from torchvision==0.25.0)
[2026-04-30 19:56:53]   Using cached pillow-12.2.0-cp312-cp312-manylinux_2_27_x86_64.manylinux_2_28_x86_64.whl (7.1 MB)
[2026-04-30 19:56:53] Collecting cuda-pathfinder~=1.1 (from cuda-bindings==12.9.4->torch==2.10.0)
[2026-04-30 19:56:54]   Downloading cuda_pathfinder-1.5.4-py3-none-any.whl (51 kB)
[2026-04-30 19:56:54] Collecting mpmath<1.4,>=1.1.0 (from sympy>=1.13.3->torch==2.10.0)
[2026-04-30 19:56:54]   Using cached mpmath-1.3.0-py3-none-any.whl (536 kB)
[2026-04-30 19:56:54] Collecting MarkupSafe>=2.0 (from jinja2->torch==2.10.0)
[2026-04-30 19:56:54]   Using cached markupsafe-3.0.3-cp312-cp312-manylinux2014_x86_64.manylinux_2_17_x86_64.manylinux_2_28_x86_64.whl (22 kB)
[2026-04-30 19:56:54] Installing collected packages: nvidia-cusparselt-cu12, mpmath, typing-extensions, triton, sympy, pillow, nvidia-nvtx-cu12, nvidia-nvshmem-cu12, nvidia-nvjitlink-cu12, nvidia-nccl-cu12, nvidia-curand-cu12, nvidia-cufile-cu12, nvidia-cuda-runtime-cu12, nvidia-cuda-nvrtc-cu12, nvidia-cuda-cupti-cu12, nvidia-cublas-cu12, numpy, networkx, MarkupSafe, fsspec, filelock, cuda-pathfinder, nvidia-cusparse-cu12, nvidia-cufft-cu12, nvidia-cudnn-cu12, jinja2, cuda-bindings, nvidia-cusolver-cu12, torch, torchvision, torchaudio
[2026-04-30 19:56:55]      ━━━━━━━━━━━━━━━━━━━━━━━━━━━━━━━━━━━━━━━━ 39.3/39.3 MB 14.7 MB/s  0:00:02
[2026-04-30 19:56:55] Collecting nvidia-cufile-cu12==1.13.1.3 (from torch==2.10.0)
[2026-04-30 19:56:55]   Downloading nvidia_cufile_cu12-1.13.1.3-py3-none-manylinux2014_x86_64.manylinux_2_17_x86_64.whl (1.2 MB)
[2026-04-30 19:56:55]      ━━━━━━━━━━━━━━━━━━━━━━━━━━━━━━━━━━━━━━━━ 1.2/1.2 MB 13.1 MB/s  0:00:00
[2026-04-30 19:56:56] Collecting triton==3.6.0 (from torch==2.10.0)
[2026-04-30 19:56:56]   Downloading triton-3.6.0-cp312-cp312-manylinux_2_27_x86_64.manylinux_2_28_x86_64.whl (188.3 MB)
[2026-04-30 19:56:56] [2026-04-30 19:56:55,794 AIMaster] (job_monitor_controller_k8s.py 1099) INFO: All workers: 2, running: 2, failed: 0, pending: 0
[2026-04-30 19:56:56] [2026-04-30 19:56:55,794 AIMaster] (aimaster_failover_controller.py 81) INFO: Detecting whether aimaster should be migrated.
[2026-04-30 19:57:10]      ━━━━━━━━━━━━━━━━━━━━━━━━━━━━━━━━━━━━━━━━ 188.3/188.3 MB 13.1 MB/s  0:00:14
[2026-04-30 19:57:10] Collecting numpy (from torchvision==0.25.0)
[2026-04-30 19:57:10]   Downloading numpy-2.4.4-cp312-cp312-manylinux_2_27_x86_64.manylinux_2_28_x86_64.whl (16.6 MB)
[2026-04-30 19:57:12]      ━━━━━━━━━━━━━━━━━━━━━━━━━━━━━━━━━━━━━━━━ 16.6/16.6 MB 14.3 MB/s  0:00:01
[2026-04-30 19:57:12] Collecting pillow!=8.3.*,>=5.3.0 (from torchvision==0.25.0)
[2026-04-30 19:57:12]   Using cached pillow-12.2.0-cp312-cp312-manylinux_2_27_x86_64.manylinux_2_28_x86_64.whl (7.1 MB)
[2026-04-30 19:57:12] Collecting cuda-pathfinder~=1.1 (from cuda-bindings==12.9.4->torch==2.10.0)
[2026-04-30 19:57:12]   Downloading cuda_pathfinder-1.5.4-py3-none-any.whl (51 kB)
[2026-04-30 19:57:12] Collecting mpmath<1.4,>=1.1.0 (from sympy>=1.13.3->torch==2.10.0)
[2026-04-30 19:57:12]   Using cached mpmath-1.3.0-py3-none-any.whl (536 kB)
[2026-04-30 19:57:12] Collecting MarkupSafe>=2.0 (from jinja2->torch==2.10.0)
[2026-04-30 19:57:12]   Using cached markupsafe-3.0.3-cp312-cp312-manylinux2014_x86_64.manylinux_2_17_x86_64.manylinux_2_28_x86_64.whl (22 kB)
[2026-04-30 19:57:12] Installing collected packages: nvidia-cusparselt-cu12, mpmath, typing-extensions, triton, sympy, pillow, nvidia-nvtx-cu12, nvidia-nvshmem-cu12, nvidia-nvjitlink-cu12, nvidia-nccl-cu12, nvidia-curand-cu12, nvidia-cufile-cu12, nvidia-cuda-runtime-cu12, nvidia-cuda-nvrtc-cu12, nvidia-cuda-cupti-cu12, nvidia-cublas-cu12, numpy, networkx, MarkupSafe, fsspec, filelock, cuda-pathfinder, nvidia-cusparse-cu12, nvidia-cufft-cu12, nvidia-cudnn-cu12, jinja2, cuda-bindings, nvidia-cusolver-cu12, torch, torchvision, torchaudio
[2026-04-30 19:57:26] [2026-04-30 19:57:25,942 AIMaster] (job_monitor_controller_k8s.py 1099) INFO: All workers: 2, running: 2, failed: 0, pending: 0
[2026-04-30 19:57:26] [2026-04-30 19:57:25,942 AIMaster] (ops_reported_error_detector.py 103) INFO: Detecting whether the job is affected by errors reported by ops platform.
[2026-04-30 19:57:43] [2026-04-30 19:57:42,796 AIMaster] (config.py 347) INFO: Try loading config from pai-aimaster-new configmap.
[2026-04-30 19:57:51] 
[2026-04-30 19:57:51] Successfully installed MarkupSafe-3.0.3 cuda-bindings-12.9.4 cuda-pathfinder-1.5.4 filelock-3.29.0 fsspec-2026.4.0 jinja2-3.1.6 mpmath-1.3.0 networkx-3.6.1 numpy-2.4.4 nvidia-cublas-cu12-12.8.4.1 nvidia-cuda-cupti-cu12-12.8.90 nvidia-cuda-nvrtc-cu12-12.8.93 nvidia-cuda-runtime-cu12-12.8.90 nvidia-cudnn-cu12-9.10.2.21 nvidia-cufft-cu12-11.3.3.83 nvidia-cufile-cu12-1.13.1.3 nvidia-curand-cu12-10.3.9.90 nvidia-cusolver-cu12-11.7.3.90 nvidia-cusparse-cu12-12.5.8.93 nvidia-cusparselt-cu12-0.7.1 nvidia-nccl-cu12-2.27.5 nvidia-nvjitlink-cu12-12.8.93 nvidia-nvshmem-cu12-3.4.5 nvidia-nvtx-cu12-12.8.90 pillow-12.2.0 sympy-1.14.0 torch-2.10.0 torchaudio-2.10.0 torchvision-0.25.0 triton-3.6.0 typing-extensions-4.15.0
[2026-04-30 19:57:51] 
[2026-04-30 19:57:51] [19:57:51] Installing teacher vLLM stack (vllm 0.20.0)
[2026-04-30 19:57:52] Looking in indexes: https://mirrors.aliyun.com/pypi/simple/
[2026-04-30 19:57:52] Looking in links: /mnt/data/ebft-distribution-new/caches/wheels
[2026-04-30 19:57:52] Collecting vllm==0.20.0
[2026-04-30 19:57:52]   Downloading vllm-0.20.0-cp38-abi3-manylinux_2_35_x86_64.whl (244.4 MB)
[2026-04-30 19:57:53] [2026-04-30 19:57:53,438 AIMaster] (job_event_collector.py 135) WARNING: Failed to watch pods, exception: ("Connection broken: ConnectionResetError(104, 'Connection reset by peer')", ConnectionResetError(104, 'Connection reset by peer'))
[2026-04-30 19:57:56] [2026-04-30 19:57:56,139 AIMaster] (job_monitor_controller_k8s.py 1099) INFO: All workers: 2, running: 2, failed: 0, pending: 0
[2026-04-30 19:58:10] 
[2026-04-30 19:58:10] Successfully installed MarkupSafe-3.0.3 cuda-bindings-12.9.4 cuda-pathfinder-1.5.4 filelock-3.29.0 fsspec-2026.4.0 jinja2-3.1.6 mpmath-1.3.0 networkx-3.6.1 numpy-2.4.4 nvidia-cublas-cu12-12.8.4.1 nvidia-cuda-cupti-cu12-12.8.90 nvidia-cuda-nvrtc-cu12-12.8.93 nvidia-cuda-runtime-cu12-12.8.90 nvidia-cudnn-cu12-9.10.2.21 nvidia-cufft-cu12-11.3.3.83 nvidia-cufile-cu12-1.13.1.3 nvidia-curand-cu12-10.3.9.90 nvidia-cusolver-cu12-11.7.3.90 nvidia-cusparse-cu12-12.5.8.93 nvidia-cusparselt-cu12-0.7.1 nvidia-nccl-cu12-2.27.5 nvidia-nvjitlink-cu12-12.8.93 nvidia-nvshmem-cu12-3.4.5 nvidia-nvtx-cu12-12.8.90 pillow-12.2.0 sympy-1.14.0 torch-2.10.0 torchaudio-2.10.0 torchvision-0.25.0 triton-3.6.0 typing-extensions-4.15.0
[2026-04-30 19:58:10] 
[2026-04-30 19:58:10] [19:58:09] Installing teacher vLLM stack (vllm 0.20.0)
[2026-04-30 19:58:10] Looking in indexes: https://mirrors.aliyun.com/pypi/simple/
[2026-04-30 19:58:10] Looking in links: /mnt/data/ebft-distribution-new/caches/wheels
[2026-04-30 19:58:11] Collecting vllm==0.20.0
[2026-04-30 19:58:11]   Downloading vllm-0.20.0-cp38-abi3-manylinux_2_35_x86_64.whl (244.4 MB)
[2026-04-30 19:58:26] [2026-04-30 19:58:26,301 AIMaster] (pod_manager.py 415) INFO: Pod Category Summary (Total pods: 2)
[2026-04-30 19:58:26] | Category           |   Count | Percentage   | Pods                                                   |
[2026-04-30 19:58:26] |--------------------|---------|--------------|--------------------------------------------------------|
[2026-04-30 19:58:26] | Running            |       2 | 100.0%       | [dlcq0aj9mi9mydx9-master-0, dlcq0aj9mi9mydx9-worker-0] |
[2026-04-30 19:58:26] | Pending            |       0 | 0.0%         |                                                        |
[2026-04-30 19:58:26] | Succeeded          |       0 | 0.0%         |                                                        |
[2026-04-30 19:58:26] | Failed             |       0 | 0.0%         |                                                        |
[2026-04-30 19:58:26] | Terminating        |       0 | 0.0%         |                                                        |
[2026-04-30 19:58:26] | Scheduler_evicting |       0 | 0.0%         |                                                        |
[2026-04-30 19:58:26] | Aiph_node_error    |       0 | 0.0%         |                                                        |
[2026-04-30 19:58:26] | Unknown            |       0 | 0.0%         |                                                        |
[2026-04-30 19:58:26] 
[2026-04-30 19:58:26] [2026-04-30 19:58:26,302 AIMaster] (job_monitor_controller_k8s.py 1099) INFO: All workers: 2, running: 2, failed: 0, pending: 0
[2026-04-30 19:58:26] [2026-04-30 19:58:26,302 AIMaster] (ops_reported_error_detector.py 103) INFO: Detecting whether the job is affected by errors reported by ops platform.
[2026-04-30 19:58:43] [2026-04-30 19:58:42,831 AIMaster] (config.py 347) INFO: Try loading config from pai-aimaster-new configmap.
[2026-04-30 19:58:56] [2026-04-30 19:58:56,452 AIMaster] (job_monitor_controller_k8s.py 1099) INFO: All workers: 2, running: 2, failed: 0, pending: 0
[2026-04-30 19:58:56] [2026-04-30 19:58:56,452 AIMaster] (aimaster_failover_controller.py 81) INFO: Detecting whether aimaster should be migrated.
[2026-04-30 19:59:25] [2026-04-30 19:59:24,745 AIMaster] (job_event_collector.py 135) WARNING: Failed to watch pods, exception: ("Connection broken: ConnectionResetError(104, 'Connection reset by peer')", ConnectionResetError(104, 'Connection reset by peer'))
[2026-04-30 19:59:26] [2026-04-30 19:59:26,580 AIMaster] (job_monitor_controller_k8s.py 1099) INFO: All workers: 2, running: 2, failed: 0, pending: 0
[2026-04-30 19:59:26] [2026-04-30 19:59:26,580 AIMaster] (ops_reported_error_detector.py 103) INFO: Detecting whether the job is affected by errors reported by ops platform.
[2026-04-30 19:59:43] [2026-04-30 19:59:42,868 AIMaster] (config.py 347) INFO: Try loading config from pai-aimaster-new configmap.
[2026-04-30 19:59:54]      ━━━━━━━━━━━━━━━╸                       101.4/244.4 MB 48.8 MB/s eta 0:00:03
[2026-04-30 19:59:54]   WARNING: Connection timed out while downloading.
[2026-04-30 19:59:54]   WARNING: Attempting to resume incomplete download (101.4 MB/244.4 MB, attempt 1)
[2026-04-30 19:59:54]   Resuming download vllm-0.20.0-cp38-abi3-manylinux_2_35_x86_64.whl (101.4 MB/244.4 MB)
[2026-04-30 19:59:55]      ━━━━━━━━━━━━━━━━━━━━━━━━━━━━━━━━━━━━━━━━ 244.4/244.4 MB 5.9 MB/s  0:01:44
[2026-04-30 19:59:55] Collecting flashinfer-python==0.6.8.post1
[2026-04-30 19:59:55]   Downloading flashinfer_python-0.6.8.post1-py3-none-any.whl (9.4 MB)
[2026-04-30 19:59:56]      ━━━━━━━━━━━━━━━━━━━━━━━━━━━━━━━━━━━━━━━━ 9.4/9.4 MB 30.1 MB/s  0:00:00
[2026-04-30 19:59:56] Collecting tqdm==4.67.3
[2026-04-30 19:59:56]   Using cached tqdm-4.67.3-py3-none-any.whl (78 kB)
[2026-04-30 19:59:56] Collecting flashinfer-cubin==0.6.8.post1
[2026-04-30 19:59:56]   Downloading flashinfer_cubin-0.6.8.post1-py3-none-any.whl (295.2 MB)
[2026-04-30 19:59:57] [2026-04-30 19:59:56,761 AIMaster] (job_monitor_controller_k8s.py 1099) INFO: All workers: 2, running: 2, failed: 0, pending: 0
[2026-04-30 20:00:27] [2026-04-30 20:00:26,884 AIMaster] (job_monitor_controller_k8s.py 1099) INFO: All workers: 2, running: 2, failed: 0, pending: 0
[2026-04-30 20:00:27] [2026-04-30 20:00:26,885 AIMaster] (ops_reported_error_detector.py 103) INFO: Detecting whether the job is affected by errors reported by ops platform.
[2026-04-30 20:00:43] [2026-04-30 20:00:42,906 AIMaster] (config.py 347) INFO: Try loading config from pai-aimaster-new configmap.
[2026-04-30 20:00:57] [2026-04-30 20:00:56,865 AIMaster] (job_event_collector.py 135) WARNING: Failed to watch pods, exception: ("Connection broken: ConnectionResetError(104, 'Connection reset by peer')", ConnectionResetError(104, 'Connection reset by peer'))
[2026-04-30 20:00:57] [2026-04-30 20:00:57,148 AIMaster] (job_monitor_controller_k8s.py 1099) INFO: All workers: 2, running: 2, failed: 0, pending: 0
[2026-04-30 20:00:57] [2026-04-30 20:00:57,148 AIMaster] (aimaster_failover_controller.py 81) INFO: Detecting whether aimaster should be migrated.
[2026-04-30 20:01:27] [2026-04-30 20:01:27,281 AIMaster] (job_monitor_controller_k8s.py 1099) INFO: All workers: 2, running: 2, failed: 0, pending: 0
[2026-04-30 20:01:27] [2026-04-30 20:01:27,282 AIMaster] (ops_reported_error_detector.py 103) INFO: Detecting whether the job is affected by errors reported by ops platform.
[2026-04-30 20:01:43] [2026-04-30 20:01:42,941 AIMaster] (config.py 347) INFO: Try loading config from pai-aimaster-new configmap.
[2026-04-30 20:01:57] [2026-04-30 20:01:57,441 AIMaster] (job_monitor_controller_k8s.py 1099) INFO: All workers: 2, running: 2, failed: 0, pending: 0
[2026-04-30 20:02:00]      ━━━━━━━━━━━━━━━                        119.8/295.2 MB 27.2 MB/s eta 0:00:07
[2026-04-30 20:02:00]   WARNING: Connection timed out while downloading.
[2026-04-30 20:02:00]   WARNING: Attempting to resume incomplete download (119.8 MB/295.2 MB, attempt 1)
[2026-04-30 20:02:00]   Resuming download flashinfer_cubin-0.6.8.post1-py3-none-any.whl (119.8 MB/295.2 MB)
[2026-04-30 20:02:01]      ━━━━━━━━━━━━━━━━━━━━━━━━━━━━━━━━       206.8/244.4 MB 17.3 MB/s eta 0:00:03
[2026-04-30 20:02:01]   WARNING: Connection timed out while downloading.
[2026-04-30 20:02:01]   WARNING: Attempting to resume incomplete download (206.8 MB/244.4 MB, attempt 2)
[2026-04-30 20:02:01]   Resuming download vllm-0.20.0-cp38-abi3-manylinux_2_35_x86_64.whl (206.8 MB/244.4 MB)
[2026-04-30 20:02:14]      ━━━━━━━━━━━━━━━━━━━━━━━━━━━━━━━━━━━━━━━━ 244.4/244.4 MB 2.8 MB/s  0:00:13
[2026-04-30 20:02:15] Collecting flashinfer-python==0.6.8.post1
[2026-04-30 20:02:15]   Downloading flashinfer_python-0.6.8.post1-py3-none-any.whl (9.4 MB)
[2026-04-30 20:02:18]      ━━━━━━━━━━━━━━━━━━━━━━━━━━━━━━━━━━━━━━━━ 9.4/9.4 MB 2.6 MB/s  0:00:03
[2026-04-30 20:02:19] Collecting tqdm==4.67.3
[2026-04-30 20:02:19]   Using cached tqdm-4.67.3-py3-none-any.whl (78 kB)
[2026-04-30 20:02:19] Collecting flashinfer-cubin==0.6.8.post1
[2026-04-30 20:02:19]   Downloading flashinfer_cubin-0.6.8.post1-py3-none-any.whl (295.2 MB)
[2026-04-30 20:02:27] [2026-04-30 20:02:27,659 AIMaster] (job_monitor_controller_k8s.py 1099) INFO: All workers: 2, running: 2, failed: 0, pending: 0
[2026-04-30 20:02:27] [2026-04-30 20:02:27,659 AIMaster] (ops_reported_error_detector.py 103) INFO: Detecting whether the job is affected by errors reported by ops platform.
[2026-04-30 20:02:28] [2026-04-30 20:02:28,571 AIMaster] (job_event_collector.py 135) WARNING: Failed to watch pods, exception: ("Connection broken: ConnectionResetError(104, 'Connection reset by peer')", ConnectionResetError(104, 'Connection reset by peer'))
[2026-04-30 20:02:29]      ━━━━━━━━━━━━━━━━━━━━━━━━━━━━━━━━━━━━━━━━ 295.2/295.2 MB 6.2 MB/s  0:00:28
[2026-04-30 20:02:30] Collecting regex (from vllm==0.20.0)
[2026-04-30 20:02:30]   Using cached regex-2026.4.4-cp312-cp312-manylinux2014_x86_64.manylinux_2_17_x86_64.manylinux_2_28_x86_64.whl (801 kB)
[2026-04-30 20:02:30] Collecting cachetools (from vllm==0.20.0)
[2026-04-30 20:02:30]   Downloading cachetools-7.0.6-py3-none-any.whl (13 kB)
[2026-04-30 20:02:30] Collecting psutil (from vllm==0.20.0)
[2026-04-30 20:02:30]   Using cached psutil-7.2.2-cp36-abi3-manylinux2010_x86_64.manylinux_2_12_x86_64.manylinux_2_28_x86_64.whl (155 kB)
[2026-04-30 20:02:30] Collecting sentencepiece (from vllm==0.20.0)
[2026-04-30 20:02:30]   Using cached sentencepiece-0.2.1-cp312-cp312-manylinux_2_27_x86_64.manylinux_2_28_x86_64.whl (1.4 MB)
[2026-04-30 20:02:30] Requirement already satisfied: numpy in /mnt/workspace/venvs/.teacherVenv/lib/python3.12/site-packages (from vllm==0.20.0) (2.4.4)
[2026-04-30 20:02:30] Collecting requests>=2.26.0 (from vllm==0.20.0)
[2026-04-30 20:02:30]   Using cached requests-2.33.1-py3-none-any.whl (64 kB)
[2026-04-30 20:02:30] Collecting blake3 (from vllm==0.20.0)
[2026-04-30 20:02:30]   Downloading blake3-1.0.8-cp312-cp312-manylinux_2_17_x86_64.manylinux2014_x86_64.whl (388 kB)
[2026-04-30 20:02:31] Collecting py-cpuinfo (from vllm==0.20.0)
[2026-04-30 20:02:31]   Using cached py_cpuinfo-9.0.0-py3-none-any.whl (22 kB)
[2026-04-30 20:02:31] Collecting transformers!=5.0.*,!=5.1.*,!=5.2.*,!=5.3.*,!=5.4.*,!=5.5.0,>=4.56.0 (from vllm==0.20.0)
[2026-04-30 20:02:31]   Downloading transformers-5.7.0-py3-none-any.whl (10.5 MB)
[2026-04-30 20:02:31]      ━━━━━━━━━━━━━━━━━━━━━━━━━━━━━━━━━━━━━━━━ 10.5/10.5 MB 14.4 MB/s  0:00:00
[2026-04-30 20:02:32] Collecting tokenizers>=0.21.1 (from vllm==0.20.0)
[2026-04-30 20:02:32]   Downloading tokenizers-0.23.1-cp310-abi3-manylinux_2_17_x86_64.manylinux2014_x86_64.whl (3.3 MB)
[2026-04-30 20:02:32]      ━━━━━━━━━━━━━━━━━━━━━━━━━━━━━━━━━━━━━━━━ 3.3/3.3 MB 16.1 MB/s  0:00:00
[2026-04-30 20:02:32] Collecting protobuf!=6.30.*,!=6.31.*,!=6.32.*,!=6.33.0.*,!=6.33.1.*,!=6.33.2.*,!=6.33.3.*,!=6.33.4.*,>=5.29.6 (from vllm==0.20.0)
[2026-04-30 20:02:32]   Downloading protobuf-7.34.1-cp310-abi3-manylinux2014_x86_64.whl (324 kB)
[2026-04-30 20:02:32] Collecting fastapi>=0.115.0 (from fastapi[standard]>=0.115.0->vllm==0.20.0)
[2026-04-30 20:02:32]   Downloading fastapi-0.136.1-py3-none-any.whl (117 kB)
[2026-04-30 20:02:33] Collecting aiohttp>=3.13.3 (from vllm==0.20.0)
[2026-04-30 20:02:33]   Using cached aiohttp-3.13.5-cp312-cp312-manylinux2014_x86_64.manylinux_2_17_x86_64.manylinux_2_28_x86_64.whl (1.8 MB)
[2026-04-30 20:02:33] Collecting openai>=2.0.0 (from vllm==0.20.0)
[2026-04-30 20:02:33]   Downloading openai-2.33.0-py3-none-any.whl (1.2 MB)
[2026-04-30 20:02:33]      ━━━━━━━━━━━━━━━━━━━━━━━━━━━━━━━━━━━━━━━━ 1.2/1.2 MB 14.4 MB/s  0:00:00
[2026-04-30 20:02:33] Collecting pydantic>=2.12.0 (from vllm==0.20.0)
[2026-04-30 20:02:33]   Using cached pydantic-2.13.3-py3-none-any.whl (471 kB)
[2026-04-30 20:02:33] Collecting prometheus_client>=0.18.0 (from vllm==0.20.0)
[2026-04-30 20:02:33]   Downloading prometheus_client-0.25.0-py3-none-any.whl (64 kB)
[2026-04-30 20:02:33] Requirement already satisfied: pillow in /mnt/workspace/venvs/.teacherVenv/lib/python3.12/site-packages (from vllm==0.20.0) (12.2.0)
[2026-04-30 20:02:34] Collecting prometheus-fastapi-instrumentator>=7.0.0 (from vllm==0.20.0)
[2026-04-30 20:02:34]   Downloading prometheus_fastapi_instrumentator-7.1.0-py3-none-any.whl (19 kB)
[2026-04-30 20:02:34] Collecting tiktoken>=0.6.0 (from vllm==0.20.0)
[2026-04-30 20:02:34]   Downloading tiktoken-0.12.0-cp312-cp312-manylinux_2_28_x86_64.whl (1.2 MB)
[2026-04-30 20:02:34]      ━━━━━━━━━━━━━━━━━━━━━━━━━━━━━━━━━━━━━━━━ 1.2/1.2 MB 14.7 MB/s  0:00:00
[2026-04-30 20:02:34] Collecting lm-format-enforcer==0.11.3 (from vllm==0.20.0)
[2026-04-30 20:02:34]   Downloading lm_format_enforcer-0.11.3-py3-none-any.whl (45 kB)
[2026-04-30 20:02:35] Collecting llguidance<1.4.0,>=1.3.0 (from vllm==0.20.0)
[2026-04-30 20:02:35]   Downloading llguidance-1.3.0-cp39-abi3-manylinux_2_17_x86_64.manylinux2014_x86_64.whl (3.0 MB)
[2026-04-30 20:02:35]      ━━━━━━━━━━━━━━━━━━━━━━━━━━━━━━━━━━━━━━━━ 3.0/3.0 MB 15.4 MB/s  0:00:00
[2026-04-30 20:02:35] Collecting outlines_core==0.2.14 (from vllm==0.20.0)
[2026-04-30 20:02:35]   Downloading outlines_core-0.2.14-cp312-cp312-manylinux_2_17_x86_64.manylinux2014_x86_64.whl (2.3 MB)
[2026-04-30 20:02:35]      ━━━━━━━━━━━━━━━━━━━━━━━━━━━━━━━━━━━━━━━━ 2.3/2.3 MB 16.4 MB/s  0:00:00
[2026-04-30 20:02:35] Collecting diskcache==5.6.3 (from vllm==0.20.0)
[2026-04-30 20:02:35]   Downloading diskcache-5.6.3-py3-none-any.whl (45 kB)
[2026-04-30 20:02:35] Collecting lark==1.2.2 (from vllm==0.20.0)
[2026-04-30 20:02:35]   Downloading lark-1.2.2-py3-none-any.whl (111 kB)
[2026-04-30 20:02:35] Collecting xgrammar<1.0.0,>=0.1.32 (from vllm==0.20.0)
[2026-04-30 20:02:36]   Downloading xgrammar-0.1.34-cp312-cp312-manylinux_2_27_x86_64.manylinux_2_28_x86_64.whl (44.6 MB)
[2026-04-30 20:02:38]      ━━━━━━━━━━━━━━━━━━━━━━━━━━━━━━━━━━━━━━━━ 44.6/44.6 MB 15.8 MB/s  0:00:02
[2026-04-30 20:02:38] Requirement already satisfied: typing_extensions>=4.10 in /mnt/workspace/venvs/.teacherVenv/lib/python3.12/site-packages (from vllm==0.20.0) (4.15.0)
[2026-04-30 20:02:38] Requirement already satisfied: filelock>=3.16.1 in /mnt/workspace/venvs/.teacherVenv/lib/python3.12/site-packages (from vllm==0.20.0) (3.29.0)
[2026-04-30 20:02:39] Collecting partial-json-parser (from vllm==0.20.0)
[2026-04-30 20:02:39]   Downloading partial_json_parser-0.2.1.1.post7-py3-none-any.whl (10 kB)
[2026-04-30 20:02:39] Collecting pyzmq>=25.0.0 (from vllm==0.20.0)
[2026-04-30 20:02:39]   Downloading pyzmq-27.1.0-cp312-abi3-manylinux_2_26_x86_64.manylinux_2_28_x86_64.whl (840 kB)
[2026-04-30 20:02:39]      ━━━━━━━━━━━━━━━━━━━━━━━━━━━━━━━━━━━━━━━━ 841.0/841.0 kB 16.9 MB/s  0:00:00
[2026-04-30 20:02:39] Collecting msgspec (from vllm==0.20.0)
[2026-04-30 20:02:39]   Downloading msgspec-0.21.1-cp312-cp312-manylinux2014_x86_64.manylinux_2_17_x86_64.manylinux_2_28_x86_64.whl (225 kB)
[2026-04-30 20:02:39] Collecting gguf>=0.17.0 (from vllm==0.20.0)
[2026-04-30 20:02:39]   Downloading gguf-0.18.0-py3-none-any.whl (114 kB)
[2026-04-30 20:02:40] Collecting mistral_common>=1.11.0 (from mistral_common[image]>=1.11.0->vllm==0.20.0)
[2026-04-30 20:02:40]   Downloading mistral_common-1.11.1-py3-none-any.whl (6.5 MB)
[2026-04-30 20:02:40]      ━━━━━━━━━━━━━━━━━━━━━━━━━━━━━━━━━━━━━━━━ 6.5/6.5 MB 15.9 MB/s  0:00:00
[2026-04-30 20:02:40] Collecting opencv-python-headless>=4.13.0 (from vllm==0.20.0)
[2026-04-30 20:02:40]   Downloading opencv_python_headless-4.13.0.92-cp37-abi3-manylinux_2_28_x86_64.whl (60.4 MB)
[2026-04-30 20:02:43] [2026-04-30 20:02:42,977 AIMaster] (config.py 347) INFO: Try loading config from pai-aimaster-new configmap.
[2026-04-30 20:02:44]      ━━━━━━━━━━━━━━━━━━━━━━━━━━━━━━━━━━━━━━━━ 60.4/60.4 MB 15.8 MB/s  0:00:03
[2026-04-30 20:02:44] Collecting pyyaml (from vllm==0.20.0)
[2026-04-30 20:02:44]   Using cached pyyaml-6.0.3-cp312-cp312-manylinux2014_x86_64.manylinux_2_17_x86_64.manylinux_2_28_x86_64.whl (807 kB)
[2026-04-30 20:02:44] Collecting six>=1.16.0 (from vllm==0.20.0)
[2026-04-30 20:02:44]   Using cached six-1.17.0-py2.py3-none-any.whl (11 kB)
[2026-04-30 20:02:45] Collecting setuptools<81.0.0,>=77.0.3 (from vllm==0.20.0)
[2026-04-30 20:02:45]   Downloading setuptools-80.10.2-py3-none-any.whl (1.1 MB)
[2026-04-30 20:02:45]      ━━━━━━━━━━━━━━━━━━━━━━━━━━━━━━━━━━━━━━━━ 1.1/1.1 MB 3.5 MB/s  0:00:00
[2026-04-30 20:02:45]      ━━━━━━━━━━━━━━━━━━━━━━━━━━━━━━━━━━━━━━━━ 295.2/295.2 MB 12.3 MB/s  0:00:25
[2026-04-30 20:02:45] Collecting regex (from vllm==0.20.0)
[2026-04-30 20:02:45]   Using cached regex-2026.4.4-cp312-cp312-manylinux2014_x86_64.manylinux_2_17_x86_64.manylinux_2_28_x86_64.whl (801 kB)
[2026-04-30 20:02:45] Collecting cachetools (from vllm==0.20.0)
[2026-04-30 20:02:46] Collecting einops (from vllm==0.20.0)
[2026-04-30 20:02:46]   Downloading einops-0.8.2-py3-none-any.whl (65 kB)
[2026-04-30 20:02:46] Collecting compressed-tensors==0.15.0.1 (from vllm==0.20.0)
[2026-04-30 20:02:46]   Downloading compressed_tensors-0.15.0.1-py3-none-any.whl (194 kB)
[2026-04-30 20:02:46] Collecting depyf==0.20.0 (from vllm==0.20.0)
[2026-04-30 20:02:46]   Downloading depyf-0.20.0-py3-none-any.whl (39 kB)
[2026-04-30 20:02:46]   Downloading cachetools-7.0.6-py3-none-any.whl (13 kB)
[2026-04-30 20:02:46] Collecting psutil (from vllm==0.20.0)
[2026-04-30 20:02:46]   Using cached psutil-7.2.2-cp36-abi3-manylinux2010_x86_64.manylinux_2_12_x86_64.manylinux_2_28_x86_64.whl (155 kB)
[2026-04-30 20:02:46] Collecting sentencepiece (from vllm==0.20.0)
[2026-04-30 20:02:46]   Using cached sentencepiece-0.2.1-cp312-cp312-manylinux_2_27_x86_64.manylinux_2_28_x86_64.whl (1.4 MB)
[2026-04-30 20:02:46] Requirement already satisfied: numpy in /mnt/workspace/venvs/.teacherVenv/lib/python3.12/site-packages (from vllm==0.20.0) (2.4.4)
[2026-04-30 20:02:46] Collecting requests>=2.26.0 (from vllm==0.20.0)
[2026-04-30 20:02:46]   Using cached requests-2.33.1-py3-none-any.whl (64 kB)
[2026-04-30 20:02:46] Collecting blake3 (from vllm==0.20.0)
[2026-04-30 20:02:46]   Downloading blake3-1.0.8-cp312-cp312-manylinux_2_17_x86_64.manylinux2014_x86_64.whl (388 kB)
[2026-04-30 20:02:46] Collecting py-cpuinfo (from vllm==0.20.0)
[2026-04-30 20:02:46]   Using cached py_cpuinfo-9.0.0-py3-none-any.whl (22 kB)
[2026-04-30 20:02:46] Collecting transformers!=5.0.*,!=5.1.*,!=5.2.*,!=5.3.*,!=5.4.*,!=5.5.0,>=4.56.0 (from vllm==0.20.0)
[2026-04-30 20:02:46]   Downloading transformers-5.7.0-py3-none-any.whl (10.5 MB)
[2026-04-30 20:02:47]      ━━━━━━━━━━━━━━━━━━━━━━━━━━━━━━━━━━━━━━━━ 10.5/10.5 MB 12.7 MB/s  0:00:00
[2026-04-30 20:02:47] Collecting tokenizers>=0.21.1 (from vllm==0.20.0)
[2026-04-30 20:02:47]   Downloading tokenizers-0.23.1-cp310-abi3-manylinux_2_17_x86_64.manylinux2014_x86_64.whl (3.3 MB)
[2026-04-30 20:02:47] Collecting cloudpickle (from vllm==0.20.0)
[2026-04-30 20:02:47]   Downloading cloudpickle-3.1.2-py3-none-any.whl (22 kB)
[2026-04-30 20:02:47] Collecting watchfiles (from vllm==0.20.0)
[2026-04-30 20:02:47]   Downloading watchfiles-1.1.1-cp312-cp312-manylinux_2_17_x86_64.manylinux2014_x86_64.whl (456 kB)
[2026-04-30 20:02:47] Collecting python-json-logger (from vllm==0.20.0)
[2026-04-30 20:02:47]   Downloading python_json_logger-4.1.0-py3-none-any.whl (15 kB)
[2026-04-30 20:02:47] Collecting ninja (from vllm==0.20.0)
[2026-04-30 20:02:47]   Using cached ninja-1.13.0-py3-none-manylinux2014_x86_64.manylinux_2_17_x86_64.whl (180 kB)
[2026-04-30 20:02:47] Collecting pybase64 (from vllm==0.20.0)
[2026-04-30 20:02:47]   Downloading pybase64-1.4.3-cp312-cp312-manylinux1_x86_64.manylinux2014_x86_64.manylinux_2_17_x86_64.manylinux_2_5_x86_64.whl (71 kB)
[2026-04-30 20:02:47] Collecting cbor2 (from vllm==0.20.0)
[2026-04-30 20:02:47]   Downloading cbor2-6.0.1-cp312-cp312-manylinux_2_28_x86_64.whl (456 kB)
[2026-04-30 20:02:48]      ━━━━━━━━━━━━━━━━━━━━━━━━━━━━━━━━━━━━━━━━ 3.3/3.3 MB 11.9 MB/s  0:00:00
[2026-04-30 20:02:48] Collecting protobuf!=6.30.*,!=6.31.*,!=6.32.*,!=6.33.0.*,!=6.33.1.*,!=6.33.2.*,!=6.33.3.*,!=6.33.4.*,>=5.29.6 (from vllm==0.20.0)
[2026-04-30 20:02:48]   Downloading protobuf-7.34.1-cp310-abi3-manylinux2014_x86_64.whl (324 kB)
[2026-04-30 20:02:48] Collecting fastapi>=0.115.0 (from fastapi[standard]>=0.115.0->vllm==0.20.0)
[2026-04-30 20:02:48]   Downloading fastapi-0.136.1-py3-none-any.whl (117 kB)
[2026-04-30 20:02:48] Collecting ijson (from vllm==0.20.0)
[2026-04-30 20:02:48]   Downloading ijson-3.5.0-cp312-cp312-manylinux2014_x86_64.manylinux_2_17_x86_64.manylinux_2_28_x86_64.whl (149 kB)
[2026-04-30 20:02:48] Collecting setproctitle (from vllm==0.20.0)
[2026-04-30 20:02:48]   Downloading setproctitle-1.3.7-cp312-cp312-manylinux1_x86_64.manylinux_2_28_x86_64.manylinux_2_5_x86_64.whl (32 kB)
[2026-04-30 20:02:48] Collecting openai-harmony>=0.0.3 (from vllm==0.20.0)
[2026-04-30 20:02:48]   Downloading openai_harmony-0.0.8-cp38-abi3-manylinux_2_17_x86_64.manylinux2014_x86_64.whl (3.0 MB)
[2026-04-30 20:02:48]      ━━━━━━━━━━━━━━━━━━━━━━━━━━━━━━━━━━━━━━━━ 3.0/3.0 MB 16.1 MB/s  0:00:00
[2026-04-30 20:02:48] Collecting anthropic>=0.71.0 (from vllm==0.20.0)
[2026-04-30 20:02:49]   Downloading anthropic-0.97.0-py3-none-any.whl (662 kB)
[2026-04-30 20:02:49]      ━━━━━━━━━━━━━━━━━━━━━━━━━━━━━━━━━━━━━━━━ 662.1/662.1 kB 12.8 MB/s  0:00:00
[2026-04-30 20:02:49] Collecting model-hosting-container-standards<1.0.0,>=0.1.13 (from vllm==0.20.0)
[2026-04-30 20:02:49]   Downloading model_hosting_container_standards-0.1.14-py3-none-any.whl (121 kB)
[2026-04-30 20:02:49] Collecting mcp (from vllm==0.20.0)
[2026-04-30 20:02:49]   Downloading mcp-1.27.0-py3-none-any.whl (215 kB)
[2026-04-30 20:02:49] Collecting opentelemetry-sdk>=1.27.0 (from vllm==0.20.0)
[2026-04-30 20:02:49]   Downloading opentelemetry_sdk-1.41.1-py3-none-any.whl (180 kB)
[2026-04-30 20:02:49] Collecting opentelemetry-api>=1.27.0 (from vllm==0.20.0)
[2026-04-30 20:02:49]   Using cached opentelemetry_api-1.41.1-py3-none-any.whl (69 kB)
[2026-04-30 20:02:49] Collecting opentelemetry-exporter-otlp>=1.27.0 (from vllm==0.20.0)
[2026-04-30 20:02:49]   Downloading opentelemetry_exporter_otlp-1.41.1-py3-none-any.whl (7.0 kB)
[2026-04-30 20:02:49] Collecting opentelemetry-semantic-conventions-ai>=0.4.1 (from vllm==0.20.0)
[2026-04-30 20:02:49]   Downloading opentelemetry_semantic_conventions_ai-0.5.1-py3-none-any.whl (11 kB)
[2026-04-30 20:02:49] Collecting aiohttp>=3.13.3 (from vllm==0.20.0)
[2026-04-30 20:02:49]   Using cached aiohttp-3.13.5-cp312-cp312-manylinux2014_x86_64.manylinux_2_17_x86_64.manylinux_2_28_x86_64.whl (1.8 MB)
[2026-04-30 20:02:49] Collecting openai>=2.0.0 (from vllm==0.20.0)
[2026-04-30 20:02:49]   Downloading openai-2.33.0-py3-none-any.whl (1.2 MB)
[2026-04-30 20:02:49]      ━━━━━━━━━━━━━━━━━━━━━━━━━━━━━━━━━━━━━━━━ 1.2/1.2 MB 12.8 MB/s  0:00:00
[2026-04-30 20:02:49] Collecting pydantic>=2.12.0 (from vllm==0.20.0)
[2026-04-30 20:02:49]   Using cached pydantic-2.13.3-py3-none-any.whl (471 kB)
[2026-04-30 20:02:49] Collecting prometheus_client>=0.18.0 (from vllm==0.20.0)
[2026-04-30 20:02:49]   Downloading prometheus_client-0.25.0-py3-none-any.whl (64 kB)
[2026-04-30 20:02:49] Requirement already satisfied: pillow in /mnt/workspace/venvs/.teacherVenv/lib/python3.12/site-packages (from vllm==0.20.0) (12.2.0)
[2026-04-30 20:02:49] Collecting prometheus-fastapi-instrumentator>=7.0.0 (from vllm==0.20.0)
[2026-04-30 20:02:49]   Downloading prometheus_fastapi_instrumentator-7.1.0-py3-none-any.whl (19 kB)
[2026-04-30 20:02:50] Collecting tiktoken>=0.6.0 (from vllm==0.20.0)
[2026-04-30 20:02:50]   Downloading tiktoken-0.12.0-cp312-cp312-manylinux_2_28_x86_64.whl (1.2 MB)
[2026-04-30 20:02:50]      ━━━━━━━━━━━━━━━━━━━━━━━━━━━━━━━━━━━━━━━━ 1.2/1.2 MB 12.9 MB/s  0:00:00
[2026-04-30 20:02:50] Collecting lm-format-enforcer==0.11.3 (from vllm==0.20.0)
[2026-04-30 20:02:50]   Downloading lm_format_enforcer-0.11.3-py3-none-any.whl (45 kB)
[2026-04-30 20:02:50]   Downloading lm_format_enforcer-0.11.3-py3-none-any.whl (45 kB)
[2026-04-30 20:02:50] Collecting llguidance<1.4.0,>=1.3.0 (from vllm==0.20.0)
[2026-04-30 20:02:50]   Downloading llguidance-1.3.0-cp39-abi3-manylinux_2_17_x86_64.manylinux2014_x86_64.whl (3.0 MB)
[2026-04-30 20:02:50]      ━━━━━━━━━━━━━━━━━━━━━━━━━━━━━━━━━━━━━━━━ 3.0/3.0 MB 13.3 MB/s  0:00:00
[2026-04-30 20:02:50] Collecting outlines_core==0.2.14 (from vllm==0.20.0)
[2026-04-30 20:02:50]   Downloading outlines_core-0.2.14-cp312-cp312-manylinux_2_17_x86_64.manylinux2014_x86_64.whl (2.3 MB)
[2026-04-30 20:02:50]      ━━━━━━━━━━━━━━━━━━━━━━━━━━━━━━━━━━━━━━━━ 2.3/2.3 MB 12.6 MB/s  0:00:00
[2026-04-30 20:02:50] Collecting diskcache==5.6.3 (from vllm==0.20.0)
[2026-04-30 20:02:50] Collecting numba==0.65.0 (from vllm==0.20.0)
[2026-04-30 20:02:50]   Downloading numba-0.65.0-cp312-cp312-manylinux2014_x86_64.manylinux_2_17_x86_64.whl (3.8 MB)
[2026-04-30 20:02:50]      ━━━━━━━━━━━━━━━━━━━━━━━━━━━━━━━━━━━━━━━━ 3.8/3.8 MB 14.6 MB/s  0:00:00
[2026-04-30 20:02:50] Collecting torch==2.11.0 (from vllm==0.20.0)
[2026-04-30 20:02:50]   Downloading torch-2.11.0-cp312-cp312-manylinux_2_28_x86_64.whl (530.7 MB)
[2026-04-30 20:02:51]   Downloading diskcache-5.6.3-py3-none-any.whl (45 kB)
[2026-04-30 20:02:51] Collecting lark==1.2.2 (from vllm==0.20.0)
[2026-04-30 20:02:51]   Downloading lark-1.2.2-py3-none-any.whl (111 kB)
[2026-04-30 20:02:51] Collecting xgrammar<1.0.0,>=0.1.32 (from vllm==0.20.0)
[2026-04-30 20:02:51]   Downloading xgrammar-0.1.34-cp312-cp312-manylinux_2_27_x86_64.manylinux_2_28_x86_64.whl (44.6 MB)
[2026-04-30 20:02:54]      ━━━━━━━━━━━━━━━━━━━━━━━━━━━━━━━━━━━━━━━━ 44.6/44.6 MB 12.4 MB/s  0:00:03
[2026-04-30 20:02:54] Requirement already satisfied: typing_extensions>=4.10 in /mnt/workspace/venvs/.teacherVenv/lib/python3.12/site-packages (from vllm==0.20.0) (4.15.0)
[2026-04-30 20:02:54] Requirement already satisfied: filelock>=3.16.1 in /mnt/workspace/venvs/.teacherVenv/lib/python3.12/site-packages (from vllm==0.20.0) (3.29.0)
[2026-04-30 20:02:54] Collecting partial-json-parser (from vllm==0.20.0)
[2026-04-30 20:02:54]   Downloading partial_json_parser-0.2.1.1.post7-py3-none-any.whl (10 kB)
[2026-04-30 20:02:55] Collecting pyzmq>=25.0.0 (from vllm==0.20.0)
[2026-04-30 20:02:55]   Downloading pyzmq-27.1.0-cp312-abi3-manylinux_2_26_x86_64.manylinux_2_28_x86_64.whl (840 kB)
[2026-04-30 20:02:55]      ━━━━━━━━━━━━━━━━━━━━━━━━━━━━━━━━━━━━━━━━ 841.0/841.0 kB 13.4 MB/s  0:00:00
[2026-04-30 20:02:55] Collecting msgspec (from vllm==0.20.0)
[2026-04-30 20:02:55]   Downloading msgspec-0.21.1-cp312-cp312-manylinux2014_x86_64.manylinux_2_17_x86_64.manylinux_2_28_x86_64.whl (225 kB)
[2026-04-30 20:02:55] Collecting gguf>=0.17.0 (from vllm==0.20.0)
[2026-04-30 20:02:55]   Downloading gguf-0.18.0-py3-none-any.whl (114 kB)
[2026-04-30 20:02:55] Collecting mistral_common>=1.11.0 (from mistral_common[image]>=1.11.0->vllm==0.20.0)
[2026-04-30 20:02:55]   Downloading mistral_common-1.11.1-py3-none-any.whl (6.5 MB)
[2026-04-30 20:02:56]      ━━━━━━━━━━━━━━━━━━━━━━━━━━━━━━━━━━━━━━━━ 6.5/6.5 MB 12.7 MB/s  0:00:00
[2026-04-30 20:02:56] Collecting opencv-python-headless>=4.13.0 (from vllm==0.20.0)
[2026-04-30 20:02:56]   Downloading opencv_python_headless-4.13.0.92-cp37-abi3-manylinux_2_28_x86_64.whl (60.4 MB)
[2026-04-30 20:02:58] [2026-04-30 20:02:57,813 AIMaster] (job_monitor_controller_k8s.py 1099) INFO: All workers: 2, running: 2, failed: 0, pending: 0
[2026-04-30 20:02:58] [2026-04-30 20:02:57,813 AIMaster] (aimaster_failover_controller.py 81) INFO: Detecting whether aimaster should be migrated.
[2026-04-30 20:03:01]      ━━━━━━━━━━━━━━━━━━━━━━━━━━━━━━━━━━━━━━━━ 60.4/60.4 MB 12.7 MB/s  0:00:04
[2026-04-30 20:03:01] Collecting pyyaml (from vllm==0.20.0)
[2026-04-30 20:03:01]   Using cached pyyaml-6.0.3-cp312-cp312-manylinux2014_x86_64.manylinux_2_17_x86_64.manylinux_2_28_x86_64.whl (807 kB)
[2026-04-30 20:03:01] Collecting six>=1.16.0 (from vllm==0.20.0)
[2026-04-30 20:03:01]   Using cached six-1.17.0-py2.py3-none-any.whl (11 kB)
[2026-04-30 20:03:01] Collecting setuptools<81.0.0,>=77.0.3 (from vllm==0.20.0)
[2026-04-30 20:03:01]   Downloading setuptools-80.10.2-py3-none-any.whl (1.1 MB)
[2026-04-30 20:03:01]      ━━━━━━━━━━━━━━━━━━━━━━━━━━━━━━━━━━━━━━━━ 1.1/1.1 MB 12.0 MB/s  0:00:00
[2026-04-30 20:03:01] Collecting einops (from vllm==0.20.0)
[2026-04-30 20:03:01]   Downloading einops-0.8.2-py3-none-any.whl (65 kB)
[2026-04-30 20:03:01] Collecting compressed-tensors==0.15.0.1 (from vllm==0.20.0)
[2026-04-30 20:03:01]   Downloading compressed_tensors-0.15.0.1-py3-none-any.whl (194 kB)
[2026-04-30 20:03:01] Collecting depyf==0.20.0 (from vllm==0.20.0)
[2026-04-30 20:03:01]   Downloading depyf-0.20.0-py3-none-any.whl (39 kB)
[2026-04-30 20:03:01] Collecting cloudpickle (from vllm==0.20.0)
[2026-04-30 20:03:01]   Downloading cloudpickle-3.1.2-py3-none-any.whl (22 kB)
[2026-04-30 20:03:02] Collecting watchfiles (from vllm==0.20.0)
[2026-04-30 20:03:02]   Downloading watchfiles-1.1.1-cp312-cp312-manylinux_2_17_x86_64.manylinux2014_x86_64.whl (456 kB)
[2026-04-30 20:03:02] Collecting python-json-logger (from vllm==0.20.0)
[2026-04-30 20:03:02]   Downloading python_json_logger-4.1.0-py3-none-any.whl (15 kB)
[2026-04-30 20:03:02] Collecting ninja (from vllm==0.20.0)
[2026-04-30 20:03:02]   Using cached ninja-1.13.0-py3-none-manylinux2014_x86_64.manylinux_2_17_x86_64.whl (180 kB)
[2026-04-30 20:03:02] Collecting pybase64 (from vllm==0.20.0)
[2026-04-30 20:03:02]   Downloading pybase64-1.4.3-cp312-cp312-manylinux1_x86_64.manylinux2014_x86_64.manylinux_2_17_x86_64.manylinux_2_5_x86_64.whl (71 kB)
[2026-04-30 20:03:02] Collecting cbor2 (from vllm==0.20.0)
[2026-04-30 20:03:02]   Downloading cbor2-6.0.1-cp312-cp312-manylinux_2_28_x86_64.whl (456 kB)
[2026-04-30 20:03:02] Collecting ijson (from vllm==0.20.0)
[2026-04-30 20:03:02]   Downloading ijson-3.5.0-cp312-cp312-manylinux2014_x86_64.manylinux_2_17_x86_64.manylinux_2_28_x86_64.whl (149 kB)
[2026-04-30 20:03:02] Collecting setproctitle (from vllm==0.20.0)
[2026-04-30 20:03:03]   Downloading setproctitle-1.3.7-cp312-cp312-manylinux1_x86_64.manylinux_2_28_x86_64.manylinux_2_5_x86_64.whl (32 kB)
[2026-04-30 20:03:03] Collecting openai-harmony>=0.0.3 (from vllm==0.20.0)
[2026-04-30 20:03:03]   Downloading openai_harmony-0.0.8-cp38-abi3-manylinux_2_17_x86_64.manylinux2014_x86_64.whl (3.0 MB)
[2026-04-30 20:03:03]      ━━━━━━━━━━━━━━━━━━━━━━━━━━━━━━━━━━━━━━━━ 3.0/3.0 MB 12.3 MB/s  0:00:00
[2026-04-30 20:03:03] Collecting anthropic>=0.71.0 (from vllm==0.20.0)
[2026-04-30 20:03:03]   Downloading anthropic-0.97.0-py3-none-any.whl (662 kB)
[2026-04-30 20:03:03]      ━━━━━━━━━━━━━━━━━━━━━━━━━━━━━━━━━━━━━━━━ 662.1/662.1 kB 11.5 MB/s  0:00:00
[2026-04-30 20:03:03] Collecting model-hosting-container-standards<1.0.0,>=0.1.13 (from vllm==0.20.0)
[2026-04-30 20:03:03]   Downloading model_hosting_container_standards-0.1.14-py3-none-any.whl (121 kB)
[2026-04-30 20:03:03] Collecting mcp (from vllm==0.20.0)
[2026-04-30 20:03:03]   Downloading mcp-1.27.0-py3-none-any.whl (215 kB)
[2026-04-30 20:03:03] Collecting opentelemetry-sdk>=1.27.0 (from vllm==0.20.0)
[2026-04-30 20:03:03]   Downloading opentelemetry_sdk-1.41.1-py3-none-any.whl (180 kB)
[2026-04-30 20:03:03] Collecting opentelemetry-api>=1.27.0 (from vllm==0.20.0)
[2026-04-30 20:03:03]   Using cached opentelemetry_api-1.41.1-py3-none-any.whl (69 kB)
[2026-04-30 20:03:03] Collecting opentelemetry-exporter-otlp>=1.27.0 (from vllm==0.20.0)
[2026-04-30 20:03:03]   Downloading opentelemetry_exporter_otlp-1.41.1-py3-none-any.whl (7.0 kB)
[2026-04-30 20:03:04] Collecting opentelemetry-semantic-conventions-ai>=0.4.1 (from vllm==0.20.0)
[2026-04-30 20:03:04]   Downloading opentelemetry_semantic_conventions_ai-0.5.1-py3-none-any.whl (11 kB)
[2026-04-30 20:03:04] Collecting numba==0.65.0 (from vllm==0.20.0)
[2026-04-30 20:03:04]   Downloading numba-0.65.0-cp312-cp312-manylinux2014_x86_64.manylinux_2_17_x86_64.whl (3.8 MB)
[2026-04-30 20:03:04]      ━━━━━━━━━━━━━━━━━━━━━━━━━━━━━━━━━━━━━━━━ 3.8/3.8 MB 13.0 MB/s  0:00:00
[2026-04-30 20:03:04] Collecting torch==2.11.0 (from vllm==0.20.0)
[2026-04-30 20:03:04]   Downloading torch-2.11.0-cp312-cp312-manylinux_2_28_x86_64.whl (530.7 MB)
[2026-04-30 20:03:24]      ━━━━━━━━━━━━━━━━━━━━━━━━━━━━━━━━━━━━━━━━ 530.7/530.7 MB 15.1 MB/s  0:00:34
[2026-04-30 20:03:25] Collecting torchaudio==2.11.0 (from vllm==0.20.0)
[2026-04-30 20:03:25]   Downloading torchaudio-2.11.0-cp312-cp312-manylinux_2_28_x86_64.whl (1.8 MB)
[2026-04-30 20:03:25]      ━━━━━━━━━━━━━━━━━━━━━━━━━━━━━━━━━━━━━━━━ 1.8/1.8 MB 16.0 MB/s  0:00:00
[2026-04-30 20:03:25] Collecting torchvision==0.26.0 (from vllm==0.20.0)
[2026-04-30 20:03:25]   Downloading torchvision-0.26.0-cp312-cp312-manylinux_2_28_x86_64.whl (7.5 MB)
[2026-04-30 20:03:26]      ━━━━━━━━━━━━━━━━━━━━━━━━━━━━━━━━━━━━━━━━ 7.5/7.5 MB 15.8 MB/s  0:00:00
[2026-04-30 20:03:26] Collecting apache-tvm-ffi==0.1.9 (from vllm==0.20.0)
[2026-04-30 20:03:26]   Downloading apache_tvm_ffi-0.1.9-cp312-abi3-manylinux_2_24_x86_64.manylinux_2_28_x86_64.whl (2.3 MB)
[2026-04-30 20:03:26]      ━━━━━━━━━━━━━━━━━━━━━━━━━━━━━━━━━━━━━━━━ 2.3/2.3 MB 16.0 MB/s  0:00:00
[2026-04-30 20:03:27] Collecting tilelang==0.1.9 (from vllm==0.20.0)
[2026-04-30 20:03:27]   Downloading tilelang-0.1.9-cp38-abi3-manylinux_2_27_x86_64.manylinux_2_28_x86_64.whl (45.4 MB)
[2026-04-30 20:03:28] [2026-04-30 20:03:27,947 AIMaster] (pod_manager.py 415) INFO: Pod Category Summary (Total pods: 2)
[2026-04-30 20:03:28] | Category           |   Count | Percentage   | Pods                                                   |
[2026-04-30 20:03:28] |--------------------|---------|--------------|--------------------------------------------------------|
[2026-04-30 20:03:28] | Running            |       2 | 100.0%       | [dlcq0aj9mi9mydx9-master-0, dlcq0aj9mi9mydx9-worker-0] |
[2026-04-30 20:03:28] | Pending            |       0 | 0.0%         |                                                        |
[2026-04-30 20:03:28] | Succeeded          |       0 | 0.0%         |                                                        |
[2026-04-30 20:03:28] | Failed             |       0 | 0.0%         |                                                        |
[2026-04-30 20:03:28] | Terminating        |       0 | 0.0%         |                                                        |
[2026-04-30 20:03:28] | Scheduler_evicting |       0 | 0.0%         |                                                        |
[2026-04-30 20:03:28] | Aiph_node_error    |       0 | 0.0%         |                                                        |
[2026-04-30 20:03:28] | Unknown            |       0 | 0.0%         |                                                        |
[2026-04-30 20:03:28] 
[2026-04-30 20:03:28] [2026-04-30 20:03:27,947 AIMaster] (job_monitor_controller_k8s.py 1099) INFO: All workers: 2, running: 2, failed: 0, pending: 0
[2026-04-30 20:03:28] [2026-04-30 20:03:27,947 AIMaster] (ops_reported_error_detector.py 103) INFO: Detecting whether the job is affected by errors reported by ops platform.
[2026-04-30 20:03:30]      ━━━━━━━━━━━━━━━━━━━━━━━━━━━━━━━━━━━━━━━━ 45.4/45.4 MB 14.1 MB/s  0:00:03
[2026-04-30 20:03:30] Collecting nvidia-cudnn-frontend<1.19.0,>=1.13.0 (from vllm==0.20.0)
[2026-04-30 20:03:31]   Downloading nvidia_cudnn_frontend-1.18.0-cp312-cp312-manylinux_2_27_x86_64.manylinux_2_28_x86_64.whl (2.2 MB)
[2026-04-30 20:03:31]      ━━━━━━━━━━━━━━━━━━━━━━━━━━━━━━━━━━━━━━━━ 2.2/2.2 MB 15.1 MB/s  0:00:00
[2026-04-30 20:03:31] Collecting fastsafetensors>=0.2.2 (from vllm==0.20.0)
[2026-04-30 20:03:31]   Downloading fastsafetensors-0.3-cp312-cp312-manylinux_2_27_x86_64.manylinux_2_28_x86_64.whl (1.9 MB)
[2026-04-30 20:03:31]      ━━━━━━━━━━━━━━━━━━━━━━━━━━━━━━━━━━━━━━━━ 1.9/1.9 MB 15.3 MB/s  0:00:00
[2026-04-30 20:03:32] Collecting nvidia-cutlass-dsl>=4.4.2 (from vllm==0.20.0)
[2026-04-30 20:03:32]   Downloading nvidia_cutlass_dsl-4.4.2-py3-none-any.whl (10 kB)
[2026-04-30 20:03:32] Collecting quack-kernels>=0.3.3 (from vllm==0.20.0)
[2026-04-30 20:03:32]   Downloading quack_kernels-0.4.0-py3-none-any.whl (250 kB)
[2026-04-30 20:03:32] Collecting click (from flashinfer-python==0.6.8.post1)
[2026-04-30 20:03:32]   Downloading click-8.3.3-py3-none-any.whl (110 kB)
[2026-04-30 20:03:32] Collecting cuda-tile (from flashinfer-python==0.6.8.post1)
[2026-04-30 20:03:33]   Downloading cuda_tile-1.3.0-cp312-cp312-manylinux2014_x86_64.whl (247 kB)
[2026-04-30 20:03:33] Collecting nvidia-ml-py (from flashinfer-python==0.6.8.post1)
[2026-04-30 20:03:33]   Downloading nvidia_ml_py-13.595.45-py3-none-any.whl (51 kB)
[2026-04-30 20:03:33] Requirement already satisfied: packaging>=24.2 in /mnt/workspace/venvs/.teacherVenv/lib/python3.12/site-packages (from flashinfer-python==0.6.8.post1) (26.2)
[2026-04-30 20:03:33] Collecting tabulate (from flashinfer-python==0.6.8.post1)
[2026-04-30 20:03:33]   Downloading tabulate-0.10.0-py3-none-any.whl (39 kB)
[2026-04-30 20:03:33] Collecting loguru (from compressed-tensors==0.15.0.1->vllm==0.20.0)
[2026-04-30 20:03:33]   Downloading loguru-0.7.3-py3-none-any.whl (61 kB)
[2026-04-30 20:03:33] Collecting astor (from depyf==0.20.0->vllm==0.20.0)
[2026-04-30 20:03:33]   Downloading astor-0.8.1-py2.py3-none-any.whl (27 kB)
[2026-04-30 20:03:33] Collecting dill (from depyf==0.20.0->vllm==0.20.0)
[2026-04-30 20:03:33]   Using cached dill-0.4.1-py3-none-any.whl (120 kB)
[2026-04-30 20:03:33] Collecting interegular>=0.3.2 (from lm-format-enforcer==0.11.3->vllm==0.20.0)
[2026-04-30 20:03:33]   Downloading interegular-0.3.3-py37-none-any.whl (23 kB)
[2026-04-30 20:03:33] Collecting llvmlite<0.48,>=0.47.0dev0 (from numba==0.65.0->vllm==0.20.0)
[2026-04-30 20:03:34]   Downloading llvmlite-0.47.0-cp312-cp312-manylinux2014_x86_64.manylinux_2_17_x86_64.whl (56.3 MB)
[2026-04-30 20:03:37]      ━━━━━━━━━━━━━━━━━━━━━━━━━━━━━━━━━━━━━━━━ 56.3/56.3 MB 15.3 MB/s  0:00:03
[2026-04-30 20:03:37] Collecting torch-c-dlpack-ext (from tilelang==0.1.9->vllm==0.20.0)
[2026-04-30 20:03:38]   Downloading torch_c_dlpack_ext-0.1.5-cp312-cp312-manylinux_2_24_x86_64.manylinux_2_28_x86_64.whl (897 kB)
[2026-04-30 20:03:38]      ━━━━━━━━━━━━━━━━━━━━━━━━━━━━━━━━━━━━━━━━ 897.8/897.8 kB 18.1 MB/s  0:00:00
[2026-04-30 20:03:38] Collecting ml-dtypes (from tilelang==0.1.9->vllm==0.20.0)
[2026-04-30 20:03:38]   Downloading ml_dtypes-0.5.4-cp312-cp312-manylinux_2_27_x86_64.manylinux_2_28_x86_64.whl (5.0 MB)
[2026-04-30 20:03:38]      ━━━━━━━━━━━━━━━━━━━━━━━━━━━━━━━━━━━━━━━━ 5.0/5.0 MB 15.4 MB/s  0:00:00
[2026-04-30 20:03:38] Collecting z3-solver<4.15.5,>=4.13.0 (from tilelang==0.1.9->vllm==0.20.0)
[2026-04-30 20:03:38]   Downloading z3_solver-4.15.4.0-py3-none-manylinux_2_17_x86_64.manylinux2014_x86_64.whl (29.3 MB)
[2026-04-30 20:03:40]      ━━━━━━━━━━━━━━━━━━━━━━━━━━━━━━━━━━━━━━━━ 29.3/29.3 MB 15.6 MB/s  0:00:01
[2026-04-30 20:03:40] Requirement already satisfied: sympy>=1.13.3 in /mnt/workspace/venvs/.teacherVenv/lib/python3.12/site-packages (from torch==2.11.0->vllm==0.20.0) (1.14.0)
[2026-04-30 20:03:40] Requirement already satisfied: networkx>=2.5.1 in /mnt/workspace/venvs/.teacherVenv/lib/python3.12/site-packages (from torch==2.11.0->vllm==0.20.0) (3.6.1)
[2026-04-30 20:03:40] Requirement already satisfied: jinja2 in /mnt/workspace/venvs/.teacherVenv/lib/python3.12/site-packages (from torch==2.11.0->vllm==0.20.0) (3.1.6)
[2026-04-30 20:03:40] Requirement already satisfied: fsspec>=0.8.5 in /mnt/workspace/venvs/.teacherVenv/lib/python3.12/site-packages (from torch==2.11.0->vllm==0.20.0) (2026.4.0)
[2026-04-30 20:03:40] Collecting cuda-toolkit==13.0.2 (from cuda-toolkit[cublas,cudart,cufft,cufile,cupti,curand,cusolver,cusparse,nvjitlink,nvrtc,nvtx]==13.0.2; platform_system == "Linux"->torch==2.11.0->vllm==0.20.0)
[2026-04-30 20:03:40]   Downloading cuda_toolkit-13.0.2-py2.py3-none-any.whl (2.4 kB)
[2026-04-30 20:03:40] Collecting cuda-bindings<14,>=13.0.3 (from torch==2.11.0->vllm==0.20.0)
[2026-04-30 20:03:40]   Downloading cuda_bindings-13.2.0-cp312-cp312-manylinux_2_24_x86_64.manylinux_2_28_x86_64.whl (6.3 MB)
[2026-04-30 20:03:41]      ━━━━━━━━━━━━━━━━━━━━━━━━━━━━━━━━━━━━━━━━ 6.3/6.3 MB 14.6 MB/s  0:00:00
[2026-04-30 20:03:41] Collecting nvidia-cudnn-cu13==9.19.0.56 (from torch==2.11.0->vllm==0.20.0)
[2026-04-30 20:03:41]   Downloading nvidia_cudnn_cu13-9.19.0.56-py3-none-manylinux_2_27_x86_64.whl (366.1 MB)
[2026-04-30 20:03:43] [2026-04-30 20:03:43,012 AIMaster] (config.py 347) INFO: Try loading config from pai-aimaster-new configmap.
[2026-04-30 20:03:47]      ━━━━━━━━━━━━━━━━━━━━━━━━━━━━━━━━━━━━━━━━ 530.7/530.7 MB 12.4 MB/s  0:00:42
[2026-04-30 20:03:47] Collecting torchaudio==2.11.0 (from vllm==0.20.0)
[2026-04-30 20:03:47]   Downloading torchaudio-2.11.0-cp312-cp312-manylinux_2_28_x86_64.whl (1.8 MB)
[2026-04-30 20:03:48]      ━━━━━━━━━━━━━━━━━━━━━━━━━━━━━━━━━━━━━━━━ 1.8/1.8 MB 13.2 MB/s  0:00:00
[2026-04-30 20:03:48] Collecting torchvision==0.26.0 (from vllm==0.20.0)
[2026-04-30 20:03:48]   Downloading torchvision-0.26.0-cp312-cp312-manylinux_2_28_x86_64.whl (7.5 MB)
[2026-04-30 20:03:48]      ━━━━━━━━━━━━━━━━━━━━━━━━━━━━━━━━━━━━━━━━ 7.5/7.5 MB 12.4 MB/s  0:00:00
[2026-04-30 20:03:48] Collecting apache-tvm-ffi==0.1.9 (from vllm==0.20.0)
[2026-04-30 20:03:49]   Downloading apache_tvm_ffi-0.1.9-cp312-abi3-manylinux_2_24_x86_64.manylinux_2_28_x86_64.whl (2.3 MB)
[2026-04-30 20:03:49]      ━━━━━━━━━━━━━━━━━━━━━━━━━━━━━━━━━━━━━━━━ 2.3/2.3 MB 12.0 MB/s  0:00:00
[2026-04-30 20:03:49] Collecting tilelang==0.1.9 (from vllm==0.20.0)
[2026-04-30 20:03:49]   Downloading tilelang-0.1.9-cp38-abi3-manylinux_2_27_x86_64.manylinux_2_28_x86_64.whl (45.4 MB)
[2026-04-30 20:03:52]      ━━━━━━━━━━━━━━━━━━━━━━━━━━━━━━━━━━━━━━━━ 45.4/45.4 MB 12.6 MB/s  0:00:03
[2026-04-30 20:03:53] Collecting nvidia-cudnn-frontend<1.19.0,>=1.13.0 (from vllm==0.20.0)
[2026-04-30 20:03:53]   Downloading nvidia_cudnn_frontend-1.18.0-cp312-cp312-manylinux_2_27_x86_64.manylinux_2_28_x86_64.whl (2.2 MB)
[2026-04-30 20:03:53]      ━━━━━━━━━━━━━━━━━━━━━━━━━━━━━━━━━━━━━━━━ 2.2/2.2 MB 12.5 MB/s  0:00:00
[2026-04-30 20:03:53] Collecting fastsafetensors>=0.2.2 (from vllm==0.20.0)
[2026-04-30 20:03:53]   Downloading fastsafetensors-0.3-cp312-cp312-manylinux_2_27_x86_64.manylinux_2_28_x86_64.whl (1.9 MB)
[2026-04-30 20:03:53]      ━━━━━━━━━━━━━━━━━━━━━━━━━━━━━━━━━━━━━━━━ 1.9/1.9 MB 12.1 MB/s  0:00:00
[2026-04-30 20:03:53] Collecting nvidia-cutlass-dsl>=4.4.2 (from vllm==0.20.0)
[2026-04-30 20:03:53]   Downloading nvidia_cutlass_dsl-4.4.2-py3-none-any.whl (10 kB)
[2026-04-30 20:03:53] Collecting quack-kernels>=0.3.3 (from vllm==0.20.0)
[2026-04-30 20:03:53]   Downloading quack_kernels-0.4.0-py3-none-any.whl (250 kB)
[2026-04-30 20:03:53] Collecting click (from flashinfer-python==0.6.8.post1)
[2026-04-30 20:03:53]   Downloading click-8.3.3-py3-none-any.whl (110 kB)
[2026-04-30 20:03:53] Collecting cuda-tile (from flashinfer-python==0.6.8.post1)
[2026-04-30 20:03:53]   Downloading cuda_tile-1.3.0-cp312-cp312-manylinux2014_x86_64.whl (247 kB)
[2026-04-30 20:03:53] Collecting nvidia-ml-py (from flashinfer-python==0.6.8.post1)
[2026-04-30 20:03:53]   Downloading nvidia_ml_py-13.595.45-py3-none-any.whl (51 kB)
[2026-04-30 20:03:53] Requirement already satisfied: packaging>=24.2 in /mnt/workspace/venvs/.teacherVenv/lib/python3.12/site-packages (from flashinfer-python==0.6.8.post1) (26.2)
[2026-04-30 20:03:53] Collecting tabulate (from flashinfer-python==0.6.8.post1)
[2026-04-30 20:03:53]   Downloading tabulate-0.10.0-py3-none-any.whl (39 kB)
[2026-04-30 20:03:54] Collecting loguru (from compressed-tensors==0.15.0.1->vllm==0.20.0)
[2026-04-30 20:03:54]   Downloading loguru-0.7.3-py3-none-any.whl (61 kB)
[2026-04-30 20:03:54] Collecting astor (from depyf==0.20.0->vllm==0.20.0)
[2026-04-30 20:03:54]   Downloading astor-0.8.1-py2.py3-none-any.whl (27 kB)
[2026-04-30 20:03:54] Collecting dill (from depyf==0.20.0->vllm==0.20.0)
[2026-04-30 20:03:54]   Using cached dill-0.4.1-py3-none-any.whl (120 kB)
[2026-04-30 20:03:54] Collecting interegular>=0.3.2 (from lm-format-enforcer==0.11.3->vllm==0.20.0)
[2026-04-30 20:03:54]   Downloading interegular-0.3.3-py37-none-any.whl (23 kB)
[2026-04-30 20:03:54] Collecting llvmlite<0.48,>=0.47.0dev0 (from numba==0.65.0->vllm==0.20.0)
[2026-04-30 20:03:54]   Downloading llvmlite-0.47.0-cp312-cp312-manylinux2014_x86_64.manylinux_2_17_x86_64.whl (56.3 MB)
[2026-04-30 20:03:58] [2026-04-30 20:03:58,133 AIMaster] (job_monitor_controller_k8s.py 1099) INFO: All workers: 2, running: 2, failed: 0, pending: 0
[2026-04-30 20:03:59]      ━━━━━━━━━━━━━━━━━━━━━━━━━━━━━━━━━━━━━━━━ 56.3/56.3 MB 12.7 MB/s  0:00:04
[2026-04-30 20:03:59] Collecting torch-c-dlpack-ext (from tilelang==0.1.9->vllm==0.20.0)
[2026-04-30 20:03:59]   Downloading torch_c_dlpack_ext-0.1.5-cp312-cp312-manylinux_2_24_x86_64.manylinux_2_28_x86_64.whl (897 kB)
[2026-04-30 20:03:59]      ━━━━━━━━━━━━━━━━━━━━━━━━━━━━━━━━━━━━━━━━ 897.8/897.8 kB 14.4 MB/s  0:00:00
[2026-04-30 20:03:59] Collecting ml-dtypes (from tilelang==0.1.9->vllm==0.20.0)
[2026-04-30 20:03:59]   Downloading ml_dtypes-0.5.4-cp312-cp312-manylinux_2_27_x86_64.manylinux_2_28_x86_64.whl (5.0 MB)
[2026-04-30 20:03:59]      ━━━━━━━━━━━━━━━━━━━━━━━━━━━━━━━━━━━━━━━━ 5.0/5.0 MB 13.0 MB/s  0:00:00
[2026-04-30 20:03:59] Collecting z3-solver<4.15.5,>=4.13.0 (from tilelang==0.1.9->vllm==0.20.0)
[2026-04-30 20:03:59]   Downloading z3_solver-4.15.4.0-py3-none-manylinux_2_17_x86_64.manylinux2014_x86_64.whl (29.3 MB)
[2026-04-30 20:04:00] [2026-04-30 20:04:00,275 AIMaster] (job_event_collector.py 135) WARNING: Failed to watch pods, exception: ("Connection broken: ConnectionResetError(104, 'Connection reset by peer')", ConnectionResetError(104, 'Connection reset by peer'))
[2026-04-30 20:04:02]      ━━━━━━━━━━━━━━━━━━━━━━━━━━━━━━━━━━━━━━━━ 29.3/29.3 MB 12.8 MB/s  0:00:02
[2026-04-30 20:04:02] Requirement already satisfied: sympy>=1.13.3 in /mnt/workspace/venvs/.teacherVenv/lib/python3.12/site-packages (from torch==2.11.0->vllm==0.20.0) (1.14.0)
[2026-04-30 20:04:02] Requirement already satisfied: networkx>=2.5.1 in /mnt/workspace/venvs/.teacherVenv/lib/python3.12/site-packages (from torch==2.11.0->vllm==0.20.0) (3.6.1)
[2026-04-30 20:04:02] Requirement already satisfied: jinja2 in /mnt/workspace/venvs/.teacherVenv/lib/python3.12/site-packages (from torch==2.11.0->vllm==0.20.0) (3.1.6)
[2026-04-30 20:04:02] Requirement already satisfied: fsspec>=0.8.5 in /mnt/workspace/venvs/.teacherVenv/lib/python3.12/site-packages (from torch==2.11.0->vllm==0.20.0) (2026.4.0)
[2026-04-30 20:04:02] Collecting cuda-toolkit==13.0.2 (from cuda-toolkit[cublas,cudart,cufft,cufile,cupti,curand,cusolver,cusparse,nvjitlink,nvrtc,nvtx]==13.0.2; platform_system == "Linux"->torch==2.11.0->vllm==0.20.0)
[2026-04-30 20:04:02]   Downloading cuda_toolkit-13.0.2-py2.py3-none-any.whl (2.4 kB)
[2026-04-30 20:04:02] Collecting cuda-bindings<14,>=13.0.3 (from torch==2.11.0->vllm==0.20.0)
[2026-04-30 20:04:02]   Downloading cuda_bindings-13.2.0-cp312-cp312-manylinux_2_24_x86_64.manylinux_2_28_x86_64.whl (6.3 MB)
[2026-04-30 20:04:02]      ━━━━━━━━━━━━━━━━━━━━━━━━━━━━━━━━━━━━━━━━ 6.3/6.3 MB 12.8 MB/s  0:00:00
[2026-04-30 20:04:02] Collecting nvidia-cudnn-cu13==9.19.0.56 (from torch==2.11.0->vllm==0.20.0)
[2026-04-30 20:04:03]   Downloading nvidia_cudnn_cu13-9.19.0.56-py3-none-manylinux_2_27_x86_64.whl (366.1 MB)
[2026-04-30 20:04:05]      ━━━━━━━━━━━━━━━━━━━━━━━━━━━━━━━━━━━━━━━━ 366.1/366.1 MB 15.6 MB/s  0:00:23
[2026-04-30 20:04:05] Collecting nvidia-cusparselt-cu13==0.8.0 (from torch==2.11.0->vllm==0.20.0)
[2026-04-30 20:04:05]   Downloading nvidia_cusparselt_cu13-0.8.0-py3-none-manylinux2014_x86_64.whl (169.9 MB)
[2026-04-30 20:04:16]      ━━━━━━━━━━━━━━━━━━━━━━━━━━━━━━━━━━━━━━━━ 169.9/169.9 MB 15.5 MB/s  0:00:10
[2026-04-30 20:04:16] Collecting nvidia-nccl-cu13==2.28.9 (from torch==2.11.0->vllm==0.20.0)
[2026-04-30 20:04:16]   Downloading nvidia_nccl_cu13-2.28.9-py3-none-manylinux_2_18_x86_64.whl (196.5 MB)
[2026-04-30 20:04:28] [2026-04-30 20:04:28,248 AIMaster] (job_monitor_controller_k8s.py 1099) INFO: All workers: 2, running: 2, failed: 0, pending: 0
[2026-04-30 20:04:28] [2026-04-30 20:04:28,248 AIMaster] (ops_reported_error_detector.py 103) INFO: Detecting whether the job is affected by errors reported by ops platform.
[2026-04-30 20:04:29]      ━━━━━━━━━━━━━━━━━━━━━━━━━━━━━━━━━━━━━━━━ 196.5/196.5 MB 15.7 MB/s  0:00:12
[2026-04-30 20:04:29] Collecting nvidia-nvshmem-cu13==3.4.5 (from torch==2.11.0->vllm==0.20.0)
[2026-04-30 20:04:29]   Downloading nvidia_nvshmem_cu13-3.4.5-py3-none-manylinux2014_x86_64.manylinux_2_17_x86_64.whl (60.4 MB)
[2026-04-30 20:04:32]      ━━━━━━━━━━━━━━━━━━━━━━━━━━━━━━━━━━━━━━━━ 366.1/366.1 MB 12.4 MB/s  0:00:29
[2026-04-30 20:04:32] Collecting nvidia-cusparselt-cu13==0.8.0 (from torch==2.11.0->vllm==0.20.0)
[2026-04-30 20:04:32]   Downloading nvidia_cusparselt_cu13-0.8.0-py3-none-manylinux2014_x86_64.whl (169.9 MB)
[2026-04-30 20:04:33]      ━━━━━━━━━━━━━━━━━━━━━━━━━━━━━━━━━━━━━━━━ 60.4/60.4 MB 15.6 MB/s  0:00:03
[2026-04-30 20:04:33] Requirement already satisfied: triton==3.6.0 in /mnt/workspace/venvs/.teacherVenv/lib/python3.12/site-packages (from torch==2.11.0->vllm==0.20.0) (3.6.0)
[2026-04-30 20:04:33] Collecting nvidia-cublas==13.1.0.3.* (from cuda-toolkit[cublas,cudart,cufft,cufile,cupti,curand,cusolver,cusparse,nvjitlink,nvrtc,nvtx]==13.0.2; platform_system == "Linux"->torch==2.11.0->vllm==0.20.0)
[2026-04-30 20:04:33]   Downloading nvidia_cublas-13.1.0.3-py3-none-manylinux_2_27_x86_64.whl (423.1 MB)
[2026-04-30 20:04:43] [2026-04-30 20:04:43,050 AIMaster] (config.py 347) INFO: Try loading config from pai-aimaster-new configmap.
[2026-04-30 20:04:46]      ━━━━━━━━━━━━━━━━━━━━━━━━━━━━━━━━━━━━━━━━ 169.9/169.9 MB 12.6 MB/s  0:00:13
[2026-04-30 20:04:46] Collecting nvidia-nccl-cu13==2.28.9 (from torch==2.11.0->vllm==0.20.0)
[2026-04-30 20:04:46]   Downloading nvidia_nccl_cu13-2.28.9-py3-none-manylinux_2_18_x86_64.whl (196.5 MB)
[2026-04-30 20:04:58] [2026-04-30 20:04:58,543 AIMaster] (job_monitor_controller_k8s.py 1099) INFO: All workers: 2, running: 2, failed: 0, pending: 0
[2026-04-30 20:04:58] [2026-04-30 20:04:58,543 AIMaster] (aimaster_failover_controller.py 81) INFO: Detecting whether aimaster should be migrated.
[2026-04-30 20:05:01]      ━━━━━━━━━━━━━━━━━━━━━━━━━━━━━━━━━━━━━━━━ 423.1/423.1 MB 15.5 MB/s  0:00:27
[2026-04-30 20:05:01]      ━━━━━━━━━━━━━━━━━━━━━━━━━━━━━━━━━━━━━━━━ 196.5/196.5 MB 12.6 MB/s  0:00:15
[2026-04-30 20:05:02] Collecting nvidia-cuda-runtime==13.0.96.* (from cuda-toolkit[cublas,cudart,cufft,cufile,cupti,curand,cusolver,cusparse,nvjitlink,nvrtc,nvtx]==13.0.2; platform_system == "Linux"->torch==2.11.0->vllm==0.20.0)
[2026-04-30 20:05:02]   Downloading nvidia_cuda_runtime-13.0.96-py3-none-manylinux2014_x86_64.manylinux_2_17_x86_64.whl (2.2 MB)
[2026-04-30 20:05:02]      ━━━━━━━━━━━━━━━━━━━━━━━━━━━━━━━━━━━━━━━━ 2.2/2.2 MB 15.7 MB/s  0:00:00
[2026-04-30 20:05:02] Collecting nvidia-cufft==12.0.0.61.* (from cuda-toolkit[cublas,cudart,cufft,cufile,cupti,curand,cusolver,cusparse,nvjitlink,nvrtc,nvtx]==13.0.2; platform_system == "Linux"->torch==2.11.0->vllm==0.20.0)
[2026-04-30 20:05:02]   Downloading nvidia_cufft-12.0.0.61-py3-none-manylinux2014_x86_64.manylinux_2_17_x86_64.whl (214.1 MB)
[2026-04-30 20:05:02] Collecting nvidia-nvshmem-cu13==3.4.5 (from torch==2.11.0->vllm==0.20.0)
[2026-04-30 20:05:02]   Downloading nvidia_nvshmem_cu13-3.4.5-py3-none-manylinux2014_x86_64.manylinux_2_17_x86_64.whl (60.4 MB)
[2026-04-30 20:05:07]      ━━━━━━━━━━━━━━━━━━━━━━━━━━━━━━━━━━━━━━━━ 60.4/60.4 MB 12.8 MB/s  0:00:04
[2026-04-30 20:05:07] Requirement already satisfied: triton==3.6.0 in /mnt/workspace/venvs/.teacherVenv/lib/python3.12/site-packages (from torch==2.11.0->vllm==0.20.0) (3.6.0)
[2026-04-30 20:05:07] Collecting nvidia-cublas==13.1.0.3.* (from cuda-toolkit[cublas,cudart,cufft,cufile,cupti,curand,cusolver,cusparse,nvjitlink,nvrtc,nvtx]==13.0.2; platform_system == "Linux"->torch==2.11.0->vllm==0.20.0)
[2026-04-30 20:05:07]   Downloading nvidia_cublas-13.1.0.3-py3-none-manylinux_2_27_x86_64.whl (423.1 MB)
[2026-04-30 20:05:16]      ━━━━━━━━━━━━━━━━━━━━━━━━━━━━━━━━━━━━━━━━ 214.1/214.1 MB 15.5 MB/s  0:00:13
[2026-04-30 20:05:16] Collecting nvidia-cufile==1.15.1.6.* (from cuda-toolkit[cublas,cudart,cufft,cufile,cupti,curand,cusolver,cusparse,nvjitlink,nvrtc,nvtx]==13.0.2; platform_system == "Linux"->torch==2.11.0->vllm==0.20.0)
[2026-04-30 20:05:16]   Downloading nvidia_cufile-1.15.1.6-py3-none-manylinux2014_x86_64.manylinux_2_17_x86_64.whl (1.2 MB)
[2026-04-30 20:05:16]      ━━━━━━━━━━━━━━━━━━━━━━━━━━━━━━━━━━━━━━━━ 1.2/1.2 MB 15.7 MB/s  0:00:00
[2026-04-30 20:05:16] Collecting nvidia-cuda-cupti==13.0.85.* (from cuda-toolkit[cublas,cudart,cufft,cufile,cupti,curand,cusolver,cusparse,nvjitlink,nvrtc,nvtx]==13.0.2; platform_system == "Linux"->torch==2.11.0->vllm==0.20.0)
[2026-04-30 20:05:16]   Downloading nvidia_cuda_cupti-13.0.85-py3-none-manylinux_2_25_x86_64.whl (10.7 MB)
[2026-04-30 20:05:17]      ━━━━━━━━━━━━━━━━━━━━━━━━━━━━━━━━━━━━━━━━ 10.7/10.7 MB 15.5 MB/s  0:00:00
[2026-04-30 20:05:17] Collecting nvidia-curand==10.4.0.35.* (from cuda-toolkit[cublas,cudart,cufft,cufile,cupti,curand,cusolver,cusparse,nvjitlink,nvrtc,nvtx]==13.0.2; platform_system == "Linux"->torch==2.11.0->vllm==0.20.0)
[2026-04-30 20:05:17]   Downloading nvidia_curand-10.4.0.35-py3-none-manylinux_2_27_x86_64.whl (59.5 MB)
[2026-04-30 20:05:21]      ━━━━━━━━━━━━━━━━━━━━━━━━━━━━━━━━━━━━━━━━ 59.5/59.5 MB 15.6 MB/s  0:00:03
[2026-04-30 20:05:21] Collecting nvidia-cusolver==12.0.4.66.* (from cuda-toolkit[cublas,cudart,cufft,cufile,cupti,curand,cusolver,cusparse,nvjitlink,nvrtc,nvtx]==13.0.2; platform_system == "Linux"->torch==2.11.0->vllm==0.20.0)
[2026-04-30 20:05:21]   Downloading nvidia_cusolver-12.0.4.66-py3-none-manylinux_2_27_x86_64.whl (200.9 MB)
[2026-04-30 20:05:28] [2026-04-30 20:05:28,663 AIMaster] (job_monitor_controller_k8s.py 1099) INFO: All workers: 2, running: 2, failed: 0, pending: 0
[2026-04-30 20:05:28] [2026-04-30 20:05:28,663 AIMaster] (ops_reported_error_detector.py 103) INFO: Detecting whether the job is affected by errors reported by ops platform.
[2026-04-30 20:05:32] [2026-04-30 20:05:31,932 AIMaster] (job_event_collector.py 135) WARNING: Failed to watch pods, exception: ("Connection broken: ConnectionResetError(104, 'Connection reset by peer')", ConnectionResetError(104, 'Connection reset by peer'))
[2026-04-30 20:05:34]      ━━━━━━━━━━━━━━━━━━━━━━━━━━━━━━━━━━━━━━━━ 200.9/200.9 MB 15.5 MB/s  0:00:12
[2026-04-30 20:05:34] Collecting nvidia-cusparse==12.6.3.3.* (from cuda-toolkit[cublas,cudart,cufft,cufile,cupti,curand,cusolver,cusparse,nvjitlink,nvrtc,nvtx]==13.0.2; platform_system == "Linux"->torch==2.11.0->vllm==0.20.0)
[2026-04-30 20:05:34]   Downloading nvidia_cusparse-12.6.3.3-py3-none-manylinux2014_x86_64.manylinux_2_17_x86_64.whl (145.9 MB)
[2026-04-30 20:05:40]      ━━━━━━━━━━━━━━━━━━━━━━━━━━━━━━━━━━━━━━━━ 423.1/423.1 MB 12.5 MB/s  0:00:33
[2026-04-30 20:05:41] Collecting nvidia-cuda-runtime==13.0.96.* (from cuda-toolkit[cublas,cudart,cufft,cufile,cupti,curand,cusolver,cusparse,nvjitlink,nvrtc,nvtx]==13.0.2; platform_system == "Linux"->torch==2.11.0->vllm==0.20.0)
[2026-04-30 20:05:41]   Downloading nvidia_cuda_runtime-13.0.96-py3-none-manylinux2014_x86_64.manylinux_2_17_x86_64.whl (2.2 MB)
[2026-04-30 20:05:41]      ━━━━━━━━━━━━━━━━━━━━━━━━━━━━━━━━━━━━━━━━ 2.2/2.2 MB 12.1 MB/s  0:00:00
[2026-04-30 20:05:41] Collecting nvidia-cufft==12.0.0.61.* (from cuda-toolkit[cublas,cudart,cufft,cufile,cupti,curand,cusolver,cusparse,nvjitlink,nvrtc,nvtx]==13.0.2; platform_system == "Linux"->torch==2.11.0->vllm==0.20.0)
[2026-04-30 20:05:41]   Downloading nvidia_cufft-12.0.0.61-py3-none-manylinux2014_x86_64.manylinux_2_17_x86_64.whl (214.1 MB)
[2026-04-30 20:05:43] [2026-04-30 20:05:43,087 AIMaster] (config.py 347) INFO: Try loading config from pai-aimaster-new configmap.
[2026-04-30 20:05:44]      ━━━━━━━━━━━━━━━━━━━━━━━━━━━━━━━━━━━━━━━━ 145.9/145.9 MB 15.2 MB/s  0:00:09
[2026-04-30 20:05:44] Collecting nvidia-nvjitlink==13.0.88.* (from cuda-toolkit[cublas,cudart,cufft,cufile,cupti,curand,cusolver,cusparse,nvjitlink,nvrtc,nvtx]==13.0.2; platform_system == "Linux"->torch==2.11.0->vllm==0.20.0)
[2026-04-30 20:05:44]   Downloading nvidia_nvjitlink-13.0.88-py3-none-manylinux2010_x86_64.manylinux_2_12_x86_64.whl (40.7 MB)
[2026-04-30 20:05:47]      ━━━━━━━━━━━━━━━━━━━━━━━━━━━━━━━━━━━━━━━━ 40.7/40.7 MB 14.7 MB/s  0:00:02
[2026-04-30 20:05:47] Collecting nvidia-cuda-nvrtc==13.0.88.* (from cuda-toolkit[cublas,cudart,cufft,cufile,cupti,curand,cusolver,cusparse,nvjitlink,nvrtc,nvtx]==13.0.2; platform_system == "Linux"->torch==2.11.0->vllm==0.20.0)
[2026-04-30 20:05:47]   Downloading nvidia_cuda_nvrtc-13.0.88-py3-none-manylinux2010_x86_64.manylinux_2_12_x86_64.whl (90.2 MB)
[2026-04-30 20:05:53]      ━━━━━━━━━━━━━━━━━━━━━━━━━━━━━━━━━━━━━━━━ 90.2/90.2 MB 15.5 MB/s  0:00:05
[2026-04-30 20:05:53] Collecting nvidia-nvtx==13.0.85.* (from cuda-toolkit[cublas,cudart,cufft,cufile,cupti,curand,cusolver,cusparse,nvjitlink,nvrtc,nvtx]==13.0.2; platform_system == "Linux"->torch==2.11.0->vllm==0.20.0)
[2026-04-30 20:05:53]   Downloading nvidia_nvtx-13.0.85-py3-none-manylinux1_x86_64.manylinux_2_5_x86_64.whl (148 kB)
[2026-04-30 20:05:53] Requirement already satisfied: cuda-pathfinder~=1.1 in /mnt/workspace/venvs/.teacherVenv/lib/python3.12/site-packages (from cuda-bindings<14,>=13.0.3->torch==2.11.0->vllm==0.20.0) (1.5.4)
[2026-04-30 20:05:53] Collecting httpx (from model-hosting-container-standards<1.0.0,>=0.1.13->vllm==0.20.0)
[2026-04-30 20:05:53]   Downloading httpx-0.28.1-py3-none-any.whl (73 kB)
[2026-04-30 20:05:53] Collecting jmespath (from model-hosting-container-standards<1.0.0,>=0.1.13->vllm==0.20.0)
[2026-04-30 20:05:53]   Downloading jmespath-1.1.0-py3-none-any.whl (20 kB)
[2026-04-30 20:05:53] Collecting starlette>=0.49.1 (from model-hosting-container-standards<1.0.0,>=0.1.13->vllm==0.20.0)
[2026-04-30 20:05:53]   Downloading starlette-1.0.0-py3-none-any.whl (72 kB)
[2026-04-30 20:05:53] Collecting supervisor>=4.2.0 (from model-hosting-container-standards<1.0.0,>=0.1.13->vllm==0.20.0)
[2026-04-30 20:05:53]   Downloading supervisor-4.3.0-py2.py3-none-any.whl (320 kB)
[2026-04-30 20:05:53] Collecting aiohappyeyeballs>=2.5.0 (from aiohttp>=3.13.3->vllm==0.20.0)
[2026-04-30 20:05:53]   Using cached aiohappyeyeballs-2.6.1-py3-none-any.whl (15 kB)
[2026-04-30 20:05:53] Collecting aiosignal>=1.4.0 (from aiohttp>=3.13.3->vllm==0.20.0)
[2026-04-30 20:05:53]   Using cached aiosignal-1.4.0-py3-none-any.whl (7.5 kB)
[2026-04-30 20:05:53] Collecting attrs>=17.3.0 (from aiohttp>=3.13.3->vllm==0.20.0)
[2026-04-30 20:05:53]   Using cached attrs-26.1.0-py3-none-any.whl (67 kB)
[2026-04-30 20:05:53] Collecting frozenlist>=1.1.1 (from aiohttp>=3.13.3->vllm==0.20.0)
[2026-04-30 20:05:53]   Using cached frozenlist-1.8.0-cp312-cp312-manylinux1_x86_64.manylinux_2_28_x86_64.manylinux_2_5_x86_64.whl (242 kB)
[2026-04-30 20:05:54] Collecting multidict<7.0,>=4.5 (from aiohttp>=3.13.3->vllm==0.20.0)
[2026-04-30 20:05:54]   Using cached multidict-6.7.1-cp312-cp312-manylinux2014_x86_64.manylinux_2_17_x86_64.manylinux_2_28_x86_64.whl (256 kB)
[2026-04-30 20:05:54] Collecting propcache>=0.2.0 (from aiohttp>=3.13.3->vllm==0.20.0)
[2026-04-30 20:05:54]   Using cached propcache-0.4.1-cp312-cp312-manylinux2014_x86_64.manylinux_2_17_x86_64.manylinux_2_28_x86_64.whl (221 kB)
[2026-04-30 20:05:54] Collecting yarl<2.0,>=1.17.0 (from aiohttp>=3.13.3->vllm==0.20.0)
[2026-04-30 20:05:54]   Using cached yarl-1.23.0-cp312-cp312-manylinux2014_x86_64.manylinux_2_17_x86_64.manylinux_2_28_x86_64.whl (100 kB)
[2026-04-30 20:05:54] Collecting idna>=2.0 (from yarl<2.0,>=1.17.0->aiohttp>=3.13.3->vllm==0.20.0)
[2026-04-30 20:05:54]   Using cached idna-3.13-py3-none-any.whl (68 kB)
[2026-04-30 20:05:54] Collecting anyio<5,>=3.5.0 (from anthropic>=0.71.0->vllm==0.20.0)
[2026-04-30 20:05:54]   Using cached anyio-4.13.0-py3-none-any.whl (114 kB)
[2026-04-30 20:05:54] Collecting distro<2,>=1.7.0 (from anthropic>=0.71.0->vllm==0.20.0)
[2026-04-30 20:05:54]   Downloading distro-1.9.0-py3-none-any.whl (20 kB)
[2026-04-30 20:05:54] Collecting docstring-parser<1,>=0.15 (from anthropic>=0.71.0->vllm==0.20.0)
[2026-04-30 20:05:54]   Downloading docstring_parser-0.18.0-py3-none-any.whl (22 kB)
[2026-04-30 20:05:55] Collecting jiter<1,>=0.4.0 (from anthropic>=0.71.0->vllm==0.20.0)
[2026-04-30 20:05:55]   Downloading jiter-0.14.0-cp312-cp312-manylinux_2_17_x86_64.manylinux2014_x86_64.whl (353 kB)
[2026-04-30 20:05:55] Collecting sniffio (from anthropic>=0.71.0->vllm==0.20.0)
[2026-04-30 20:05:55]   Downloading sniffio-1.3.1-py3-none-any.whl (10 kB)
[2026-04-30 20:05:55] Collecting certifi (from httpx->model-hosting-container-standards<1.0.0,>=0.1.13->vllm==0.20.0)
[2026-04-30 20:05:55]   Using cached certifi-2026.4.22-py3-none-any.whl (135 kB)
[2026-04-30 20:05:55] Collecting httpcore==1.* (from httpx->model-hosting-container-standards<1.0.0,>=0.1.13->vllm==0.20.0)
[2026-04-30 20:05:55]   Downloading httpcore-1.0.9-py3-none-any.whl (78 kB)
[2026-04-30 20:05:55] Collecting h11>=0.16 (from httpcore==1.*->httpx->model-hosting-container-standards<1.0.0,>=0.1.13->vllm==0.20.0)
[2026-04-30 20:05:55]   Using cached h11-0.16.0-py3-none-any.whl (37 kB)
[2026-04-30 20:05:55] Collecting annotated-types>=0.6.0 (from pydantic>=2.12.0->vllm==0.20.0)
[2026-04-30 20:05:55]   Downloading annotated_types-0.7.0-py3-none-any.whl (13 kB)
[2026-04-30 20:05:56] Collecting pydantic-core==2.46.3 (from pydantic>=2.12.0->vllm==0.20.0)
[2026-04-30 20:05:56]   Using cached pydantic_core-2.46.3-cp312-cp312-manylinux_2_17_x86_64.manylinux2014_x86_64.whl (2.1 MB)
[2026-04-30 20:05:56] Collecting typing-inspection>=0.4.2 (from pydantic>=2.12.0->vllm==0.20.0)
[2026-04-30 20:05:56]   Downloading typing_inspection-0.4.2-py3-none-any.whl (14 kB)
[2026-04-30 20:05:56] Collecting annotated-doc>=0.0.2 (from fastapi>=0.115.0->fastapi[standard]>=0.115.0->vllm==0.20.0)
[2026-04-30 20:05:56]   Using cached annotated_doc-0.0.4-py3-none-any.whl (5.3 kB)
[2026-04-30 20:05:56] Collecting fastapi-cli>=0.0.8 (from fastapi-cli[standard]>=0.0.8; extra == "standard"->fastapi[standard]>=0.115.0->vllm==0.20.0)
[2026-04-30 20:05:56]   Downloading fastapi_cli-0.0.24-py3-none-any.whl (12 kB)
[2026-04-30 20:05:56] Collecting fastar>=0.9.0 (from fastapi[standard]>=0.115.0->vllm==0.20.0)
[2026-04-30 20:05:57]   Downloading fastar-0.11.0-cp312-cp312-manylinux_2_17_x86_64.manylinux2014_x86_64.whl (819 kB)
[2026-04-30 20:05:57]      ━━━━━━━━━━━━━━━━━━━━━━━━━━━━━━━━━━━━━━━━ 819.4/819.4 kB 16.7 MB/s  0:00:00
[2026-04-30 20:05:57] Collecting python-multipart>=0.0.18 (from fastapi[standard]>=0.115.0->vllm==0.20.0)
[2026-04-30 20:05:57]   Downloading python_multipart-0.0.27-py3-none-any.whl (29 kB)
[2026-04-30 20:05:57] Collecting email-validator>=2.0.0 (from fastapi[standard]>=0.115.0->vllm==0.20.0)
[2026-04-30 20:05:57]   Downloading email_validator-2.3.0-py3-none-any.whl (35 kB)
[2026-04-30 20:05:57] Collecting uvicorn>=0.12.0 (from uvicorn[standard]>=0.12.0; extra == "standard"->fastapi[standard]>=0.115.0->vllm==0.20.0)
[2026-04-30 20:05:57]   Downloading uvicorn-0.46.0-py3-none-any.whl (70 kB)
[2026-04-30 20:05:57] Collecting pydantic-settings>=2.0.0 (from fastapi[standard]>=0.115.0->vllm==0.20.0)
[2026-04-30 20:05:57]   Downloading pydantic_settings-2.14.0-py3-none-any.whl (60 kB)
[2026-04-30 20:05:57] Collecting pydantic-extra-types>=2.0.0 (from fastapi[standard]>=0.115.0->vllm==0.20.0)
[2026-04-30 20:05:57]   Downloading pydantic_extra_types-2.11.1-py3-none-any.whl (79 kB)
[2026-04-30 20:05:57] Collecting dnspython>=2.0.0 (from email-validator>=2.0.0->fastapi[standard]>=0.115.0->vllm==0.20.0)
[2026-04-30 20:05:57]   Downloading dnspython-2.8.0-py3-none-any.whl (331 kB)
[2026-04-30 20:05:57] Collecting typer>=0.16.0 (from fastapi-cli>=0.0.8->fastapi-cli[standard]>=0.0.8; extra == "standard"->fastapi[standard]>=0.115.0->vllm==0.20.0)
[2026-04-30 20:05:57]   Using cached typer-0.25.0-py3-none-any.whl (55 kB)
[2026-04-30 20:05:57] Collecting rich-toolkit>=0.14.8 (from fastapi-cli>=0.0.8->fastapi-cli[standard]>=0.0.8; extra == "standard"->fastapi[standard]>=0.115.0->vllm==0.20.0)
[2026-04-30 20:05:57]   Downloading rich_toolkit-0.19.7-py3-none-any.whl (32 kB)
[2026-04-30 20:05:57] Collecting fastapi-cloud-cli>=0.1.1 (from fastapi-cli[standard]>=0.0.8; extra == "standard"->fastapi[standard]>=0.115.0->vllm==0.20.0)
[2026-04-30 20:05:57]   Downloading fastapi_cloud_cli-0.17.1-py3-none-any.whl (34 kB)
[2026-04-30 20:05:58] Collecting rignore>=0.5.1 (from fastapi-cloud-cli>=0.1.1->fastapi-cli[standard]>=0.0.8; extra == "standard"->fastapi[standard]>=0.115.0->vllm==0.20.0)
[2026-04-30 20:05:58]   Downloading rignore-0.7.6-cp312-cp312-manylinux_2_17_x86_64.manylinux2014_x86_64.whl (959 kB)
[2026-04-30 20:05:58]      ━━━━━━━━━━━━━━━━━━━━━━━━━━━━━━━━━━━━━━━━ 959.8/959.8 kB 18.4 MB/s  0:00:00
[2026-04-30 20:05:58] Collecting sentry-sdk>=2.20.0 (from fastapi-cloud-cli>=0.1.1->fastapi-cli[standard]>=0.0.8; extra == "standard"->fastapi[standard]>=0.115.0->vllm==0.20.0)
[2026-04-30 20:05:58]   Using cached sentry_sdk-2.58.0-py2.py3-none-any.whl (460 kB)
[2026-04-30 20:05:58] Requirement already satisfied: MarkupSafe>=2.0 in /mnt/workspace/venvs/.teacherVenv/lib/python3.12/site-packages (from jinja2->torch==2.11.0->vllm==0.20.0) (3.0.3)
[2026-04-30 20:05:58] Collecting jsonschema>=4.21.1 (from mistral_common>=1.11.0->mistral_common[image]>=1.11.0->vllm==0.20.0)
[2026-04-30 20:05:58]   Using cached jsonschema-4.26.0-py3-none-any.whl (90 kB)
[2026-04-30 20:05:58] Collecting numpy (from vllm==0.20.0)
[2026-04-30 20:05:58]   Downloading numpy-2.3.5-cp312-cp312-manylinux_2_27_x86_64.manylinux_2_28_x86_64.whl (16.6 MB)
[2026-04-30 20:05:58]      ━━━━━━━━━━━━━━━━━━━━━━━━━━━━━━━━━━━━━━━━ 214.1/214.1 MB 12.6 MB/s  0:00:16
[2026-04-30 20:05:58] Collecting nvidia-cufile==1.15.1.6.* (from cuda-toolkit[cublas,cudart,cufft,cufile,cupti,curand,cusolver,cusparse,nvjitlink,nvrtc,nvtx]==13.0.2; platform_system == "Linux"->torch==2.11.0->vllm==0.20.0)
[2026-04-30 20:05:58]   Downloading nvidia_cufile-1.15.1.6-py3-none-manylinux2014_x86_64.manylinux_2_17_x86_64.whl (1.2 MB)
[2026-04-30 20:05:58] [2026-04-30 20:05:58,811 AIMaster] (job_monitor_controller_k8s.py 1099) INFO: All workers: 2, running: 2, failed: 0, pending: 0
[2026-04-30 20:05:59]      ━━━━━━━━━━━━━━━━━━━━━━━━━━━━━━━━━━━━━━━━ 1.2/1.2 MB 13.0 MB/s  0:00:00
[2026-04-30 20:05:59] Collecting nvidia-cuda-cupti==13.0.85.* (from cuda-toolkit[cublas,cudart,cufft,cufile,cupti,curand,cusolver,cusparse,nvjitlink,nvrtc,nvtx]==13.0.2; platform_system == "Linux"->torch==2.11.0->vllm==0.20.0)
[2026-04-30 20:05:59]   Downloading nvidia_cuda_cupti-13.0.85-py3-none-manylinux_2_25_x86_64.whl (10.7 MB)
[2026-04-30 20:05:59]      ━━━━━━━━━━━━━━━━━━━━━━━━━━━━━━━━━━━━━━━━ 10.7/10.7 MB 12.8 MB/s  0:00:00
[2026-04-30 20:05:59]      ━━━━━━━━━━━━━━━━━━━━━━━━━━━━━━━━━━━━━━━━ 16.6/16.6 MB 15.4 MB/s  0:00:01
[2026-04-30 20:05:59] Collecting jsonschema-specifications>=2023.03.6 (from jsonschema>=4.21.1->mistral_common>=1.11.0->mistral_common[image]>=1.11.0->vllm==0.20.0)
[2026-04-30 20:05:59]   Using cached jsonschema_specifications-2025.9.1-py3-none-any.whl (18 kB)
[2026-04-30 20:05:59] Collecting referencing>=0.28.4 (from jsonschema>=4.21.1->mistral_common>=1.11.0->mistral_common[image]>=1.11.0->vllm==0.20.0)
[2026-04-30 20:05:59]   Using cached referencing-0.37.0-py3-none-any.whl (26 kB)
[2026-04-30 20:06:00] Collecting nvidia-curand==10.4.0.35.* (from cuda-toolkit[cublas,cudart,cufft,cufile,cupti,curand,cusolver,cusparse,nvjitlink,nvrtc,nvtx]==13.0.2; platform_system == "Linux"->torch==2.11.0->vllm==0.20.0)
[2026-04-30 20:06:00]   Downloading nvidia_curand-10.4.0.35-py3-none-manylinux_2_27_x86_64.whl (59.5 MB)
[2026-04-30 20:06:00] Collecting rpds-py>=0.25.0 (from jsonschema>=4.21.1->mistral_common>=1.11.0->mistral_common[image]>=1.11.0->vllm==0.20.0)
[2026-04-30 20:06:00]   Using cached rpds_py-0.30.0-cp312-cp312-manylinux_2_17_x86_64.manylinux2014_x86_64.whl (394 kB)
[2026-04-30 20:06:00] Collecting nvidia-cutlass-dsl-libs-base==4.4.2 (from nvidia-cutlass-dsl>=4.4.2->vllm==0.20.0)
[2026-04-30 20:06:00]   Downloading nvidia_cutlass_dsl_libs_base-4.4.2-cp312-cp312-manylinux_2_28_x86_64.whl (74.4 MB)
[2026-04-30 20:06:04]      ━━━━━━━━━━━━━━━━━━━━━━━━━━━━━━━━━━━━━━━━ 59.5/59.5 MB 12.7 MB/s  0:00:04
[2026-04-30 20:06:04] Collecting nvidia-cusolver==12.0.4.66.* (from cuda-toolkit[cublas,cudart,cufft,cufile,cupti,curand,cusolver,cusparse,nvjitlink,nvrtc,nvtx]==13.0.2; platform_system == "Linux"->torch==2.11.0->vllm==0.20.0)
[2026-04-30 20:06:04]   Downloading nvidia_cusolver-12.0.4.66-py3-none-manylinux_2_27_x86_64.whl (200.9 MB)
[2026-04-30 20:06:05]      ━━━━━━━━━━━━━━━━━━━━━━━━━━━━━━━━━━━━━━━━ 74.4/74.4 MB 15.8 MB/s  0:00:04
[2026-04-30 20:06:05] Collecting cuda-python>=12.8 (from nvidia-cutlass-dsl-libs-base==4.4.2->nvidia-cutlass-dsl>=4.4.2->vllm==0.20.0)
[2026-04-30 20:06:05]   Downloading cuda_python-13.2.0-py3-none-any.whl (8.1 kB)
[2026-04-30 20:06:05] Collecting importlib-metadata<8.8.0,>=6.0 (from opentelemetry-api>=1.27.0->vllm==0.20.0)
[2026-04-30 20:06:05]   Using cached importlib_metadata-8.7.1-py3-none-any.whl (27 kB)
[2026-04-30 20:06:05] Collecting zipp>=3.20 (from importlib-metadata<8.8.0,>=6.0->opentelemetry-api>=1.27.0->vllm==0.20.0)
[2026-04-30 20:06:05]   Using cached zipp-3.23.1-py3-none-any.whl (10 kB)
[2026-04-30 20:06:05] Collecting opentelemetry-exporter-otlp-proto-grpc==1.41.1 (from opentelemetry-exporter-otlp>=1.27.0->vllm==0.20.0)
[2026-04-30 20:06:05]   Downloading opentelemetry_exporter_otlp_proto_grpc-1.41.1-py3-none-any.whl (20 kB)
[2026-04-30 20:06:05] Collecting opentelemetry-exporter-otlp-proto-http==1.41.1 (from opentelemetry-exporter-otlp>=1.27.0->vllm==0.20.0)
[2026-04-30 20:06:05]   Downloading opentelemetry_exporter_otlp_proto_http-1.41.1-py3-none-any.whl (22 kB)
[2026-04-30 20:06:05] Collecting googleapis-common-protos~=1.57 (from opentelemetry-exporter-otlp-proto-grpc==1.41.1->opentelemetry-exporter-otlp>=1.27.0->vllm==0.20.0)
[2026-04-30 20:06:05]   Downloading googleapis_common_protos-1.74.0-py3-none-any.whl (300 kB)
[2026-04-30 20:06:06] Collecting grpcio<2.0.0,>=1.63.2 (from opentelemetry-exporter-otlp-proto-grpc==1.41.1->opentelemetry-exporter-otlp>=1.27.0->vllm==0.20.0)
[2026-04-30 20:06:06]   Using cached grpcio-1.80.0-cp312-cp312-manylinux2014_x86_64.manylinux_2_17_x86_64.whl (6.8 MB)
[2026-04-30 20:06:06] Collecting opentelemetry-exporter-otlp-proto-common==1.41.1 (from opentelemetry-exporter-otlp-proto-grpc==1.41.1->opentelemetry-exporter-otlp>=1.27.0->vllm==0.20.0)
[2026-04-30 20:06:06]   Downloading opentelemetry_exporter_otlp_proto_common-1.41.1-py3-none-any.whl (18 kB)
[2026-04-30 20:06:06] Collecting opentelemetry-proto==1.41.1 (from opentelemetry-exporter-otlp-proto-grpc==1.41.1->opentelemetry-exporter-otlp>=1.27.0->vllm==0.20.0)
[2026-04-30 20:06:06]   Using cached opentelemetry_proto-1.41.1-py3-none-any.whl (72 kB)
[2026-04-30 20:06:06] Collecting protobuf!=6.30.*,!=6.31.*,!=6.32.*,!=6.33.0.*,!=6.33.1.*,!=6.33.2.*,!=6.33.3.*,!=6.33.4.*,>=5.29.6 (from vllm==0.20.0)
[2026-04-30 20:06:06]   Using cached protobuf-6.33.6-cp39-abi3-manylinux2014_x86_64.whl (323 kB)
[2026-04-30 20:06:06] Collecting opentelemetry-semantic-conventions==0.62b1 (from opentelemetry-sdk>=1.27.0->vllm==0.20.0)
[2026-04-30 20:06:06]   Using cached opentelemetry_semantic_conventions-0.62b1-py3-none-any.whl (231 kB)
[2026-04-30 20:06:06] Collecting charset_normalizer<4,>=2 (from requests>=2.26.0->vllm==0.20.0)
[2026-04-30 20:06:06]   Using cached charset_normalizer-3.4.7-cp312-cp312-manylinux2014_x86_64.manylinux_2_17_x86_64.manylinux_2_28_x86_64.whl (216 kB)
[2026-04-30 20:06:06] Collecting urllib3<3,>=1.26 (from requests>=2.26.0->vllm==0.20.0)
[2026-04-30 20:06:06]   Using cached urllib3-2.6.3-py3-none-any.whl (131 kB)
[2026-04-30 20:06:06] Collecting starlette>=0.49.1 (from model-hosting-container-standards<1.0.0,>=0.1.13->vllm==0.20.0)
[2026-04-30 20:06:06]   Downloading starlette-0.52.1-py3-none-any.whl (74 kB)
[2026-04-30 20:06:06] Collecting pycountry>=23 (from pydantic-extra-types[pycountry]>=2.10.5->mistral_common>=1.11.0->mistral_common[image]>=1.11.0->vllm==0.20.0)
[2026-04-30 20:06:06]   Downloading pycountry-26.2.16-py3-none-any.whl (8.0 MB)
[2026-04-30 20:06:07]      ━━━━━━━━━━━━━━━━━━━━━━━━━━━━━━━━━━━━━━━━ 8.0/8.0 MB 15.6 MB/s  0:00:00
[2026-04-30 20:06:07] Collecting python-dotenv>=0.21.0 (from pydantic-settings>=2.0.0->fastapi[standard]>=0.115.0->vllm==0.20.0)
[2026-04-30 20:06:07]   Downloading python_dotenv-1.2.2-py3-none-any.whl (22 kB)
[2026-04-30 20:06:07] Collecting rich>=13.7.1 (from rich-toolkit>=0.14.8->fastapi-cli>=0.0.8->fastapi-cli[standard]>=0.0.8; extra == "standard"->fastapi[standard]>=0.115.0->vllm==0.20.0)
[2026-04-30 20:06:07]   Using cached rich-15.0.0-py3-none-any.whl (310 kB)
[2026-04-30 20:06:07] Collecting markdown-it-py>=2.2.0 (from rich>=13.7.1->rich-toolkit>=0.14.8->fastapi-cli>=0.0.8->fastapi-cli[standard]>=0.0.8; extra == "standard"->fastapi[standard]>=0.115.0->vllm==0.20.0)
[2026-04-30 20:06:07]   Using cached markdown_it_py-4.0.0-py3-none-any.whl (87 kB)
[2026-04-30 20:06:07] Collecting pygments<3.0.0,>=2.13.0 (from rich>=13.7.1->rich-toolkit>=0.14.8->fastapi-cli>=0.0.8->fastapi-cli[standard]>=0.0.8; extra == "standard"->fastapi[standard]>=0.115.0->vllm==0.20.0)
[2026-04-30 20:06:07]   Using cached pygments-2.20.0-py3-none-any.whl (1.2 MB)
[2026-04-30 20:06:07] Collecting mdurl~=0.1 (from markdown-it-py>=2.2.0->rich>=13.7.1->rich-toolkit>=0.14.8->fastapi-cli>=0.0.8->fastapi-cli[standard]>=0.0.8; extra == "standard"->fastapi[standard]>=0.115.0->vllm==0.20.0)
[2026-04-30 20:06:07]   Using cached mdurl-0.1.2-py3-none-any.whl (10.0 kB)
[2026-04-30 20:06:07] Requirement already satisfied: mpmath<1.4,>=1.1.0 in /mnt/workspace/venvs/.teacherVenv/lib/python3.12/site-packages (from sympy>=1.13.3->torch==2.11.0->vllm==0.20.0) (1.3.0)
[2026-04-30 20:06:07] Collecting huggingface-hub<2.0,>=0.16.4 (from tokenizers>=0.21.1->vllm==0.20.0)
[2026-04-30 20:06:08]   Downloading huggingface_hub-1.12.2-py3-none-any.whl (647 kB)
[2026-04-30 20:06:08]      ━━━━━━━━━━━━━━━━━━━━━━━━━━━━━━━━━━━━━━━━ 647.8/647.8 kB 13.1 MB/s  0:00:00
[2026-04-30 20:06:08] Collecting hf-xet<2.0.0,>=1.4.3 (from huggingface-hub<2.0,>=0.16.4->tokenizers>=0.21.1->vllm==0.20.0)
[2026-04-30 20:06:08]   Using cached hf_xet-1.4.3-cp37-abi3-manylinux2014_x86_64.manylinux_2_17_x86_64.whl (4.2 MB)
[2026-04-30 20:06:08] Collecting tokenizers>=0.21.1 (from vllm==0.20.0)
[2026-04-30 20:06:08]   Using cached tokenizers-0.22.2-cp39-abi3-manylinux_2_17_x86_64.manylinux2014_x86_64.whl (3.3 MB)
[2026-04-30 20:06:08] Collecting safetensors>=0.4.3 (from transformers!=5.0.*,!=5.1.*,!=5.2.*,!=5.3.*,!=5.4.*,!=5.5.0,>=4.56.0->vllm==0.20.0)
[2026-04-30 20:06:08]   Downloading safetensors-0.7.0-cp38-abi3-manylinux_2_17_x86_64.manylinux2014_x86_64.whl (507 kB)
[2026-04-30 20:06:08] Collecting shellingham>=1.3.0 (from typer>=0.16.0->fastapi-cli>=0.0.8->fastapi-cli[standard]>=0.0.8; extra == "standard"->fastapi[standard]>=0.115.0->vllm==0.20.0)
[2026-04-30 20:06:08]   Using cached shellingham-1.5.4-py2.py3-none-any.whl (9.8 kB)
[2026-04-30 20:06:08] Collecting httptools>=0.6.3 (from uvicorn[standard]>=0.12.0; extra == "standard"->fastapi[standard]>=0.115.0->vllm==0.20.0)
[2026-04-30 20:06:08]   Downloading httptools-0.7.1-cp312-cp312-manylinux1_x86_64.manylinux_2_28_x86_64.manylinux_2_5_x86_64.whl (517 kB)
[2026-04-30 20:06:08] Collecting uvloop>=0.15.1 (from uvicorn[standard]>=0.12.0; extra == "standard"->fastapi[standard]>=0.115.0->vllm==0.20.0)
[2026-04-30 20:06:08]   Downloading uvloop-0.22.1-cp312-cp312-manylinux2014_x86_64.manylinux_2_17_x86_64.manylinux_2_28_x86_64.whl (4.4 MB)
[2026-04-30 20:06:09]      ━━━━━━━━━━━━━━━━━━━━━━━━━━━━━━━━━━━━━━━━ 4.4/4.4 MB 15.5 MB/s  0:00:00
[2026-04-30 20:06:09] Collecting websockets>=10.4 (from uvicorn[standard]>=0.12.0; extra == "standard"->fastapi[standard]>=0.115.0->vllm==0.20.0)
[2026-04-30 20:06:09]   Downloading websockets-16.0-cp312-cp312-manylinux1_x86_64.manylinux_2_28_x86_64.manylinux_2_5_x86_64.whl (184 kB)
[2026-04-30 20:06:09] Collecting httpx-sse>=0.4 (from mcp->vllm==0.20.0)
[2026-04-30 20:06:09]   Downloading httpx_sse-0.4.3-py3-none-any.whl (9.0 kB)
[2026-04-30 20:06:09] Collecting pyjwt>=2.10.1 (from pyjwt[crypto]>=2.10.1->mcp->vllm==0.20.0)
[2026-04-30 20:06:09]   Downloading pyjwt-2.12.1-py3-none-any.whl (29 kB)
[2026-04-30 20:06:09] Collecting sse-starlette>=1.6.1 (from mcp->vllm==0.20.0)
[2026-04-30 20:06:09]   Downloading sse_starlette-3.4.1-py3-none-any.whl (16 kB)
[2026-04-30 20:06:09] Collecting cryptography>=3.4.0 (from pyjwt[crypto]>=2.10.1->mcp->vllm==0.20.0)
[2026-04-30 20:06:09]   Using cached cryptography-47.0.0-cp311-abi3-manylinux_2_34_x86_64.whl (4.7 MB)
[2026-04-30 20:06:10] Collecting cffi>=2.0.0 (from cryptography>=3.4.0->pyjwt[crypto]>=2.10.1->mcp->vllm==0.20.0)
[2026-04-30 20:06:10]   Using cached cffi-2.0.0-cp312-cp312-manylinux2014_x86_64.manylinux_2_17_x86_64.whl (219 kB)
[2026-04-30 20:06:10] Collecting pycparser (from cffi>=2.0.0->cryptography>=3.4.0->pyjwt[crypto]>=2.10.1->mcp->vllm==0.20.0)
[2026-04-30 20:06:10]   Using cached pycparser-3.0-py3-none-any.whl (48 kB)
[2026-04-30 20:06:10] Installing collected packages: z3-solver, torchaudio, supervisor, py-cpuinfo, nvidia-ml-py, nvidia-cusparselt-cu13, cuda-toolkit, zipp, websockets, uvloop, urllib3, typing-inspection, tqdm, tabulate, sniffio, six, shellingham, setuptools, setproctitle, sentencepiece, safetensors, rpds-py, rignore, regex, pyzmq, pyyaml, python-multipart, python-json-logger, python-dotenv, pyjwt, pygments, pydantic-core, pycparser, pycountry, pybase64, psutil, protobuf, propcache, prometheus_client, partial-json-parser, outlines_core, nvidia-nvtx, nvidia-nvshmem-cu13, nvidia-nvjitlink, nvidia-nccl-cu13, nvidia-curand, nvidia-cufile, nvidia-cudnn-frontend, nvidia-cuda-runtime, nvidia-cuda-nvrtc, nvidia-cuda-cupti, nvidia-cublas, numpy, ninja, multidict, msgspec, mdurl, loguru, llvmlite, llguidance, lark, jmespath, jiter, interegular, ijson, idna, httpx-sse, httptools, hf-xet, h11, grpcio, frozenlist, flashinfer-cubin, fastar, einops, docstring-parser, dnspython, distro, diskcache, dill, cuda-tile, cuda-bindings, cloudpickle, click, charset_normalizer, certifi, cbor2, cachetools, blake3, attrs, astor, apache-tvm-ffi, annotated-types, annotated-doc, aiohappyeyeballs, yarl, uvicorn, sentry-sdk, requests, referencing, pydantic, opentelemetry-proto, opencv-python-headless, nvidia-cusparse, nvidia-cufft, nvidia-cudnn-cu13, numba, ml-dtypes, markdown-it-py, importlib-metadata, httpcore, googleapis-common-protos, email-validator, depyf, cuda-python, cffi, anyio, aiosignal, watchfiles, tiktoken, starlette, rich, pydantic-settings, pydantic-extra-types, opentelemetry-exporter-otlp-proto-common, opentelemetry-api, openai-harmony, nvidia-cutlass-dsl-libs-base, nvidia-cusolver, lm-format-enforcer, jsonschema-specifications, httpx, gguf, cryptography, aiohttp, typer, sse-starlette, rich-toolkit, prometheus-fastapi-instrumentator, opentelemetry-semantic-conventions, openai, nvidia-cutlass-dsl, jsonschema, fastapi, anthropic, torch, opentelemetry-sdk, model-hosting-container-standards, mistral_common, mcp, huggingface-hub, fastsafetensors, fastapi-cloud-cli, fastapi-cli, torchvision, torch-c-dlpack-ext, tokenizers, opentelemetry-semantic-conventions-ai, opentelemetry-exporter-otlp-proto-http, opentelemetry-exporter-otlp-proto-grpc, flashinfer-python, transformers, tilelang, quack-kernels, opentelemetry-exporter-otlp, xgrammar, compressed-tensors, vllm
[2026-04-30 20:06:11]   Attempting uninstall: torchaudio
[2026-04-30 20:06:11]     Found existing installation: torchaudio 2.10.0
[2026-04-30 20:06:11]     Uninstalling torchaudio-2.10.0:
[2026-04-30 20:06:11]       Successfully uninstalled torchaudio-2.10.0
[2026-04-30 20:06:12]   Attempting uninstall: setuptools
[2026-04-30 20:06:12]     Found existing installation: setuptools 82.0.1
[2026-04-30 20:06:12]     Uninstalling setuptools-82.0.1:
[2026-04-30 20:06:12]       Successfully uninstalled setuptools-82.0.1
[2026-04-30 20:06:20]   Attempting uninstall: numpy
[2026-04-30 20:06:20]     Found existing installation: numpy 2.4.4
[2026-04-30 20:06:20]     Uninstalling numpy-2.4.4:
[2026-04-30 20:06:20]       Successfully uninstalled numpy-2.4.4
[2026-04-30 20:06:20]      ━━━━━━━━━━━━━━━━━━━━━━━━━━━━━━━━━━━━━━━━ 200.9/200.9 MB 12.6 MB/s  0:00:15
[2026-04-30 20:06:21] Collecting nvidia-cusparse==12.6.3.3.* (from cuda-toolkit[cublas,cudart,cufft,cufile,cupti,curand,cusolver,cusparse,nvjitlink,nvrtc,nvtx]==13.0.2; platform_system == "Linux"->torch==2.11.0->vllm==0.20.0)
[2026-04-30 20:06:21]   Downloading nvidia_cusparse-12.6.3.3-py3-none-manylinux2014_x86_64.manylinux_2_17_x86_64.whl (145.9 MB)
[2026-04-30 20:06:28] [2026-04-30 20:06:28,931 AIMaster] (job_monitor_controller_k8s.py 1099) INFO: All workers: 2, running: 2, failed: 0, pending: 0
[2026-04-30 20:06:28] [2026-04-30 20:06:28,931 AIMaster] (ops_reported_error_detector.py 103) INFO: Detecting whether the job is affected by errors reported by ops platform.
[2026-04-30 20:06:30]   Attempting uninstall: cuda-bindings
[2026-04-30 20:06:30]     Found existing installation: cuda-bindings 12.9.4
[2026-04-30 20:06:30]     Uninstalling cuda-bindings-12.9.4:
[2026-04-30 20:06:30]       Successfully uninstalled cuda-bindings-12.9.4
[2026-04-30 20:06:32]      ━━━━━━━━━━━━━━━━━━━━━━━━━━━━━━━━━━━━━━━━ 145.9/145.9 MB 12.5 MB/s  0:00:11
[2026-04-30 20:06:33] Collecting nvidia-nvjitlink==13.0.88.* (from cuda-toolkit[cublas,cudart,cufft,cufile,cupti,curand,cusolver,cusparse,nvjitlink,nvrtc,nvtx]==13.0.2; platform_system == "Linux"->torch==2.11.0->vllm==0.20.0)
[2026-04-30 20:06:33]   Downloading nvidia_nvjitlink-13.0.88-py3-none-manylinux2010_x86_64.manylinux_2_12_x86_64.whl (40.7 MB)
[2026-04-30 20:06:36]      ━━━━━━━━━━━━━━━━━━━━━━━━━━━━━━━━━━━━━━━━ 40.7/40.7 MB 12.6 MB/s  0:00:03
[2026-04-30 20:06:36] Collecting nvidia-cuda-nvrtc==13.0.88.* (from cuda-toolkit[cublas,cudart,cufft,cufile,cupti,curand,cusolver,cusparse,nvjitlink,nvrtc,nvtx]==13.0.2; platform_system == "Linux"->torch==2.11.0->vllm==0.20.0)
[2026-04-30 20:06:36]   Downloading nvidia_cuda_nvrtc-13.0.88-py3-none-manylinux2010_x86_64.manylinux_2_12_x86_64.whl (90.2 MB)
[2026-04-30 20:06:43]      ━━━━━━━━━━━━━━━━━━━━━━━━━━━━━━━━━━━━━━━━ 90.2/90.2 MB 12.6 MB/s  0:00:07
[2026-04-30 20:06:43] Collecting nvidia-nvtx==13.0.85.* (from cuda-toolkit[cublas,cudart,cufft,cufile,cupti,curand,cusolver,cusparse,nvjitlink,nvrtc,nvtx]==13.0.2; platform_system == "Linux"->torch==2.11.0->vllm==0.20.0)
[2026-04-30 20:06:43]   Downloading nvidia_nvtx-13.0.85-py3-none-manylinux1_x86_64.manylinux_2_5_x86_64.whl (148 kB)
[2026-04-30 20:06:43] Requirement already satisfied: cuda-pathfinder~=1.1 in /mnt/workspace/venvs/.teacherVenv/lib/python3.12/site-packages (from cuda-bindings<14,>=13.0.3->torch==2.11.0->vllm==0.20.0) (1.5.4)
[2026-04-30 20:06:43] Collecting httpx (from model-hosting-container-standards<1.0.0,>=0.1.13->vllm==0.20.0)
[2026-04-30 20:06:43]   Downloading httpx-0.28.1-py3-none-any.whl (73 kB)
[2026-04-30 20:06:43] Collecting jmespath (from model-hosting-container-standards<1.0.0,>=0.1.13->vllm==0.20.0)
[2026-04-30 20:06:43] [2026-04-30 20:06:43,125 AIMaster] (config.py 347) INFO: Try loading config from pai-aimaster-new configmap.
[2026-04-30 20:06:44]   Attempting uninstall: torch
[2026-04-30 20:06:44]     Found existing installation: torch 2.10.0
[2026-04-30 20:06:44]     Uninstalling torch-2.10.0:
[2026-04-30 20:06:44]       Successfully uninstalled torch-2.10.0
[2026-04-30 20:06:44]   Downloading jmespath-1.1.0-py3-none-any.whl (20 kB)
[2026-04-30 20:06:44] Collecting starlette>=0.49.1 (from model-hosting-container-standards<1.0.0,>=0.1.13->vllm==0.20.0)
[2026-04-30 20:06:44]   Downloading starlette-1.0.0-py3-none-any.whl (72 kB)
[2026-04-30 20:06:44] Collecting supervisor>=4.2.0 (from model-hosting-container-standards<1.0.0,>=0.1.13->vllm==0.20.0)
[2026-04-30 20:06:44]   Downloading supervisor-4.3.0-py2.py3-none-any.whl (320 kB)
[2026-04-30 20:06:44] Collecting aiohappyeyeballs>=2.5.0 (from aiohttp>=3.13.3->vllm==0.20.0)
[2026-04-30 20:06:44]   Using cached aiohappyeyeballs-2.6.1-py3-none-any.whl (15 kB)
[2026-04-30 20:06:44] Collecting aiosignal>=1.4.0 (from aiohttp>=3.13.3->vllm==0.20.0)
[2026-04-30 20:06:44]   Using cached aiosignal-1.4.0-py3-none-any.whl (7.5 kB)
[2026-04-30 20:06:44] Collecting attrs>=17.3.0 (from aiohttp>=3.13.3->vllm==0.20.0)
[2026-04-30 20:06:44]   Using cached attrs-26.1.0-py3-none-any.whl (67 kB)
[2026-04-30 20:06:44] Collecting frozenlist>=1.1.1 (from aiohttp>=3.13.3->vllm==0.20.0)
[2026-04-30 20:06:44]   Using cached frozenlist-1.8.0-cp312-cp312-manylinux1_x86_64.manylinux_2_28_x86_64.manylinux_2_5_x86_64.whl (242 kB)
[2026-04-30 20:06:44] Collecting multidict<7.0,>=4.5 (from aiohttp>=3.13.3->vllm==0.20.0)
[2026-04-30 20:06:44]   Using cached multidict-6.7.1-cp312-cp312-manylinux2014_x86_64.manylinux_2_17_x86_64.manylinux_2_28_x86_64.whl (256 kB)
[2026-04-30 20:06:44] Collecting propcache>=0.2.0 (from aiohttp>=3.13.3->vllm==0.20.0)
[2026-04-30 20:06:44]   Using cached propcache-0.4.1-cp312-cp312-manylinux2014_x86_64.manylinux_2_17_x86_64.manylinux_2_28_x86_64.whl (221 kB)
[2026-04-30 20:06:45] Collecting yarl<2.0,>=1.17.0 (from aiohttp>=3.13.3->vllm==0.20.0)
[2026-04-30 20:06:45]   Using cached yarl-1.23.0-cp312-cp312-manylinux2014_x86_64.manylinux_2_17_x86_64.manylinux_2_28_x86_64.whl (100 kB)
[2026-04-30 20:06:45] Collecting idna>=2.0 (from yarl<2.0,>=1.17.0->aiohttp>=3.13.3->vllm==0.20.0)
[2026-04-30 20:06:45]   Using cached idna-3.13-py3-none-any.whl (68 kB)
[2026-04-30 20:06:45] Collecting anyio<5,>=3.5.0 (from anthropic>=0.71.0->vllm==0.20.0)
[2026-04-30 20:06:45]   Using cached anyio-4.13.0-py3-none-any.whl (114 kB)
[2026-04-30 20:06:45] Collecting distro<2,>=1.7.0 (from anthropic>=0.71.0->vllm==0.20.0)
[2026-04-30 20:06:45]   Downloading distro-1.9.0-py3-none-any.whl (20 kB)
[2026-04-30 20:06:45] Collecting docstring-parser<1,>=0.15 (from anthropic>=0.71.0->vllm==0.20.0)
[2026-04-30 20:06:45]   Downloading docstring_parser-0.18.0-py3-none-any.whl (22 kB)
[2026-04-30 20:06:45] Collecting jiter<1,>=0.4.0 (from anthropic>=0.71.0->vllm==0.20.0)
[2026-04-30 20:06:45]   Downloading jiter-0.14.0-cp312-cp312-manylinux_2_17_x86_64.manylinux2014_x86_64.whl (353 kB)
[2026-04-30 20:06:45] Collecting sniffio (from anthropic>=0.71.0->vllm==0.20.0)
[2026-04-30 20:06:45]   Downloading sniffio-1.3.1-py3-none-any.whl (10 kB)
[2026-04-30 20:06:46] Collecting certifi (from httpx->model-hosting-container-standards<1.0.0,>=0.1.13->vllm==0.20.0)
[2026-04-30 20:06:46]   Using cached certifi-2026.4.22-py3-none-any.whl (135 kB)
[2026-04-30 20:06:46] Collecting httpcore==1.* (from httpx->model-hosting-container-standards<1.0.0,>=0.1.13->vllm==0.20.0)
[2026-04-30 20:06:46]   Downloading httpcore-1.0.9-py3-none-any.whl (78 kB)
[2026-04-30 20:06:46] Collecting h11>=0.16 (from httpcore==1.*->httpx->model-hosting-container-standards<1.0.0,>=0.1.13->vllm==0.20.0)
[2026-04-30 20:06:46]   Using cached h11-0.16.0-py3-none-any.whl (37 kB)
[2026-04-30 20:06:46] Collecting annotated-types>=0.6.0 (from pydantic>=2.12.0->vllm==0.20.0)
[2026-04-30 20:06:46]   Downloading annotated_types-0.7.0-py3-none-any.whl (13 kB)
[2026-04-30 20:06:47] Collecting pydantic-core==2.46.3 (from pydantic>=2.12.0->vllm==0.20.0)
[2026-04-30 20:06:47]   Using cached pydantic_core-2.46.3-cp312-cp312-manylinux_2_17_x86_64.manylinux2014_x86_64.whl (2.1 MB)
[2026-04-30 20:06:47] Collecting typing-inspection>=0.4.2 (from pydantic>=2.12.0->vllm==0.20.0)
[2026-04-30 20:06:47]   Downloading typing_inspection-0.4.2-py3-none-any.whl (14 kB)
[2026-04-30 20:06:47] Collecting annotated-doc>=0.0.2 (from fastapi>=0.115.0->fastapi[standard]>=0.115.0->vllm==0.20.0)
[2026-04-30 20:06:47]   Using cached annotated_doc-0.0.4-py3-none-any.whl (5.3 kB)
[2026-04-30 20:06:47] Collecting fastapi-cli>=0.0.8 (from fastapi-cli[standard]>=0.0.8; extra == "standard"->fastapi[standard]>=0.115.0->vllm==0.20.0)
[2026-04-30 20:06:47]   Downloading fastapi_cli-0.0.24-py3-none-any.whl (12 kB)
[2026-04-30 20:06:47] Collecting fastar>=0.9.0 (from fastapi[standard]>=0.115.0->vllm==0.20.0)
[2026-04-30 20:06:47]   Downloading fastar-0.11.0-cp312-cp312-manylinux_2_17_x86_64.manylinux2014_x86_64.whl (819 kB)
[2026-04-30 20:06:47]      ━━━━━━━━━━━━━━━━━━━━━━━━━━━━━━━━━━━━━━━━ 819.4/819.4 kB 13.6 MB/s  0:00:00
[2026-04-30 20:06:47] Collecting python-multipart>=0.0.18 (from fastapi[standard]>=0.115.0->vllm==0.20.0)
[2026-04-30 20:06:47]   Downloading python_multipart-0.0.27-py3-none-any.whl (29 kB)
[2026-04-30 20:06:47] Collecting email-validator>=2.0.0 (from fastapi[standard]>=0.115.0->vllm==0.20.0)
[2026-04-30 20:06:47]   Downloading email_validator-2.3.0-py3-none-any.whl (35 kB)
[2026-04-30 20:06:47] Collecting uvicorn>=0.12.0 (from uvicorn[standard]>=0.12.0; extra == "standard"->fastapi[standard]>=0.115.0->vllm==0.20.0)
[2026-04-30 20:06:48]   Downloading uvicorn-0.46.0-py3-none-any.whl (70 kB)
[2026-04-30 20:06:48] Collecting pydantic-settings>=2.0.0 (from fastapi[standard]>=0.115.0->vllm==0.20.0)
[2026-04-30 20:06:48]   Downloading pydantic_settings-2.14.0-py3-none-any.whl (60 kB)
[2026-04-30 20:06:48] Collecting pydantic-extra-types>=2.0.0 (from fastapi[standard]>=0.115.0->vllm==0.20.0)
[2026-04-30 20:06:48]   Downloading pydantic_extra_types-2.11.1-py3-none-any.whl (79 kB)
[2026-04-30 20:06:48] Collecting dnspython>=2.0.0 (from email-validator>=2.0.0->fastapi[standard]>=0.115.0->vllm==0.20.0)
[2026-04-30 20:06:48]   Downloading dnspython-2.8.0-py3-none-any.whl (331 kB)
[2026-04-30 20:06:48] Collecting typer>=0.16.0 (from fastapi-cli>=0.0.8->fastapi-cli[standard]>=0.0.8; extra == "standard"->fastapi[standard]>=0.115.0->vllm==0.20.0)
[2026-04-30 20:06:48]   Using cached typer-0.25.0-py3-none-any.whl (55 kB)
[2026-04-30 20:06:48] Collecting rich-toolkit>=0.14.8 (from fastapi-cli>=0.0.8->fastapi-cli[standard]>=0.0.8; extra == "standard"->fastapi[standard]>=0.115.0->vllm==0.20.0)
[2026-04-30 20:06:48]   Downloading rich_toolkit-0.19.7-py3-none-any.whl (32 kB)
[2026-04-30 20:06:48] Collecting fastapi-cloud-cli>=0.1.1 (from fastapi-cli[standard]>=0.0.8; extra == "standard"->fastapi[standard]>=0.115.0->vllm==0.20.0)
[2026-04-30 20:06:48]   Downloading fastapi_cloud_cli-0.17.1-py3-none-any.whl (34 kB)
[2026-04-30 20:06:48] Collecting rignore>=0.5.1 (from fastapi-cloud-cli>=0.1.1->fastapi-cli[standard]>=0.0.8; extra == "standard"->fastapi[standard]>=0.115.0->vllm==0.20.0)
[2026-04-30 20:06:48]   Downloading rignore-0.7.6-cp312-cp312-manylinux_2_17_x86_64.manylinux2014_x86_64.whl (959 kB)
[2026-04-30 20:06:48]      ━━━━━━━━━━━━━━━━━━━━━━━━━━━━━━━━━━━━━━━━ 959.8/959.8 kB 11.5 MB/s  0:00:00
[2026-04-30 20:06:49] Collecting sentry-sdk>=2.20.0 (from fastapi-cloud-cli>=0.1.1->fastapi-cli[standard]>=0.0.8; extra == "standard"->fastapi[standard]>=0.115.0->vllm==0.20.0)
[2026-04-30 20:06:49]   Using cached sentry_sdk-2.58.0-py2.py3-none-any.whl (460 kB)
[2026-04-30 20:06:49] Requirement already satisfied: MarkupSafe>=2.0 in /mnt/workspace/venvs/.teacherVenv/lib/python3.12/site-packages (from jinja2->torch==2.11.0->vllm==0.20.0) (3.0.3)
[2026-04-30 20:06:49] Collecting jsonschema>=4.21.1 (from mistral_common>=1.11.0->mistral_common[image]>=1.11.0->vllm==0.20.0)
[2026-04-30 20:06:49]   Using cached jsonschema-4.26.0-py3-none-any.whl (90 kB)
[2026-04-30 20:06:49] Collecting numpy (from vllm==0.20.0)
[2026-04-30 20:06:49]   Downloading numpy-2.3.5-cp312-cp312-manylinux_2_27_x86_64.manylinux_2_28_x86_64.whl (16.6 MB)
[2026-04-30 20:06:50]      ━━━━━━━━━━━━━━━━━━━━━━━━━━━━━━━━━━━━━━━━ 16.6/16.6 MB 12.6 MB/s  0:00:01
[2026-04-30 20:06:50] Collecting jsonschema-specifications>=2023.03.6 (from jsonschema>=4.21.1->mistral_common>=1.11.0->mistral_common[image]>=1.11.0->vllm==0.20.0)
[2026-04-30 20:06:50]   Using cached jsonschema_specifications-2025.9.1-py3-none-any.whl (18 kB)
[2026-04-30 20:06:50] Collecting referencing>=0.28.4 (from jsonschema>=4.21.1->mistral_common>=1.11.0->mistral_common[image]>=1.11.0->vllm==0.20.0)
[2026-04-30 20:06:50]   Using cached referencing-0.37.0-py3-none-any.whl (26 kB)
[2026-04-30 20:06:51] Collecting rpds-py>=0.25.0 (from jsonschema>=4.21.1->mistral_common>=1.11.0->mistral_common[image]>=1.11.0->vllm==0.20.0)
[2026-04-30 20:06:51]   Using cached rpds_py-0.30.0-cp312-cp312-manylinux_2_17_x86_64.manylinux2014_x86_64.whl (394 kB)
[2026-04-30 20:06:51] Collecting nvidia-cutlass-dsl-libs-base==4.4.2 (from nvidia-cutlass-dsl>=4.4.2->vllm==0.20.0)
[2026-04-30 20:06:51]   Downloading nvidia_cutlass_dsl_libs_base-4.4.2-cp312-cp312-manylinux_2_28_x86_64.whl (74.4 MB)
[2026-04-30 20:06:57]      ━━━━━━━━━━━━━━━━━━━━━━━━━━━━━━━━━━━━━━━━ 74.4/74.4 MB 12.6 MB/s  0:00:05
[2026-04-30 20:06:57] Collecting cuda-python>=12.8 (from nvidia-cutlass-dsl-libs-base==4.4.2->nvidia-cutlass-dsl>=4.4.2->vllm==0.20.0)
[2026-04-30 20:06:57]   Downloading cuda_python-13.2.0-py3-none-any.whl (8.1 kB)
[2026-04-30 20:06:57] Collecting importlib-metadata<8.8.0,>=6.0 (from opentelemetry-api>=1.27.0->vllm==0.20.0)
[2026-04-30 20:06:57]   Using cached importlib_metadata-8.7.1-py3-none-any.whl (27 kB)
[2026-04-30 20:06:57] Collecting zipp>=3.20 (from importlib-metadata<8.8.0,>=6.0->opentelemetry-api>=1.27.0->vllm==0.20.0)
[2026-04-30 20:06:57]   Using cached zipp-3.23.1-py3-none-any.whl (10 kB)
[2026-04-30 20:06:57] Collecting opentelemetry-exporter-otlp-proto-grpc==1.41.1 (from opentelemetry-exporter-otlp>=1.27.0->vllm==0.20.0)
[2026-04-30 20:06:57]   Downloading opentelemetry_exporter_otlp_proto_grpc-1.41.1-py3-none-any.whl (20 kB)
[2026-04-30 20:06:57] Collecting opentelemetry-exporter-otlp-proto-http==1.41.1 (from opentelemetry-exporter-otlp>=1.27.0->vllm==0.20.0)
[2026-04-30 20:06:57]   Downloading opentelemetry_exporter_otlp_proto_http-1.41.1-py3-none-any.whl (22 kB)
[2026-04-30 20:06:57] Collecting googleapis-common-protos~=1.57 (from opentelemetry-exporter-otlp-proto-grpc==1.41.1->opentelemetry-exporter-otlp>=1.27.0->vllm==0.20.0)
[2026-04-30 20:06:57]   Downloading googleapis_common_protos-1.74.0-py3-none-any.whl (300 kB)
[2026-04-30 20:06:57]   Attempting uninstall: torchvision
[2026-04-30 20:06:57]     Found existing installation: torchvision 0.25.0
[2026-04-30 20:06:57]     Uninstalling torchvision-0.25.0:
[2026-04-30 20:06:57]       Successfully uninstalled torchvision-0.25.0
[2026-04-30 20:06:58] Collecting grpcio<2.0.0,>=1.63.2 (from opentelemetry-exporter-otlp-proto-grpc==1.41.1->opentelemetry-exporter-otlp>=1.27.0->vllm==0.20.0)
[2026-04-30 20:06:58]   Using cached grpcio-1.80.0-cp312-cp312-manylinux2014_x86_64.manylinux_2_17_x86_64.whl (6.8 MB)
[2026-04-30 20:06:58] Collecting opentelemetry-exporter-otlp-proto-common==1.41.1 (from opentelemetry-exporter-otlp-proto-grpc==1.41.1->opentelemetry-exporter-otlp>=1.27.0->vllm==0.20.0)
[2026-04-30 20:06:58]   Downloading opentelemetry_exporter_otlp_proto_common-1.41.1-py3-none-any.whl (18 kB)
[2026-04-30 20:06:58] Collecting opentelemetry-proto==1.41.1 (from opentelemetry-exporter-otlp-proto-grpc==1.41.1->opentelemetry-exporter-otlp>=1.27.0->vllm==0.20.0)
[2026-04-30 20:06:58]   Using cached opentelemetry_proto-1.41.1-py3-none-any.whl (72 kB)
[2026-04-30 20:06:58] Collecting protobuf!=6.30.*,!=6.31.*,!=6.32.*,!=6.33.0.*,!=6.33.1.*,!=6.33.2.*,!=6.33.3.*,!=6.33.4.*,>=5.29.6 (from vllm==0.20.0)
[2026-04-30 20:06:58]   Using cached protobuf-6.33.6-cp39-abi3-manylinux2014_x86_64.whl (323 kB)
[2026-04-30 20:06:59] [2026-04-30 20:06:59,081 AIMaster] (job_monitor_controller_k8s.py 1099) INFO: All workers: 2, running: 2, failed: 0, pending: 0
[2026-04-30 20:06:59] [2026-04-30 20:06:59,081 AIMaster] (aimaster_failover_controller.py 81) INFO: Detecting whether aimaster should be migrated.
[2026-04-30 20:06:59] Collecting opentelemetry-semantic-conventions==0.62b1 (from opentelemetry-sdk>=1.27.0->vllm==0.20.0)
[2026-04-30 20:06:59]   Using cached opentelemetry_semantic_conventions-0.62b1-py3-none-any.whl (231 kB)
[2026-04-30 20:06:59] Collecting charset_normalizer<4,>=2 (from requests>=2.26.0->vllm==0.20.0)
[2026-04-30 20:06:59]   Using cached charset_normalizer-3.4.7-cp312-cp312-manylinux2014_x86_64.manylinux_2_17_x86_64.manylinux_2_28_x86_64.whl (216 kB)
[2026-04-30 20:06:59] Collecting urllib3<3,>=1.26 (from requests>=2.26.0->vllm==0.20.0)
[2026-04-30 20:06:59]   Using cached urllib3-2.6.3-py3-none-any.whl (131 kB)
[2026-04-30 20:06:59] Collecting starlette>=0.49.1 (from model-hosting-container-standards<1.0.0,>=0.1.13->vllm==0.20.0)
[2026-04-30 20:06:59]   Downloading starlette-0.52.1-py3-none-any.whl (74 kB)
[2026-04-30 20:06:59] Collecting pycountry>=23 (from pydantic-extra-types[pycountry]>=2.10.5->mistral_common>=1.11.0->mistral_common[image]>=1.11.0->vllm==0.20.0)
[2026-04-30 20:06:59]   Downloading pycountry-26.2.16-py3-none-any.whl (8.0 MB)
[2026-04-30 20:07:00]      ━━━━━━━━━━━━━━━━━━━━━━━━━━━━━━━━━━━━━━━━ 8.0/8.0 MB 12.8 MB/s  0:00:00
[2026-04-30 20:07:00] Collecting python-dotenv>=0.21.0 (from pydantic-settings>=2.0.0->fastapi[standard]>=0.115.0->vllm==0.20.0)
[2026-04-30 20:07:00]   Downloading python_dotenv-1.2.2-py3-none-any.whl (22 kB)
[2026-04-30 20:07:00] Collecting rich>=13.7.1 (from rich-toolkit>=0.14.8->fastapi-cli>=0.0.8->fastapi-cli[standard]>=0.0.8; extra == "standard"->fastapi[standard]>=0.115.0->vllm==0.20.0)
[2026-04-30 20:07:00]   Using cached rich-15.0.0-py3-none-any.whl (310 kB)
[2026-04-30 20:07:00] Collecting markdown-it-py>=2.2.0 (from rich>=13.7.1->rich-toolkit>=0.14.8->fastapi-cli>=0.0.8->fastapi-cli[standard]>=0.0.8; extra == "standard"->fastapi[standard]>=0.115.0->vllm==0.20.0)
[2026-04-30 20:07:00]   Using cached markdown_it_py-4.0.0-py3-none-any.whl (87 kB)
[2026-04-30 20:07:00] Collecting pygments<3.0.0,>=2.13.0 (from rich>=13.7.1->rich-toolkit>=0.14.8->fastapi-cli>=0.0.8->fastapi-cli[standard]>=0.0.8; extra == "standard"->fastapi[standard]>=0.115.0->vllm==0.20.0)
[2026-04-30 20:07:00]   Using cached pygments-2.20.0-py3-none-any.whl (1.2 MB)
[2026-04-30 20:07:00] Collecting mdurl~=0.1 (from markdown-it-py>=2.2.0->rich>=13.7.1->rich-toolkit>=0.14.8->fastapi-cli>=0.0.8->fastapi-cli[standard]>=0.0.8; extra == "standard"->fastapi[standard]>=0.115.0->vllm==0.20.0)
[2026-04-30 20:07:00]   Using cached mdurl-0.1.2-py3-none-any.whl (10.0 kB)
[2026-04-30 20:07:00] Requirement already satisfied: mpmath<1.4,>=1.1.0 in /mnt/workspace/venvs/.teacherVenv/lib/python3.12/site-packages (from sympy>=1.13.3->torch==2.11.0->vllm==0.20.0) (1.3.0)
[2026-04-30 20:07:00] Collecting huggingface-hub<2.0,>=0.16.4 (from tokenizers>=0.21.1->vllm==0.20.0)
[2026-04-30 20:07:00]   Downloading huggingface_hub-1.12.2-py3-none-any.whl (647 kB)
[2026-04-30 20:07:00]      ━━━━━━━━━━━━━━━━━━━━━━━━━━━━━━━━━━━━━━━━ 647.8/647.8 kB 11.9 MB/s  0:00:00
[2026-04-30 20:07:00] Collecting hf-xet<2.0.0,>=1.4.3 (from huggingface-hub<2.0,>=0.16.4->tokenizers>=0.21.1->vllm==0.20.0)
[2026-04-30 20:07:00]   Using cached hf_xet-1.4.3-cp37-abi3-manylinux2014_x86_64.manylinux_2_17_x86_64.whl (4.2 MB)
[2026-04-30 20:07:00] Collecting tokenizers>=0.21.1 (from vllm==0.20.0)
[2026-04-30 20:07:00]   Using cached tokenizers-0.22.2-cp39-abi3-manylinux_2_17_x86_64.manylinux2014_x86_64.whl (3.3 MB)
[2026-04-30 20:07:00] Collecting safetensors>=0.4.3 (from transformers!=5.0.*,!=5.1.*,!=5.2.*,!=5.3.*,!=5.4.*,!=5.5.0,>=4.56.0->vllm==0.20.0)
[2026-04-30 20:07:01]   Downloading safetensors-0.7.0-cp38-abi3-manylinux_2_17_x86_64.manylinux2014_x86_64.whl (507 kB)
[2026-04-30 20:07:01] Collecting shellingham>=1.3.0 (from typer>=0.16.0->fastapi-cli>=0.0.8->fastapi-cli[standard]>=0.0.8; extra == "standard"->fastapi[standard]>=0.115.0->vllm==0.20.0)
[2026-04-30 20:07:01]   Using cached shellingham-1.5.4-py2.py3-none-any.whl (9.8 kB)
[2026-04-30 20:07:01] Collecting httptools>=0.6.3 (from uvicorn[standard]>=0.12.0; extra == "standard"->fastapi[standard]>=0.115.0->vllm==0.20.0)
[2026-04-30 20:07:01]   Downloading httptools-0.7.1-cp312-cp312-manylinux1_x86_64.manylinux_2_28_x86_64.manylinux_2_5_x86_64.whl (517 kB)
[2026-04-30 20:07:01] Collecting uvloop>=0.15.1 (from uvicorn[standard]>=0.12.0; extra == "standard"->fastapi[standard]>=0.115.0->vllm==0.20.0)
[2026-04-30 20:07:01]   Downloading uvloop-0.22.1-cp312-cp312-manylinux2014_x86_64.manylinux_2_17_x86_64.manylinux_2_28_x86_64.whl (4.4 MB)
[2026-04-30 20:07:01]      ━━━━━━━━━━━━━━━━━━━━━━━━━━━━━━━━━━━━━━━━ 4.4/4.4 MB 12.9 MB/s  0:00:00
[2026-04-30 20:07:01] Collecting websockets>=10.4 (from uvicorn[standard]>=0.12.0; extra == "standard"->fastapi[standard]>=0.115.0->vllm==0.20.0)
[2026-04-30 20:07:02]   Downloading websockets-16.0-cp312-cp312-manylinux1_x86_64.manylinux_2_28_x86_64.manylinux_2_5_x86_64.whl (184 kB)
[2026-04-30 20:07:02] Collecting httpx-sse>=0.4 (from mcp->vllm==0.20.0)
[2026-04-30 20:07:02]   Downloading httpx_sse-0.4.3-py3-none-any.whl (9.0 kB)
[2026-04-30 20:07:02] Collecting pyjwt>=2.10.1 (from pyjwt[crypto]>=2.10.1->mcp->vllm==0.20.0)
[2026-04-30 20:07:02]   Downloading pyjwt-2.12.1-py3-none-any.whl (29 kB)
[2026-04-30 20:07:02] Collecting sse-starlette>=1.6.1 (from mcp->vllm==0.20.0)
[2026-04-30 20:07:02]   Downloading sse_starlette-3.4.1-py3-none-any.whl (16 kB)
[2026-04-30 20:07:02] Collecting cryptography>=3.4.0 (from pyjwt[crypto]>=2.10.1->mcp->vllm==0.20.0)
[2026-04-30 20:07:02]   Using cached cryptography-47.0.0-cp311-abi3-manylinux_2_34_x86_64.whl (4.7 MB)
[2026-04-30 20:07:02] Collecting cffi>=2.0.0 (from cryptography>=3.4.0->pyjwt[crypto]>=2.10.1->mcp->vllm==0.20.0)
[2026-04-30 20:07:02]   Using cached cffi-2.0.0-cp312-cp312-manylinux2014_x86_64.manylinux_2_17_x86_64.whl (219 kB)
[2026-04-30 20:07:02] Collecting pycparser (from cffi>=2.0.0->cryptography>=3.4.0->pyjwt[crypto]>=2.10.1->mcp->vllm==0.20.0)
[2026-04-30 20:07:02]   Using cached pycparser-3.0-py3-none-any.whl (48 kB)
[2026-04-30 20:07:03] Installing collected packages: z3-solver, torchaudio, supervisor, py-cpuinfo, nvidia-ml-py, nvidia-cusparselt-cu13, cuda-toolkit, zipp, websockets, uvloop, urllib3, typing-inspection, tqdm, tabulate, sniffio, six, shellingham, setuptools, setproctitle, sentencepiece, safetensors, rpds-py, rignore, regex, pyzmq, pyyaml, python-multipart, python-json-logger, python-dotenv, pyjwt, pygments, pydantic-core, pycparser, pycountry, pybase64, psutil, protobuf, propcache, prometheus_client, partial-json-parser, outlines_core, nvidia-nvtx, nvidia-nvshmem-cu13, nvidia-nvjitlink, nvidia-nccl-cu13, nvidia-curand, nvidia-cufile, nvidia-cudnn-frontend, nvidia-cuda-runtime, nvidia-cuda-nvrtc, nvidia-cuda-cupti, nvidia-cublas, numpy, ninja, multidict, msgspec, mdurl, loguru, llvmlite, llguidance, lark, jmespath, jiter, interegular, ijson, idna, httpx-sse, httptools, hf-xet, h11, grpcio, frozenlist, flashinfer-cubin, fastar, einops, docstring-parser, dnspython, distro, diskcache, dill, cuda-tile, cuda-bindings, cloudpickle, click, charset_normalizer, certifi, cbor2, cachetools, blake3, attrs, astor, apache-tvm-ffi, annotated-types, annotated-doc, aiohappyeyeballs, yarl, uvicorn, sentry-sdk, requests, referencing, pydantic, opentelemetry-proto, opencv-python-headless, nvidia-cusparse, nvidia-cufft, nvidia-cudnn-cu13, numba, ml-dtypes, markdown-it-py, importlib-metadata, httpcore, googleapis-common-protos, email-validator, depyf, cuda-python, cffi, anyio, aiosignal, watchfiles, tiktoken, starlette, rich, pydantic-settings, pydantic-extra-types, opentelemetry-exporter-otlp-proto-common, opentelemetry-api, openai-harmony, nvidia-cutlass-dsl-libs-base, nvidia-cusolver, lm-format-enforcer, jsonschema-specifications, httpx, gguf, cryptography, aiohttp, typer, sse-starlette, rich-toolkit, prometheus-fastapi-instrumentator, opentelemetry-semantic-conventions, openai, nvidia-cutlass-dsl, jsonschema, fastapi, anthropic, torch, opentelemetry-sdk, model-hosting-container-standards, mistral_common, mcp, huggingface-hub, fastsafetensors, fastapi-cloud-cli, fastapi-cli, torchvision, torch-c-dlpack-ext, tokenizers, opentelemetry-semantic-conventions-ai, opentelemetry-exporter-otlp-proto-http, opentelemetry-exporter-otlp-proto-grpc, flashinfer-python, transformers, tilelang, quack-kernels, opentelemetry-exporter-otlp, xgrammar, compressed-tensors, vllm
[2026-04-30 20:07:03]   Attempting uninstall: torchaudio
[2026-04-30 20:07:03]     Found existing installation: torchaudio 2.10.0
[2026-04-30 20:07:03]     Uninstalling torchaudio-2.10.0:
[2026-04-30 20:07:03]       Successfully uninstalled torchaudio-2.10.0
[2026-04-30 20:07:04] [2026-04-30 20:07:04,151 AIMaster] (job_event_collector.py 135) WARNING: Failed to watch pods, exception: ("Connection broken: ConnectionResetError(104, 'Connection reset by peer')", ConnectionResetError(104, 'Connection reset by peer'))
[2026-04-30 20:07:05]   Attempting uninstall: setuptools
[2026-04-30 20:07:05]     Found existing installation: setuptools 82.0.1
[2026-04-30 20:07:05]     Uninstalling setuptools-82.0.1:
[2026-04-30 20:07:05]       Successfully uninstalled setuptools-82.0.1
[2026-04-30 20:07:13]   Attempting uninstall: numpy
[2026-04-30 20:07:13]     Found existing installation: numpy 2.4.4
[2026-04-30 20:07:13]     Uninstalling numpy-2.4.4:
[2026-04-30 20:07:13]       Successfully uninstalled numpy-2.4.4
[2026-04-30 20:07:17] 
[2026-04-30 20:07:17] Successfully installed aiohappyeyeballs-2.6.1 aiohttp-3.13.5 aiosignal-1.4.0 annotated-doc-0.0.4 annotated-types-0.7.0 anthropic-0.97.0 anyio-4.13.0 apache-tvm-ffi-0.1.9 astor-0.8.1 attrs-26.1.0 blake3-1.0.8 cachetools-7.0.6 cbor2-6.0.1 certifi-2026.4.22 cffi-2.0.0 charset_normalizer-3.4.7 click-8.3.3 cloudpickle-3.1.2 compressed-tensors-0.15.0.1 cryptography-47.0.0 cuda-bindings-13.2.0 cuda-python-13.2.0 cuda-tile-1.3.0 cuda-toolkit-13.0.2 depyf-0.20.0 dill-0.4.1 diskcache-5.6.3 distro-1.9.0 dnspython-2.8.0 docstring-parser-0.18.0 einops-0.8.2 email-validator-2.3.0 fastapi-0.136.1 fastapi-cli-0.0.24 fastapi-cloud-cli-0.17.1 fastar-0.11.0 fastsafetensors-0.3 flashinfer-cubin-0.6.8.post1 flashinfer-python-0.6.8.post1 frozenlist-1.8.0 gguf-0.18.0 googleapis-common-protos-1.74.0 grpcio-1.80.0 h11-0.16.0 hf-xet-1.4.3 httpcore-1.0.9 httptools-0.7.1 httpx-0.28.1 httpx-sse-0.4.3 huggingface-hub-1.12.2 idna-3.13 ijson-3.5.0 importlib-metadata-8.7.1 interegular-0.3.3 jiter-0.14.0 jmespath-1.1.0 jsonschema-4.26.0 jsonschema-specifications-2025.9.1 lark-1.2.2 llguidance-1.3.0 llvmlite-0.47.0 lm-format-enforcer-0.11.3 loguru-0.7.3 markdown-it-py-4.0.0 mcp-1.27.0 mdurl-0.1.2 mistral_common-1.11.1 ml-dtypes-0.5.4 model-hosting-container-standards-0.1.14 msgspec-0.21.1 multidict-6.7.1 ninja-1.13.0 numba-0.65.0 numpy-2.3.5 nvidia-cublas-13.1.0.3 nvidia-cuda-cupti-13.0.85 nvidia-cuda-nvrtc-13.0.88 nvidia-cuda-runtime-13.0.96 nvidia-cudnn-cu13-9.19.0.56 nvidia-cudnn-frontend-1.18.0 nvidia-cufft-12.0.0.61 nvidia-cufile-1.15.1.6 nvidia-curand-10.4.0.35 nvidia-cusolver-12.0.4.66 nvidia-cusparse-12.6.3.3 nvidia-cusparselt-cu13-0.8.0 nvidia-cutlass-dsl-4.4.2 nvidia-cutlass-dsl-libs-base-4.4.2 nvidia-ml-py-13.595.45 nvidia-nccl-cu13-2.28.9 nvidia-nvjitlink-13.0.88 nvidia-nvshmem-cu13-3.4.5 nvidia-nvtx-13.0.85 openai-2.33.0 openai-harmony-0.0.8 opencv-python-headless-4.13.0.92 opentelemetry-api-1.41.1 opentelemetry-exporter-otlp-1.41.1 opentelemetry-exporter-otlp-proto-common-1.41.1 opentelemetry-exporter-otlp-proto-grpc-1.41.1 opentelemetry-exporter-otlp-proto-http-1.41.1 opentelemetry-proto-1.41.1 opentelemetry-sdk-1.41.1 opentelemetry-semantic-conventions-0.62b1 opentelemetry-semantic-conventions-ai-0.5.1 outlines_core-0.2.14 partial-json-parser-0.2.1.1.post7 prometheus-fastapi-instrumentator-7.1.0 prometheus_client-0.25.0 propcache-0.4.1 protobuf-6.33.6 psutil-7.2.2 py-cpuinfo-9.0.0 pybase64-1.4.3 pycountry-26.2.16 pycparser-3.0 pydantic-2.13.3 pydantic-core-2.46.3 pydantic-extra-types-2.11.1 pydantic-settings-2.14.0 pygments-2.20.0 pyjwt-2.12.1 python-dotenv-1.2.2 python-json-logger-4.1.0 python-multipart-0.0.27 pyyaml-6.0.3 pyzmq-27.1.0 quack-kernels-0.4.0 referencing-0.37.0 regex-2026.4.4 requests-2.33.1 rich-15.0.0 rich-toolkit-0.19.7 rignore-0.7.6 rpds-py-0.30.0 safetensors-0.7.0 sentencepiece-0.2.1 sentry-sdk-2.58.0 setproctitle-1.3.7 setuptools-80.10.2 shellingham-1.5.4 six-1.17.0 sniffio-1.3.1 sse-starlette-3.4.1 starlette-0.52.1 supervisor-4.3.0 tabulate-0.10.0 tiktoken-0.12.0 tilelang-0.1.9 tokenizers-0.22.2 torch-2.11.0 torch-c-dlpack-ext-0.1.5 torchaudio-2.11.0 torchvision-0.26.0 tqdm-4.67.3 transformers-5.7.0 typer-0.25.0 typing-inspection-0.4.2 urllib3-2.6.3 uvicorn-0.46.0 uvloop-0.22.1 vllm-0.20.0 watchfiles-1.1.1 websockets-16.0 xgrammar-0.1.34 yarl-1.23.0 z3-solver-4.15.4.0 zipp-3.23.1
[2026-04-30 20:07:18] Looking in indexes: https://mirrors.aliyun.com/pypi/simple/
[2026-04-30 20:07:18] Looking in links: /mnt/data/ebft-distribution-new/caches/wheels
[2026-04-30 20:07:18] Collecting huggingface_hub==1.9.0
[2026-04-30 20:07:18]   Downloading huggingface_hub-1.9.0-py3-none-any.whl (637 kB)
[2026-04-30 20:07:18]      ━━━━━━━━━━━━━━━━━━━━━━━━━━━━━━━━━━━━━━━━ 637.4/637.4 kB 12.2 MB/s  0:00:00
[2026-04-30 20:07:18] Requirement already satisfied: filelock>=3.10.0 in /mnt/workspace/venvs/.teacherVenv/lib/python3.12/site-packages (from huggingface_hub==1.9.0) (3.29.0)
[2026-04-30 20:07:18] Requirement already satisfied: fsspec>=2023.5.0 in /mnt/workspace/venvs/.teacherVenv/lib/python3.12/site-packages (from huggingface_hub==1.9.0) (2026.4.0)
[2026-04-30 20:07:18] Requirement already satisfied: hf-xet<2.0.0,>=1.4.3 in /mnt/workspace/venvs/.teacherVenv/lib/python3.12/site-packages (from huggingface_hub==1.9.0) (1.4.3)
[2026-04-30 20:07:18] Requirement already satisfied: httpx<1,>=0.23.0 in /mnt/workspace/venvs/.teacherVenv/lib/python3.12/site-packages (from huggingface_hub==1.9.0) (0.28.1)
[2026-04-30 20:07:18] Requirement already satisfied: packaging>=20.9 in /mnt/workspace/venvs/.teacherVenv/lib/python3.12/site-packages (from huggingface_hub==1.9.0) (26.2)
[2026-04-30 20:07:18] Requirement already satisfied: pyyaml>=5.1 in /mnt/workspace/venvs/.teacherVenv/lib/python3.12/site-packages (from huggingface_hub==1.9.0) (6.0.3)
[2026-04-30 20:07:18] Requirement already satisfied: tqdm>=4.42.1 in /mnt/workspace/venvs/.teacherVenv/lib/python3.12/site-packages (from huggingface_hub==1.9.0) (4.67.3)
[2026-04-30 20:07:18] Requirement already satisfied: typer in /mnt/workspace/venvs/.teacherVenv/lib/python3.12/site-packages (from huggingface_hub==1.9.0) (0.25.0)
[2026-04-30 20:07:18] Requirement already satisfied: typing-extensions>=4.1.0 in /mnt/workspace/venvs/.teacherVenv/lib/python3.12/site-packages (from huggingface_hub==1.9.0) (4.15.0)
[2026-04-30 20:07:18] Requirement already satisfied: anyio in /mnt/workspace/venvs/.teacherVenv/lib/python3.12/site-packages (from httpx<1,>=0.23.0->huggingface_hub==1.9.0) (4.13.0)
[2026-04-30 20:07:18] Requirement already satisfied: certifi in /mnt/workspace/venvs/.teacherVenv/lib/python3.12/site-packages (from httpx<1,>=0.23.0->huggingface_hub==1.9.0) (2026.4.22)
[2026-04-30 20:07:18] Requirement already satisfied: httpcore==1.* in /mnt/workspace/venvs/.teacherVenv/lib/python3.12/site-packages (from httpx<1,>=0.23.0->huggingface_hub==1.9.0) (1.0.9)
[2026-04-30 20:07:18] Requirement already satisfied: idna in /mnt/workspace/venvs/.teacherVenv/lib/python3.12/site-packages (from httpx<1,>=0.23.0->huggingface_hub==1.9.0) (3.13)
[2026-04-30 20:07:18] Requirement already satisfied: h11>=0.16 in /mnt/workspace/venvs/.teacherVenv/lib/python3.12/site-packages (from httpcore==1.*->httpx<1,>=0.23.0->huggingface_hub==1.9.0) (0.16.0)
[2026-04-30 20:07:18] Requirement already satisfied: click>=8.2.1 in /mnt/workspace/venvs/.teacherVenv/lib/python3.12/site-packages (from typer->huggingface_hub==1.9.0) (8.3.3)
[2026-04-30 20:07:18] Requirement already satisfied: shellingham>=1.3.0 in /mnt/workspace/venvs/.teacherVenv/lib/python3.12/site-packages (from typer->huggingface_hub==1.9.0) (1.5.4)
[2026-04-30 20:07:18] Requirement already satisfied: rich>=13.8.0 in /mnt/workspace/venvs/.teacherVenv/lib/python3.12/site-packages (from typer->huggingface_hub==1.9.0) (15.0.0)
[2026-04-30 20:07:18] Requirement already satisfied: annotated-doc>=0.0.2 in /mnt/workspace/venvs/.teacherVenv/lib/python3.12/site-packages (from typer->huggingface_hub==1.9.0) (0.0.4)
[2026-04-30 20:07:18] Requirement already satisfied: markdown-it-py>=2.2.0 in /mnt/workspace/venvs/.teacherVenv/lib/python3.12/site-packages (from rich>=13.8.0->typer->huggingface_hub==1.9.0) (4.0.0)
[2026-04-30 20:07:18] Requirement already satisfied: pygments<3.0.0,>=2.13.0 in /mnt/workspace/venvs/.teacherVenv/lib/python3.12/site-packages (from rich>=13.8.0->typer->huggingface_hub==1.9.0) (2.20.0)
[2026-04-30 20:07:18] Requirement already satisfied: mdurl~=0.1 in /mnt/workspace/venvs/.teacherVenv/lib/python3.12/site-packages (from markdown-it-py>=2.2.0->rich>=13.8.0->typer->huggingface_hub==1.9.0) (0.1.2)
[2026-04-30 20:07:18] Installing collected packages: huggingface_hub
[2026-04-30 20:07:18]   Attempting uninstall: huggingface_hub
[2026-04-30 20:07:18]     Found existing installation: huggingface_hub 1.12.2
[2026-04-30 20:07:18]     Uninstalling huggingface_hub-1.12.2:
[2026-04-30 20:07:18]       Successfully uninstalled huggingface_hub-1.12.2
[2026-04-30 20:07:19] Successfully installed huggingface_hub-1.9.0
[2026-04-30 20:07:19] 
[2026-04-30 20:07:19] [20:07:18] Pinning teacher transformers to 5.5.0 (no-deps)
[2026-04-30 20:07:19] Looking in indexes: https://mirrors.aliyun.com/pypi/simple/
[2026-04-30 20:07:19] Looking in links: /mnt/data/ebft-distribution-new/caches/wheels
[2026-04-30 20:07:19] Collecting transformers==5.5.0
[2026-04-30 20:07:19]   Downloading transformers-5.5.0-py3-none-any.whl (10.2 MB)
[2026-04-30 20:07:19]      ━━━━━━━━━━━━━━━━━━━━━━━━━━━━━━━━━━━━━━━━ 10.2/10.2 MB 37.9 MB/s  0:00:00
[2026-04-30 20:07:20] Installing collected packages: transformers
[2026-04-30 20:07:20]   Attempting uninstall: transformers
[2026-04-30 20:07:20]     Found existing installation: transformers 5.7.0
[2026-04-30 20:07:20]     Uninstalling transformers-5.7.0:
[2026-04-30 20:07:20]       Successfully uninstalled transformers-5.7.0
[2026-04-30 20:07:23]   Attempting uninstall: cuda-bindings
[2026-04-30 20:07:23]     Found existing installation: cuda-bindings 12.9.4
[2026-04-30 20:07:23]     Uninstalling cuda-bindings-12.9.4:
[2026-04-30 20:07:23]       Successfully uninstalled cuda-bindings-12.9.4
[2026-04-30 20:07:26] Successfully installed transformers-5.5.0
[2026-04-30 20:07:26] 
[2026-04-30 20:07:26] [20:07:25] Verifying teacher env
[2026-04-30 20:07:29] [2026-04-30 20:07:29,324 AIMaster] (job_monitor_controller_k8s.py 1099) INFO: All workers: 2, running: 2, failed: 0, pending: 0
[2026-04-30 20:07:29] [2026-04-30 20:07:29,324 AIMaster] (ops_reported_error_detector.py 103) INFO: Detecting whether the job is affected by errors reported by ops platform.
[2026-04-30 20:07:30] python 3.12.12
[2026-04-30 20:07:30] torch 2.11.0+cu130 cuda 13.0 available True
[2026-04-30 20:07:30] transformers 5.5.0
[2026-04-30 20:07:30] vllm 0.20.0
[2026-04-30 20:07:30] vllm_cli /mnt/workspace/venvs/.teacherVenv/bin/vllm
[2026-04-30 20:07:30] vllm_cli_on_path None
[2026-04-30 20:07:31] warning: zstd not on PATH; skipping snapshot of teacher venv
[2026-04-30 20:07:31] 
[2026-04-30 20:07:31] [20:07:30] Done.
[2026-04-30 20:07:31]   student env:  source /mnt/workspace/venvs/.venv/bin/activate
[2026-04-30 20:07:31]   teacher env:  source /mnt/workspace/venvs/.teacherVenv/bin/activate
[2026-04-30 20:07:31] 
[2026-04-30 20:07:31] Note: venvs live on ephemeral ext4 (/mnt/workspace); snapshots in /mnt/data/ebft-distribution-new/caches/snapshots
[2026-04-30 20:07:31] On a fresh machine / after a container restart, re-running this
[2026-04-30 20:07:31] script will untar the snapshots back into /mnt/workspace in ~1-2 minutes
[2026-04-30 20:07:31] instead of re-installing from pip. To force a clean rebuild:
[2026-04-30 20:07:31]   EBFT_REBUILD_VENV=1 bash scripts/setup_env.sh
[2026-04-30 20:07:31] To disable snapshots entirely:
[2026-04-30 20:07:31]   EBFT_USE_VENV_SNAPSHOT=0 bash scripts/setup_env.sh
[2026-04-30 20:07:31] 
[2026-04-30 20:07:31] When invoking run_*.sh / supplement*/*.sh, export:
[2026-04-30 20:07:31]   export STUDENT_VENV=/mnt/workspace/venvs/.venv
[2026-04-30 20:07:31]   export TEACHER_VENV=/mnt/workspace/venvs/.teacherVenv
[2026-04-30 20:07:31]   export HF_HOME=/mnt/data/ebft-distribution-new/caches/hf
[2026-04-30 20:07:31]   export PIP_CACHE_DIR=/root/.cache/pip
[2026-04-30 20:07:31]   export TORCH_EXTENSIONS_DIR=/mnt/workspace/.torch_extensions
[2026-04-30 20:07:31]   export TRITON_CACHE_DIR=/mnt/workspace/.triton_cache
[2026-04-30 20:07:31] [INFO] DLC multi-pod mode: rank=1 world_size=2 master=dlcq0aj9mi9mydx9-master-0
[2026-04-30 20:07:31] ========== G3 2-node once launcher ==========
[2026-04-30 20:07:31] RUN_DIR:                    /mnt/data/ebft-distribution-new/outputs/g3_dlcq0aj9mi9mydx9
[2026-04-30 20:07:31] HEAD_NODE / IP:             dlcq0aj9mi9mydx9-master-0 / 22.27.125.121
[2026-04-30 20:07:31] WORKER_NODE / IP:           dlc-rank-1-pod / 22.27.125.121
[2026-04-30 20:07:31] Head teacher GPUs:          0,1,2,3,4,5
[2026-04-30 20:07:31] Worker teacher GPUs:        0,1,2,3,4,5
[2026-04-30 20:07:31] Head student GPUs:          6,7
[2026-04-30 20:07:31] Worker student GPUs:        6,7
[2026-04-30 20:07:31] Teacher worker count:       6 + 6
[2026-04-30 20:07:31] Teacher API:                http://22.27.125.121:8004/v1,http://22.27.125.121:8005/v1,http://22.27.125.121:8006/v1,http://22.27.125.121:8007/v1,http://22.27.125.121:8008/v1,http://22.27.125.121:8009/v1,http://22.27.125.121:8004/v1,http://22.27.125.121:8005/v1,http://22.27.125.121:8006/v1,http://22.27.125.121:8007/v1,http://22.27.125.121:8008/v1,http://22.27.125.121:8009/v1
[2026-04-30 20:07:31] Actor/Critic GPUs:          2/2
[2026-04-30 20:07:31] Actor/Critic nodes:         1/1
[2026-04-30 20:07:31] Target steps:               500
[2026-04-30 20:07:31] Max samples:                16000
[2026-04-30 20:07:31] Post-train eval:            true
[2026-04-30 20:07:31] Post-eval script:           /mnt/data/ebft-distribution-new/code/scripts/supplement_2rounds/G3_2node.sh
[2026-04-30 20:07:31] Post-eval VLLM_TP_SIZE:     8 (head node only; worker idle during eval)
[2026-04-30 20:07:31] Post-eval first/second pass: 16384/32768 tokens
[2026-04-30 20:07:31] Single training submitter:  dlcq0aj9mi9mydx9-master-0
[2026-04-30 20:07:31] =============================================
[2026-04-30 20:07:31] ================================================================
[2026-04-30 20:07:31] [DLC worker rank=1] starting on dlcq0aj9mi9mydx9-worker-0
[2026-04-30 20:07:31] [DLC worker rank=1] master address: dlcq0aj9mi9mydx9-master-0:6379
[2026-04-30 20:07:31] [DLC worker] my IP: 10.1.53.52
[2026-04-30 20:07:32] [DLC worker] wrote IP to /mnt/data/ebft-distribution-new/outputs/g3_dlcq0aj9mi9mydx9/dlc_rendezvous/worker_1_ip.txt
[2026-04-30 20:07:32] [DLC worker] launching 6 teacher worker(s)...
[2026-04-30 20:07:32] [DLC worker] teacher #0 launched on GPUs 0 -> port 8004, log /mnt/data/ebft-distribution-new/outputs/g3_dlcq0aj9mi9mydx9/teacher_logs/worker_dlc_rank1_0.log
[2026-04-30 20:07:32] [DLC worker] teacher #1 launched on GPUs 1 -> port 8005, log /mnt/data/ebft-distribution-new/outputs/g3_dlcq0aj9mi9mydx9/teacher_logs/worker_dlc_rank1_1.log
[2026-04-30 20:07:32] [DLC worker] teacher #2 launched on GPUs 2 -> port 8006, log /mnt/data/ebft-distribution-new/outputs/g3_dlcq0aj9mi9mydx9/teacher_logs/worker_dlc_rank1_2.log
[2026-04-30 20:07:32] [DLC worker] teacher #3 launched on GPUs 3 -> port 8007, log /mnt/data/ebft-distribution-new/outputs/g3_dlcq0aj9mi9mydx9/teacher_logs/worker_dlc_rank1_3.log
[2026-04-30 20:07:32] [DLC worker] teacher #4 launched on GPUs 4 -> port 8008, log /mnt/data/ebft-distribution-new/outputs/g3_dlcq0aj9mi9mydx9/teacher_logs/worker_dlc_rank1_4.log
[2026-04-30 20:07:32] [DLC worker] teacher #5 launched on GPUs 5 -> port 8009, log /mnt/data/ebft-distribution-new/outputs/g3_dlcq0aj9mi9mydx9/teacher_logs/worker_dlc_rank1_5.log
[2026-04-30 20:07:32] [DLC worker] waiting for master ray head at dlcq0aj9mi9mydx9-master-0:6379 (timeout 3600s)...
[2026-04-30 20:07:36]   Attempting uninstall: torch
[2026-04-30 20:07:36]     Found existing installation: torch 2.10.0
[2026-04-30 20:07:36]     Uninstalling torch-2.10.0:
[2026-04-30 20:07:37]       Successfully uninstalled torch-2.10.0
[2026-04-30 20:07:43] [2026-04-30 20:07:43,162 AIMaster] (config.py 347) INFO: Try loading config from pai-aimaster-new configmap.
[2026-04-30 20:07:49]   Attempting uninstall: torchvision
[2026-04-30 20:07:49]     Found existing installation: torchvision 0.25.0
[2026-04-30 20:07:49]     Uninstalling torchvision-0.25.0:
[2026-04-30 20:07:49]       Successfully uninstalled torchvision-0.25.0
[2026-04-30 20:08:00] [2026-04-30 20:07:59,516 AIMaster] (job_monitor_controller_k8s.py 1099) INFO: All workers: 2, running: 2, failed: 0, pending: 0
[2026-04-30 20:08:09] 
[2026-04-30 20:08:09] Successfully installed aiohappyeyeballs-2.6.1 aiohttp-3.13.5 aiosignal-1.4.0 annotated-doc-0.0.4 annotated-types-0.7.0 anthropic-0.97.0 anyio-4.13.0 apache-tvm-ffi-0.1.9 astor-0.8.1 attrs-26.1.0 blake3-1.0.8 cachetools-7.0.6 cbor2-6.0.1 certifi-2026.4.22 cffi-2.0.0 charset_normalizer-3.4.7 click-8.3.3 cloudpickle-3.1.2 compressed-tensors-0.15.0.1 cryptography-47.0.0 cuda-bindings-13.2.0 cuda-python-13.2.0 cuda-tile-1.3.0 cuda-toolkit-13.0.2 depyf-0.20.0 dill-0.4.1 diskcache-5.6.3 distro-1.9.0 dnspython-2.8.0 docstring-parser-0.18.0 einops-0.8.2 email-validator-2.3.0 fastapi-0.136.1 fastapi-cli-0.0.24 fastapi-cloud-cli-0.17.1 fastar-0.11.0 fastsafetensors-0.3 flashinfer-cubin-0.6.8.post1 flashinfer-python-0.6.8.post1 frozenlist-1.8.0 gguf-0.18.0 googleapis-common-protos-1.74.0 grpcio-1.80.0 h11-0.16.0 hf-xet-1.4.3 httpcore-1.0.9 httptools-0.7.1 httpx-0.28.1 httpx-sse-0.4.3 huggingface-hub-1.12.2 idna-3.13 ijson-3.5.0 importlib-metadata-8.7.1 interegular-0.3.3 jiter-0.14.0 jmespath-1.1.0 jsonschema-4.26.0 jsonschema-specifications-2025.9.1 lark-1.2.2 llguidance-1.3.0 llvmlite-0.47.0 lm-format-enforcer-0.11.3 loguru-0.7.3 markdown-it-py-4.0.0 mcp-1.27.0 mdurl-0.1.2 mistral_common-1.11.1 ml-dtypes-0.5.4 model-hosting-container-standards-0.1.14 msgspec-0.21.1 multidict-6.7.1 ninja-1.13.0 numba-0.65.0 numpy-2.3.5 nvidia-cublas-13.1.0.3 nvidia-cuda-cupti-13.0.85 nvidia-cuda-nvrtc-13.0.88 nvidia-cuda-runtime-13.0.96 nvidia-cudnn-cu13-9.19.0.56 nvidia-cudnn-frontend-1.18.0 nvidia-cufft-12.0.0.61 nvidia-cufile-1.15.1.6 nvidia-curand-10.4.0.35 nvidia-cusolver-12.0.4.66 nvidia-cusparse-12.6.3.3 nvidia-cusparselt-cu13-0.8.0 nvidia-cutlass-dsl-4.4.2 nvidia-cutlass-dsl-libs-base-4.4.2 nvidia-ml-py-13.595.45 nvidia-nccl-cu13-2.28.9 nvidia-nvjitlink-13.0.88 nvidia-nvshmem-cu13-3.4.5 nvidia-nvtx-13.0.85 openai-2.33.0 openai-harmony-0.0.8 opencv-python-headless-4.13.0.92 opentelemetry-api-1.41.1 opentelemetry-exporter-otlp-1.41.1 opentelemetry-exporter-otlp-proto-common-1.41.1 opentelemetry-exporter-otlp-proto-grpc-1.41.1 opentelemetry-exporter-otlp-proto-http-1.41.1 opentelemetry-proto-1.41.1 opentelemetry-sdk-1.41.1 opentelemetry-semantic-conventions-0.62b1 opentelemetry-semantic-conventions-ai-0.5.1 outlines_core-0.2.14 partial-json-parser-0.2.1.1.post7 prometheus-fastapi-instrumentator-7.1.0 prometheus_client-0.25.0 propcache-0.4.1 protobuf-6.33.6 psutil-7.2.2 py-cpuinfo-9.0.0 pybase64-1.4.3 pycountry-26.2.16 pycparser-3.0 pydantic-2.13.3 pydantic-core-2.46.3 pydantic-extra-types-2.11.1 pydantic-settings-2.14.0 pygments-2.20.0 pyjwt-2.12.1 python-dotenv-1.2.2 python-json-logger-4.1.0 python-multipart-0.0.27 pyyaml-6.0.3 pyzmq-27.1.0 quack-kernels-0.4.0 referencing-0.37.0 regex-2026.4.4 requests-2.33.1 rich-15.0.0 rich-toolkit-0.19.7 rignore-0.7.6 rpds-py-0.30.0 safetensors-0.7.0 sentencepiece-0.2.1 sentry-sdk-2.58.0 setproctitle-1.3.7 setuptools-80.10.2 shellingham-1.5.4 six-1.17.0 sniffio-1.3.1 sse-starlette-3.4.1 starlette-0.52.1 supervisor-4.3.0 tabulate-0.10.0 tiktoken-0.12.0 tilelang-0.1.9 tokenizers-0.22.2 torch-2.11.0 torch-c-dlpack-ext-0.1.5 torchaudio-2.11.0 torchvision-0.26.0 tqdm-4.67.3 transformers-5.7.0 typer-0.25.0 typing-inspection-0.4.2 urllib3-2.6.3 uvicorn-0.46.0 uvloop-0.22.1 vllm-0.20.0 watchfiles-1.1.1 websockets-16.0 xgrammar-0.1.34 yarl-1.23.0 z3-solver-4.15.4.0 zipp-3.23.1
[2026-04-30 20:08:10] Looking in indexes: https://mirrors.aliyun.com/pypi/simple/
[2026-04-30 20:08:10] Looking in links: /mnt/data/ebft-distribution-new/caches/wheels
[2026-04-30 20:08:10] Collecting huggingface_hub==1.9.0
[2026-04-30 20:08:10]   Downloading huggingface_hub-1.9.0-py3-none-any.whl (637 kB)
[2026-04-30 20:08:10]      ━━━━━━━━━━━━━━━━━━━━━━━━━━━━━━━━━━━━━━━━ 637.4/637.4 kB 27.4 MB/s  0:00:00
[2026-04-30 20:08:10] Requirement already satisfied: filelock>=3.10.0 in /mnt/workspace/venvs/.teacherVenv/lib/python3.12/site-packages (from huggingface_hub==1.9.0) (3.29.0)
[2026-04-30 20:08:10] Requirement already satisfied: fsspec>=2023.5.0 in /mnt/workspace/venvs/.teacherVenv/lib/python3.12/site-packages (from huggingface_hub==1.9.0) (2026.4.0)
[2026-04-30 20:08:10] Requirement already satisfied: hf-xet<2.0.0,>=1.4.3 in /mnt/workspace/venvs/.teacherVenv/lib/python3.12/site-packages (from huggingface_hub==1.9.0) (1.4.3)
[2026-04-30 20:08:10] Requirement already satisfied: httpx<1,>=0.23.0 in /mnt/workspace/venvs/.teacherVenv/lib/python3.12/site-packages (from huggingface_hub==1.9.0) (0.28.1)
[2026-04-30 20:08:10] Requirement already satisfied: packaging>=20.9 in /mnt/workspace/venvs/.teacherVenv/lib/python3.12/site-packages (from huggingface_hub==1.9.0) (26.2)
[2026-04-30 20:08:10] Requirement already satisfied: pyyaml>=5.1 in /mnt/workspace/venvs/.teacherVenv/lib/python3.12/site-packages (from huggingface_hub==1.9.0) (6.0.3)
[2026-04-30 20:08:10] Requirement already satisfied: tqdm>=4.42.1 in /mnt/workspace/venvs/.teacherVenv/lib/python3.12/site-packages (from huggingface_hub==1.9.0) (4.67.3)
[2026-04-30 20:08:10] Requirement already satisfied: typer in /mnt/workspace/venvs/.teacherVenv/lib/python3.12/site-packages (from huggingface_hub==1.9.0) (0.25.0)
[2026-04-30 20:08:10] Requirement already satisfied: typing-extensions>=4.1.0 in /mnt/workspace/venvs/.teacherVenv/lib/python3.12/site-packages (from huggingface_hub==1.9.0) (4.15.0)
[2026-04-30 20:08:10] Requirement already satisfied: anyio in /mnt/workspace/venvs/.teacherVenv/lib/python3.12/site-packages (from httpx<1,>=0.23.0->huggingface_hub==1.9.0) (4.13.0)
[2026-04-30 20:08:10] Requirement already satisfied: certifi in /mnt/workspace/venvs/.teacherVenv/lib/python3.12/site-packages (from httpx<1,>=0.23.0->huggingface_hub==1.9.0) (2026.4.22)
[2026-04-30 20:08:10] Requirement already satisfied: httpcore==1.* in /mnt/workspace/venvs/.teacherVenv/lib/python3.12/site-packages (from httpx<1,>=0.23.0->huggingface_hub==1.9.0) (1.0.9)
[2026-04-30 20:08:10] Requirement already satisfied: idna in /mnt/workspace/venvs/.teacherVenv/lib/python3.12/site-packages (from httpx<1,>=0.23.0->huggingface_hub==1.9.0) (3.13)
[2026-04-30 20:08:10] Requirement already satisfied: h11>=0.16 in /mnt/workspace/venvs/.teacherVenv/lib/python3.12/site-packages (from httpcore==1.*->httpx<1,>=0.23.0->huggingface_hub==1.9.0) (0.16.0)
[2026-04-30 20:08:10] Requirement already satisfied: click>=8.2.1 in /mnt/workspace/venvs/.teacherVenv/lib/python3.12/site-packages (from typer->huggingface_hub==1.9.0) (8.3.3)
[2026-04-30 20:08:10] Requirement already satisfied: shellingham>=1.3.0 in /mnt/workspace/venvs/.teacherVenv/lib/python3.12/site-packages (from typer->huggingface_hub==1.9.0) (1.5.4)
[2026-04-30 20:08:10] Requirement already satisfied: rich>=13.8.0 in /mnt/workspace/venvs/.teacherVenv/lib/python3.12/site-packages (from typer->huggingface_hub==1.9.0) (15.0.0)
[2026-04-30 20:08:10] Requirement already satisfied: annotated-doc>=0.0.2 in /mnt/workspace/venvs/.teacherVenv/lib/python3.12/site-packages (from typer->huggingface_hub==1.9.0) (0.0.4)
[2026-04-30 20:08:10] Requirement already satisfied: markdown-it-py>=2.2.0 in /mnt/workspace/venvs/.teacherVenv/lib/python3.12/site-packages (from rich>=13.8.0->typer->huggingface_hub==1.9.0) (4.0.0)
[2026-04-30 20:08:10] Requirement already satisfied: pygments<3.0.0,>=2.13.0 in /mnt/workspace/venvs/.teacherVenv/lib/python3.12/site-packages (from rich>=13.8.0->typer->huggingface_hub==1.9.0) (2.20.0)
[2026-04-30 20:08:10] Requirement already satisfied: mdurl~=0.1 in /mnt/workspace/venvs/.teacherVenv/lib/python3.12/site-packages (from markdown-it-py>=2.2.0->rich>=13.8.0->typer->huggingface_hub==1.9.0) (0.1.2)
[2026-04-30 20:08:10] Installing collected packages: huggingface_hub
[2026-04-30 20:08:10]   Attempting uninstall: huggingface_hub
[2026-04-30 20:08:10]     Found existing installation: huggingface_hub 1.12.2
[2026-04-30 20:08:10]     Uninstalling huggingface_hub-1.12.2:
[2026-04-30 20:08:10]       Successfully uninstalled huggingface_hub-1.12.2
[2026-04-30 20:08:11] Successfully installed huggingface_hub-1.9.0
[2026-04-30 20:08:11] 
[2026-04-30 20:08:11] [20:08:11] Pinning teacher transformers to 5.5.0 (no-deps)
[2026-04-30 20:08:11] Looking in indexes: https://mirrors.aliyun.com/pypi/simple/
[2026-04-30 20:08:11] Looking in links: /mnt/data/ebft-distribution-new/caches/wheels
[2026-04-30 20:08:11] Collecting transformers==5.5.0
[2026-04-30 20:08:11]   Downloading transformers-5.5.0-py3-none-any.whl (10.2 MB)
[2026-04-30 20:08:12]      ━━━━━━━━━━━━━━━━━━━━━━━━━━━━━━━━━━━━━━━━ 10.2/10.2 MB 41.7 MB/s  0:00:00
[2026-04-30 20:08:12] Installing collected packages: transformers
[2026-04-30 20:08:12]   Attempting uninstall: transformers
[2026-04-30 20:08:12]     Found existing installation: transformers 5.7.0
[2026-04-30 20:08:12]     Uninstalling transformers-5.7.0:
[2026-04-30 20:08:12]       Successfully uninstalled transformers-5.7.0
[2026-04-30 20:08:18] Successfully installed transformers-5.5.0
[2026-04-30 20:08:18] 
[2026-04-30 20:08:18] [20:08:18] Verifying teacher env
[2026-04-30 20:08:23] python 3.12.12
[2026-04-30 20:08:23] torch 2.11.0+cu130 cuda 13.0 available True
[2026-04-30 20:08:23] transformers 5.5.0
[2026-04-30 20:08:23] vllm 0.20.0
[2026-04-30 20:08:23] vllm_cli /mnt/workspace/venvs/.teacherVenv/bin/vllm
[2026-04-30 20:08:23] vllm_cli_on_path None
[2026-04-30 20:08:23] warning: zstd not on PATH; skipping snapshot of teacher venv
[2026-04-30 20:08:23] 
[2026-04-30 20:08:23] [20:08:23] Done.
[2026-04-30 20:08:23]   student env:  source /mnt/workspace/venvs/.venv/bin/activate
[2026-04-30 20:08:23]   teacher env:  source /mnt/workspace/venvs/.teacherVenv/bin/activate
[2026-04-30 20:08:23] 
[2026-04-30 20:08:23] Note: venvs live on ephemeral ext4 (/mnt/workspace); snapshots in /mnt/data/ebft-distribution-new/caches/snapshots
[2026-04-30 20:08:23] On a fresh machine / after a container restart, re-running this
[2026-04-30 20:08:23] script will untar the snapshots back into /mnt/workspace in ~1-2 minutes
[2026-04-30 20:08:23] instead of re-installing from pip. To force a clean rebuild:
[2026-04-30 20:08:23]   EBFT_REBUILD_VENV=1 bash scripts/setup_env.sh
[2026-04-30 20:08:23] To disable snapshots entirely:
[2026-04-30 20:08:23]   EBFT_USE_VENV_SNAPSHOT=0 bash scripts/setup_env.sh
[2026-04-30 20:08:23] 
[2026-04-30 20:08:23] When invoking run_*.sh / supplement*/*.sh, export:
[2026-04-30 20:08:23]   export STUDENT_VENV=/mnt/workspace/venvs/.venv
[2026-04-30 20:08:23]   export TEACHER_VENV=/mnt/workspace/venvs/.teacherVenv
[2026-04-30 20:08:23]   export HF_HOME=/mnt/data/ebft-distribution-new/caches/hf
[2026-04-30 20:08:23]   export PIP_CACHE_DIR=/root/.cache/pip
[2026-04-30 20:08:23]   export TORCH_EXTENSIONS_DIR=/mnt/workspace/.torch_extensions
[2026-04-30 20:08:23]   export TRITON_CACHE_DIR=/mnt/workspace/.triton_cache
[2026-04-30 20:08:23] [INFO] DLC multi-pod mode: rank=0 world_size=2 master=dlcq0aj9mi9mydx9-master-0
[2026-04-30 20:08:23] ========== G3 2-node once launcher ==========
[2026-04-30 20:08:23] RUN_DIR:                    /mnt/data/ebft-distribution-new/outputs/g3_dlcq0aj9mi9mydx9
[2026-04-30 20:08:23] HEAD_NODE / IP:             dlcq0aj9mi9mydx9-master-0 / 22.27.125.121
[2026-04-30 20:08:23] WORKER_NODE / IP:           dlc-rank-0-pod / 22.27.125.121
[2026-04-30 20:08:23] Head teacher GPUs:          0,1,2,3,4,5
[2026-04-30 20:08:23] Worker teacher GPUs:        0,1,2,3,4,5
[2026-04-30 20:08:23] Head student GPUs:          6,7
[2026-04-30 20:08:23] Worker student GPUs:        6,7
[2026-04-30 20:08:23] Teacher worker count:       6 + 6
[2026-04-30 20:08:23] Teacher API:                http://22.27.125.121:8004/v1,http://22.27.125.121:8005/v1,http://22.27.125.121:8006/v1,http://22.27.125.121:8007/v1,http://22.27.125.121:8008/v1,http://22.27.125.121:8009/v1,http://22.27.125.121:8004/v1,http://22.27.125.121:8005/v1,http://22.27.125.121:8006/v1,http://22.27.125.121:8007/v1,http://22.27.125.121:8008/v1,http://22.27.125.121:8009/v1
[2026-04-30 20:08:23] Actor/Critic GPUs:          2/2
[2026-04-30 20:08:23] Actor/Critic nodes:         1/1
[2026-04-30 20:08:23] Target steps:               500
[2026-04-30 20:08:23] Max samples:                16000
[2026-04-30 20:08:23] Post-train eval:            true
[2026-04-30 20:08:23] Post-eval script:           /mnt/data/ebft-distribution-new/code/scripts/supplement_2rounds/G3_2node.sh
[2026-04-30 20:08:23] Post-eval VLLM_TP_SIZE:     8 (head node only; worker idle during eval)
[2026-04-30 20:08:23] Post-eval first/second pass: 16384/32768 tokens
[2026-04-30 20:08:23] Single training submitter:  dlcq0aj9mi9mydx9-master-0
[2026-04-30 20:08:23] =============================================
[2026-04-30 20:08:24] [DLC master] waiting for worker pod IP at /mnt/data/ebft-distribution-new/outputs/g3_dlcq0aj9mi9mydx9/dlc_rendezvous/worker_1_ip.txt...
[2026-04-30 20:08:30] [2026-04-30 20:08:29,652 AIMaster] (pod_manager.py 415) INFO: Pod Category Summary (Total pods: 2)
[2026-04-30 20:08:30] | Category           |   Count | Percentage   | Pods                                                   |
[2026-04-30 20:08:30] |--------------------|---------|--------------|--------------------------------------------------------|
[2026-04-30 20:08:30] | Running            |       2 | 100.0%       | [dlcq0aj9mi9mydx9-master-0, dlcq0aj9mi9mydx9-worker-0] |
[2026-04-30 20:08:30] | Pending            |       0 | 0.0%         |                                                        |
[2026-04-30 20:08:30] | Succeeded          |       0 | 0.0%         |                                                        |
[2026-04-30 20:08:30] | Failed             |       0 | 0.0%         |                                                        |
[2026-04-30 20:08:30] | Terminating        |       0 | 0.0%         |                                                        |
[2026-04-30 20:08:30] | Scheduler_evicting |       0 | 0.0%         |                                                        |
[2026-04-30 20:08:30] | Aiph_node_error    |       0 | 0.0%         |                                                        |
[2026-04-30 20:08:30] | Unknown            |       0 | 0.0%         |                                                        |
[2026-04-30 20:08:30] 
[2026-04-30 20:08:30] [2026-04-30 20:08:29,652 AIMaster] (job_monitor_controller_k8s.py 1099) INFO: All workers: 2, running: 2, failed: 0, pending: 0
[2026-04-30 20:08:30] [2026-04-30 20:08:29,652 AIMaster] (ops_reported_error_detector.py 103) INFO: Detecting whether the job is affected by errors reported by ops platform.
[2026-04-30 20:08:37] [2026-04-30 20:08:36,111 AIMaster] (job_event_collector.py 135) WARNING: Failed to watch pods, exception: ("Connection broken: ConnectionResetError(104, 'Connection reset by peer')", ConnectionResetError(104, 'Connection reset by peer'))
[2026-04-30 20:08:44] [2026-04-30 20:08:43,198 AIMaster] (config.py 347) INFO: Try loading config from pai-aimaster-new configmap.
[2026-04-30 20:09:00] [2026-04-30 20:08:59,803 AIMaster] (job_monitor_controller_k8s.py 1099) INFO: All workers: 2, running: 2, failed: 0, pending: 0
[2026-04-30 20:09:00] [2026-04-30 20:08:59,804 AIMaster] (aimaster_failover_controller.py 81) INFO: Detecting whether aimaster should be migrated.
[2026-04-30 20:09:30] [2026-04-30 20:09:29,929 AIMaster] (job_monitor_controller_k8s.py 1099) INFO: All workers: 2, running: 2, failed: 0, pending: 0
[2026-04-30 20:09:30] [2026-04-30 20:09:29,930 AIMaster] (ops_reported_error_detector.py 103) INFO: Detecting whether the job is affected by errors reported by ops platform.
[2026-04-30 20:09:44] [2026-04-30 20:09:43,233 AIMaster] (config.py 347) INFO: Try loading config from pai-aimaster-new configmap.
[2026-04-30 20:10:00] [2026-04-30 20:10:00,076 AIMaster] (job_monitor_controller_k8s.py 1099) INFO: All workers: 2, running: 2, failed: 0, pending: 0
[2026-04-30 20:10:08] [2026-04-30 20:10:08,041 AIMaster] (job_event_collector.py 135) WARNING: Failed to watch pods, exception: ("Connection broken: ConnectionResetError(104, 'Connection reset by peer')", ConnectionResetError(104, 'Connection reset by peer'))
[2026-04-30 20:10:31] [2026-04-30 20:10:30,239 AIMaster] (job_monitor_controller_k8s.py 1099) INFO: All workers: 2, running: 2, failed: 0, pending: 0
[2026-04-30 20:10:31] [2026-04-30 20:10:30,239 AIMaster] (ops_reported_error_detector.py 103) INFO: Detecting whether the job is affected by errors reported by ops platform.
[2026-04-30 20:10:44] [2026-04-30 20:10:43,268 AIMaster] (config.py 347) INFO: Try loading config from pai-aimaster-new configmap.
[2026-04-30 20:11:01] [2026-04-30 20:11:00,441 AIMaster] (job_monitor_controller_k8s.py 1099) INFO: All workers: 2, running: 2, failed: 0, pending: 0
[2026-04-30 20:11:01] [2026-04-30 20:11:00,441 AIMaster] (aimaster_failover_controller.py 81) INFO: Detecting whether aimaster should be migrated.
[2026-04-30 20:11:31] [2026-04-30 20:11:30,565 AIMaster] (job_monitor_controller_k8s.py 1099) INFO: All workers: 2, running: 2, failed: 0, pending: 0
[2026-04-30 20:11:31] [2026-04-30 20:11:30,565 AIMaster] (ops_reported_error_detector.py 103) INFO: Detecting whether the job is affected by errors reported by ops platform.
[2026-04-30 20:11:40] [2026-04-30 20:11:39,557 AIMaster] (job_event_collector.py 135) WARNING: Failed to watch pods, exception: ("Connection broken: ConnectionResetError(104, 'Connection reset by peer')", ConnectionResetError(104, 'Connection reset by peer'))
[2026-04-30 20:11:44] [2026-04-30 20:11:43,304 AIMaster] (config.py 347) INFO: Try loading config from pai-aimaster-new configmap.
[2026-04-30 20:12:01] [2026-04-30 20:12:00,720 AIMaster] (job_monitor_controller_k8s.py 1099) INFO: All workers: 2, running: 2, failed: 0, pending: 0
[2026-04-30 20:12:31] [2026-04-30 20:12:30,846 AIMaster] (job_monitor_controller_k8s.py 1099) INFO: All workers: 2, running: 2, failed: 0, pending: 0
[2026-04-30 20:12:31] [2026-04-30 20:12:30,846 AIMaster] (ops_reported_error_detector.py 103) INFO: Detecting whether the job is affected by errors reported by ops platform.
[2026-04-30 20:12:44] [2026-04-30 20:12:43,340 AIMaster] (config.py 347) INFO: Try loading config from pai-aimaster-new configmap.
[2026-04-30 20:13:01] [2026-04-30 20:13:01,113 AIMaster] (job_monitor_controller_k8s.py 1099) INFO: All workers: 2, running: 2, failed: 0, pending: 0
[2026-04-30 20:13:01] [2026-04-30 20:13:01,114 AIMaster] (aimaster_failover_controller.py 81) INFO: Detecting whether aimaster should be migrated.
[2026-04-30 20:13:11] [2026-04-30 20:13:11,127 AIMaster] (job_event_collector.py 135) WARNING: Failed to watch pods, exception: ("Connection broken: ConnectionResetError(104, 'Connection reset by peer')", ConnectionResetError(104, 'Connection reset by peer'))
[2026-04-30 20:13:32] [2026-04-30 20:13:31,309 AIMaster] (pod_manager.py 415) INFO: Pod Category Summary (Total pods: 2)
[2026-04-30 20:13:32] | Category           |   Count | Percentage   | Pods                                                   |
[2026-04-30 20:13:32] |--------------------|---------|--------------|--------------------------------------------------------|
[2026-04-30 20:13:32] | Running            |       2 | 100.0%       | [dlcq0aj9mi9mydx9-master-0, dlcq0aj9mi9mydx9-worker-0] |
[2026-04-30 20:13:32] | Pending            |       0 | 0.0%         |                                                        |
[2026-04-30 20:13:32] | Succeeded          |       0 | 0.0%         |                                                        |
[2026-04-30 20:13:32] | Failed             |       0 | 0.0%         |                                                        |
[2026-04-30 20:13:32] | Terminating        |       0 | 0.0%         |                                                        |
[2026-04-30 20:13:32] | Scheduler_evicting |       0 | 0.0%         |                                                        |
[2026-04-30 20:13:32] | Aiph_node_error    |       0 | 0.0%         |                                                        |
[2026-04-30 20:13:32] | Unknown            |       0 | 0.0%         |                                                        |
[2026-04-30 20:13:32] 
[2026-04-30 20:13:32] [2026-04-30 20:13:31,310 AIMaster] (job_monitor_controller_k8s.py 1099) INFO: All workers: 2, running: 2, failed: 0, pending: 0
[2026-04-30 20:13:32] [2026-04-30 20:13:31,310 AIMaster] (ops_reported_error_detector.py 103) INFO: Detecting whether the job is affected by errors reported by ops platform.
[2026-04-30 20:13:44] [2026-04-30 20:13:43,381 AIMaster] (config.py 347) INFO: Try loading config from pai-aimaster-new configmap.
[2026-04-30 20:14:02] [2026-04-30 20:14:01,668 AIMaster] (job_monitor_controller_k8s.py 1099) INFO: All workers: 2, running: 2, failed: 0, pending: 0
[2026-04-30 20:14:32] [2026-04-30 20:14:31,795 AIMaster] (job_monitor_controller_k8s.py 1099) INFO: All workers: 2, running: 2, failed: 0, pending: 0
[2026-04-30 20:14:32] [2026-04-30 20:14:31,795 AIMaster] (ops_reported_error_detector.py 103) INFO: Detecting whether the job is affected by errors reported by ops platform.
[2026-04-30 20:14:43] [2026-04-30 20:14:42,847 AIMaster] (job_event_collector.py 135) WARNING: Failed to watch pods, exception: ("Connection broken: ConnectionResetError(104, 'Connection reset by peer')", ConnectionResetError(104, 'Connection reset by peer'))
[2026-04-30 20:14:43] [2026-04-30 20:14:43,430 AIMaster] (config.py 347) INFO: Try loading config from pai-aimaster-new configmap.
[2026-04-30 20:15:02] [2026-04-30 20:15:01,952 AIMaster] (job_monitor_controller_k8s.py 1099) INFO: All workers: 2, running: 2, failed: 0, pending: 0
[2026-04-30 20:15:02] [2026-04-30 20:15:01,952 AIMaster] (aimaster_failover_controller.py 81) INFO: Detecting whether aimaster should be migrated.
[2026-04-30 20:15:32] [2026-04-30 20:15:32,097 AIMaster] (job_monitor_controller_k8s.py 1099) INFO: All workers: 2, running: 2, failed: 0, pending: 0
[2026-04-30 20:15:32] [2026-04-30 20:15:32,097 AIMaster] (ops_reported_error_detector.py 103) INFO: Detecting whether the job is affected by errors reported by ops platform.
[2026-04-30 20:15:43] [2026-04-30 20:15:43,467 AIMaster] (config.py 347) INFO: Try loading config from pai-aimaster-new configmap.
[2026-04-30 20:16:02] [2026-04-30 20:16:02,291 AIMaster] (job_monitor_controller_k8s.py 1099) INFO: All workers: 2, running: 2, failed: 0, pending: 0
[2026-04-30 20:16:14] [2026-04-30 20:16:14,246 AIMaster] (job_event_collector.py 135) WARNING: Failed to watch pods, exception: ("Connection broken: ConnectionResetError(104, 'Connection reset by peer')", ConnectionResetError(104, 'Connection reset by peer'))
[2026-04-30 20:16:25] [DLC master] ERROR: worker pod IP not seen in 480s
[2026-04-30 20:16:25] [cleanup] stopping local teacher workers...
[2026-04-30 20:16:25] [cleanup] stopping local ray...
[2026-04-30 20:16:32] [2026-04-30 20:16:32,414 AIMaster] (job_monitor_controller_k8s.py 1099) INFO: All workers: 2, running: 2, failed: 0, pending: 0
[2026-04-30 20:16:32] [2026-04-30 20:16:32,414 AIMaster] (ops_reported_error_detector.py 103) INFO: Detecting whether the job is affected by errors reported by ops platform.
[2026-04-30 20:16:37] [2026-04-30 20:16:37,502 AIMaster] (job_monitor_controller_k8s.py 1099) INFO: All workers: 2, running: 2, failed: 0, pending: 0
[2026-04-30 20:16:37] [2026-04-30 20:16:37,503 AIMaster] (ops_reported_error_detector.py 103) INFO: Detecting whether the job is affected by errors reported by ops platform.
[2026-04-30 20:16:43] [2026-04-30 20:16:43,504 AIMaster] (config.py 347) INFO: Try loading config from pai-aimaster-new configmap.
