[2026-05-16 13:17:09] downloading uv 0.11.14 x86_64-unknown-linux-gnu
[2026-05-16 13:17:14] [2026-05-16 13:17:13,611 AIMaster] (job_monitor_controller_k8s.py 1099) INFO: All workers: 2, running: 1, failed: 0, pending: 1
[2026-05-16 13:17:14] [2026-05-16 13:17:13,611 AIMaster] (job_monitor_controller_k8s.py 1107) INFO: Pending workers: ['worker#0']
[2026-05-16 13:17:14] [2026-05-16 13:17:13,612 AIMaster] (ops_reported_error_detector.py 103) INFO: Detecting whether the job is affected by errors reported by ops platform.
[2026-05-16 13:17:16] WARN: ./requirements.txt not found, skip installing requirements.
[2026-05-16 13:17:16] 
[2026-05-16 13:17:16] [13:17:13] REPO_ROOT       = /mnt/data/ebft-distribution-new/code
[2026-05-16 13:17:16] 
[2026-05-16 13:17:16] [13:17:13] LOCAL_ROOT      = /mnt/workspace        (local ext4; survives reboots, lost on container rebuild)
[2026-05-16 13:17:16] 
[2026-05-16 13:17:16] [13:17:13] CACHE_ROOT      = /mnt/data/ebft-distribution-new/caches        (persistent OSS)
[2026-05-16 13:17:16] 
[2026-05-16 13:17:16] [13:17:13] STUDENT_VENV    = /mnt/workspace/venvs/.venv
[2026-05-16 13:17:16] 
[2026-05-16 13:17:16] [13:17:13] TEACHER_VENV    = /mnt/workspace/venvs/.teacherVenv
[2026-05-16 13:17:16] 
[2026-05-16 13:17:16] [13:17:13] PYTHON_VERSION  = 3.12.12
[2026-05-16 13:17:16] 
[2026-05-16 13:17:16] [13:17:13] PIP_CACHE_DIR        = /root/.cache/pip        (local ext4; OSS can't zipfile)
[2026-05-16 13:17:16] 
[2026-05-16 13:17:16] [13:17:13] PIP_INDEX_URL        = https://mirrors.aliyun.com/pypi/simple/
[2026-05-16 13:17:16] 
[2026-05-16 13:17:16] [13:17:13] PIP_RETRIES          = 10 (timeout=120s, attempts=3)
[2026-05-16 13:17:16] 
[2026-05-16 13:17:16] [13:17:13] WHEEL_HOUSE_DIR      = /mnt/data/ebft-distribution-new/caches/wheels        (OSS, --find-links)
[2026-05-16 13:17:16] 
[2026-05-16 13:17:16] [13:17:13] SNAPSHOTS_DIR        = /mnt/data/ebft-distribution-new/caches/snapshots        (OSS, venv tarballs)
[2026-05-16 13:17:16] 
[2026-05-16 13:17:16] [13:17:13]   EBFT_USE_VENV_SNAPSHOT=1  EBFT_REBUILD_VENV=0
[2026-05-16 13:17:16] 
[2026-05-16 13:17:16] [13:17:13] HF_HOME              = /mnt/data/ebft-distribution-new/caches/hf        (OSS, persistent model blobs)
[2026-05-16 13:17:16] 
[2026-05-16 13:17:16] [13:17:13] TORCH_EXTENSIONS_DIR = /mnt/workspace/.torch_extensions        (local ext4; OSS can't host g++/nvcc builds)
[2026-05-16 13:17:16] 
[2026-05-16 13:17:16] [13:17:13] TRITON_CACHE_DIR     = /mnt/workspace/.triton_cache        (local ext4; same reason)
[2026-05-16 13:17:16] 
[2026-05-16 13:17:16] [13:17:13] UV_CACHE_DIR         = /mnt/workspace/.uv/cache
[2026-05-16 13:17:16] 
[2026-05-16 13:17:16] [13:17:13] UV_PYTHON_INSTALL_DIR= /mnt/workspace/.uv/python
[2026-05-16 13:17:16] 
[2026-05-16 13:17:16] [13:17:13] Installing uv into /mnt/workspace/.uv/bin
[2026-05-16 13:17:18] downloading uv 0.11.14 x86_64-unknown-linux-gnu
[2026-05-16 13:17:19] [2026-05-16 13:17:18,678 AIMaster] (pod_manager.py 415) INFO: Pod Category Summary (Total pods: 2)
[2026-05-16 13:17:19] | Category           |   Count | Percentage   | Pods                                                   |
[2026-05-16 13:17:19] |--------------------|---------|--------------|--------------------------------------------------------|
[2026-05-16 13:17:19] | Running            |       2 | 100.0%       | [dlc1t5kb9mnrnjda-master-0, dlc1t5kb9mnrnjda-worker-0] |
[2026-05-16 13:17:19] | Pending            |       0 | 0.0%         |                                                        |
[2026-05-16 13:17:19] | Succeeded          |       0 | 0.0%         |                                                        |
[2026-05-16 13:17:19] | Failed             |       0 | 0.0%         |                                                        |
[2026-05-16 13:17:19] | Terminating        |       0 | 0.0%         |                                                        |
[2026-05-16 13:17:19] | Scheduler_evicting |       0 | 0.0%         |                                                        |
[2026-05-16 13:17:19] | Aiph_node_error    |       0 | 0.0%         |                                                        |
[2026-05-16 13:17:19] | Unknown            |       0 | 0.0%         |                                                        |
[2026-05-16 13:17:19] 
[2026-05-16 13:17:19] [2026-05-16 13:17:18,678 AIMaster] (job_monitor_controller_k8s.py 1099) INFO: All workers: 2, running: 2, failed: 0, pending: 0
[2026-05-16 13:17:19] [2026-05-16 13:17:18,678 AIMaster] (ops_reported_error_detector.py 103) INFO: Detecting whether the job is affected by errors reported by ops platform.
[2026-05-16 13:17:21] installing to /mnt/workspace/.uv/bin
[2026-05-16 13:17:21]   uv
[2026-05-16 13:17:21]   uvx
[2026-05-16 13:17:21] everything's installed!
[2026-05-16 13:17:21] 
[2026-05-16 13:17:21] To add /mnt/workspace/.uv/bin to your PATH, either restart your shell or run:
[2026-05-16 13:17:21] 
[2026-05-16 13:17:21]     source /mnt/workspace/.uv/bin/env (sh, bash, zsh)
[2026-05-16 13:17:21]     source /mnt/workspace/.uv/bin/env.fish (fish)
[2026-05-16 13:17:21] 
[2026-05-16 13:17:21] [13:17:20] Creating virtualenv at /mnt/workspace/venvs/.venv (python 3.12.12)
[2026-05-16 13:17:21] Using CPython 3.12.12 interpreter at: /usr/local/bin/python3.12
[2026-05-16 13:17:21] Creating virtual environment with seed packages at: /mnt/workspace/venvs/.venv
[2026-05-16 13:17:29] [2026-05-16 13:17:28,783 AIMaster] (job_monitor_controller_k8s.py 1099) INFO: All workers: 2, running: 2, failed: 0, pending: 0
[2026-05-16 13:17:29] [2026-05-16 13:17:28,783 AIMaster] (ops_reported_error_detector.py 103) INFO: Detecting whether the job is affected by errors reported by ops platform.
[2026-05-16 13:17:37] [2026-05-16 13:17:36,560 AIMaster] (config.py 347) INFO: Try loading config from pai-aimaster-new configmap.
[2026-05-16 13:17:44] [2026-05-16 13:17:43,870 AIMaster] (job_monitor_controller_k8s.py 1099) INFO: All workers: 2, running: 2, failed: 0, pending: 0
[2026-05-16 13:17:44] [2026-05-16 13:17:43,871 AIMaster] (aimaster_failover_controller.py 81) INFO: Detecting whether aimaster should be migrated.
[2026-05-16 13:18:14] [2026-05-16 13:18:13,989 AIMaster] (job_monitor_controller_k8s.py 1099) INFO: All workers: 2, running: 2, failed: 0, pending: 0
[2026-05-16 13:18:28] installing to /mnt/workspace/.uv/bin
[2026-05-16 13:18:28]   uv
[2026-05-16 13:18:28]   uvx
[2026-05-16 13:18:28] everything's installed!
[2026-05-16 13:18:28] 
[2026-05-16 13:18:28] To add /mnt/workspace/.uv/bin to your PATH, either restart your shell or run:
[2026-05-16 13:18:28] 
[2026-05-16 13:18:28]     source /mnt/workspace/.uv/bin/env (sh, bash, zsh)
[2026-05-16 13:18:28]     source /mnt/workspace/.uv/bin/env.fish (fish)
[2026-05-16 13:18:28] 
[2026-05-16 13:18:28] [13:18:28] Creating virtualenv at /mnt/workspace/venvs/.venv (python 3.12.12)
[2026-05-16 13:18:28] Using CPython 3.12.12 interpreter at: /usr/local/bin/python3.12
[2026-05-16 13:18:28] Creating virtual environment with seed packages at: /mnt/workspace/venvs/.venv
[2026-05-16 13:18:37] [2026-05-16 13:18:36,603 AIMaster] (config.py 347) INFO: Try loading config from pai-aimaster-new configmap.
[2026-05-16 13:18:45] [2026-05-16 13:18:44,121 AIMaster] (job_monitor_controller_k8s.py 1099) INFO: All workers: 2, running: 2, failed: 0, pending: 0
[2026-05-16 13:18:45] [2026-05-16 13:18:44,121 AIMaster] (ops_reported_error_detector.py 103) INFO: Detecting whether the job is affected by errors reported by ops platform.
[2026-05-16 13:19:00] [2026-05-16 13:18:59,202 AIMaster] (job_event_collector.py 135) WARNING: Failed to watch pods, exception: ("Connection broken: ConnectionResetError(104, 'Connection reset by peer')", ConnectionResetError(104, 'Connection reset by peer'))
[2026-05-16 13:19:15] [2026-05-16 13:19:14,316 AIMaster] (job_monitor_controller_k8s.py 1099) INFO: All workers: 2, running: 2, failed: 0, pending: 0
[2026-05-16 13:19:37] [2026-05-16 13:19:36,637 AIMaster] (config.py 347) INFO: Try loading config from pai-aimaster-new configmap.
[2026-05-16 13:19:45] [2026-05-16 13:19:44,434 AIMaster] (job_monitor_controller_k8s.py 1099) INFO: All workers: 2, running: 2, failed: 0, pending: 0
[2026-05-16 13:19:45] [2026-05-16 13:19:44,434 AIMaster] (ops_reported_error_detector.py 103) INFO: Detecting whether the job is affected by errors reported by ops platform.
[2026-05-16 13:19:45] [2026-05-16 13:19:44,468 AIMaster] (aimaster_failover_controller.py 81) INFO: Detecting whether aimaster should be migrated.
[2026-05-16 13:20:15] [2026-05-16 13:20:14,623 AIMaster] (job_monitor_controller_k8s.py 1099) INFO: All workers: 2, running: 2, failed: 0, pending: 0
[2026-05-16 13:20:17]  + pip==26.1.1
[2026-05-16 13:20:17] Activate with: source /mnt/workspace/venvs/.venv/bin/activate
[2026-05-16 13:20:18] Looking in indexes: https://mirrors.aliyun.com/pypi/simple/
[2026-05-16 13:20:18] Looking in links: /mnt/data/ebft-distribution-new/caches/wheels
[2026-05-16 13:20:18] Requirement already satisfied: pip in /mnt/workspace/venvs/.venv/lib/python3.12/site-packages (26.1.1)
[2026-05-16 13:20:18] Collecting setuptools==82.0.1
[2026-05-16 13:20:18]   Downloading setuptools-82.0.1-py3-none-any.whl (1.0 MB)
[2026-05-16 13:20:19]      ━━━━━━━━━━━━━━━━━━━━━━━━━━━━━━━━━━━━━━━━ 1.0/1.0 MB 3.5 MB/s  0:00:00
[2026-05-16 13:20:19] Collecting wheel==0.46.3
[2026-05-16 13:20:19]   Downloading wheel-0.46.3-py3-none-any.whl (30 kB)
[2026-05-16 13:20:19] Collecting packaging>=24.0 (from wheel==0.46.3)
[2026-05-16 13:20:19]   Downloading packaging-26.2-py3-none-any.whl (100 kB)
[2026-05-16 13:20:19] Installing collected packages: setuptools, packaging, wheel
[2026-05-16 13:20:20] 
[2026-05-16 13:20:20] Successfully installed packaging-26.2 setuptools-82.0.1 wheel-0.46.3
[2026-05-16 13:20:20] 
[2026-05-16 13:20:20] [13:20:20] Installing student PyTorch CUDA 12.4 stack (via https://mirrors.aliyun.com/pytorch-wheels/cu124/)
[2026-05-16 13:20:21] Looking in indexes: https://mirrors.aliyun.com/pypi/simple/
[2026-05-16 13:20:21] Looking in links: /mnt/data/ebft-distribution-new/caches/wheels, https://mirrors.aliyun.com/pytorch-wheels/cu124/
[2026-05-16 13:20:21] Collecting torch==2.5.1+cu124
[2026-05-16 13:20:21]   Downloading torch-2.5.1%2Bcu124-cp312-cp312-linux_x86_64.whl (908.2 MB)
[2026-05-16 13:20:32] [2026-05-16 13:20:31,683 AIMaster] (job_event_collector.py 135) WARNING: Failed to watch pods, exception: ("Connection broken: ConnectionResetError(104, 'Connection reset by peer')", ConnectionResetError(104, 'Connection reset by peer'))
[2026-05-16 13:20:37] [2026-05-16 13:20:36,672 AIMaster] (config.py 347) INFO: Try loading config from pai-aimaster-new configmap.
[2026-05-16 13:20:45] [2026-05-16 13:20:44,748 AIMaster] (job_monitor_controller_k8s.py 1099) INFO: All workers: 2, running: 2, failed: 0, pending: 0
[2026-05-16 13:20:45] [2026-05-16 13:20:44,748 AIMaster] (ops_reported_error_detector.py 103) INFO: Detecting whether the job is affected by errors reported by ops platform.
[2026-05-16 13:20:51]  + pip==26.1.1
[2026-05-16 13:20:51] Activate with: source /mnt/workspace/venvs/.venv/bin/activate
[2026-05-16 13:20:52] Looking in indexes: https://mirrors.aliyun.com/pypi/simple/
[2026-05-16 13:20:52] Looking in links: /mnt/data/ebft-distribution-new/caches/wheels
[2026-05-16 13:20:52] Requirement already satisfied: pip in /mnt/workspace/venvs/.venv/lib/python3.12/site-packages (26.1.1)
[2026-05-16 13:20:52] Collecting setuptools==82.0.1
[2026-05-16 13:20:52]   Downloading setuptools-82.0.1-py3-none-any.whl (1.0 MB)
[2026-05-16 13:20:53]      ━━━━━━━━━━━━━━━━━━━━━━━━━━━━━━━━━━━━━━━━ 1.0/1.0 MB 3.3 MB/s  0:00:00
[2026-05-16 13:20:53] Collecting wheel==0.46.3
[2026-05-16 13:20:53]   Downloading wheel-0.46.3-py3-none-any.whl (30 kB)
[2026-05-16 13:20:53] Collecting packaging>=24.0 (from wheel==0.46.3)
[2026-05-16 13:20:53]   Downloading packaging-26.2-py3-none-any.whl (100 kB)
[2026-05-16 13:20:53] Installing collected packages: setuptools, packaging, wheel
[2026-05-16 13:20:54] 
[2026-05-16 13:20:54] Successfully installed packaging-26.2 setuptools-82.0.1 wheel-0.46.3
[2026-05-16 13:20:54] 
[2026-05-16 13:20:54] [13:20:53] Installing student PyTorch CUDA 12.4 stack (via https://mirrors.aliyun.com/pytorch-wheels/cu124/)
[2026-05-16 13:20:55] Looking in indexes: https://mirrors.aliyun.com/pypi/simple/
[2026-05-16 13:20:55] Looking in links: /mnt/data/ebft-distribution-new/caches/wheels, https://mirrors.aliyun.com/pytorch-wheels/cu124/
[2026-05-16 13:20:55] Collecting torch==2.5.1+cu124
[2026-05-16 13:20:55]   Downloading torch-2.5.1%2Bcu124-cp312-cp312-linux_x86_64.whl (908.2 MB)
[2026-05-16 13:21:15] [2026-05-16 13:21:14,901 AIMaster] (job_monitor_controller_k8s.py 1099) INFO: All workers: 2, running: 2, failed: 0, pending: 0
[2026-05-16 13:21:37] [2026-05-16 13:21:36,707 AIMaster] (config.py 347) INFO: Try loading config from pai-aimaster-new configmap.
[2026-05-16 13:21:45] [2026-05-16 13:21:45,022 AIMaster] (job_monitor_controller_k8s.py 1099) INFO: All workers: 2, running: 2, failed: 0, pending: 0
[2026-05-16 13:21:45] [2026-05-16 13:21:45,022 AIMaster] (ops_reported_error_detector.py 103) INFO: Detecting whether the job is affected by errors reported by ops platform.
[2026-05-16 13:21:45] [2026-05-16 13:21:45,052 AIMaster] (aimaster_failover_controller.py 81) INFO: Detecting whether aimaster should be migrated.
[2026-05-16 13:22:03] [2026-05-16 13:22:02,886 AIMaster] (job_event_collector.py 135) WARNING: Failed to watch pods, exception: ("Connection broken: ConnectionResetError(104, 'Connection reset by peer')", ConnectionResetError(104, 'Connection reset by peer'))
[2026-05-16 13:22:15] [2026-05-16 13:22:15,177 AIMaster] (job_monitor_controller_k8s.py 1099) INFO: All workers: 2, running: 2, failed: 0, pending: 0
[2026-05-16 13:22:37] [2026-05-16 13:22:36,744 AIMaster] (config.py 347) INFO: Try loading config from pai-aimaster-new configmap.
[2026-05-16 13:22:46] [2026-05-16 13:22:45,296 AIMaster] (pod_manager.py 415) INFO: Pod Category Summary (Total pods: 2)
[2026-05-16 13:22:46] | Category           |   Count | Percentage   | Pods                                                   |
[2026-05-16 13:22:46] |--------------------|---------|--------------|--------------------------------------------------------|
[2026-05-16 13:22:46] | Running            |       2 | 100.0%       | [dlc1t5kb9mnrnjda-master-0, dlc1t5kb9mnrnjda-worker-0] |
[2026-05-16 13:22:46] | Pending            |       0 | 0.0%         |                                                        |
[2026-05-16 13:22:46] | Succeeded          |       0 | 0.0%         |                                                        |
[2026-05-16 13:22:46] | Failed             |       0 | 0.0%         |                                                        |
[2026-05-16 13:22:46] | Terminating        |       0 | 0.0%         |                                                        |
[2026-05-16 13:22:46] | Scheduler_evicting |       0 | 0.0%         |                                                        |
[2026-05-16 13:22:46] | Aiph_node_error    |       0 | 0.0%         |                                                        |
[2026-05-16 13:22:46] | Unknown            |       0 | 0.0%         |                                                        |
[2026-05-16 13:22:46] 
[2026-05-16 13:22:46] [2026-05-16 13:22:45,296 AIMaster] (job_monitor_controller_k8s.py 1099) INFO: All workers: 2, running: 2, failed: 0, pending: 0
[2026-05-16 13:22:46] [2026-05-16 13:22:45,296 AIMaster] (ops_reported_error_detector.py 103) INFO: Detecting whether the job is affected by errors reported by ops platform.
[2026-05-16 13:23:16] [2026-05-16 13:23:15,456 AIMaster] (job_monitor_controller_k8s.py 1099) INFO: All workers: 2, running: 2, failed: 0, pending: 0
[2026-05-16 13:23:24]      ━━━━━━━━━━━━━━━━━━━━━━━━━━━━━━━━━━━━━━━━ 908.2/908.2 MB 6.0 MB/s  0:03:01
[2026-05-16 13:23:25] Collecting torchvision==0.20.1+cu124
[2026-05-16 13:23:25]   Downloading torchvision-0.20.1%2Bcu124-cp312-cp312-linux_x86_64.whl (7.3 MB)
[2026-05-16 13:23:33]      ━━━━━━━━━━━━━━━━━━━━━━━━━━━━━━━━━━━━━━━━ 7.3/7.3 MB 987.4 kB/s  0:00:07
[2026-05-16 13:23:33] Collecting torchaudio==2.5.1+cu124
[2026-05-16 13:23:33]   Downloading torchaudio-2.5.1%2Bcu124-cp312-cp312-linux_x86_64.whl (3.4 MB)
[2026-05-16 13:23:34] [2026-05-16 13:23:34,102 AIMaster] (job_event_collector.py 135) WARNING: Failed to watch pods, exception: ("Connection broken: ConnectionResetError(104, 'Connection reset by peer')", ConnectionResetError(104, 'Connection reset by peer'))
[2026-05-16 13:23:35]      ━━━━━━━━━━━━━━━━━━━━━━━━━━━━━━━━━━━━━━━━ 3.4/3.4 MB 1.5 MB/s  0:00:02
[2026-05-16 13:23:36] Collecting filelock (from torch==2.5.1+cu124)
[2026-05-16 13:23:36]   Downloading filelock-3.29.0-py3-none-any.whl (39 kB)
[2026-05-16 13:23:36] Collecting typing-extensions>=4.8.0 (from torch==2.5.1+cu124)
[2026-05-16 13:23:36]   Downloading typing_extensions-4.15.0-py3-none-any.whl (44 kB)
[2026-05-16 13:23:37] Collecting networkx (from torch==2.5.1+cu124)
[2026-05-16 13:23:37]   Downloading networkx-3.6.1-py3-none-any.whl (2.1 MB)
[2026-05-16 13:23:37] [2026-05-16 13:23:36,780 AIMaster] (config.py 347) INFO: Try loading config from pai-aimaster-new configmap.
[2026-05-16 13:23:38]      ━━━━━━━━━━━━━━━━━━━━━━━━━━━━━━━━━━━━━━━━ 2.1/2.1 MB 1.5 MB/s  0:00:01
[2026-05-16 13:23:38] Collecting jinja2 (from torch==2.5.1+cu124)
[2026-05-16 13:23:38]   Downloading jinja2-3.1.6-py3-none-any.whl (134 kB)
[2026-05-16 13:23:39] Collecting fsspec (from torch==2.5.1+cu124)
[2026-05-16 13:23:39]   Downloading fsspec-2026.4.0-py3-none-any.whl (203 kB)
[2026-05-16 13:23:39] Collecting nvidia-cuda-nvrtc-cu12==12.4.127 (from torch==2.5.1+cu124)
[2026-05-16 13:23:39]   Downloading nvidia_cuda_nvrtc_cu12-12.4.127-py3-none-manylinux2014_x86_64.whl (24.6 MB)
[2026-05-16 13:23:46] [2026-05-16 13:23:45,628 AIMaster] (job_monitor_controller_k8s.py 1099) INFO: All workers: 2, running: 2, failed: 0, pending: 0
[2026-05-16 13:23:46] [2026-05-16 13:23:45,628 AIMaster] (ops_reported_error_detector.py 103) INFO: Detecting whether the job is affected by errors reported by ops platform.
[2026-05-16 13:23:46] [2026-05-16 13:23:45,661 AIMaster] (aimaster_failover_controller.py 81) INFO: Detecting whether aimaster should be migrated.
[2026-05-16 13:23:51]      ━━━━━━━━━━━━━━━━━━━━━━━━━━━━━━━━━━━━━━━━ 908.2/908.2 MB 1.3 MB/s  0:02:55
[2026-05-16 13:23:52] Collecting torchvision==0.20.1+cu124
[2026-05-16 13:23:52]   Downloading torchvision-0.20.1%2Bcu124-cp312-cp312-linux_x86_64.whl (7.3 MB)
[2026-05-16 13:23:54]      ━━━━━━━━━━━━━━━━━━━━━━━━━━━━━━━━━━━━━━━━ 24.6/24.6 MB 1.7 MB/s  0:00:14
[2026-05-16 13:23:54] Collecting nvidia-cuda-runtime-cu12==12.4.127 (from torch==2.5.1+cu124)
[2026-05-16 13:23:54]   Downloading nvidia_cuda_runtime_cu12-12.4.127-py3-none-manylinux2014_x86_64.whl (883 kB)
[2026-05-16 13:23:55]      ━━━━━━━━━━━━━━━━━━━━━━━━━━━━━━━━━━━━━━━━ 883.7/883.7 kB 1.5 MB/s  0:00:00
[2026-05-16 13:23:55] Collecting nvidia-cuda-cupti-cu12==12.4.127 (from torch==2.5.1+cu124)
[2026-05-16 13:23:55]   Downloading nvidia_cuda_cupti_cu12-12.4.127-py3-none-manylinux2014_x86_64.whl (13.8 MB)
[2026-05-16 13:23:56]      ━━━━━━━━━━━━━━━━━━━━━━━━━━━━━━━━━━━━━━━━ 7.3/7.3 MB 2.1 MB/s  0:00:03
[2026-05-16 13:23:56] Collecting torchaudio==2.5.1+cu124
[2026-05-16 13:23:56]   Downloading torchaudio-2.5.1%2Bcu124-cp312-cp312-linux_x86_64.whl (3.4 MB)
[2026-05-16 13:23:57]      ━━━━━━━━━━━━━━━━━━━━━━━━━━━━━━━━━━━━━━━━ 3.4/3.4 MB 2.1 MB/s  0:00:01
[2026-05-16 13:23:58] Collecting filelock (from torch==2.5.1+cu124)
[2026-05-16 13:23:58]   Downloading filelock-3.29.0-py3-none-any.whl (39 kB)
[2026-05-16 13:23:58] Collecting typing-extensions>=4.8.0 (from torch==2.5.1+cu124)
[2026-05-16 13:23:58]   Downloading typing_extensions-4.15.0-py3-none-any.whl (44 kB)
[2026-05-16 13:23:58] Collecting networkx (from torch==2.5.1+cu124)
[2026-05-16 13:23:58]   Downloading networkx-3.6.1-py3-none-any.whl (2.1 MB)
[2026-05-16 13:23:59]      ━━━━━━━━━━━━━━━━━━━━━━━━━━━━━━━━━━━━━━━━ 2.1/2.1 MB 1.7 MB/s  0:00:01
[2026-05-16 13:24:00] Collecting jinja2 (from torch==2.5.1+cu124)
[2026-05-16 13:24:00]   Downloading jinja2-3.1.6-py3-none-any.whl (134 kB)
[2026-05-16 13:24:00] Collecting fsspec (from torch==2.5.1+cu124)
[2026-05-16 13:24:00]   Downloading fsspec-2026.4.0-py3-none-any.whl (203 kB)
[2026-05-16 13:24:01] Collecting nvidia-cuda-nvrtc-cu12==12.4.127 (from torch==2.5.1+cu124)
[2026-05-16 13:24:01]   Downloading nvidia_cuda_nvrtc_cu12-12.4.127-py3-none-manylinux2014_x86_64.whl (24.6 MB)
[2026-05-16 13:24:02]      ━━━━━━━━━━━━━━━━━━━━━━━━━━━━━━━━━━━━━━━━ 13.8/13.8 MB 1.9 MB/s  0:00:06
[2026-05-16 13:24:03] Collecting nvidia-cudnn-cu12==9.1.0.70 (from torch==2.5.1+cu124)
[2026-05-16 13:24:03]   Downloading nvidia_cudnn_cu12-9.1.0.70-py3-none-manylinux2014_x86_64.whl (664.8 MB)
[2026-05-16 13:24:13]      ━━━━━━━━━━━━━━━━━━━━━━━━━━━━━━━━━━━━━━━━ 24.6/24.6 MB 2.0 MB/s  0:00:12
[2026-05-16 13:24:13] Collecting nvidia-cuda-runtime-cu12==12.4.127 (from torch==2.5.1+cu124)
[2026-05-16 13:24:13]   Downloading nvidia_cuda_runtime_cu12-12.4.127-py3-none-manylinux2014_x86_64.whl (883 kB)
[2026-05-16 13:24:14]      ━━━━━━━━━━━━━━━━━━━━━━━━━━━━━━━━━━━━━━━━ 883.7/883.7 kB 2.7 MB/s  0:00:00
[2026-05-16 13:24:14] Collecting nvidia-cuda-cupti-cu12==12.4.127 (from torch==2.5.1+cu124)
[2026-05-16 13:24:14]   Downloading nvidia_cuda_cupti_cu12-12.4.127-py3-none-manylinux2014_x86_64.whl (13.8 MB)
[2026-05-16 13:24:16] [2026-05-16 13:24:15,788 AIMaster] (job_monitor_controller_k8s.py 1099) INFO: All workers: 2, running: 2, failed: 0, pending: 0
[2026-05-16 13:24:20]      ━━━━━━━━━━━━━━━━━━━━━━━━━━━━━━━━━━━━━━━━ 13.8/13.8 MB 2.5 MB/s  0:00:05
[2026-05-16 13:24:20] Collecting nvidia-cudnn-cu12==9.1.0.70 (from torch==2.5.1+cu124)
[2026-05-16 13:24:20]   Downloading nvidia_cudnn_cu12-9.1.0.70-py3-none-manylinux2014_x86_64.whl (664.8 MB)
[2026-05-16 13:24:37] [2026-05-16 13:24:36,817 AIMaster] (config.py 347) INFO: Try loading config from pai-aimaster-new configmap.
[2026-05-16 13:24:46] [2026-05-16 13:24:45,960 AIMaster] (job_monitor_controller_k8s.py 1099) INFO: All workers: 2, running: 2, failed: 0, pending: 0
[2026-05-16 13:24:46] [2026-05-16 13:24:45,960 AIMaster] (ops_reported_error_detector.py 103) INFO: Detecting whether the job is affected by errors reported by ops platform.
[2026-05-16 13:25:06] [2026-05-16 13:25:05,598 AIMaster] (job_event_collector.py 135) WARNING: Failed to watch pods, exception: ("Connection broken: ConnectionResetError(104, 'Connection reset by peer')", ConnectionResetError(104, 'Connection reset by peer'))
[2026-05-16 13:25:07]      ━━━━━━━━━━━━━━━━━━━━━━━━━━━━━━━━━━━━━━━━ 664.8/664.8 MB 33.9 MB/s  0:01:04
[2026-05-16 13:25:07] Collecting nvidia-cublas-cu12==12.4.5.8 (from torch==2.5.1+cu124)
[2026-05-16 13:25:08]   Downloading nvidia_cublas_cu12-12.4.5.8-py3-none-manylinux2014_x86_64.whl (363.4 MB)
[2026-05-16 13:25:10]      ━━━━━━━━━━━━━━━━━━━━━━━━━━━━━━━━━━━━━━━━ 664.8/664.8 MB 32.3 MB/s  0:00:49
[2026-05-16 13:25:11] Collecting nvidia-cublas-cu12==12.4.5.8 (from torch==2.5.1+cu124)
[2026-05-16 13:25:11]   Downloading nvidia_cublas_cu12-12.4.5.8-py3-none-manylinux2014_x86_64.whl (363.4 MB)
[2026-05-16 13:25:16] [2026-05-16 13:25:16,159 AIMaster] (job_monitor_controller_k8s.py 1099) INFO: All workers: 2, running: 2, failed: 0, pending: 0
[2026-05-16 13:25:37] [2026-05-16 13:25:36,852 AIMaster] (config.py 347) INFO: Try loading config from pai-aimaster-new configmap.
[2026-05-16 13:25:46] [2026-05-16 13:25:46,276 AIMaster] (job_monitor_controller_k8s.py 1099) INFO: All workers: 2, running: 2, failed: 0, pending: 0
[2026-05-16 13:25:46] [2026-05-16 13:25:46,276 AIMaster] (ops_reported_error_detector.py 103) INFO: Detecting whether the job is affected by errors reported by ops platform.
[2026-05-16 13:25:47] [2026-05-16 13:25:46,370 AIMaster] (aimaster_failover_controller.py 81) INFO: Detecting whether aimaster should be migrated.
[2026-05-16 13:26:17] [2026-05-16 13:26:16,494 AIMaster] (job_monitor_controller_k8s.py 1099) INFO: All workers: 2, running: 2, failed: 0, pending: 0
[2026-05-16 13:26:37] [2026-05-16 13:26:36,888 AIMaster] (config.py 347) INFO: Try loading config from pai-aimaster-new configmap.
[2026-05-16 13:26:38] [2026-05-16 13:26:37,607 AIMaster] (job_event_collector.py 135) WARNING: Failed to watch pods, exception: ("Connection broken: ConnectionResetError(104, 'Connection reset by peer')", ConnectionResetError(104, 'Connection reset by peer'))
[2026-05-16 13:26:47] [2026-05-16 13:26:46,619 AIMaster] (job_monitor_controller_k8s.py 1099) INFO: All workers: 2, running: 2, failed: 0, pending: 0
[2026-05-16 13:26:47] [2026-05-16 13:26:46,619 AIMaster] (ops_reported_error_detector.py 103) INFO: Detecting whether the job is affected by errors reported by ops platform.
[2026-05-16 13:27:11]      ━━━━━━━━━                               84.7/363.4 MB 23.3 MB/s eta 0:00:12
[2026-05-16 13:27:11]   WARNING: Connection timed out while downloading.
[2026-05-16 13:27:11]   WARNING: Attempting to resume incomplete download (84.7 MB/363.4 MB, attempt 1)
[2026-05-16 13:27:11]   Resuming download nvidia_cublas_cu12-12.4.5.8-py3-none-manylinux2014_x86_64.whl (84.7 MB/363.4 MB)
[2026-05-16 13:27:13]      ━━━━━━━━╸                               80.2/363.4 MB 34.8 MB/s eta 0:00:09
[2026-05-16 13:27:13]   WARNING: Connection timed out while downloading.
[2026-05-16 13:27:13]   WARNING: Attempting to resume incomplete download (80.2 MB/363.4 MB, attempt 1)
[2026-05-16 13:27:13]   Resuming download nvidia_cublas_cu12-12.4.5.8-py3-none-manylinux2014_x86_64.whl (80.2 MB/363.4 MB)
[2026-05-16 13:27:17] [2026-05-16 13:27:16,784 AIMaster] (job_monitor_controller_k8s.py 1099) INFO: All workers: 2, running: 2, failed: 0, pending: 0
[2026-05-16 13:27:37] [2026-05-16 13:27:36,924 AIMaster] (config.py 347) INFO: Try loading config from pai-aimaster-new configmap.
[2026-05-16 13:27:47] [2026-05-16 13:27:46,912 AIMaster] (pod_manager.py 415) INFO: Pod Category Summary (Total pods: 2)
[2026-05-16 13:27:47] | Category           |   Count | Percentage   | Pods                                                   |
[2026-05-16 13:27:47] |--------------------|---------|--------------|--------------------------------------------------------|
[2026-05-16 13:27:47] | Running            |       2 | 100.0%       | [dlc1t5kb9mnrnjda-master-0, dlc1t5kb9mnrnjda-worker-0] |
[2026-05-16 13:27:47] | Pending            |       0 | 0.0%         |                                                        |
[2026-05-16 13:27:47] | Succeeded          |       0 | 0.0%         |                                                        |
[2026-05-16 13:27:47] | Failed             |       0 | 0.0%         |                                                        |
[2026-05-16 13:27:47] | Terminating        |       0 | 0.0%         |                                                        |
[2026-05-16 13:27:47] | Scheduler_evicting |       0 | 0.0%         |                                                        |
[2026-05-16 13:27:47] | Aiph_node_error    |       0 | 0.0%         |                                                        |
[2026-05-16 13:27:47] | Unknown            |       0 | 0.0%         |                                                        |
[2026-05-16 13:27:47] 
[2026-05-16 13:27:47] [2026-05-16 13:27:46,912 AIMaster] (job_monitor_controller_k8s.py 1099) INFO: All workers: 2, running: 2, failed: 0, pending: 0
[2026-05-16 13:27:47] [2026-05-16 13:27:46,912 AIMaster] (ops_reported_error_detector.py 103) INFO: Detecting whether the job is affected by errors reported by ops platform.
[2026-05-16 13:27:47] [2026-05-16 13:27:46,946 AIMaster] (aimaster_failover_controller.py 81) INFO: Detecting whether aimaster should be migrated.
[2026-05-16 13:28:10] [2026-05-16 13:28:09,490 AIMaster] (job_event_collector.py 135) WARNING: Failed to watch pods, exception: ("Connection broken: ConnectionResetError(104, 'Connection reset by peer')", ConnectionResetError(104, 'Connection reset by peer'))
[2026-05-16 13:28:17] [2026-05-16 13:28:17,114 AIMaster] (job_monitor_controller_k8s.py 1099) INFO: All workers: 2, running: 2, failed: 0, pending: 0
[2026-05-16 13:28:37] [2026-05-16 13:28:36,961 AIMaster] (config.py 347) INFO: Try loading config from pai-aimaster-new configmap.
[2026-05-16 13:28:47] [2026-05-16 13:28:47,232 AIMaster] (job_monitor_controller_k8s.py 1099) INFO: All workers: 2, running: 2, failed: 0, pending: 0
[2026-05-16 13:28:47] [2026-05-16 13:28:47,233 AIMaster] (ops_reported_error_detector.py 103) INFO: Detecting whether the job is affected by errors reported by ops platform.
[2026-05-16 13:29:11]      ━━━━━━━━━━━━━━━━━━━━━━━━━━━━━━━━━━━━━━━━ 363.4/363.4 MB 201.4 kB/s  0:01:58
[2026-05-16 13:29:12]      ━━━━━━━━━━━━━━━━━━━━━━━━━━━━━━━━━━━━━━━━ 363.4/363.4 MB 197.3 kB/s  0:02:00
[2026-05-16 13:29:13] Collecting nvidia-cufft-cu12==11.2.1.3 (from torch==2.5.1+cu124)
[2026-05-16 13:29:13]   Downloading nvidia_cufft_cu12-11.2.1.3-py3-none-manylinux2014_x86_64.whl (211.5 MB)
[2026-05-16 13:29:13] Collecting nvidia-cufft-cu12==11.2.1.3 (from torch==2.5.1+cu124)
[2026-05-16 13:29:13]   Downloading nvidia_cufft_cu12-11.2.1.3-py3-none-manylinux2014_x86_64.whl (211.5 MB)
[2026-05-16 13:29:17] [2026-05-16 13:29:17,407 AIMaster] (job_monitor_controller_k8s.py 1099) INFO: All workers: 2, running: 2, failed: 0, pending: 0
[2026-05-16 13:29:37] [2026-05-16 13:29:36,999 AIMaster] (config.py 347) INFO: Try loading config from pai-aimaster-new configmap.
[2026-05-16 13:29:41] [2026-05-16 13:29:41,388 AIMaster] (job_event_collector.py 135) WARNING: Failed to watch pods, exception: ("Connection broken: ConnectionResetError(104, 'Connection reset by peer')", ConnectionResetError(104, 'Connection reset by peer'))
[2026-05-16 13:29:48] [2026-05-16 13:29:47,528 AIMaster] (job_monitor_controller_k8s.py 1099) INFO: All workers: 2, running: 2, failed: 0, pending: 0
[2026-05-16 13:29:48] [2026-05-16 13:29:47,528 AIMaster] (ops_reported_error_detector.py 103) INFO: Detecting whether the job is affected by errors reported by ops platform.
[2026-05-16 13:29:48] [2026-05-16 13:29:47,561 AIMaster] (aimaster_failover_controller.py 81) INFO: Detecting whether aimaster should be migrated.
[2026-05-16 13:30:18] [2026-05-16 13:30:17,710 AIMaster] (job_monitor_controller_k8s.py 1099) INFO: All workers: 2, running: 2, failed: 0, pending: 0
[2026-05-16 13:30:37] [2026-05-16 13:30:37,038 AIMaster] (config.py 347) INFO: Try loading config from pai-aimaster-new configmap.
[2026-05-16 13:30:48] [2026-05-16 13:30:47,830 AIMaster] (job_monitor_controller_k8s.py 1099) INFO: All workers: 2, running: 2, failed: 0, pending: 0
[2026-05-16 13:30:48] [2026-05-16 13:30:47,830 AIMaster] (ops_reported_error_detector.py 103) INFO: Detecting whether the job is affected by errors reported by ops platform.
[2026-05-16 13:31:02]      ━━━━━━━━━━━━━━━━━━━━━━━━━━━━━━━━━━━━━━━━ 211.5/211.5 MB 4.3 MB/s  0:01:49
[2026-05-16 13:31:03]      ━━━━━━━━━━━━━━━━━━━━━━━━━━━━━━━━━━━━━━━━ 211.5/211.5 MB 4.3 MB/s  0:01:50
[2026-05-16 13:31:03] Collecting nvidia-curand-cu12==10.3.5.147 (from torch==2.5.1+cu124)
[2026-05-16 13:31:03]   Downloading nvidia_curand_cu12-10.3.5.147-py3-none-manylinux2014_x86_64.whl (56.3 MB)
[2026-05-16 13:31:04] Collecting nvidia-curand-cu12==10.3.5.147 (from torch==2.5.1+cu124)
[2026-05-16 13:31:04]   Downloading nvidia_curand_cu12-10.3.5.147-py3-none-manylinux2014_x86_64.whl (56.3 MB)
[2026-05-16 13:31:06]      ━━━━━━━━━━━━━━━━━━━━━━━━━━━━━━━━━━━━━━━━ 56.3/56.3 MB 14.5 MB/s  0:00:03
[2026-05-16 13:31:07] Collecting nvidia-cusolver-cu12==11.6.1.9 (from torch==2.5.1+cu124)
[2026-05-16 13:31:07]   Downloading nvidia_cusolver_cu12-11.6.1.9-py3-none-manylinux2014_x86_64.whl (127.9 MB)
[2026-05-16 13:31:08]      ━━━━━━━━━━━━━━━━━━━━━━━━━━━━━━━━━━━━━━━━ 56.3/56.3 MB 14.5 MB/s  0:00:03
[2026-05-16 13:31:08] Collecting nvidia-cusolver-cu12==11.6.1.9 (from torch==2.5.1+cu124)
[2026-05-16 13:31:08]   Downloading nvidia_cusolver_cu12-11.6.1.9-py3-none-manylinux2014_x86_64.whl (127.9 MB)
[2026-05-16 13:31:13] [2026-05-16 13:31:12,526 AIMaster] (job_event_collector.py 135) WARNING: Failed to watch pods, exception: ("Connection broken: ConnectionResetError(104, 'Connection reset by peer')", ConnectionResetError(104, 'Connection reset by peer'))
[2026-05-16 13:31:15]      ━━━━━━━━━━━━━━━━━━━━━━━━━━━━━━━━━━━━━━━━ 127.9/127.9 MB 14.6 MB/s  0:00:08
[2026-05-16 13:31:16] Collecting nvidia-cusparse-cu12==12.3.1.170 (from torch==2.5.1+cu124)
[2026-05-16 13:31:16]   Downloading nvidia_cusparse_cu12-12.3.1.170-py3-none-manylinux2014_x86_64.whl (207.5 MB)
[2026-05-16 13:31:16]      ━━━━━━━━━━━━━━━━━━━━━━━━━━━━━━━━━━━━━━━━ 127.9/127.9 MB 14.9 MB/s  0:00:08
[2026-05-16 13:31:17] Collecting nvidia-cusparse-cu12==12.3.1.170 (from torch==2.5.1+cu124)
[2026-05-16 13:31:17]   Downloading nvidia_cusparse_cu12-12.3.1.170-py3-none-manylinux2014_x86_64.whl (207.5 MB)
[2026-05-16 13:31:18] [2026-05-16 13:31:18,038 AIMaster] (job_monitor_controller_k8s.py 1099) INFO: All workers: 2, running: 2, failed: 0, pending: 0
[2026-05-16 13:31:37] [2026-05-16 13:31:37,074 AIMaster] (config.py 347) INFO: Try loading config from pai-aimaster-new configmap.
[2026-05-16 13:31:48] [2026-05-16 13:31:48,168 AIMaster] (job_monitor_controller_k8s.py 1099) INFO: All workers: 2, running: 2, failed: 0, pending: 0
[2026-05-16 13:31:48] [2026-05-16 13:31:48,168 AIMaster] (ops_reported_error_detector.py 103) INFO: Detecting whether the job is affected by errors reported by ops platform.
[2026-05-16 13:31:48] [2026-05-16 13:31:48,201 AIMaster] (aimaster_failover_controller.py 81) INFO: Detecting whether aimaster should be migrated.
[2026-05-16 13:32:18] [2026-05-16 13:32:18,322 AIMaster] (job_monitor_controller_k8s.py 1099) INFO: All workers: 2, running: 2, failed: 0, pending: 0
[2026-05-16 13:32:37] [2026-05-16 13:32:37,111 AIMaster] (config.py 347) INFO: Try loading config from pai-aimaster-new configmap.
[2026-05-16 13:32:44] [2026-05-16 13:32:43,937 AIMaster] (job_event_collector.py 135) WARNING: Failed to watch pods, exception: ("Connection broken: ConnectionResetError(104, 'Connection reset by peer')", ConnectionResetError(104, 'Connection reset by peer'))
[2026-05-16 13:32:48] [2026-05-16 13:32:48,447 AIMaster] (pod_manager.py 415) INFO: Pod Category Summary (Total pods: 2)
[2026-05-16 13:32:48] | Category           |   Count | Percentage   | Pods                                                   |
[2026-05-16 13:32:48] |--------------------|---------|--------------|--------------------------------------------------------|
[2026-05-16 13:32:48] | Running            |       2 | 100.0%       | [dlc1t5kb9mnrnjda-master-0, dlc1t5kb9mnrnjda-worker-0] |
[2026-05-16 13:32:48] | Pending            |       0 | 0.0%         |                                                        |
[2026-05-16 13:32:48] | Succeeded          |       0 | 0.0%         |                                                        |
[2026-05-16 13:32:48] | Failed             |       0 | 0.0%         |                                                        |
[2026-05-16 13:32:48] | Terminating        |       0 | 0.0%         |                                                        |
[2026-05-16 13:32:48] | Scheduler_evicting |       0 | 0.0%         |                                                        |
[2026-05-16 13:32:48] | Aiph_node_error    |       0 | 0.0%         |                                                        |
[2026-05-16 13:32:48] | Unknown            |       0 | 0.0%         |                                                        |
[2026-05-16 13:32:48] 
[2026-05-16 13:32:48] [2026-05-16 13:32:48,448 AIMaster] (job_monitor_controller_k8s.py 1099) INFO: All workers: 2, running: 2, failed: 0, pending: 0
[2026-05-16 13:32:48] [2026-05-16 13:32:48,448 AIMaster] (ops_reported_error_detector.py 103) INFO: Detecting whether the job is affected by errors reported by ops platform.
[2026-05-16 13:33:17]   WARNING: Connection timed out while downloading.
[2026-05-16 13:33:17]      ━━                                      11.3/207.5 MB 15.3 MB/s eta 0:00:13
[2026-05-16 13:33:17]   WARNING: Attempting to resume incomplete download (11.3 MB/207.5 MB, attempt 1)
[2026-05-16 13:33:17]   Resuming download nvidia_cusparse_cu12-12.3.1.170-py3-none-manylinux2014_x86_64.whl (11.3 MB/207.5 MB)
[2026-05-16 13:33:18]      ━━━━                                    22.8/207.5 MB 15.3 MB/s eta 0:00:13
[2026-05-16 13:33:18]   WARNING: Connection timed out while downloading.
[2026-05-16 13:33:18]   WARNING: Attempting to resume incomplete download (22.8 MB/207.5 MB, attempt 1)
[2026-05-16 13:33:18]   Resuming download nvidia_cusparse_cu12-12.3.1.170-py3-none-manylinux2014_x86_64.whl (22.8 MB/207.5 MB)
[2026-05-16 13:33:19] [2026-05-16 13:33:18,602 AIMaster] (job_monitor_controller_k8s.py 1099) INFO: All workers: 2, running: 2, failed: 0, pending: 0
[2026-05-16 13:33:37] [2026-05-16 13:33:37,145 AIMaster] (config.py 347) INFO: Try loading config from pai-aimaster-new configmap.
[2026-05-16 13:33:49] [2026-05-16 13:33:48,724 AIMaster] (job_monitor_controller_k8s.py 1099) INFO: All workers: 2, running: 2, failed: 0, pending: 0
[2026-05-16 13:33:49] [2026-05-16 13:33:48,724 AIMaster] (ops_reported_error_detector.py 103) INFO: Detecting whether the job is affected by errors reported by ops platform.
[2026-05-16 13:33:49] [2026-05-16 13:33:48,823 AIMaster] (aimaster_failover_controller.py 81) INFO: Detecting whether aimaster should be migrated.
[2026-05-16 13:34:16] [2026-05-16 13:34:15,978 AIMaster] (job_event_collector.py 135) WARNING: Failed to watch pods, exception: ("Connection broken: ConnectionResetError(104, 'Connection reset by peer')", ConnectionResetError(104, 'Connection reset by peer'))
[2026-05-16 13:34:19] [2026-05-16 13:34:18,960 AIMaster] (job_monitor_controller_k8s.py 1099) INFO: All workers: 2, running: 2, failed: 0, pending: 0
[2026-05-16 13:34:26]      ━━━━━━━━━━━━━━━━━━━━━━━━━━━━━━━━━━━━━━━━ 207.5/207.5 MB 3.6 MB/s  0:01:07
[2026-05-16 13:34:27] Collecting nvidia-nccl-cu12==2.21.5 (from torch==2.5.1+cu124)
[2026-05-16 13:34:27]   Downloading nvidia_nccl_cu12-2.21.5-py3-none-manylinux2014_x86_64.whl (188.7 MB)
[2026-05-16 13:34:30]      ━━━━━━━━━━━━━━━━━━━━━━━━━━━━━━━━━━━━━━━━ 207.5/207.5 MB 3.5 MB/s  0:01:13
[2026-05-16 13:34:30] Collecting nvidia-nccl-cu12==2.21.5 (from torch==2.5.1+cu124)
[2026-05-16 13:34:30]   Downloading nvidia_nccl_cu12-2.21.5-py3-none-manylinux2014_x86_64.whl (188.7 MB)
[2026-05-16 13:34:32]      ━━━━━━━━━━━━━━━━━━━━━━━━━━━━━━━━━━━━━━━━ 188.7/188.7 MB 34.7 MB/s  0:00:05
[2026-05-16 13:34:32] Collecting nvidia-nvtx-cu12==12.4.127 (from torch==2.5.1+cu124)
[2026-05-16 13:34:32]   Downloading nvidia_nvtx_cu12-12.4.127-py3-none-manylinux2014_x86_64.whl (99 kB)
[2026-05-16 13:34:32] Collecting nvidia-nvjitlink-cu12==12.4.127 (from torch==2.5.1+cu124)
[2026-05-16 13:34:33]   Downloading nvidia_nvjitlink_cu12-12.4.127-py3-none-manylinux2014_x86_64.whl (21.1 MB)
[2026-05-16 13:34:33]      ━━━━━━━━━━━━━━━━━━━━━━━━━━━━━━━━━━━━━━━━ 21.1/21.1 MB 30.9 MB/s  0:00:00
[2026-05-16 13:34:33] Collecting triton==3.1.0 (from torch==2.5.1+cu124)
[2026-05-16 13:34:34]   Downloading triton-3.1.0-cp312-cp312-manylinux_2_17_x86_64.manylinux2014_x86_64.whl (209.6 MB)
[2026-05-16 13:34:36]      ━━━━━━━━━━━━━━━━━━━━━━━━━━━━━━━━━━━━━━━━ 188.7/188.7 MB 35.8 MB/s  0:00:05
[2026-05-16 13:34:36] Collecting nvidia-nvtx-cu12==12.4.127 (from torch==2.5.1+cu124)
[2026-05-16 13:34:36]   Downloading nvidia_nvtx_cu12-12.4.127-py3-none-manylinux2014_x86_64.whl (99 kB)
[2026-05-16 13:34:36] Collecting nvidia-nvjitlink-cu12==12.4.127 (from torch==2.5.1+cu124)
[2026-05-16 13:34:36]   Downloading nvidia_nvjitlink_cu12-12.4.127-py3-none-manylinux2014_x86_64.whl (21.1 MB)
[2026-05-16 13:34:37]      ━━━━━━━━━━━━━━━━━━━━━━━━━━━━━━━━━━━━━━━━ 21.1/21.1 MB 28.7 MB/s  0:00:00
[2026-05-16 13:34:37] Collecting triton==3.1.0 (from torch==2.5.1+cu124)
[2026-05-16 13:34:37]   Downloading triton-3.1.0-cp312-cp312-manylinux_2_17_x86_64.manylinux2014_x86_64.whl (209.6 MB)
[2026-05-16 13:34:37] [2026-05-16 13:34:37,180 AIMaster] (config.py 347) INFO: Try loading config from pai-aimaster-new configmap.
[2026-05-16 13:34:41]      ━━━━━━━━━━━━━━━━━━━━━━━━━━━━━━━━━━━━━━━━ 209.6/209.6 MB 27.3 MB/s  0:00:07
[2026-05-16 13:34:41] Requirement already satisfied: setuptools in /mnt/workspace/venvs/.venv/lib/python3.12/site-packages (from torch==2.5.1+cu124) (82.0.1)
[2026-05-16 13:34:41] Collecting sympy==1.13.1 (from torch==2.5.1+cu124)
[2026-05-16 13:34:42]   Downloading sympy-1.13.1-py3-none-any.whl (6.2 MB)
[2026-05-16 13:34:42]      ━━━━━━━━━━━━━━━━━━━━━━━━━━━━━━━━━━━━━━━━ 6.2/6.2 MB 42.7 MB/s  0:00:00
[2026-05-16 13:34:42] Collecting numpy (from torchvision==0.20.1+cu124)
[2026-05-16 13:34:42]   Downloading numpy-2.4.5-cp312-cp312-manylinux_2_27_x86_64.manylinux_2_28_x86_64.whl (16.6 MB)
[2026-05-16 13:34:42]      ━━━━━━━━━━━━━━━━━━━━━━━━━━━━━━━━━━━━━━━━ 16.6/16.6 MB 45.0 MB/s  0:00:00
[2026-05-16 13:34:43] Collecting pillow!=8.3.*,>=5.3.0 (from torchvision==0.20.1+cu124)
[2026-05-16 13:34:43]   Downloading pillow-12.2.0-cp312-cp312-manylinux_2_27_x86_64.manylinux_2_28_x86_64.whl (7.1 MB)
[2026-05-16 13:34:43]      ━━━━━━━━━━━━━━━━━━━━━━━━━━━━━━━━━━━━━━━━ 7.1/7.1 MB 30.4 MB/s  0:00:00
[2026-05-16 13:34:43] Collecting mpmath<1.4,>=1.1.0 (from sympy==1.13.1->torch==2.5.1+cu124)
[2026-05-16 13:34:43]   Downloading mpmath-1.3.0-py3-none-any.whl (536 kB)
[2026-05-16 13:34:43]      ━━━━━━━━━━━━━━━━━━━━━━━━━━━━━━━━━━━━━━━━ 536.2/536.2 kB 55.4 MB/s  0:00:00
[2026-05-16 13:34:43] Collecting MarkupSafe>=2.0 (from jinja2->torch==2.5.1+cu124)
[2026-05-16 13:34:43]   Downloading markupsafe-3.0.3-cp312-cp312-manylinux2014_x86_64.manylinux_2_17_x86_64.manylinux_2_28_x86_64.whl (22 kB)
[2026-05-16 13:34:43] Installing collected packages: mpmath, typing-extensions, sympy, pillow, nvidia-nvtx-cu12, nvidia-nvjitlink-cu12, nvidia-nccl-cu12, nvidia-curand-cu12, nvidia-cufft-cu12, nvidia-cuda-runtime-cu12, nvidia-cuda-nvrtc-cu12, nvidia-cuda-cupti-cu12, nvidia-cublas-cu12, numpy, networkx, MarkupSafe, fsspec, filelock, triton, nvidia-cusparse-cu12, nvidia-cudnn-cu12, jinja2, nvidia-cusolver-cu12, torch, torchvision, torchaudio
[2026-05-16 13:34:44]      ━━━━━━━━━━━━━━━━━━━━━━━━━━━━━━━━━━━━━━━━ 209.6/209.6 MB 30.5 MB/s  0:00:06
[2026-05-16 13:34:44] Requirement already satisfied: setuptools in /mnt/workspace/venvs/.venv/lib/python3.12/site-packages (from torch==2.5.1+cu124) (82.0.1)
[2026-05-16 13:34:44] Collecting sympy==1.13.1 (from torch==2.5.1+cu124)
[2026-05-16 13:34:44]   Downloading sympy-1.13.1-py3-none-any.whl (6.2 MB)
[2026-05-16 13:34:44]      ━━━━━━━━━━━━━━━━━━━━━━━━━━━━━━━━━━━━━━━━ 6.2/6.2 MB 38.0 MB/s  0:00:00
[2026-05-16 13:34:44] Collecting numpy (from torchvision==0.20.1+cu124)
[2026-05-16 13:34:44]   Downloading numpy-2.4.5-cp312-cp312-manylinux_2_27_x86_64.manylinux_2_28_x86_64.whl (16.6 MB)
[2026-05-16 13:34:45]      ━━━━━━━━━━━━━━━━━━━━━━━━━━━━━━━━━━━━━━━━ 16.6/16.6 MB 43.0 MB/s  0:00:00
[2026-05-16 13:34:45] Collecting pillow!=8.3.*,>=5.3.0 (from torchvision==0.20.1+cu124)
[2026-05-16 13:34:45]   Downloading pillow-12.2.0-cp312-cp312-manylinux_2_27_x86_64.manylinux_2_28_x86_64.whl (7.1 MB)
[2026-05-16 13:34:45]      ━━━━━━━━━━━━━━━━━━━━━━━━━━━━━━━━━━━━━━━━ 7.1/7.1 MB 42.4 MB/s  0:00:00
[2026-05-16 13:34:45] Collecting mpmath<1.4,>=1.1.0 (from sympy==1.13.1->torch==2.5.1+cu124)
[2026-05-16 13:34:45]   Downloading mpmath-1.3.0-py3-none-any.whl (536 kB)
[2026-05-16 13:34:45]      ━━━━━━━━━━━━━━━━━━━━━━━━━━━━━━━━━━━━━━━━ 536.2/536.2 kB 21.4 MB/s  0:00:00
[2026-05-16 13:34:45] Collecting MarkupSafe>=2.0 (from jinja2->torch==2.5.1+cu124)
[2026-05-16 13:34:45]   Downloading markupsafe-3.0.3-cp312-cp312-manylinux2014_x86_64.manylinux_2_17_x86_64.manylinux_2_28_x86_64.whl (22 kB)
[2026-05-16 13:34:46] Installing collected packages: mpmath, typing-extensions, sympy, pillow, nvidia-nvtx-cu12, nvidia-nvjitlink-cu12, nvidia-nccl-cu12, nvidia-curand-cu12, nvidia-cufft-cu12, nvidia-cuda-runtime-cu12, nvidia-cuda-nvrtc-cu12, nvidia-cuda-cupti-cu12, nvidia-cublas-cu12, numpy, networkx, MarkupSafe, fsspec, filelock, triton, nvidia-cusparse-cu12, nvidia-cudnn-cu12, jinja2, nvidia-cusolver-cu12, torch, torchvision, torchaudio
[2026-05-16 13:34:49] [2026-05-16 13:34:49,101 AIMaster] (job_monitor_controller_k8s.py 1099) INFO: All workers: 2, running: 2, failed: 0, pending: 0
[2026-05-16 13:34:49] [2026-05-16 13:34:49,101 AIMaster] (ops_reported_error_detector.py 103) INFO: Detecting whether the job is affected by errors reported by ops platform.
[2026-05-16 13:35:19] [2026-05-16 13:35:19,284 AIMaster] (job_monitor_controller_k8s.py 1099) INFO: All workers: 2, running: 2, failed: 0, pending: 0
[2026-05-16 13:35:29] 
[2026-05-16 13:35:29] Successfully installed MarkupSafe-3.0.3 filelock-3.29.0 fsspec-2026.4.0 jinja2-3.1.6 mpmath-1.3.0 networkx-3.6.1 numpy-2.4.5 nvidia-cublas-cu12-12.4.5.8 nvidia-cuda-cupti-cu12-12.4.127 nvidia-cuda-nvrtc-cu12-12.4.127 nvidia-cuda-runtime-cu12-12.4.127 nvidia-cudnn-cu12-9.1.0.70 nvidia-cufft-cu12-11.2.1.3 nvidia-curand-cu12-10.3.5.147 nvidia-cusolver-cu12-11.6.1.9 nvidia-cusparse-cu12-12.3.1.170 nvidia-nccl-cu12-2.21.5 nvidia-nvjitlink-cu12-12.4.127 nvidia-nvtx-cu12-12.4.127 pillow-12.2.0 sympy-1.13.1 torch-2.5.1+cu124 torchaudio-2.5.1+cu124 torchvision-0.20.1+cu124 triton-3.1.0 typing-extensions-4.15.0
[2026-05-16 13:35:29] 
[2026-05-16 13:35:29] [13:35:29] Installing student training stack
[2026-05-16 13:35:29] Looking in indexes: https://mirrors.aliyun.com/pypi/simple/
[2026-05-16 13:35:29] Looking in links: /mnt/data/ebft-distribution-new/caches/wheels
[2026-05-16 13:35:30] Collecting accelerate==1.13.0
[2026-05-16 13:35:30]   Downloading accelerate-1.13.0-py3-none-any.whl (383 kB)
[2026-05-16 13:35:31] 
[2026-05-16 13:35:31] Successfully installed MarkupSafe-3.0.3 filelock-3.29.0 fsspec-2026.4.0 jinja2-3.1.6 mpmath-1.3.0 networkx-3.6.1 numpy-2.4.5 nvidia-cublas-cu12-12.4.5.8 nvidia-cuda-cupti-cu12-12.4.127 nvidia-cuda-nvrtc-cu12-12.4.127 nvidia-cuda-runtime-cu12-12.4.127 nvidia-cudnn-cu12-9.1.0.70 nvidia-cufft-cu12-11.2.1.3 nvidia-curand-cu12-10.3.5.147 nvidia-cusolver-cu12-11.6.1.9 nvidia-cusparse-cu12-12.3.1.170 nvidia-nccl-cu12-2.21.5 nvidia-nvjitlink-cu12-12.4.127 nvidia-nvtx-cu12-12.4.127 pillow-12.2.0 sympy-1.13.1 torch-2.5.1+cu124 torchaudio-2.5.1+cu124 torchvision-0.20.1+cu124 triton-3.1.0 typing-extensions-4.15.0
[2026-05-16 13:35:31] 
[2026-05-16 13:35:31] [13:35:31] Installing student training stack
[2026-05-16 13:35:31] Collecting bitsandbytes==0.49.2
[2026-05-16 13:35:31]   Downloading bitsandbytes-0.49.2-py3-none-manylinux_2_24_x86_64.whl (60.7 MB)
[2026-05-16 13:35:32] Looking in indexes: https://mirrors.aliyun.com/pypi/simple/
[2026-05-16 13:35:32] Looking in links: /mnt/data/ebft-distribution-new/caches/wheels
[2026-05-16 13:35:32] Collecting accelerate==1.13.0
[2026-05-16 13:35:32]   Downloading accelerate-1.13.0-py3-none-any.whl (383 kB)
[2026-05-16 13:35:33] Collecting bitsandbytes==0.49.2
[2026-05-16 13:35:33]   Downloading bitsandbytes-0.49.2-py3-none-manylinux_2_24_x86_64.whl (60.7 MB)
[2026-05-16 13:35:37] [2026-05-16 13:35:37,216 AIMaster] (config.py 347) INFO: Try loading config from pai-aimaster-new configmap.
[2026-05-16 13:35:48] [2026-05-16 13:35:47,872 AIMaster] (job_event_collector.py 135) WARNING: Failed to watch pods, exception: ("Connection broken: ConnectionResetError(104, 'Connection reset by peer')", ConnectionResetError(104, 'Connection reset by peer'))
[2026-05-16 13:35:49] [2026-05-16 13:35:49,449 AIMaster] (job_monitor_controller_k8s.py 1099) INFO: All workers: 2, running: 2, failed: 0, pending: 0
[2026-05-16 13:35:49] [2026-05-16 13:35:49,450 AIMaster] (ops_reported_error_detector.py 103) INFO: Detecting whether the job is affected by errors reported by ops platform.
[2026-05-16 13:35:49] [2026-05-16 13:35:49,480 AIMaster] (aimaster_failover_controller.py 81) INFO: Detecting whether aimaster should be migrated.
[2026-05-16 13:36:19] [2026-05-16 13:36:19,599 AIMaster] (job_monitor_controller_k8s.py 1099) INFO: All workers: 2, running: 2, failed: 0, pending: 0
[2026-05-16 13:36:37] [2026-05-16 13:36:37,251 AIMaster] (config.py 347) INFO: Try loading config from pai-aimaster-new configmap.
[2026-05-16 13:36:46]      ━━━━━━━━━━━━━━━━━━━━━━━━━━━━━━━━━━━━━━━━ 60.7/60.7 MB 1.2 MB/s  0:01:14
[2026-05-16 13:36:46] Collecting datasets==4.8.4
[2026-05-16 13:36:46]   Downloading datasets-4.8.4-py3-none-any.whl (526 kB)
[2026-05-16 13:36:46]      ━━━━━━━━━━━━━━━━━━━━━━━━━━━━━━━━━━━━━━━━ 527.0/527.0 kB 97.1 MB/s  0:00:00
[2026-05-16 13:36:47] Processing /mnt/data/ebft-distribution-new/caches/wheels/deepspeed-0.18.9-py3-none-any.whl
[2026-05-16 13:36:47] Collecting einops==0.8.2
[2026-05-16 13:36:47]   Downloading einops-0.8.2-py3-none-any.whl (65 kB)
[2026-05-16 13:36:47]      ━━━━━━━━━━━━━━━━━━━━━━━━━━━━━━━━━━━━━━━━ 60.7/60.7 MB 1.2 MB/s  0:01:14
[2026-05-16 13:36:48] Collecting grpcio==1.80.0
[2026-05-16 13:36:48]   Downloading grpcio-1.80.0-cp312-cp312-manylinux2014_x86_64.manylinux_2_17_x86_64.whl (6.8 MB)
[2026-05-16 13:36:48] Collecting datasets==4.8.4
[2026-05-16 13:36:48]   Downloading datasets-4.8.4-py3-none-any.whl (526 kB)
[2026-05-16 13:36:48]      ━━━━━━━━━━━━━━━━━━━━━━━━━━━━━━━━━━━━━━━━ 527.0/527.0 kB 26.5 MB/s  0:00:00
[2026-05-16 13:36:48] Processing /mnt/data/ebft-distribution-new/caches/wheels/deepspeed-0.18.9-py3-none-any.whl
[2026-05-16 13:36:48] Collecting einops==0.8.2
[2026-05-16 13:36:48]   Downloading einops-0.8.2-py3-none-any.whl (65 kB)
[2026-05-16 13:36:49] Collecting grpcio==1.80.0
[2026-05-16 13:36:49]   Downloading grpcio-1.80.0-cp312-cp312-manylinux2014_x86_64.manylinux_2_17_x86_64.whl (6.8 MB)
[2026-05-16 13:36:50] [2026-05-16 13:36:49,731 AIMaster] (job_monitor_controller_k8s.py 1099) INFO: All workers: 2, running: 2, failed: 0, pending: 0
[2026-05-16 13:36:50] [2026-05-16 13:36:49,731 AIMaster] (ops_reported_error_detector.py 103) INFO: Detecting whether the job is affected by errors reported by ops platform.
[2026-05-16 13:36:52]      ━━━━━━━━━━━━━━━━━━━━━━━━━━━━━━━━━━━━━━━━ 6.8/6.8 MB 1.8 MB/s  0:00:03
[2026-05-16 13:36:52] Collecting huggingface_hub==1.10.1
[2026-05-16 13:36:52]   Downloading huggingface_hub-1.10.1-py3-none-any.whl (642 kB)
[2026-05-16 13:36:52]      ━━━━━━━━━━━━━━━━━━━━━━━━━━━━━━━━━━━━━━━━ 642.6/642.6 kB 920.2 kB/s  0:00:00
[2026-05-16 13:36:52] Collecting jsonlines==4.0.0
[2026-05-16 13:36:53]      ━━━━━━━━━━━━━━━━━━━━━━━━━━━━━━━━━━━━━━━━ 6.8/6.8 MB 1.8 MB/s  0:00:03
[2026-05-16 13:36:53] Collecting huggingface_hub==1.10.1
[2026-05-16 13:36:53]   Downloading huggingface_hub-1.10.1-py3-none-any.whl (642 kB)
[2026-05-16 13:36:53]      ━━━━━━━━━━━━━━━━━━━━━━━━━━━━━━━━━━━━━━━━ 642.6/642.6 kB 918.3 kB/s  0:00:00
[2026-05-16 13:36:53] Collecting jsonlines==4.0.0
[2026-05-16 13:36:53]   Downloading jsonlines-4.0.0-py3-none-any.whl (8.7 kB)
[2026-05-16 13:36:53] Collecting loralib==0.1.2
[2026-05-16 13:36:53]   Downloading loralib-0.1.2-py3-none-any.whl (10 kB)
[2026-05-16 13:36:54]   Downloading jsonlines-4.0.0-py3-none-any.whl (8.7 kB)
[2026-05-16 13:36:54] Collecting loralib==0.1.2
[2026-05-16 13:36:54]   Downloading loralib-0.1.2-py3-none-any.whl (10 kB)
[2026-05-16 13:36:54] Collecting matplotlib==3.10.8
[2026-05-16 13:36:54]   Downloading matplotlib-3.10.8-cp312-cp312-manylinux2014_x86_64.manylinux_2_17_x86_64.whl (8.7 MB)
[2026-05-16 13:36:54] Collecting matplotlib==3.10.8
[2026-05-16 13:36:54]   Downloading matplotlib-3.10.8-cp312-cp312-manylinux2014_x86_64.manylinux_2_17_x86_64.whl (8.7 MB)
[2026-05-16 13:36:58]      ━━━━━━━━━━━━━━━━━━━━━━━━━━━━━━━━━━━━━━━━ 8.7/8.7 MB 1.8 MB/s  0:00:04
[2026-05-16 13:36:59] Collecting numpy==2.2.6
[2026-05-16 13:36:59]   Downloading numpy-2.2.6-cp312-cp312-manylinux_2_17_x86_64.manylinux2014_x86_64.whl (16.5 MB)
[2026-05-16 13:36:59]      ━━━━━━━━━━━━━━━━━━━━━━━━━━━━━━━━━━━━━━━━ 8.7/8.7 MB 1.8 MB/s  0:00:04
[2026-05-16 13:36:59] Collecting numpy==2.2.6
[2026-05-16 13:36:59]   Downloading numpy-2.2.6-cp312-cp312-manylinux_2_17_x86_64.manylinux2014_x86_64.whl (16.5 MB)
[2026-05-16 13:37:07]      ━━━━━━━━━━━━━━━━━━━━━━━━━━━━━━━━━━━━━━━━ 16.5/16.5 MB 2.0 MB/s  0:00:07
[2026-05-16 13:37:07] Collecting nvitop==1.6.2
[2026-05-16 13:37:07]   Downloading nvitop-1.6.2-py3-none-any.whl (215 kB)
[2026-05-16 13:37:07] Collecting optimum==2.1.0
[2026-05-16 13:37:07]   Downloading optimum-2.1.0-py3-none-any.whl (161 kB)
[2026-05-16 13:37:07]      ━━━━━━━━━━━━━━━━━━━━━━━━━━━━━━━━━━━━━━━━ 16.5/16.5 MB 2.1 MB/s  0:00:07
[2026-05-16 13:37:07] Collecting nvitop==1.6.2
[2026-05-16 13:37:07]   Downloading nvitop-1.6.2-py3-none-any.whl (215 kB)
[2026-05-16 13:37:07] Collecting optimum==2.1.0
[2026-05-16 13:37:08] Collecting optree==0.19.0
[2026-05-16 13:37:08]   Downloading optree-0.19.0-cp312-cp312-manylinux_2_27_x86_64.manylinux_2_28_x86_64.whl (451 kB)
[2026-05-16 13:37:08] Collecting packaging==26.0
[2026-05-16 13:37:08]   Downloading packaging-26.0-py3-none-any.whl (74 kB)
[2026-05-16 13:37:08] Collecting pandas==3.0.2
[2026-05-16 13:37:08]   Downloading pandas-3.0.2-cp312-cp312-manylinux_2_24_x86_64.manylinux_2_28_x86_64.whl (10.9 MB)
[2026-05-16 13:37:08]   Downloading optimum-2.1.0-py3-none-any.whl (161 kB)
[2026-05-16 13:37:08] Collecting optree==0.19.0
[2026-05-16 13:37:08]   Downloading optree-0.19.0-cp312-cp312-manylinux_2_27_x86_64.manylinux_2_28_x86_64.whl (451 kB)
[2026-05-16 13:37:08] Collecting packaging==26.0
[2026-05-16 13:37:08]   Downloading packaging-26.0-py3-none-any.whl (74 kB)
[2026-05-16 13:37:09] Collecting pandas==3.0.2
[2026-05-16 13:37:09]   Downloading pandas-3.0.2-cp312-cp312-manylinux_2_24_x86_64.manylinux_2_28_x86_64.whl (10.9 MB)
[2026-05-16 13:37:12]      ━━━━━━━━━━━━━━━━━━━━━━━━━━━━━━━━━━━━━━━━ 10.9/10.9 MB 2.7 MB/s  0:00:04
[2026-05-16 13:37:13] Collecting peft==0.18.1
[2026-05-16 13:37:13]   Downloading peft-0.18.1-py3-none-any.whl (556 kB)
[2026-05-16 13:37:13]      ━━━━━━━━━━━━━━━━━━━━━━━━━━━━━━━━━━━━━━━━ 557.0/557.0 kB 88.5 MB/s  0:00:00
[2026-05-16 13:37:13] Collecting psutil==7.2.2
[2026-05-16 13:37:13]   Downloading psutil-7.2.2-cp36-abi3-manylinux2010_x86_64.manylinux_2_12_x86_64.manylinux_2_28_x86_64.whl (155 kB)
[2026-05-16 13:37:13] Collecting pyarrow==23.0.1
[2026-05-16 13:37:13]   Downloading pyarrow-23.0.1-cp312-cp312-manylinux_2_28_x86_64.whl (47.6 MB)
[2026-05-16 13:37:13]      ━━━━━━━━━━━━━━━━━━━━━━━━━━━━━━━━━━━━━━━━ 10.9/10.9 MB 2.7 MB/s  0:00:03
[2026-05-16 13:37:13] Collecting peft==0.18.1
[2026-05-16 13:37:13]   Downloading peft-0.18.1-py3-none-any.whl (556 kB)
[2026-05-16 13:37:13]      ━━━━━━━━━━━━━━━━━━━━━━━━━━━━━━━━━━━━━━━━ 557.0/557.0 kB 30.5 MB/s  0:00:00
[2026-05-16 13:37:13] Collecting psutil==7.2.2
[2026-05-16 13:37:13]   Downloading psutil-7.2.2-cp36-abi3-manylinux2010_x86_64.manylinux_2_12_x86_64.manylinux_2_28_x86_64.whl (155 kB)
[2026-05-16 13:37:13] Collecting pyarrow==23.0.1
[2026-05-16 13:37:13]   Downloading pyarrow-23.0.1-cp312-cp312-manylinux_2_28_x86_64.whl (47.6 MB)
[2026-05-16 13:37:19] [2026-05-16 13:37:19,609 AIMaster] (job_event_collector.py 135) WARNING: Failed to watch pods, exception: ("Connection broken: ConnectionResetError(104, 'Connection reset by peer')", ConnectionResetError(104, 'Connection reset by peer'))
[2026-05-16 13:37:20] [2026-05-16 13:37:19,903 AIMaster] (job_monitor_controller_k8s.py 1099) INFO: All workers: 2, running: 2, failed: 0, pending: 0
[2026-05-16 13:37:30]      ━━━━━━━━━━━━━━━━━━━━━━━━━━━━━━━━━━━━━━━━ 47.6/47.6 MB 2.8 MB/s  0:00:16
[2026-05-16 13:37:30] Collecting pynvml==13.0.1
[2026-05-16 13:37:30]   Downloading pynvml-13.0.1-py3-none-any.whl (28 kB)
[2026-05-16 13:37:31]      ━━━━━━━━━━━━━━━━━━━━━━━━━━━━━━━━━━━━━━━━ 47.6/47.6 MB 2.8 MB/s  0:00:17
[2026-05-16 13:37:31] Collecting pynvml==13.0.1
[2026-05-16 13:37:31]   Downloading pynvml-13.0.1-py3-none-any.whl (28 kB)
[2026-05-16 13:37:31] Collecting pyyaml==6.0.3
[2026-05-16 13:37:31]   Downloading pyyaml-6.0.3-cp312-cp312-manylinux2014_x86_64.manylinux_2_17_x86_64.manylinux_2_28_x86_64.whl (807 kB)
[2026-05-16 13:37:31]      ━━━━━━━━━━━━━━━━━━━━━━━━━━━━━━━━━━━━━━━━ 807.9/807.9 kB 47.4 MB/s  0:00:00
[2026-05-16 13:37:31] Collecting ray==2.48.0 (from ray[default]==2.48.0)
[2026-05-16 13:37:31]   Downloading ray-2.48.0-cp312-cp312-manylinux2014_x86_64.whl (70.1 MB)
[2026-05-16 13:37:31] Collecting pyyaml==6.0.3
[2026-05-16 13:37:31]   Downloading pyyaml-6.0.3-cp312-cp312-manylinux2014_x86_64.manylinux_2_17_x86_64.manylinux_2_28_x86_64.whl (807 kB)
[2026-05-16 13:37:31]      ━━━━━━━━━━━━━━━━━━━━━━━━━━━━━━━━━━━━━━━━ 807.9/807.9 kB 38.8 MB/s  0:00:00
[2026-05-16 13:37:31] Collecting ray==2.48.0 (from ray[default]==2.48.0)
[2026-05-16 13:37:31]   Downloading ray-2.48.0-cp312-cp312-manylinux2014_x86_64.whl (70.1 MB)
[2026-05-16 13:37:37] [2026-05-16 13:37:37,289 AIMaster] (config.py 347) INFO: Try loading config from pai-aimaster-new configmap.
[2026-05-16 13:37:43]      ━━━━━━━━━━━━━━━━━━━━━━━━━━━━━━━━━━━━━━━━ 70.1/70.1 MB 5.7 MB/s  0:00:12
[2026-05-16 13:37:44] Collecting safetensors==0.7.0
[2026-05-16 13:37:44]   Downloading safetensors-0.7.0-cp38-abi3-manylinux_2_17_x86_64.manylinux2014_x86_64.whl (507 kB)
[2026-05-16 13:37:44] Collecting sentencepiece==0.2.1
[2026-05-16 13:37:44]   Downloading sentencepiece-0.2.1-cp312-cp312-manylinux_2_27_x86_64.manylinux_2_28_x86_64.whl (1.4 MB)
[2026-05-16 13:37:44]      ━━━━━━━━━━━━━━━━━━━━━━━━━━━━━━━━━━━━━━━━ 1.4/1.4 MB 27.7 MB/s  0:00:00
[2026-05-16 13:37:44] Collecting tensorboard==2.20.0
[2026-05-16 13:37:44]   Downloading tensorboard-2.20.0-py3-none-any.whl (5.5 MB)
[2026-05-16 13:37:44]      ━━━━━━━━━━━━━━━━━━━━━━━━━━━━━━━━━━━━━━━━ 5.5/5.5 MB 50.0 MB/s  0:00:00
[2026-05-16 13:37:44] Collecting tokenizers==0.22.2
[2026-05-16 13:37:44]   Downloading tokenizers-0.22.2-cp39-abi3-manylinux_2_17_x86_64.manylinux2014_x86_64.whl (3.3 MB)
[2026-05-16 13:37:44]      ━━━━━━━━━━━━━━━━━━━━━━━━━━━━━━━━━━━━━━━━ 3.3/3.3 MB 43.9 MB/s  0:00:00
[2026-05-16 13:37:44] Collecting torchdata==0.11.0
[2026-05-16 13:37:44]   Downloading torchdata-0.11.0-py3-none-any.whl (61 kB)
[2026-05-16 13:37:44] Collecting torchmetrics==1.9.0
[2026-05-16 13:37:44]      ━━━━━━━━━━━━━━━━━━━━━━━━━━━━━━━━━━━━━━━━ 70.1/70.1 MB 5.4 MB/s  0:00:13
[2026-05-16 13:37:44] Collecting safetensors==0.7.0
[2026-05-16 13:37:44]   Downloading safetensors-0.7.0-cp38-abi3-manylinux_2_17_x86_64.manylinux2014_x86_64.whl (507 kB)
[2026-05-16 13:37:45]   Downloading torchmetrics-1.9.0-py3-none-any.whl (983 kB)
[2026-05-16 13:37:45]      ━━━━━━━━━━━━━━━━━━━━━━━━━━━━━━━━━━━━━━━━ 983.4/983.4 kB 56.5 MB/s  0:00:00
[2026-05-16 13:37:45] Collecting tqdm==4.67.3
[2026-05-16 13:37:45]   Downloading tqdm-4.67.3-py3-none-any.whl (78 kB)
[2026-05-16 13:37:45] Processing /mnt/data/ebft-distribution-new/caches/wheels/transformers_stream_generator-0.0.5-py3-none-any.whl
[2026-05-16 13:37:45] Collecting wandb==0.25.1
[2026-05-16 13:37:45]   Downloading wandb-0.25.1-py3-none-manylinux_2_28_x86_64.whl (25.6 MB)
[2026-05-16 13:37:45] Collecting sentencepiece==0.2.1
[2026-05-16 13:37:45]   Downloading sentencepiece-0.2.1-cp312-cp312-manylinux_2_27_x86_64.manylinux_2_28_x86_64.whl (1.4 MB)
[2026-05-16 13:37:45]      ━━━━━━━━━━━━━━━━━━━━━━━━━━━━━━━━━━━━━━━━ 1.4/1.4 MB 40.1 MB/s  0:00:00
[2026-05-16 13:37:45] Collecting tensorboard==2.20.0
[2026-05-16 13:37:45]   Downloading tensorboard-2.20.0-py3-none-any.whl (5.5 MB)
[2026-05-16 13:37:45]      ━━━━━━━━━━━━━━━━━━━━━━━━━━━━━━━━━━━━━━━━ 5.5/5.5 MB 44.5 MB/s  0:00:00
[2026-05-16 13:37:45] Collecting tokenizers==0.22.2
[2026-05-16 13:37:45]   Downloading tokenizers-0.22.2-cp39-abi3-manylinux_2_17_x86_64.manylinux2014_x86_64.whl (3.3 MB)
[2026-05-16 13:37:45]      ━━━━━━━━━━━━━━━━━━━━━━━━━━━━━━━━━━━━━━━━ 3.3/3.3 MB 47.2 MB/s  0:00:00
[2026-05-16 13:37:45] Collecting torchdata==0.11.0
[2026-05-16 13:37:45]   Downloading torchdata-0.11.0-py3-none-any.whl (61 kB)
[2026-05-16 13:37:45] Collecting torchmetrics==1.9.0
[2026-05-16 13:37:45]   Downloading torchmetrics-1.9.0-py3-none-any.whl (983 kB)
[2026-05-16 13:37:45]      ━━━━━━━━━━━━━━━━━━━━━━━━━━━━━━━━━━━━━━━━ 983.4/983.4 kB 35.8 MB/s  0:00:00
[2026-05-16 13:37:45] Collecting tqdm==4.67.3
[2026-05-16 13:37:45]   Downloading tqdm-4.67.3-py3-none-any.whl (78 kB)
[2026-05-16 13:37:45] Processing /mnt/data/ebft-distribution-new/caches/wheels/transformers_stream_generator-0.0.5-py3-none-any.whl
[2026-05-16 13:37:45] Collecting wandb==0.25.1
[2026-05-16 13:37:45]   Downloading wandb-0.25.1-py3-none-manylinux_2_28_x86_64.whl (25.6 MB)
[2026-05-16 13:37:46]      ━━━━━━━━━━━━━━━━━━━━━━━━━━━━━━━━━━━━━━━━ 25.6/25.6 MB 25.8 MB/s  0:00:00
[2026-05-16 13:37:46] Requirement already satisfied: torch>=2.0.0 in /mnt/workspace/venvs/.venv/lib/python3.12/site-packages (from accelerate==1.13.0) (2.5.1+cu124)
[2026-05-16 13:37:46] Requirement already satisfied: filelock in /mnt/workspace/venvs/.venv/lib/python3.12/site-packages (from datasets==4.8.4) (3.29.0)
[2026-05-16 13:37:46] Collecting dill<0.4.2,>=0.3.0 (from datasets==4.8.4)
[2026-05-16 13:37:46]   Downloading dill-0.4.1-py3-none-any.whl (120 kB)
[2026-05-16 13:37:46] Collecting requests>=2.32.2 (from datasets==4.8.4)
[2026-05-16 13:37:46]   Downloading requests-2.34.2-py3-none-any.whl (73 kB)
[2026-05-16 13:37:46] Collecting httpx<1.0.0 (from datasets==4.8.4)
[2026-05-16 13:37:46]   Downloading httpx-0.28.1-py3-none-any.whl (73 kB)
[2026-05-16 13:37:46] Collecting xxhash (from datasets==4.8.4)
[2026-05-16 13:37:46]   Downloading xxhash-3.7.0-cp312-cp312-manylinux2014_x86_64.manylinux_2_17_x86_64.manylinux_2_28_x86_64.whl (193 kB)
[2026-05-16 13:37:46] Collecting multiprocess<0.70.20 (from datasets==4.8.4)
[2026-05-16 13:37:46]   Downloading multiprocess-0.70.19-py312-none-any.whl (150 kB)
[2026-05-16 13:37:46] Collecting fsspec<=2026.2.0,>=2023.1.0 (from fsspec[http]<=2026.2.0,>=2023.1.0->datasets==4.8.4)
[2026-05-16 13:37:46]   Downloading fsspec-2026.2.0-py3-none-any.whl (202 kB)
[2026-05-16 13:37:46] Collecting hf-xet<2.0.0,>=1.4.3 (from huggingface_hub==1.10.1)
[2026-05-16 13:37:46]      ━━━━━━━━━━━━━━━━━━━━━━━━━━━━━━━━━━━━━━━━ 25.6/25.6 MB 34.5 MB/s  0:00:00
[2026-05-16 13:37:46] Requirement already satisfied: torch>=2.0.0 in /mnt/workspace/venvs/.venv/lib/python3.12/site-packages (from accelerate==1.13.0) (2.5.1+cu124)
[2026-05-16 13:37:46] Requirement already satisfied: filelock in /mnt/workspace/venvs/.venv/lib/python3.12/site-packages (from datasets==4.8.4) (3.29.0)
[2026-05-16 13:37:46] Collecting dill<0.4.2,>=0.3.0 (from datasets==4.8.4)
[2026-05-16 13:37:46]   Downloading dill-0.4.1-py3-none-any.whl (120 kB)
[2026-05-16 13:37:46] Collecting requests>=2.32.2 (from datasets==4.8.4)
[2026-05-16 13:37:46]   Downloading requests-2.34.2-py3-none-any.whl (73 kB)
[2026-05-16 13:37:46] Collecting httpx<1.0.0 (from datasets==4.8.4)
[2026-05-16 13:37:46]   Downloading httpx-0.28.1-py3-none-any.whl (73 kB)
[2026-05-16 13:37:46] Collecting xxhash (from datasets==4.8.4)
[2026-05-16 13:37:46]   Downloading xxhash-3.7.0-cp312-cp312-manylinux2014_x86_64.manylinux_2_17_x86_64.manylinux_2_28_x86_64.whl (193 kB)
[2026-05-16 13:37:46] Collecting multiprocess<0.70.20 (from datasets==4.8.4)
[2026-05-16 13:37:47]   Downloading multiprocess-0.70.19-py312-none-any.whl (150 kB)
[2026-05-16 13:37:47] Collecting fsspec<=2026.2.0,>=2023.1.0 (from fsspec[http]<=2026.2.0,>=2023.1.0->datasets==4.8.4)
[2026-05-16 13:37:47]   Downloading fsspec-2026.2.0-py3-none-any.whl (202 kB)
[2026-05-16 13:37:47] Collecting hf-xet<2.0.0,>=1.4.3 (from huggingface_hub==1.10.1)
[2026-05-16 13:37:47]   Downloading hf_xet-1.5.0-cp37-abi3-manylinux2014_x86_64.manylinux_2_17_x86_64.whl (4.5 MB)
[2026-05-16 13:37:47]      ━━━━━━━━━━━━━━━━━━━━━━━━━━━━━━━━━━━━━━━━ 4.5/4.5 MB 41.0 MB/s  0:00:00
[2026-05-16 13:37:47] Collecting typer (from huggingface_hub==1.10.1)
[2026-05-16 13:37:47]   Downloading typer-0.25.1-py3-none-any.whl (58 kB)
[2026-05-16 13:37:47] Requirement already satisfied: typing-extensions>=4.1.0 in /mnt/workspace/venvs/.venv/lib/python3.12/site-packages (from huggingface_hub==1.10.1) (4.15.0)
[2026-05-16 13:37:47] Collecting hjson (from deepspeed==0.18.9)
[2026-05-16 13:37:47]   Downloading hjson-3.1.0-py3-none-any.whl (54 kB)
[2026-05-16 13:37:47] Collecting msgpack (from deepspeed==0.18.9)
[2026-05-16 13:37:47]   Downloading msgpack-1.1.2-cp312-cp312-manylinux2014_x86_64.manylinux_2_17_x86_64.manylinux_2_28_x86_64.whl (427 kB)
[2026-05-16 13:37:47] Collecting ninja (from deepspeed==0.18.9)
[2026-05-16 13:37:47]   Downloading ninja-1.13.0-py3-none-manylinux2014_x86_64.manylinux_2_17_x86_64.whl (180 kB)
[2026-05-16 13:37:47] Collecting py-cpuinfo (from deepspeed==0.18.9)
[2026-05-16 13:37:47]   Downloading py_cpuinfo-9.0.0-py3-none-any.whl (22 kB)
[2026-05-16 13:37:47] Collecting pydantic>=2.0.0 (from deepspeed==0.18.9)
[2026-05-16 13:37:47]   Downloading pydantic-2.13.4-py3-none-any.whl (472 kB)
[2026-05-16 13:37:47]   Downloading hf_xet-1.5.0-cp37-abi3-manylinux2014_x86_64.manylinux_2_17_x86_64.whl (4.5 MB)
[2026-05-16 13:37:47]      ━━━━━━━━━━━━━━━━━━━━━━━━━━━━━━━━━━━━━━━━ 4.5/4.5 MB 43.0 MB/s  0:00:00
[2026-05-16 13:37:47] Collecting typer (from huggingface_hub==1.10.1)
[2026-05-16 13:37:47]   Downloading typer-0.25.1-py3-none-any.whl (58 kB)
[2026-05-16 13:37:47] Requirement already satisfied: typing-extensions>=4.1.0 in /mnt/workspace/venvs/.venv/lib/python3.12/site-packages (from huggingface_hub==1.10.1) (4.15.0)
[2026-05-16 13:37:47] Collecting hjson (from deepspeed==0.18.9)
[2026-05-16 13:37:47]   Downloading hjson-3.1.0-py3-none-any.whl (54 kB)
[2026-05-16 13:37:47] Collecting msgpack (from deepspeed==0.18.9)
[2026-05-16 13:37:47]   Downloading msgpack-1.1.2-cp312-cp312-manylinux2014_x86_64.manylinux_2_17_x86_64.manylinux_2_28_x86_64.whl (427 kB)
[2026-05-16 13:37:47] Collecting ninja (from deepspeed==0.18.9)
[2026-05-16 13:37:47]   Downloading ninja-1.13.0-py3-none-manylinux2014_x86_64.manylinux_2_17_x86_64.whl (180 kB)
[2026-05-16 13:37:47] Collecting py-cpuinfo (from deepspeed==0.18.9)
[2026-05-16 13:37:47]   Downloading py_cpuinfo-9.0.0-py3-none-any.whl (22 kB)
[2026-05-16 13:37:47] Collecting pydantic>=2.0.0 (from deepspeed==0.18.9)
[2026-05-16 13:37:47]   Downloading pydantic-2.13.4-py3-none-any.whl (472 kB)
[2026-05-16 13:37:47] Collecting attrs>=19.2.0 (from jsonlines==4.0.0)
[2026-05-16 13:37:47]   Downloading attrs-26.1.0-py3-none-any.whl (67 kB)
[2026-05-16 13:37:48] Collecting attrs>=19.2.0 (from jsonlines==4.0.0)
[2026-05-16 13:37:48]   Downloading attrs-26.1.0-py3-none-any.whl (67 kB)
[2026-05-16 13:37:48] Collecting contourpy>=1.0.1 (from matplotlib==3.10.8)
[2026-05-16 13:37:48]   Downloading contourpy-1.3.3-cp312-cp312-manylinux_2_27_x86_64.manylinux_2_28_x86_64.whl (362 kB)
[2026-05-16 13:37:48] Collecting cycler>=0.10 (from matplotlib==3.10.8)
[2026-05-16 13:37:48]   Downloading cycler-0.12.1-py3-none-any.whl (8.3 kB)
[2026-05-16 13:37:48] Collecting fonttools>=4.22.0 (from matplotlib==3.10.8)
[2026-05-16 13:37:48]   Downloading fonttools-4.63.0-cp312-cp312-manylinux2014_x86_64.manylinux_2_17_x86_64.whl (5.0 MB)
[2026-05-16 13:37:48]      ━━━━━━━━━━━━━━━━━━━━━━━━━━━━━━━━━━━━━━━━ 5.0/5.0 MB 36.7 MB/s  0:00:00
[2026-05-16 13:37:48] Collecting kiwisolver>=1.3.1 (from matplotlib==3.10.8)
[2026-05-16 13:37:48]   Downloading kiwisolver-1.5.0-cp312-cp312-manylinux2014_x86_64.manylinux_2_17_x86_64.whl (1.5 MB)
[2026-05-16 13:37:48]      ━━━━━━━━━━━━━━━━━━━━━━━━━━━━━━━━━━━━━━━━ 1.5/1.5 MB 19.9 MB/s  0:00:00
[2026-05-16 13:37:48] Requirement already satisfied: pillow>=8 in /mnt/workspace/venvs/.venv/lib/python3.12/site-packages (from matplotlib==3.10.8) (12.2.0)
[2026-05-16 13:37:48] Collecting pyparsing>=3 (from matplotlib==3.10.8)
[2026-05-16 13:37:48] Collecting contourpy>=1.0.1 (from matplotlib==3.10.8)
[2026-05-16 13:37:48]   Downloading contourpy-1.3.3-cp312-cp312-manylinux_2_27_x86_64.manylinux_2_28_x86_64.whl (362 kB)
[2026-05-16 13:37:48] Collecting cycler>=0.10 (from matplotlib==3.10.8)
[2026-05-16 13:37:48]   Downloading cycler-0.12.1-py3-none-any.whl (8.3 kB)
[2026-05-16 13:37:48] Collecting fonttools>=4.22.0 (from matplotlib==3.10.8)
[2026-05-16 13:37:48]   Downloading fonttools-4.63.0-cp312-cp312-manylinux2014_x86_64.manylinux_2_17_x86_64.whl (5.0 MB)
[2026-05-16 13:37:48]      ━━━━━━━━━━━━━━━━━━━━━━━━━━━━━━━━━━━━━━━━ 5.0/5.0 MB 38.4 MB/s  0:00:00
[2026-05-16 13:37:48] Collecting kiwisolver>=1.3.1 (from matplotlib==3.10.8)
[2026-05-16 13:37:48]   Downloading kiwisolver-1.5.0-cp312-cp312-manylinux2014_x86_64.manylinux_2_17_x86_64.whl (1.5 MB)
[2026-05-16 13:37:48]      ━━━━━━━━━━━━━━━━━━━━━━━━━━━━━━━━━━━━━━━━ 1.5/1.5 MB 26.7 MB/s  0:00:00
[2026-05-16 13:37:48] Requirement already satisfied: pillow>=8 in /mnt/workspace/venvs/.venv/lib/python3.12/site-packages (from matplotlib==3.10.8) (12.2.0)
[2026-05-16 13:37:48] Collecting pyparsing>=3 (from matplotlib==3.10.8)
[2026-05-16 13:37:48]   Downloading pyparsing-3.3.2-py3-none-any.whl (122 kB)
[2026-05-16 13:37:48] Collecting python-dateutil>=2.7 (from matplotlib==3.10.8)
[2026-05-16 13:37:48]   Downloading python_dateutil-2.9.0.post0-py2.py3-none-any.whl (229 kB)
[2026-05-16 13:37:48] Collecting nvidia-ml-py<13.591.0a0,>=11.450.51 (from nvitop==1.6.2)
[2026-05-16 13:37:48]   Downloading nvidia_ml_py-13.590.48-py3-none-any.whl (50 kB)
[2026-05-16 13:37:49]   Downloading pyparsing-3.3.2-py3-none-any.whl (122 kB)
[2026-05-16 13:37:49] Collecting python-dateutil>=2.7 (from matplotlib==3.10.8)
[2026-05-16 13:37:49]   Downloading python_dateutil-2.9.0.post0-py2.py3-none-any.whl (229 kB)
[2026-05-16 13:37:49] Collecting nvidia-ml-py<13.591.0a0,>=11.450.51 (from nvitop==1.6.2)
[2026-05-16 13:37:49]   Downloading nvidia_ml_py-13.590.48-py3-none-any.whl (50 kB)
[2026-05-16 13:37:49] Collecting transformers>=4.29 (from optimum==2.1.0)
[2026-05-16 13:37:49]   Downloading transformers-5.8.1-py3-none-any.whl (10.6 MB)
[2026-05-16 13:37:49]      ━━━━━━━━━━━━━━━━━━━━━━━━━━━━━━━━━━━━━━━━ 10.6/10.6 MB 42.8 MB/s  0:00:00
[2026-05-16 13:37:49] Collecting click>=7.0 (from ray==2.48.0->ray[default]==2.48.0)
[2026-05-16 13:37:49]   Downloading click-8.3.3-py3-none-any.whl (110 kB)
[2026-05-16 13:37:49] Collecting jsonschema (from ray==2.48.0->ray[default]==2.48.0)
[2026-05-16 13:37:49]   Downloading jsonschema-4.26.0-py3-none-any.whl (90 kB)
[2026-05-16 13:37:49] Collecting protobuf!=3.19.5,>=3.15.3 (from ray==2.48.0->ray[default]==2.48.0)
[2026-05-16 13:37:49]   Downloading protobuf-7.34.1-cp310-abi3-manylinux2014_x86_64.whl (324 kB)
[2026-05-16 13:37:49] Collecting absl-py>=0.4 (from tensorboard==2.20.0)
[2026-05-16 13:37:49]   Downloading absl_py-2.4.0-py3-none-any.whl (135 kB)
[2026-05-16 13:37:49] Collecting transformers>=4.29 (from optimum==2.1.0)
[2026-05-16 13:37:49]   Downloading transformers-5.8.1-py3-none-any.whl (10.6 MB)
[2026-05-16 13:37:49]      ━━━━━━━━━━━━━━━━━━━━━━━━━━━━━━━━━━━━━━━━ 10.6/10.6 MB 45.0 MB/s  0:00:00
[2026-05-16 13:37:49] Collecting click>=7.0 (from ray==2.48.0->ray[default]==2.48.0)
[2026-05-16 13:37:49]   Downloading click-8.3.3-py3-none-any.whl (110 kB)
[2026-05-16 13:37:49] Collecting jsonschema (from ray==2.48.0->ray[default]==2.48.0)
[2026-05-16 13:37:49]   Downloading jsonschema-4.26.0-py3-none-any.whl (90 kB)
[2026-05-16 13:37:49] Collecting protobuf!=3.19.5,>=3.15.3 (from ray==2.48.0->ray[default]==2.48.0)
[2026-05-16 13:37:49]   Downloading protobuf-7.34.1-cp310-abi3-manylinux2014_x86_64.whl (324 kB)
[2026-05-16 13:37:49] Collecting absl-py>=0.4 (from tensorboard==2.20.0)
[2026-05-16 13:37:49]   Downloading absl_py-2.4.0-py3-none-any.whl (135 kB)
[2026-05-16 13:37:49] Collecting markdown>=2.6.8 (from tensorboard==2.20.0)
[2026-05-16 13:37:49]   Downloading markdown-3.10.2-py3-none-any.whl (108 kB)
[2026-05-16 13:37:49] Requirement already satisfied: setuptools>=41.0.0 in /mnt/workspace/venvs/.venv/lib/python3.12/site-packages (from tensorboard==2.20.0) (82.0.1)
[2026-05-16 13:37:49] Collecting tensorboard-data-server<0.8.0,>=0.7.0 (from tensorboard==2.20.0)
[2026-05-16 13:37:50] Collecting markdown>=2.6.8 (from tensorboard==2.20.0)
[2026-05-16 13:37:50]   Downloading markdown-3.10.2-py3-none-any.whl (108 kB)
[2026-05-16 13:37:50] Requirement already satisfied: setuptools>=41.0.0 in /mnt/workspace/venvs/.venv/lib/python3.12/site-packages (from tensorboard==2.20.0) (82.0.1)
[2026-05-16 13:37:50] Collecting tensorboard-data-server<0.8.0,>=0.7.0 (from tensorboard==2.20.0)
[2026-05-16 13:37:50]   Downloading tensorboard_data_server-0.7.2-py3-none-manylinux_2_31_x86_64.whl (6.6 MB)
[2026-05-16 13:37:50]      ━━━━━━━━━━━━━━━━━━━━━━━━━━━━━━━━━━━━━━━━ 6.6/6.6 MB 25.9 MB/s  0:00:00
[2026-05-16 13:37:50] Collecting werkzeug>=1.0.1 (from tensorboard==2.20.0)
[2026-05-16 13:37:50]   Downloading werkzeug-3.1.8-py3-none-any.whl (226 kB)
[2026-05-16 13:37:50] Collecting urllib3>=1.25 (from torchdata==0.11.0)
[2026-05-16 13:37:50]   Downloading urllib3-2.7.0-py3-none-any.whl (131 kB)
[2026-05-16 13:37:50] Collecting lightning-utilities>=0.15.3 (from torchmetrics==1.9.0)
[2026-05-16 13:37:50]   Downloading lightning_utilities-0.15.3-py3-none-any.whl (31 kB)
[2026-05-16 13:37:50] Collecting gitpython!=3.1.29,>=1.0.0 (from wandb==0.25.1)
[2026-05-16 13:37:50]   Downloading tensorboard_data_server-0.7.2-py3-none-manylinux_2_31_x86_64.whl (6.6 MB)
[2026-05-16 13:37:50]      ━━━━━━━━━━━━━━━━━━━━━━━━━━━━━━━━━━━━━━━━ 6.6/6.6 MB 38.3 MB/s  0:00:00
[2026-05-16 13:37:50] Collecting werkzeug>=1.0.1 (from tensorboard==2.20.0)
[2026-05-16 13:37:50]   Downloading werkzeug-3.1.8-py3-none-any.whl (226 kB)
[2026-05-16 13:37:50] Collecting urllib3>=1.25 (from torchdata==0.11.0)
[2026-05-16 13:37:50]   Downloading urllib3-2.7.0-py3-none-any.whl (131 kB)
[2026-05-16 13:37:50] Collecting lightning-utilities>=0.15.3 (from torchmetrics==1.9.0)
[2026-05-16 13:37:50]   Downloading lightning_utilities-0.15.3-py3-none-any.whl (31 kB)
[2026-05-16 13:37:50] Collecting gitpython!=3.1.29,>=1.0.0 (from wandb==0.25.1)
[2026-05-16 13:37:50]   Downloading gitpython-3.1.50-py3-none-any.whl (212 kB)
[2026-05-16 13:37:50] Collecting platformdirs (from wandb==0.25.1)
[2026-05-16 13:37:50]   Downloading platformdirs-4.9.6-py3-none-any.whl (21 kB)
[2026-05-16 13:37:50] [2026-05-16 13:37:50,019 AIMaster] (pod_manager.py 415) INFO: Pod Category Summary (Total pods: 2)
[2026-05-16 13:37:50] | Category           |   Count | Percentage   | Pods                                                   |
[2026-05-16 13:37:50] |--------------------|---------|--------------|--------------------------------------------------------|
[2026-05-16 13:37:50] | Running            |       2 | 100.0%       | [dlc1t5kb9mnrnjda-master-0, dlc1t5kb9mnrnjda-worker-0] |
[2026-05-16 13:37:50] | Pending            |       0 | 0.0%         |                                                        |
[2026-05-16 13:37:50] | Succeeded          |       0 | 0.0%         |                                                        |
[2026-05-16 13:37:50] | Failed             |       0 | 0.0%         |                                                        |
[2026-05-16 13:37:50] | Terminating        |       0 | 0.0%         |                                                        |
[2026-05-16 13:37:50] | Scheduler_evicting |       0 | 0.0%         |                                                        |
[2026-05-16 13:37:50] | Aiph_node_error    |       0 | 0.0%         |                                                        |
[2026-05-16 13:37:50] | Unknown            |       0 | 0.0%         |                                                        |
[2026-05-16 13:37:50] 
[2026-05-16 13:37:50] [2026-05-16 13:37:50,019 AIMaster] (job_monitor_controller_k8s.py 1099) INFO: All workers: 2, running: 2, failed: 0, pending: 0
[2026-05-16 13:37:50] [2026-05-16 13:37:50,019 AIMaster] (ops_reported_error_detector.py 103) INFO: Detecting whether the job is affected by errors reported by ops platform.
[2026-05-16 13:37:50] [2026-05-16 13:37:50,054 AIMaster] (aimaster_failover_controller.py 81) INFO: Detecting whether aimaster should be migrated.
[2026-05-16 13:37:51]   Downloading gitpython-3.1.50-py3-none-any.whl (212 kB)
[2026-05-16 13:37:51] Collecting platformdirs (from wandb==0.25.1)
[2026-05-16 13:37:51]   Downloading platformdirs-4.9.6-py3-none-any.whl (21 kB)
[2026-05-16 13:37:51] Collecting protobuf!=3.19.5,>=3.15.3 (from ray==2.48.0->ray[default]==2.48.0)
[2026-05-16 13:37:51]   Downloading protobuf-6.33.6-cp39-abi3-manylinux2014_x86_64.whl (323 kB)
[2026-05-16 13:37:51] Collecting sentry-sdk>=2.0.0 (from wandb==0.25.1)
[2026-05-16 13:37:51]   Downloading sentry_sdk-2.60.0-py3-none-any.whl (475 kB)
[2026-05-16 13:37:51] Collecting protobuf!=3.19.5,>=3.15.3 (from ray==2.48.0->ray[default]==2.48.0)
[2026-05-16 13:37:51]   Downloading protobuf-6.33.6-cp39-abi3-manylinux2014_x86_64.whl (323 kB)
[2026-05-16 13:37:51] Collecting sentry-sdk>=2.0.0 (from wandb==0.25.1)
[2026-05-16 13:37:51]   Downloading sentry_sdk-2.60.0-py3-none-any.whl (475 kB)
[2026-05-16 13:37:51] Collecting aiohttp>=3.7 (from ray[default]==2.48.0)
[2026-05-16 13:37:51]   Downloading aiohttp-3.13.5-cp312-cp312-manylinux2014_x86_64.manylinux_2_17_x86_64.manylinux_2_28_x86_64.whl (1.8 MB)
[2026-05-16 13:37:51]      ━━━━━━━━━━━━━━━━━━━━━━━━━━━━━━━━━━━━━━━━ 1.8/1.8 MB 24.3 MB/s  0:00:00
[2026-05-16 13:37:52] Collecting aiohttp>=3.7 (from ray[default]==2.48.0)
[2026-05-16 13:37:52]   Downloading aiohttp-3.13.5-cp312-cp312-manylinux2014_x86_64.manylinux_2_17_x86_64.manylinux_2_28_x86_64.whl (1.8 MB)
[2026-05-16 13:37:52]      ━━━━━━━━━━━━━━━━━━━━━━━━━━━━━━━━━━━━━━━━ 1.8/1.8 MB 23.5 MB/s  0:00:00
[2026-05-16 13:37:52] Collecting aiohttp_cors (from ray[default]==2.48.0)
[2026-05-16 13:37:52]   Downloading aiohttp_cors-0.8.1-py3-none-any.whl (25 kB)
[2026-05-16 13:37:52] Collecting colorful (from ray[default]==2.48.0)
[2026-05-16 13:37:52]   Downloading colorful-0.5.8-py2.py3-none-any.whl (201 kB)
[2026-05-16 13:37:52] Collecting py-spy>=0.4.0 (from ray[default]==2.48.0)
[2026-05-16 13:37:52]   Downloading py_spy-0.4.2-py2.py3-none-manylinux_2_5_x86_64.manylinux1_x86_64.whl (2.9 MB)
[2026-05-16 13:37:52]      ━━━━━━━━━━━━━━━━━━━━━━━━━━━━━━━━━━━━━━━━ 2.9/2.9 MB 42.2 MB/s  0:00:00
[2026-05-16 13:37:52] Collecting opencensus (from ray[default]==2.48.0)
[2026-05-16 13:37:52]   Downloading opencensus-0.11.4-py2.py3-none-any.whl (128 kB)
[2026-05-16 13:37:52] Collecting opentelemetry-sdk>=1.30.0 (from ray[default]==2.48.0)
[2026-05-16 13:37:52]   Downloading opentelemetry_sdk-1.41.1-py3-none-any.whl (180 kB)
[2026-05-16 13:37:52] Collecting opentelemetry-exporter-prometheus (from ray[default]==2.48.0)
[2026-05-16 13:37:52]   Downloading opentelemetry_exporter_prometheus-0.62b1-py3-none-any.whl (13 kB)
[2026-05-16 13:37:52] Collecting aiohttp_cors (from ray[default]==2.48.0)
[2026-05-16 13:37:52]   Downloading aiohttp_cors-0.8.1-py3-none-any.whl (25 kB)
[2026-05-16 13:37:52] Collecting colorful (from ray[default]==2.48.0)
[2026-05-16 13:37:52]   Downloading colorful-0.5.8-py2.py3-none-any.whl (201 kB)
[2026-05-16 13:37:52] Collecting py-spy>=0.4.0 (from ray[default]==2.48.0)
[2026-05-16 13:37:52]   Downloading py_spy-0.4.2-py2.py3-none-manylinux_2_5_x86_64.manylinux1_x86_64.whl (2.9 MB)
[2026-05-16 13:37:52]      ━━━━━━━━━━━━━━━━━━━━━━━━━━━━━━━━━━━━━━━━ 2.9/2.9 MB 36.3 MB/s  0:00:00
[2026-05-16 13:37:52] Collecting opencensus (from ray[default]==2.48.0)
[2026-05-16 13:37:52]   Downloading opencensus-0.11.4-py2.py3-none-any.whl (128 kB)
[2026-05-16 13:37:52] Collecting opentelemetry-sdk>=1.30.0 (from ray[default]==2.48.0)
[2026-05-16 13:37:52]   Downloading opentelemetry_sdk-1.41.1-py3-none-any.whl (180 kB)
[2026-05-16 13:37:52] Collecting opentelemetry-exporter-prometheus (from ray[default]==2.48.0)
[2026-05-16 13:37:52]   Downloading opentelemetry_exporter_prometheus-0.62b1-py3-none-any.whl (13 kB)
[2026-05-16 13:37:52] Collecting opentelemetry-proto (from ray[default]==2.48.0)
[2026-05-16 13:37:52]   Downloading opentelemetry_proto-1.41.1-py3-none-any.whl (72 kB)
[2026-05-16 13:37:52] Collecting prometheus_client>=0.7.1 (from ray[default]==2.48.0)
[2026-05-16 13:37:52]   Downloading prometheus_client-0.25.0-py3-none-any.whl (64 kB)
[2026-05-16 13:37:52] Collecting smart_open (from ray[default]==2.48.0)
[2026-05-16 13:37:53] Collecting opentelemetry-proto (from ray[default]==2.48.0)
[2026-05-16 13:37:53]   Downloading opentelemetry_proto-1.41.1-py3-none-any.whl (72 kB)
[2026-05-16 13:37:53] Collecting prometheus_client>=0.7.1 (from ray[default]==2.48.0)
[2026-05-16 13:37:53]   Downloading prometheus_client-0.25.0-py3-none-any.whl (64 kB)
[2026-05-16 13:37:53] Collecting smart_open (from ray[default]==2.48.0)
[2026-05-16 13:37:53]   Downloading smart_open-7.6.1-py3-none-any.whl (64 kB)
[2026-05-16 13:37:53] Collecting virtualenv!=20.21.1,>=20.0.24 (from ray[default]==2.48.0)
[2026-05-16 13:37:53]   Downloading virtualenv-21.3.3-py3-none-any.whl (7.6 MB)
[2026-05-16 13:37:53]      ━━━━━━━━━━━━━━━━━━━━━━━━━━━━━━━━━━━━━━━━ 7.6/7.6 MB 46.6 MB/s  0:00:00
[2026-05-16 13:37:53] Collecting anyio (from httpx<1.0.0->datasets==4.8.4)
[2026-05-16 13:37:53]   Downloading anyio-4.13.0-py3-none-any.whl (114 kB)
[2026-05-16 13:37:53] Collecting certifi (from httpx<1.0.0->datasets==4.8.4)
[2026-05-16 13:37:53]   Downloading certifi-2026.4.22-py3-none-any.whl (135 kB)
[2026-05-16 13:37:53] Collecting httpcore==1.* (from httpx<1.0.0->datasets==4.8.4)
[2026-05-16 13:37:53]   Downloading httpcore-1.0.9-py3-none-any.whl (78 kB)
[2026-05-16 13:37:53] Collecting idna (from httpx<1.0.0->datasets==4.8.4)
[2026-05-16 13:37:53]   Downloading idna-3.15-py3-none-any.whl (72 kB)
[2026-05-16 13:37:53] Collecting h11>=0.16 (from httpcore==1.*->httpx<1.0.0->datasets==4.8.4)
[2026-05-16 13:37:53]   Downloading h11-0.16.0-py3-none-any.whl (37 kB)
[2026-05-16 13:37:53] Collecting annotated-types>=0.6.0 (from pydantic>=2.0.0->deepspeed==0.18.9)
[2026-05-16 13:37:53]   Downloading annotated_types-0.7.0-py3-none-any.whl (13 kB)
[2026-05-16 13:37:53]   Downloading smart_open-7.6.1-py3-none-any.whl (64 kB)
[2026-05-16 13:37:53] Collecting virtualenv!=20.21.1,>=20.0.24 (from ray[default]==2.48.0)
[2026-05-16 13:37:53]   Downloading virtualenv-21.3.3-py3-none-any.whl (7.6 MB)
[2026-05-16 13:37:53]      ━━━━━━━━━━━━━━━━━━━━━━━━━━━━━━━━━━━━━━━━ 7.6/7.6 MB 35.2 MB/s  0:00:00
[2026-05-16 13:37:53] Collecting anyio (from httpx<1.0.0->datasets==4.8.4)
[2026-05-16 13:37:53]   Downloading anyio-4.13.0-py3-none-any.whl (114 kB)
[2026-05-16 13:37:53] Collecting certifi (from httpx<1.0.0->datasets==4.8.4)
[2026-05-16 13:37:53]   Downloading certifi-2026.4.22-py3-none-any.whl (135 kB)
[2026-05-16 13:37:53] Collecting httpcore==1.* (from httpx<1.0.0->datasets==4.8.4)
[2026-05-16 13:37:53]   Downloading httpcore-1.0.9-py3-none-any.whl (78 kB)
[2026-05-16 13:37:53] Collecting idna (from httpx<1.0.0->datasets==4.8.4)
[2026-05-16 13:37:53]   Downloading idna-3.15-py3-none-any.whl (72 kB)
[2026-05-16 13:37:53] Collecting h11>=0.16 (from httpcore==1.*->httpx<1.0.0->datasets==4.8.4)
[2026-05-16 13:37:53]   Downloading h11-0.16.0-py3-none-any.whl (37 kB)
[2026-05-16 13:37:53] Collecting annotated-types>=0.6.0 (from pydantic>=2.0.0->deepspeed==0.18.9)
[2026-05-16 13:37:53]   Downloading annotated_types-0.7.0-py3-none-any.whl (13 kB)
[2026-05-16 13:37:54] Collecting pydantic-core==2.46.4 (from pydantic>=2.0.0->deepspeed==0.18.9)
[2026-05-16 13:37:54]   Downloading pydantic_core-2.46.4-cp312-cp312-manylinux_2_17_x86_64.manylinux2014_x86_64.whl (2.1 MB)
[2026-05-16 13:37:54]      ━━━━━━━━━━━━━━━━━━━━━━━━━━━━━━━━━━━━━━━━ 2.1/2.1 MB 43.2 MB/s  0:00:00
[2026-05-16 13:37:54] Collecting typing-inspection>=0.4.2 (from pydantic>=2.0.0->deepspeed==0.18.9)
[2026-05-16 13:37:54]   Downloading typing_inspection-0.4.2-py3-none-any.whl (14 kB)
[2026-05-16 13:37:54] Collecting pydantic-core==2.46.4 (from pydantic>=2.0.0->deepspeed==0.18.9)
[2026-05-16 13:37:54]   Downloading pydantic_core-2.46.4-cp312-cp312-manylinux_2_17_x86_64.manylinux2014_x86_64.whl (2.1 MB)
[2026-05-16 13:37:54]      ━━━━━━━━━━━━━━━━━━━━━━━━━━━━━━━━━━━━━━━━ 2.1/2.1 MB 41.0 MB/s  0:00:00
[2026-05-16 13:37:54] Collecting typing-inspection>=0.4.2 (from pydantic>=2.0.0->deepspeed==0.18.9)
[2026-05-16 13:37:54]   Downloading typing_inspection-0.4.2-py3-none-any.whl (14 kB)
[2026-05-16 13:37:54] Collecting charset_normalizer<4,>=2 (from requests>=2.32.2->datasets==4.8.4)
[2026-05-16 13:37:55]   Downloading charset_normalizer-3.4.7-cp312-cp312-manylinux2014_x86_64.manylinux_2_17_x86_64.manylinux_2_28_x86_64.whl (216 kB)
[2026-05-16 13:37:55] Requirement already satisfied: networkx in /mnt/workspace/venvs/.venv/lib/python3.12/site-packages (from torch>=2.0.0->accelerate==1.13.0) (3.6.1)
[2026-05-16 13:37:55] Requirement already satisfied: jinja2 in /mnt/workspace/venvs/.venv/lib/python3.12/site-packages (from torch>=2.0.0->accelerate==1.13.0) (3.1.6)
[2026-05-16 13:37:55] Requirement already satisfied: nvidia-cuda-nvrtc-cu12==12.4.127 in /mnt/workspace/venvs/.venv/lib/python3.12/site-packages (from torch>=2.0.0->accelerate==1.13.0) (12.4.127)
[2026-05-16 13:37:55] Requirement already satisfied: nvidia-cuda-runtime-cu12==12.4.127 in /mnt/workspace/venvs/.venv/lib/python3.12/site-packages (from torch>=2.0.0->accelerate==1.13.0) (12.4.127)
[2026-05-16 13:37:55] Requirement already satisfied: nvidia-cuda-cupti-cu12==12.4.127 in /mnt/workspace/venvs/.venv/lib/python3.12/site-packages (from torch>=2.0.0->accelerate==1.13.0) (12.4.127)
[2026-05-16 13:37:55] Requirement already satisfied: nvidia-cudnn-cu12==9.1.0.70 in /mnt/workspace/venvs/.venv/lib/python3.12/site-packages (from torch>=2.0.0->accelerate==1.13.0) (9.1.0.70)
[2026-05-16 13:37:55] Requirement already satisfied: nvidia-cublas-cu12==12.4.5.8 in /mnt/workspace/venvs/.venv/lib/python3.12/site-packages (from torch>=2.0.0->accelerate==1.13.0) (12.4.5.8)
[2026-05-16 13:37:55] Requirement already satisfied: nvidia-cufft-cu12==11.2.1.3 in /mnt/workspace/venvs/.venv/lib/python3.12/site-packages (from torch>=2.0.0->accelerate==1.13.0) (11.2.1.3)
[2026-05-16 13:37:55] Requirement already satisfied: nvidia-curand-cu12==10.3.5.147 in /mnt/workspace/venvs/.venv/lib/python3.12/site-packages (from torch>=2.0.0->accelerate==1.13.0) (10.3.5.147)
[2026-05-16 13:37:55] Requirement already satisfied: nvidia-cusolver-cu12==11.6.1.9 in /mnt/workspace/venvs/.venv/lib/python3.12/site-packages (from torch>=2.0.0->accelerate==1.13.0) (11.6.1.9)
[2026-05-16 13:37:55] Requirement already satisfied: nvidia-cusparse-cu12==12.3.1.170 in /mnt/workspace/venvs/.venv/lib/python3.12/site-packages (from torch>=2.0.0->accelerate==1.13.0) (12.3.1.170)
[2026-05-16 13:37:55] Requirement already satisfied: nvidia-nccl-cu12==2.21.5 in /mnt/workspace/venvs/.venv/lib/python3.12/site-packages (from torch>=2.0.0->accelerate==1.13.0) (2.21.5)
[2026-05-16 13:37:55] Requirement already satisfied: nvidia-nvtx-cu12==12.4.127 in /mnt/workspace/venvs/.venv/lib/python3.12/site-packages (from torch>=2.0.0->accelerate==1.13.0) (12.4.127)
[2026-05-16 13:37:55] Requirement already satisfied: nvidia-nvjitlink-cu12==12.4.127 in /mnt/workspace/venvs/.venv/lib/python3.12/site-packages (from torch>=2.0.0->accelerate==1.13.0) (12.4.127)
[2026-05-16 13:37:55] Requirement already satisfied: triton==3.1.0 in /mnt/workspace/venvs/.venv/lib/python3.12/site-packages (from torch>=2.0.0->accelerate==1.13.0) (3.1.0)
[2026-05-16 13:37:55] Requirement already satisfied: sympy==1.13.1 in /mnt/workspace/venvs/.venv/lib/python3.12/site-packages (from torch>=2.0.0->accelerate==1.13.0) (1.13.1)
[2026-05-16 13:37:55] Requirement already satisfied: mpmath<1.4,>=1.1.0 in /mnt/workspace/venvs/.venv/lib/python3.12/site-packages (from sympy==1.13.1->torch>=2.0.0->accelerate==1.13.0) (1.3.0)
[2026-05-16 13:37:55] Collecting aiohappyeyeballs>=2.5.0 (from aiohttp>=3.7->ray[default]==2.48.0)
[2026-05-16 13:37:55]   Downloading aiohappyeyeballs-2.6.1-py3-none-any.whl (15 kB)
[2026-05-16 13:37:55] Collecting aiosignal>=1.4.0 (from aiohttp>=3.7->ray[default]==2.48.0)
[2026-05-16 13:37:55]   Downloading aiosignal-1.4.0-py3-none-any.whl (7.5 kB)
[2026-05-16 13:37:55] Collecting frozenlist>=1.1.1 (from aiohttp>=3.7->ray[default]==2.48.0)
[2026-05-16 13:37:55]   Downloading frozenlist-1.8.0-cp312-cp312-manylinux1_x86_64.manylinux_2_28_x86_64.manylinux_2_5_x86_64.whl (242 kB)
[2026-05-16 13:37:55] Collecting multidict<7.0,>=4.5 (from aiohttp>=3.7->ray[default]==2.48.0)
[2026-05-16 13:37:55]   Downloading multidict-6.7.1-cp312-cp312-manylinux2014_x86_64.manylinux_2_17_x86_64.manylinux_2_28_x86_64.whl (256 kB)
[2026-05-16 13:37:55] Collecting propcache>=0.2.0 (from aiohttp>=3.7->ray[default]==2.48.0)
[2026-05-16 13:37:55]   Downloading propcache-0.5.2-cp312-cp312-manylinux2014_x86_64.manylinux_2_17_x86_64.manylinux_2_28_x86_64.whl (61 kB)
[2026-05-16 13:37:55] Collecting yarl<2.0,>=1.17.0 (from aiohttp>=3.7->ray[default]==2.48.0)
[2026-05-16 13:37:55] Collecting charset_normalizer<4,>=2 (from requests>=2.32.2->datasets==4.8.4)
[2026-05-16 13:37:55]   Downloading charset_normalizer-3.4.7-cp312-cp312-manylinux2014_x86_64.manylinux_2_17_x86_64.manylinux_2_28_x86_64.whl (216 kB)
[2026-05-16 13:37:55] Requirement already satisfied: networkx in /mnt/workspace/venvs/.venv/lib/python3.12/site-packages (from torch>=2.0.0->accelerate==1.13.0) (3.6.1)
[2026-05-16 13:37:55] Requirement already satisfied: jinja2 in /mnt/workspace/venvs/.venv/lib/python3.12/site-packages (from torch>=2.0.0->accelerate==1.13.0) (3.1.6)
[2026-05-16 13:37:55] Requirement already satisfied: nvidia-cuda-nvrtc-cu12==12.4.127 in /mnt/workspace/venvs/.venv/lib/python3.12/site-packages (from torch>=2.0.0->accelerate==1.13.0) (12.4.127)
[2026-05-16 13:37:55] Requirement already satisfied: nvidia-cuda-runtime-cu12==12.4.127 in /mnt/workspace/venvs/.venv/lib/python3.12/site-packages (from torch>=2.0.0->accelerate==1.13.0) (12.4.127)
[2026-05-16 13:37:55] Requirement already satisfied: nvidia-cuda-cupti-cu12==12.4.127 in /mnt/workspace/venvs/.venv/lib/python3.12/site-packages (from torch>=2.0.0->accelerate==1.13.0) (12.4.127)
[2026-05-16 13:37:55] Requirement already satisfied: nvidia-cudnn-cu12==9.1.0.70 in /mnt/workspace/venvs/.venv/lib/python3.12/site-packages (from torch>=2.0.0->accelerate==1.13.0) (9.1.0.70)
[2026-05-16 13:37:55] Requirement already satisfied: nvidia-cublas-cu12==12.4.5.8 in /mnt/workspace/venvs/.venv/lib/python3.12/site-packages (from torch>=2.0.0->accelerate==1.13.0) (12.4.5.8)
[2026-05-16 13:37:55] Requirement already satisfied: nvidia-cufft-cu12==11.2.1.3 in /mnt/workspace/venvs/.venv/lib/python3.12/site-packages (from torch>=2.0.0->accelerate==1.13.0) (11.2.1.3)
[2026-05-16 13:37:55] Requirement already satisfied: nvidia-curand-cu12==10.3.5.147 in /mnt/workspace/venvs/.venv/lib/python3.12/site-packages (from torch>=2.0.0->accelerate==1.13.0) (10.3.5.147)
[2026-05-16 13:37:55] Requirement already satisfied: nvidia-cusolver-cu12==11.6.1.9 in /mnt/workspace/venvs/.venv/lib/python3.12/site-packages (from torch>=2.0.0->accelerate==1.13.0) (11.6.1.9)
[2026-05-16 13:37:55] Requirement already satisfied: nvidia-cusparse-cu12==12.3.1.170 in /mnt/workspace/venvs/.venv/lib/python3.12/site-packages (from torch>=2.0.0->accelerate==1.13.0) (12.3.1.170)
[2026-05-16 13:37:55] Requirement already satisfied: nvidia-nccl-cu12==2.21.5 in /mnt/workspace/venvs/.venv/lib/python3.12/site-packages (from torch>=2.0.0->accelerate==1.13.0) (2.21.5)
[2026-05-16 13:37:55] Requirement already satisfied: nvidia-nvtx-cu12==12.4.127 in /mnt/workspace/venvs/.venv/lib/python3.12/site-packages (from torch>=2.0.0->accelerate==1.13.0) (12.4.127)
[2026-05-16 13:37:55] Requirement already satisfied: nvidia-nvjitlink-cu12==12.4.127 in /mnt/workspace/venvs/.venv/lib/python3.12/site-packages (from torch>=2.0.0->accelerate==1.13.0) (12.4.127)
[2026-05-16 13:37:55] Requirement already satisfied: triton==3.1.0 in /mnt/workspace/venvs/.venv/lib/python3.12/site-packages (from torch>=2.0.0->accelerate==1.13.0) (3.1.0)
[2026-05-16 13:37:55] Requirement already satisfied: sympy==1.13.1 in /mnt/workspace/venvs/.venv/lib/python3.12/site-packages (from torch>=2.0.0->accelerate==1.13.0) (1.13.1)
[2026-05-16 13:37:55] Requirement already satisfied: mpmath<1.4,>=1.1.0 in /mnt/workspace/venvs/.venv/lib/python3.12/site-packages (from sympy==1.13.1->torch>=2.0.0->accelerate==1.13.0) (1.3.0)
[2026-05-16 13:37:55] Collecting aiohappyeyeballs>=2.5.0 (from aiohttp>=3.7->ray[default]==2.48.0)
[2026-05-16 13:37:55]   Downloading aiohappyeyeballs-2.6.1-py3-none-any.whl (15 kB)
[2026-05-16 13:37:55] Collecting aiosignal>=1.4.0 (from aiohttp>=3.7->ray[default]==2.48.0)
[2026-05-16 13:37:55]   Downloading aiosignal-1.4.0-py3-none-any.whl (7.5 kB)
[2026-05-16 13:37:55] Collecting frozenlist>=1.1.1 (from aiohttp>=3.7->ray[default]==2.48.0)
[2026-05-16 13:37:55]   Downloading frozenlist-1.8.0-cp312-cp312-manylinux1_x86_64.manylinux_2_28_x86_64.manylinux_2_5_x86_64.whl (242 kB)
[2026-05-16 13:37:55] Collecting multidict<7.0,>=4.5 (from aiohttp>=3.7->ray[default]==2.48.0)
[2026-05-16 13:37:55]   Downloading multidict-6.7.1-cp312-cp312-manylinux2014_x86_64.manylinux_2_17_x86_64.manylinux_2_28_x86_64.whl (256 kB)
[2026-05-16 13:37:55] Collecting propcache>=0.2.0 (from aiohttp>=3.7->ray[default]==2.48.0)
[2026-05-16 13:37:55]   Downloading propcache-0.5.2-cp312-cp312-manylinux2014_x86_64.manylinux_2_17_x86_64.manylinux_2_28_x86_64.whl (61 kB)
[2026-05-16 13:37:56]   Downloading yarl-1.23.0-cp312-cp312-manylinux2014_x86_64.manylinux_2_17_x86_64.manylinux_2_28_x86_64.whl (100 kB)
[2026-05-16 13:37:56] Collecting gitdb<5,>=4.0.1 (from gitpython!=3.1.29,>=1.0.0->wandb==0.25.1)
[2026-05-16 13:37:56]   Downloading gitdb-4.0.12-py3-none-any.whl (62 kB)
[2026-05-16 13:37:56] Collecting smmap<6,>=3.0.1 (from gitdb<5,>=4.0.1->gitpython!=3.1.29,>=1.0.0->wandb==0.25.1)
[2026-05-16 13:37:56]   Downloading smmap-5.0.3-py3-none-any.whl (24 kB)
[2026-05-16 13:37:56] Collecting opentelemetry-api==1.41.1 (from opentelemetry-sdk>=1.30.0->ray[default]==2.48.0)
[2026-05-16 13:37:56]   Downloading opentelemetry_api-1.41.1-py3-none-any.whl (69 kB)
[2026-05-16 13:37:56] Collecting opentelemetry-semantic-conventions==0.62b1 (from opentelemetry-sdk>=1.30.0->ray[default]==2.48.0)
[2026-05-16 13:37:56]   Downloading opentelemetry_semantic_conventions-0.62b1-py3-none-any.whl (231 kB)
[2026-05-16 13:37:56] Collecting importlib-metadata<8.8.0,>=6.0 (from opentelemetry-api==1.41.1->opentelemetry-sdk>=1.30.0->ray[default]==2.48.0)
[2026-05-16 13:37:56]   Downloading importlib_metadata-8.7.1-py3-none-any.whl (27 kB)
[2026-05-16 13:37:56] Collecting zipp>=3.20 (from importlib-metadata<8.8.0,>=6.0->opentelemetry-api==1.41.1->opentelemetry-sdk>=1.30.0->ray[default]==2.48.0)
[2026-05-16 13:37:56]   Downloading zipp-3.23.1-py3-none-any.whl (10 kB)
[2026-05-16 13:37:56] Collecting six>=1.5 (from python-dateutil>=2.7->matplotlib==3.10.8)
[2026-05-16 13:37:56]   Downloading six-1.17.0-py2.py3-none-any.whl (11 kB)
[2026-05-16 13:37:56] Collecting yarl<2.0,>=1.17.0 (from aiohttp>=3.7->ray[default]==2.48.0)
[2026-05-16 13:37:56]   Downloading yarl-1.23.0-cp312-cp312-manylinux2014_x86_64.manylinux_2_17_x86_64.manylinux_2_28_x86_64.whl (100 kB)
[2026-05-16 13:37:56] Collecting gitdb<5,>=4.0.1 (from gitpython!=3.1.29,>=1.0.0->wandb==0.25.1)
[2026-05-16 13:37:56]   Downloading gitdb-4.0.12-py3-none-any.whl (62 kB)
[2026-05-16 13:37:56] Collecting smmap<6,>=3.0.1 (from gitdb<5,>=4.0.1->gitpython!=3.1.29,>=1.0.0->wandb==0.25.1)
[2026-05-16 13:37:56]   Downloading smmap-5.0.3-py3-none-any.whl (24 kB)
[2026-05-16 13:37:56] Collecting opentelemetry-api==1.41.1 (from opentelemetry-sdk>=1.30.0->ray[default]==2.48.0)
[2026-05-16 13:37:56]   Downloading opentelemetry_api-1.41.1-py3-none-any.whl (69 kB)
[2026-05-16 13:37:56] Collecting opentelemetry-semantic-conventions==0.62b1 (from opentelemetry-sdk>=1.30.0->ray[default]==2.48.0)
[2026-05-16 13:37:56]   Downloading opentelemetry_semantic_conventions-0.62b1-py3-none-any.whl (231 kB)
[2026-05-16 13:37:56] Collecting importlib-metadata<8.8.0,>=6.0 (from opentelemetry-api==1.41.1->opentelemetry-sdk>=1.30.0->ray[default]==2.48.0)
[2026-05-16 13:37:56]   Downloading importlib_metadata-8.7.1-py3-none-any.whl (27 kB)
[2026-05-16 13:37:56] Collecting zipp>=3.20 (from importlib-metadata<8.8.0,>=6.0->opentelemetry-api==1.41.1->opentelemetry-sdk>=1.30.0->ray[default]==2.48.0)
[2026-05-16 13:37:56]   Downloading zipp-3.23.1-py3-none-any.whl (10 kB)
[2026-05-16 13:37:56] Collecting six>=1.5 (from python-dateutil>=2.7->matplotlib==3.10.8)
[2026-05-16 13:37:56]   Downloading six-1.17.0-py2.py3-none-any.whl (11 kB)
[2026-05-16 13:37:57] Collecting regex>=2025.10.22 (from transformers>=4.29->optimum==2.1.0)
[2026-05-16 13:37:57]   Downloading regex-2026.5.9-cp312-cp312-manylinux2014_x86_64.manylinux_2_17_x86_64.manylinux_2_28_x86_64.whl (801 kB)
[2026-05-16 13:37:57]      ━━━━━━━━━━━━━━━━━━━━━━━━━━━━━━━━━━━━━━━━ 801.2/801.2 kB 41.2 MB/s  0:00:00
[2026-05-16 13:37:57] Collecting distlib<1,>=0.3.7 (from virtualenv!=20.21.1,>=20.0.24->ray[default]==2.48.0)
[2026-05-16 13:37:57]   Downloading distlib-0.4.0-py2.py3-none-any.whl (469 kB)
[2026-05-16 13:37:57] Collecting python-discovery>=1.3.1 (from virtualenv!=20.21.1,>=20.0.24->ray[default]==2.48.0)
[2026-05-16 13:37:57]   Downloading python_discovery-1.3.1-py3-none-any.whl (33 kB)
[2026-05-16 13:37:57] Requirement already satisfied: markupsafe>=2.1.1 in /mnt/workspace/venvs/.venv/lib/python3.12/site-packages (from werkzeug>=1.0.1->tensorboard==2.20.0) (3.0.3)
[2026-05-16 13:37:57] Collecting jsonschema-specifications>=2023.03.6 (from jsonschema->ray==2.48.0->ray[default]==2.48.0)
[2026-05-16 13:37:57]   Downloading jsonschema_specifications-2025.9.1-py3-none-any.whl (18 kB)
[2026-05-16 13:37:57] Collecting referencing>=0.28.4 (from jsonschema->ray==2.48.0->ray[default]==2.48.0)
[2026-05-16 13:37:57]   Downloading referencing-0.37.0-py3-none-any.whl (26 kB)
[2026-05-16 13:37:57] Collecting rpds-py>=0.25.0 (from jsonschema->ray==2.48.0->ray[default]==2.48.0)
[2026-05-16 13:37:57]   Downloading rpds_py-0.30.0-cp312-cp312-manylinux_2_17_x86_64.manylinux2014_x86_64.whl (394 kB)
[2026-05-16 13:37:57] Collecting opencensus-context>=0.1.3 (from opencensus->ray[default]==2.48.0)
[2026-05-16 13:37:57]   Downloading opencensus_context-0.1.3-py2.py3-none-any.whl (5.1 kB)
[2026-05-16 13:37:57] Collecting google-api-core<3.0.0,>=1.0.0 (from opencensus->ray[default]==2.48.0)
[2026-05-16 13:37:57]   Downloading google_api_core-2.30.3-py3-none-any.whl (173 kB)
[2026-05-16 13:37:57] Collecting regex>=2025.10.22 (from transformers>=4.29->optimum==2.1.0)
[2026-05-16 13:37:57]   Downloading regex-2026.5.9-cp312-cp312-manylinux2014_x86_64.manylinux_2_17_x86_64.manylinux_2_28_x86_64.whl (801 kB)
[2026-05-16 13:37:57]      ━━━━━━━━━━━━━━━━━━━━━━━━━━━━━━━━━━━━━━━━ 801.2/801.2 kB 42.0 MB/s  0:00:00
[2026-05-16 13:37:57] Collecting distlib<1,>=0.3.7 (from virtualenv!=20.21.1,>=20.0.24->ray[default]==2.48.0)
[2026-05-16 13:37:57]   Downloading distlib-0.4.0-py2.py3-none-any.whl (469 kB)
[2026-05-16 13:37:57] Collecting python-discovery>=1.3.1 (from virtualenv!=20.21.1,>=20.0.24->ray[default]==2.48.0)
[2026-05-16 13:37:57]   Downloading python_discovery-1.3.1-py3-none-any.whl (33 kB)
[2026-05-16 13:37:57] Requirement already satisfied: markupsafe>=2.1.1 in /mnt/workspace/venvs/.venv/lib/python3.12/site-packages (from werkzeug>=1.0.1->tensorboard==2.20.0) (3.0.3)
[2026-05-16 13:37:57] Collecting jsonschema-specifications>=2023.03.6 (from jsonschema->ray==2.48.0->ray[default]==2.48.0)
[2026-05-16 13:37:57]   Downloading jsonschema_specifications-2025.9.1-py3-none-any.whl (18 kB)
[2026-05-16 13:37:57] Collecting referencing>=0.28.4 (from jsonschema->ray==2.48.0->ray[default]==2.48.0)
[2026-05-16 13:37:57]   Downloading referencing-0.37.0-py3-none-any.whl (26 kB)
[2026-05-16 13:37:57] Collecting rpds-py>=0.25.0 (from jsonschema->ray==2.48.0->ray[default]==2.48.0)
[2026-05-16 13:37:57]   Downloading rpds_py-0.30.0-cp312-cp312-manylinux_2_17_x86_64.manylinux2014_x86_64.whl (394 kB)
[2026-05-16 13:37:57] Collecting opencensus-context>=0.1.3 (from opencensus->ray[default]==2.48.0)
[2026-05-16 13:37:58] Collecting googleapis-common-protos<2.0.0,>=1.63.2 (from google-api-core<3.0.0,>=1.0.0->opencensus->ray[default]==2.48.0)
[2026-05-16 13:37:58]   Downloading googleapis_common_protos-1.75.0-py3-none-any.whl (300 kB)
[2026-05-16 13:37:58] Collecting proto-plus<2.0.0,>=1.22.3 (from google-api-core<3.0.0,>=1.0.0->opencensus->ray[default]==2.48.0)
[2026-05-16 13:37:58]   Downloading proto_plus-1.28.0-py3-none-any.whl (50 kB)
[2026-05-16 13:37:58] Collecting google-auth<3.0.0,>=2.14.1 (from google-api-core<3.0.0,>=1.0.0->opencensus->ray[default]==2.48.0)
[2026-05-16 13:37:58]   Downloading google_auth-2.53.0-py3-none-any.whl (246 kB)
[2026-05-16 13:37:58] Collecting pyasn1-modules>=0.2.1 (from google-auth<3.0.0,>=2.14.1->google-api-core<3.0.0,>=1.0.0->opencensus->ray[default]==2.48.0)
[2026-05-16 13:37:58]   Downloading pyasn1_modules-0.4.2-py3-none-any.whl (181 kB)
[2026-05-16 13:37:58] Collecting cryptography>=38.0.3 (from google-auth<3.0.0,>=2.14.1->google-api-core<3.0.0,>=1.0.0->opencensus->ray[default]==2.48.0)
[2026-05-16 13:37:58]   Downloading cryptography-48.0.0-cp311-abi3-manylinux_2_34_x86_64.whl (4.7 MB)
[2026-05-16 13:37:58]      ━━━━━━━━━━━━━━━━━━━━━━━━━━━━━━━━━━━━━━━━ 4.7/4.7 MB 26.4 MB/s  0:00:00
[2026-05-16 13:37:58] Collecting cffi>=2.0.0 (from cryptography>=38.0.3->google-auth<3.0.0,>=2.14.1->google-api-core<3.0.0,>=1.0.0->opencensus->ray[default]==2.48.0)
[2026-05-16 13:37:58]   Downloading cffi-2.0.0-cp312-cp312-manylinux2014_x86_64.manylinux_2_17_x86_64.whl (219 kB)
[2026-05-16 13:37:58]   Downloading opencensus_context-0.1.3-py2.py3-none-any.whl (5.1 kB)
[2026-05-16 13:37:58] Collecting google-api-core<3.0.0,>=1.0.0 (from opencensus->ray[default]==2.48.0)
[2026-05-16 13:37:58]   Downloading google_api_core-2.30.3-py3-none-any.whl (173 kB)
[2026-05-16 13:37:58] Collecting googleapis-common-protos<2.0.0,>=1.63.2 (from google-api-core<3.0.0,>=1.0.0->opencensus->ray[default]==2.48.0)
[2026-05-16 13:37:58]   Downloading googleapis_common_protos-1.75.0-py3-none-any.whl (300 kB)
[2026-05-16 13:37:58] Collecting proto-plus<2.0.0,>=1.22.3 (from google-api-core<3.0.0,>=1.0.0->opencensus->ray[default]==2.48.0)
[2026-05-16 13:37:58]   Downloading proto_plus-1.28.0-py3-none-any.whl (50 kB)
[2026-05-16 13:37:58] Collecting google-auth<3.0.0,>=2.14.1 (from google-api-core<3.0.0,>=1.0.0->opencensus->ray[default]==2.48.0)
[2026-05-16 13:37:58]   Downloading google_auth-2.53.0-py3-none-any.whl (246 kB)
[2026-05-16 13:37:58] Collecting pyasn1-modules>=0.2.1 (from google-auth<3.0.0,>=2.14.1->google-api-core<3.0.0,>=1.0.0->opencensus->ray[default]==2.48.0)
[2026-05-16 13:37:58]   Downloading pyasn1_modules-0.4.2-py3-none-any.whl (181 kB)
[2026-05-16 13:37:58] Collecting cryptography>=38.0.3 (from google-auth<3.0.0,>=2.14.1->google-api-core<3.0.0,>=1.0.0->opencensus->ray[default]==2.48.0)
[2026-05-16 13:37:58]   Downloading cryptography-48.0.0-cp311-abi3-manylinux_2_34_x86_64.whl (4.7 MB)
[2026-05-16 13:37:58]      ━━━━━━━━━━━━━━━━━━━━━━━━━━━━━━━━━━━━━━━━ 4.7/4.7 MB 26.7 MB/s  0:00:00
[2026-05-16 13:37:59] Collecting pycparser (from cffi>=2.0.0->cryptography>=38.0.3->google-auth<3.0.0,>=2.14.1->google-api-core<3.0.0,>=1.0.0->opencensus->ray[default]==2.48.0)
[2026-05-16 13:37:59]   Downloading pycparser-3.0-py3-none-any.whl (48 kB)
[2026-05-16 13:37:59] Collecting pyasn1<0.7.0,>=0.6.1 (from pyasn1-modules>=0.2.1->google-auth<3.0.0,>=2.14.1->google-api-core<3.0.0,>=1.0.0->opencensus->ray[default]==2.48.0)
[2026-05-16 13:37:59]   Downloading pyasn1-0.6.3-py3-none-any.whl (83 kB)
[2026-05-16 13:37:59] Collecting wrapt (from smart_open->ray[default]==2.48.0)
[2026-05-16 13:37:59]   Downloading wrapt-2.1.2-cp312-cp312-manylinux1_x86_64.manylinux_2_28_x86_64.manylinux_2_5_x86_64.whl (121 kB)
[2026-05-16 13:37:59] Collecting shellingham>=1.3.0 (from typer->huggingface_hub==1.10.1)
[2026-05-16 13:37:59]   Downloading shellingham-1.5.4-py2.py3-none-any.whl (9.8 kB)
[2026-05-16 13:37:59] Collecting rich>=13.8.0 (from typer->huggingface_hub==1.10.1)
[2026-05-16 13:37:59]   Downloading rich-15.0.0-py3-none-any.whl (310 kB)
[2026-05-16 13:37:59] Collecting annotated-doc>=0.0.2 (from typer->huggingface_hub==1.10.1)
[2026-05-16 13:37:59]   Downloading annotated_doc-0.0.4-py3-none-any.whl (5.3 kB)
[2026-05-16 13:37:59] Collecting markdown-it-py>=2.2.0 (from rich>=13.8.0->typer->huggingface_hub==1.10.1)
[2026-05-16 13:37:59]   Downloading markdown_it_py-4.2.0-py3-none-any.whl (91 kB)
[2026-05-16 13:37:59] Collecting pygments<3.0.0,>=2.13.0 (from rich>=13.8.0->typer->huggingface_hub==1.10.1)
[2026-05-16 13:37:59]   Downloading pygments-2.20.0-py3-none-any.whl (1.2 MB)
[2026-05-16 13:37:59]      ━━━━━━━━━━━━━━━━━━━━━━━━━━━━━━━━━━━━━━━━ 1.2/1.2 MB 38.1 MB/s  0:00:00
[2026-05-16 13:37:59] Collecting cffi>=2.0.0 (from cryptography>=38.0.3->google-auth<3.0.0,>=2.14.1->google-api-core<3.0.0,>=1.0.0->opencensus->ray[default]==2.48.0)
[2026-05-16 13:37:59]   Downloading cffi-2.0.0-cp312-cp312-manylinux2014_x86_64.manylinux_2_17_x86_64.whl (219 kB)
[2026-05-16 13:37:59] Collecting pycparser (from cffi>=2.0.0->cryptography>=38.0.3->google-auth<3.0.0,>=2.14.1->google-api-core<3.0.0,>=1.0.0->opencensus->ray[default]==2.48.0)
[2026-05-16 13:37:59]   Downloading pycparser-3.0-py3-none-any.whl (48 kB)
[2026-05-16 13:37:59] Collecting pyasn1<0.7.0,>=0.6.1 (from pyasn1-modules>=0.2.1->google-auth<3.0.0,>=2.14.1->google-api-core<3.0.0,>=1.0.0->opencensus->ray[default]==2.48.0)
[2026-05-16 13:37:59]   Downloading pyasn1-0.6.3-py3-none-any.whl (83 kB)
[2026-05-16 13:37:59] Collecting wrapt (from smart_open->ray[default]==2.48.0)
[2026-05-16 13:37:59]   Downloading wrapt-2.1.2-cp312-cp312-manylinux1_x86_64.manylinux_2_28_x86_64.manylinux_2_5_x86_64.whl (121 kB)
[2026-05-16 13:37:59] Collecting shellingham>=1.3.0 (from typer->huggingface_hub==1.10.1)
[2026-05-16 13:37:59]   Downloading shellingham-1.5.4-py2.py3-none-any.whl (9.8 kB)
[2026-05-16 13:37:59] Collecting rich>=13.8.0 (from typer->huggingface_hub==1.10.1)
[2026-05-16 13:37:59]   Downloading rich-15.0.0-py3-none-any.whl (310 kB)
[2026-05-16 13:37:59] Collecting annotated-doc>=0.0.2 (from typer->huggingface_hub==1.10.1)
[2026-05-16 13:37:59]   Downloading annotated_doc-0.0.4-py3-none-any.whl (5.3 kB)
[2026-05-16 13:37:59] Collecting markdown-it-py>=2.2.0 (from rich>=13.8.0->typer->huggingface_hub==1.10.1)
[2026-05-16 13:37:59]   Downloading markdown_it_py-4.2.0-py3-none-any.whl (91 kB)
[2026-05-16 13:37:59] Collecting pygments<3.0.0,>=2.13.0 (from rich>=13.8.0->typer->huggingface_hub==1.10.1)
[2026-05-16 13:38:00] Collecting mdurl~=0.1 (from markdown-it-py>=2.2.0->rich>=13.8.0->typer->huggingface_hub==1.10.1)
[2026-05-16 13:38:00]   Downloading mdurl-0.1.2-py3-none-any.whl (10.0 kB)
[2026-05-16 13:38:00] Installing collected packages: py-spy, py-cpuinfo, opencensus-context, nvidia-ml-py, hjson, distlib, colorful, zipp, xxhash, wrapt, werkzeug, urllib3, typing-inspection, tqdm, tensorboard-data-server, smmap, six, shellingham, sentencepiece, safetensors, rpds-py, regex, pyyaml, pyparsing, pynvml, pygments, pydantic-core, pycparser, pyasn1, pyarrow, psutil, protobuf, propcache, prometheus_client, platformdirs, packaging, optree, numpy, ninja, multidict, msgpack, mdurl, markdown, loralib, kiwisolver, idna, hf-xet, h11, grpcio, fsspec, frozenlist, fonttools, einops, dill, cycler, click, charset_normalizer, certifi, attrs, annotated-types, annotated-doc, aiohappyeyeballs, absl-py, yarl, tensorboard, smart_open, sentry-sdk, requests, referencing, python-discovery, python-dateutil, pydantic, pyasn1-modules, proto-plus, opentelemetry-proto, nvitop, multiprocess, markdown-it-py, lightning-utilities, jsonlines, importlib-metadata, httpcore, googleapis-common-protos, gitdb, contourpy, cffi, anyio, aiosignal, virtualenv, rich, pandas, opentelemetry-api, matplotlib, jsonschema-specifications, httpx, gitpython, cryptography, aiohttp, wandb, typer, torchmetrics, torchdata, opentelemetry-semantic-conventions, jsonschema, google-auth, deepspeed, bitsandbytes, aiohttp_cors, ray, opentelemetry-sdk, huggingface_hub, google-api-core, tokenizers, opentelemetry-exporter-prometheus, opencensus, datasets, accelerate, transformers, transformers-stream-generator, peft, optimum
[2026-05-16 13:38:00]   Downloading pygments-2.20.0-py3-none-any.whl (1.2 MB)
[2026-05-16 13:38:00]      ━━━━━━━━━━━━━━━━━━━━━━━━━━━━━━━━━━━━━━━━ 1.2/1.2 MB 38.3 MB/s  0:00:00
[2026-05-16 13:38:00] Collecting mdurl~=0.1 (from markdown-it-py>=2.2.0->rich>=13.8.0->typer->huggingface_hub==1.10.1)
[2026-05-16 13:38:00]   Downloading mdurl-0.1.2-py3-none-any.whl (10.0 kB)
[2026-05-16 13:38:00] Installing collected packages: py-spy, py-cpuinfo, opencensus-context, nvidia-ml-py, hjson, distlib, colorful, zipp, xxhash, wrapt, werkzeug, urllib3, typing-inspection, tqdm, tensorboard-data-server, smmap, six, shellingham, sentencepiece, safetensors, rpds-py, regex, pyyaml, pyparsing, pynvml, pygments, pydantic-core, pycparser, pyasn1, pyarrow, psutil, protobuf, propcache, prometheus_client, platformdirs, packaging, optree, numpy, ninja, multidict, msgpack, mdurl, markdown, loralib, kiwisolver, idna, hf-xet, h11, grpcio, fsspec, frozenlist, fonttools, einops, dill, cycler, click, charset_normalizer, certifi, attrs, annotated-types, annotated-doc, aiohappyeyeballs, absl-py, yarl, tensorboard, smart_open, sentry-sdk, requests, referencing, python-discovery, python-dateutil, pydantic, pyasn1-modules, proto-plus, opentelemetry-proto, nvitop, multiprocess, markdown-it-py, lightning-utilities, jsonlines, importlib-metadata, httpcore, googleapis-common-protos, gitdb, contourpy, cffi, anyio, aiosignal, virtualenv, rich, pandas, opentelemetry-api, matplotlib, jsonschema-specifications, httpx, gitpython, cryptography, aiohttp, wandb, typer, torchmetrics, torchdata, opentelemetry-semantic-conventions, jsonschema, google-auth, deepspeed, bitsandbytes, aiohttp_cors, ray, opentelemetry-sdk, huggingface_hub, google-api-core, tokenizers, opentelemetry-exporter-prometheus, opencensus, datasets, accelerate, transformers, transformers-stream-generator, peft, optimum
[2026-05-16 13:38:03]   Attempting uninstall: packaging
[2026-05-16 13:38:03]     Found existing installation: packaging 26.2
[2026-05-16 13:38:03]     Uninstalling packaging-26.2:
[2026-05-16 13:38:03]       Successfully uninstalled packaging-26.2
[2026-05-16 13:38:03]   Attempting uninstall: numpy
[2026-05-16 13:38:03]     Found existing installation: numpy 2.4.5
[2026-05-16 13:38:03]     Uninstalling numpy-2.4.5:
[2026-05-16 13:38:03]       Successfully uninstalled numpy-2.4.5
[2026-05-16 13:38:03]   Attempting uninstall: packaging
[2026-05-16 13:38:03]     Found existing installation: packaging 26.2
[2026-05-16 13:38:03]     Uninstalling packaging-26.2:
[2026-05-16 13:38:03]       Successfully uninstalled packaging-26.2
[2026-05-16 13:38:03]   Attempting uninstall: numpy
[2026-05-16 13:38:03]     Found existing installation: numpy 2.4.5
[2026-05-16 13:38:03]     Uninstalling numpy-2.4.5:
[2026-05-16 13:38:03]       Successfully uninstalled numpy-2.4.5
[2026-05-16 13:38:05]   Attempting uninstall: fsspec
[2026-05-16 13:38:05]     Found existing installation: fsspec 2026.4.0
[2026-05-16 13:38:05]     Uninstalling fsspec-2026.4.0:
[2026-05-16 13:38:05]       Successfully uninstalled fsspec-2026.4.0
[2026-05-16 13:38:05]   Attempting uninstall: fsspec
[2026-05-16 13:38:05]     Found existing installation: fsspec 2026.4.0
[2026-05-16 13:38:05]     Uninstalling fsspec-2026.4.0:
[2026-05-16 13:38:05]       Successfully uninstalled fsspec-2026.4.0
[2026-05-16 13:38:20] [2026-05-16 13:38:20,192 AIMaster] (job_monitor_controller_k8s.py 1099) INFO: All workers: 2, running: 2, failed: 0, pending: 0
[2026-05-16 13:38:30] 
[2026-05-16 13:38:31] 
[2026-05-16 13:38:31] Successfully installed absl-py-2.4.0 accelerate-1.13.0 aiohappyeyeballs-2.6.1 aiohttp-3.13.5 aiohttp_cors-0.8.1 aiosignal-1.4.0 annotated-doc-0.0.4 annotated-types-0.7.0 anyio-4.13.0 attrs-26.1.0 bitsandbytes-0.49.2 certifi-2026.4.22 cffi-2.0.0 charset_normalizer-3.4.7 click-8.3.3 colorful-0.5.8 contourpy-1.3.3 cryptography-48.0.0 cycler-0.12.1 datasets-4.8.4 deepspeed-0.18.9 dill-0.4.1 distlib-0.4.0 einops-0.8.2 fonttools-4.63.0 frozenlist-1.8.0 fsspec-2026.2.0 gitdb-4.0.12 gitpython-3.1.50 google-api-core-2.30.3 google-auth-2.53.0 googleapis-common-protos-1.75.0 grpcio-1.80.0 h11-0.16.0 hf-xet-1.5.0 hjson-3.1.0 httpcore-1.0.9 httpx-0.28.1 huggingface_hub-1.10.1 idna-3.15 importlib-metadata-8.7.1 jsonlines-4.0.0 jsonschema-4.26.0 jsonschema-specifications-2025.9.1 kiwisolver-1.5.0 lightning-utilities-0.15.3 loralib-0.1.2 markdown-3.10.2 markdown-it-py-4.2.0 matplotlib-3.10.8 mdurl-0.1.2 msgpack-1.1.2 multidict-6.7.1 multiprocess-0.70.19 ninja-1.13.0 numpy-2.2.6 nvidia-ml-py-13.590.48 nvitop-1.6.2 opencensus-0.11.4 opencensus-context-0.1.3 opentelemetry-api-1.41.1 opentelemetry-exporter-prometheus-0.62b1 opentelemetry-proto-1.41.1 opentelemetry-sdk-1.41.1 opentelemetry-semantic-conventions-0.62b1 optimum-2.1.0 optree-0.19.0 packaging-26.0 pandas-3.0.2 peft-0.18.1 platformdirs-4.9.6 prometheus_client-0.25.0 propcache-0.5.2 proto-plus-1.28.0 protobuf-6.33.6 psutil-7.2.2 py-cpuinfo-9.0.0 py-spy-0.4.2 pyarrow-23.0.1 pyasn1-0.6.3 pyasn1-modules-0.4.2 pycparser-3.0 pydantic-2.13.4 pydantic-core-2.46.4 pygments-2.20.0 pynvml-13.0.1 pyparsing-3.3.2 python-dateutil-2.9.0.post0 python-discovery-1.3.1 pyyaml-6.0.3 ray-2.48.0 referencing-0.37.0 regex-2026.5.9 requests-2.34.2 rich-15.0.0 rpds-py-0.30.0 safetensors-0.7.0 sentencepiece-0.2.1 sentry-sdk-2.60.0 shellingham-1.5.4 six-1.17.0 smart_open-7.6.1 smmap-5.0.3 tensorboard-2.20.0 tensorboard-data-server-0.7.2 tokenizers-0.22.2 torchdata-0.11.0 torchmetrics-1.9.0 tqdm-4.67.3 transformers-5.8.1 transformers-stream-generator-0.0.5 typer-0.25.1 typing-inspection-0.4.2 urllib3-2.7.0 virtualenv-21.3.3 wandb-0.25.1 werkzeug-3.1.8 wrapt-2.1.2 xxhash-3.7.0 yarl-1.23.0 zipp-3.23.1
[2026-05-16 13:38:31] 
[2026-05-16 13:38:31] [13:38:31] Installing student transformers from git ref db9f18c370c92e971172e69bc9a88854947d9fc5
[2026-05-16 13:38:31] Looking in indexes: https://mirrors.aliyun.com/pypi/simple/
[2026-05-16 13:38:31] Looking in links: /mnt/data/ebft-distribution-new/caches/wheels
[2026-05-16 13:38:31] Collecting git+https://github.com/huggingface/transformers.git@db9f18c370c92e971172e69bc9a88854947d9fc5
[2026-05-16 13:38:31]   Cloning https://github.com/huggingface/transformers.git (to revision db9f18c370c92e971172e69bc9a88854947d9fc5) to /tmp/pip-req-build-qlui6sv0
[2026-05-16 13:38:31]   Running command git clone --filter=blob:none --quiet https://github.com/huggingface/transformers.git /tmp/pip-req-build-qlui6sv0
[2026-05-16 13:38:31] Successfully installed absl-py-2.4.0 accelerate-1.13.0 aiohappyeyeballs-2.6.1 aiohttp-3.13.5 aiohttp_cors-0.8.1 aiosignal-1.4.0 annotated-doc-0.0.4 annotated-types-0.7.0 anyio-4.13.0 attrs-26.1.0 bitsandbytes-0.49.2 certifi-2026.4.22 cffi-2.0.0 charset_normalizer-3.4.7 click-8.3.3 colorful-0.5.8 contourpy-1.3.3 cryptography-48.0.0 cycler-0.12.1 datasets-4.8.4 deepspeed-0.18.9 dill-0.4.1 distlib-0.4.0 einops-0.8.2 fonttools-4.63.0 frozenlist-1.8.0 fsspec-2026.2.0 gitdb-4.0.12 gitpython-3.1.50 google-api-core-2.30.3 google-auth-2.53.0 googleapis-common-protos-1.75.0 grpcio-1.80.0 h11-0.16.0 hf-xet-1.5.0 hjson-3.1.0 httpcore-1.0.9 httpx-0.28.1 huggingface_hub-1.10.1 idna-3.15 importlib-metadata-8.7.1 jsonlines-4.0.0 jsonschema-4.26.0 jsonschema-specifications-2025.9.1 kiwisolver-1.5.0 lightning-utilities-0.15.3 loralib-0.1.2 markdown-3.10.2 markdown-it-py-4.2.0 matplotlib-3.10.8 mdurl-0.1.2 msgpack-1.1.2 multidict-6.7.1 multiprocess-0.70.19 ninja-1.13.0 numpy-2.2.6 nvidia-ml-py-13.590.48 nvitop-1.6.2 opencensus-0.11.4 opencensus-context-0.1.3 opentelemetry-api-1.41.1 opentelemetry-exporter-prometheus-0.62b1 opentelemetry-proto-1.41.1 opentelemetry-sdk-1.41.1 opentelemetry-semantic-conventions-0.62b1 optimum-2.1.0 optree-0.19.0 packaging-26.0 pandas-3.0.2 peft-0.18.1 platformdirs-4.9.6 prometheus_client-0.25.0 propcache-0.5.2 proto-plus-1.28.0 protobuf-6.33.6 psutil-7.2.2 py-cpuinfo-9.0.0 py-spy-0.4.2 pyarrow-23.0.1 pyasn1-0.6.3 pyasn1-modules-0.4.2 pycparser-3.0 pydantic-2.13.4 pydantic-core-2.46.4 pygments-2.20.0 pynvml-13.0.1 pyparsing-3.3.2 python-dateutil-2.9.0.post0 python-discovery-1.3.1 pyyaml-6.0.3 ray-2.48.0 referencing-0.37.0 regex-2026.5.9 requests-2.34.2 rich-15.0.0 rpds-py-0.30.0 safetensors-0.7.0 sentencepiece-0.2.1 sentry-sdk-2.60.0 shellingham-1.5.4 six-1.17.0 smart_open-7.6.1 smmap-5.0.3 tensorboard-2.20.0 tensorboard-data-server-0.7.2 tokenizers-0.22.2 torchdata-0.11.0 torchmetrics-1.9.0 tqdm-4.67.3 transformers-5.8.1 transformers-stream-generator-0.0.5 typer-0.25.1 typing-inspection-0.4.2 urllib3-2.7.0 virtualenv-21.3.3 wandb-0.25.1 werkzeug-3.1.8 wrapt-2.1.2 xxhash-3.7.0 yarl-1.23.0 zipp-3.23.1
[2026-05-16 13:38:31] 
[2026-05-16 13:38:31] [13:38:31] Installing student transformers from git ref db9f18c370c92e971172e69bc9a88854947d9fc5
[2026-05-16 13:38:31] Looking in indexes: https://mirrors.aliyun.com/pypi/simple/
[2026-05-16 13:38:31] Looking in links: /mnt/data/ebft-distribution-new/caches/wheels
[2026-05-16 13:38:31] Collecting git+https://github.com/huggingface/transformers.git@db9f18c370c92e971172e69bc9a88854947d9fc5
[2026-05-16 13:38:31]   Cloning https://github.com/huggingface/transformers.git (to revision db9f18c370c92e971172e69bc9a88854947d9fc5) to /tmp/pip-req-build-cghyjua6
[2026-05-16 13:38:31]   Running command git clone --filter=blob:none --quiet https://github.com/huggingface/transformers.git /tmp/pip-req-build-cghyjua6
[2026-05-16 13:38:37] [2026-05-16 13:38:37,353 AIMaster] (config.py 347) INFO: Try loading config from pai-aimaster-new configmap.
[2026-05-16 13:38:43]   Running command git rev-parse -q --verify 'sha^db9f18c370c92e971172e69bc9a88854947d9fc5'
[2026-05-16 13:38:43]   Running command git fetch -q https://github.com/huggingface/transformers.git db9f18c370c92e971172e69bc9a88854947d9fc5
[2026-05-16 13:38:43]   Running command git rev-parse -q --verify 'sha^db9f18c370c92e971172e69bc9a88854947d9fc5'
[2026-05-16 13:38:43]   Running command git fetch -q https://github.com/huggingface/transformers.git db9f18c370c92e971172e69bc9a88854947d9fc5
[2026-05-16 13:38:45]   Running command git checkout -q db9f18c370c92e971172e69bc9a88854947d9fc5
[2026-05-16 13:38:45]   Running command git checkout -q db9f18c370c92e971172e69bc9a88854947d9fc5
[2026-05-16 13:38:49]   Resolved https://github.com/huggingface/transformers.git to commit db9f18c370c92e971172e69bc9a88854947d9fc5
[2026-05-16 13:38:49]   Installing build dependencies: started
[2026-05-16 13:38:49]   Resolved https://github.com/huggingface/transformers.git to commit db9f18c370c92e971172e69bc9a88854947d9fc5
[2026-05-16 13:38:49]   Installing build dependencies: started
[2026-05-16 13:38:50] [2026-05-16 13:38:50,349 AIMaster] (job_monitor_controller_k8s.py 1099) INFO: All workers: 2, running: 2, failed: 0, pending: 0
[2026-05-16 13:38:50] [2026-05-16 13:38:50,349 AIMaster] (ops_reported_error_detector.py 103) INFO: Detecting whether the job is affected by errors reported by ops platform.
[2026-05-16 13:38:51] [2026-05-16 13:38:51,082 AIMaster] (job_event_collector.py 135) WARNING: Failed to watch pods, exception: ("Connection broken: ConnectionResetError(104, 'Connection reset by peer')", ConnectionResetError(104, 'Connection reset by peer'))
[2026-05-16 13:38:53]   Installing build dependencies: finished with status 'done'
[2026-05-16 13:38:53]   Getting requirements to build wheel: started
[2026-05-16 13:38:53]   Installing build dependencies: finished with status 'done'
[2026-05-16 13:38:53]   Getting requirements to build wheel: started
[2026-05-16 13:38:54]   Getting requirements to build wheel: finished with status 'done'
[2026-05-16 13:38:54]   Preparing metadata (pyproject.toml): started
[2026-05-16 13:38:54]   Preparing metadata (pyproject.toml): finished with status 'done'
[2026-05-16 13:38:54] Requirement already satisfied: huggingface-hub<2.0,>=1.5.0 in /mnt/workspace/venvs/.venv/lib/python3.12/site-packages (from transformers==5.6.0.dev0) (1.10.1)
[2026-05-16 13:38:54] Requirement already satisfied: numpy>=1.17 in /mnt/workspace/venvs/.venv/lib/python3.12/site-packages (from transformers==5.6.0.dev0) (2.2.6)
[2026-05-16 13:38:54] Requirement already satisfied: packaging>=20.0 in /mnt/workspace/venvs/.venv/lib/python3.12/site-packages (from transformers==5.6.0.dev0) (26.0)
[2026-05-16 13:38:54] Requirement already satisfied: pyyaml>=5.1 in /mnt/workspace/venvs/.venv/lib/python3.12/site-packages (from transformers==5.6.0.dev0) (6.0.3)
[2026-05-16 13:38:54] Requirement already satisfied: regex>=2025.10.22 in /mnt/workspace/venvs/.venv/lib/python3.12/site-packages (from transformers==5.6.0.dev0) (2026.5.9)
[2026-05-16 13:38:54] Requirement already satisfied: tokenizers<=0.23.0,>=0.22.0 in /mnt/workspace/venvs/.venv/lib/python3.12/site-packages (from transformers==5.6.0.dev0) (0.22.2)
[2026-05-16 13:38:54] Requirement already satisfied: typer in /mnt/workspace/venvs/.venv/lib/python3.12/site-packages (from transformers==5.6.0.dev0) (0.25.1)
[2026-05-16 13:38:54] Requirement already satisfied: safetensors>=0.4.3 in /mnt/workspace/venvs/.venv/lib/python3.12/site-packages (from transformers==5.6.0.dev0) (0.7.0)
[2026-05-16 13:38:54] Requirement already satisfied: tqdm>=4.27 in /mnt/workspace/venvs/.venv/lib/python3.12/site-packages (from transformers==5.6.0.dev0) (4.67.3)
[2026-05-16 13:38:54] Requirement already satisfied: filelock>=3.10.0 in /mnt/workspace/venvs/.venv/lib/python3.12/site-packages (from huggingface-hub<2.0,>=1.5.0->transformers==5.6.0.dev0) (3.29.0)
[2026-05-16 13:38:54] Requirement already satisfied: fsspec>=2023.5.0 in /mnt/workspace/venvs/.venv/lib/python3.12/site-packages (from huggingface-hub<2.0,>=1.5.0->transformers==5.6.0.dev0) (2026.2.0)
[2026-05-16 13:38:54] Requirement already satisfied: hf-xet<2.0.0,>=1.4.3 in /mnt/workspace/venvs/.venv/lib/python3.12/site-packages (from huggingface-hub<2.0,>=1.5.0->transformers==5.6.0.dev0) (1.5.0)
[2026-05-16 13:38:54] Requirement already satisfied: httpx<1,>=0.23.0 in /mnt/workspace/venvs/.venv/lib/python3.12/site-packages (from huggingface-hub<2.0,>=1.5.0->transformers==5.6.0.dev0) (0.28.1)
[2026-05-16 13:38:54] Requirement already satisfied: typing-extensions>=4.1.0 in /mnt/workspace/venvs/.venv/lib/python3.12/site-packages (from huggingface-hub<2.0,>=1.5.0->transformers==5.6.0.dev0) (4.15.0)
[2026-05-16 13:38:54] Requirement already satisfied: anyio in /mnt/workspace/venvs/.venv/lib/python3.12/site-packages (from httpx<1,>=0.23.0->huggingface-hub<2.0,>=1.5.0->transformers==5.6.0.dev0) (4.13.0)
[2026-05-16 13:38:54] Requirement already satisfied: certifi in /mnt/workspace/venvs/.venv/lib/python3.12/site-packages (from httpx<1,>=0.23.0->huggingface-hub<2.0,>=1.5.0->transformers==5.6.0.dev0) (2026.4.22)
[2026-05-16 13:38:54] Requirement already satisfied: httpcore==1.* in /mnt/workspace/venvs/.venv/lib/python3.12/site-packages (from httpx<1,>=0.23.0->huggingface-hub<2.0,>=1.5.0->transformers==5.6.0.dev0) (1.0.9)
[2026-05-16 13:38:54] Requirement already satisfied: idna in /mnt/workspace/venvs/.venv/lib/python3.12/site-packages (from httpx<1,>=0.23.0->huggingface-hub<2.0,>=1.5.0->transformers==5.6.0.dev0) (3.15)
[2026-05-16 13:38:54] Requirement already satisfied: h11>=0.16 in /mnt/workspace/venvs/.venv/lib/python3.12/site-packages (from httpcore==1.*->httpx<1,>=0.23.0->huggingface-hub<2.0,>=1.5.0->transformers==5.6.0.dev0) (0.16.0)
[2026-05-16 13:38:54] Requirement already satisfied: click>=8.2.1 in /mnt/workspace/venvs/.venv/lib/python3.12/site-packages (from typer->transformers==5.6.0.dev0) (8.3.3)
[2026-05-16 13:38:54] Requirement already satisfied: shellingham>=1.3.0 in /mnt/workspace/venvs/.venv/lib/python3.12/site-packages (from typer->transformers==5.6.0.dev0) (1.5.4)
[2026-05-16 13:38:54] Requirement already satisfied: rich>=13.8.0 in /mnt/workspace/venvs/.venv/lib/python3.12/site-packages (from typer->transformers==5.6.0.dev0) (15.0.0)
[2026-05-16 13:38:54] Requirement already satisfied: annotated-doc>=0.0.2 in /mnt/workspace/venvs/.venv/lib/python3.12/site-packages (from typer->transformers==5.6.0.dev0) (0.0.4)
[2026-05-16 13:38:54] Requirement already satisfied: markdown-it-py>=2.2.0 in /mnt/workspace/venvs/.venv/lib/python3.12/site-packages (from rich>=13.8.0->typer->transformers==5.6.0.dev0) (4.2.0)
[2026-05-16 13:38:54] Requirement already satisfied: pygments<3.0.0,>=2.13.0 in /mnt/workspace/venvs/.venv/lib/python3.12/site-packages (from rich>=13.8.0->typer->transformers==5.6.0.dev0) (2.20.0)
[2026-05-16 13:38:54] Requirement already satisfied: mdurl~=0.1 in /mnt/workspace/venvs/.venv/lib/python3.12/site-packages (from markdown-it-py>=2.2.0->rich>=13.8.0->typer->transformers==5.6.0.dev0) (0.1.2)
[2026-05-16 13:38:54] Building wheels for collected packages: transformers
[2026-05-16 13:38:54]   Building wheel for transformers (pyproject.toml): started
[2026-05-16 13:38:54]   Getting requirements to build wheel: finished with status 'done'
[2026-05-16 13:38:54]   Preparing metadata (pyproject.toml): started
[2026-05-16 13:38:54]   Preparing metadata (pyproject.toml): finished with status 'done'
[2026-05-16 13:38:54] Requirement already satisfied: huggingface-hub<2.0,>=1.5.0 in /mnt/workspace/venvs/.venv/lib/python3.12/site-packages (from transformers==5.6.0.dev0) (1.10.1)
[2026-05-16 13:38:54] Requirement already satisfied: numpy>=1.17 in /mnt/workspace/venvs/.venv/lib/python3.12/site-packages (from transformers==5.6.0.dev0) (2.2.6)
[2026-05-16 13:38:54] Requirement already satisfied: packaging>=20.0 in /mnt/workspace/venvs/.venv/lib/python3.12/site-packages (from transformers==5.6.0.dev0) (26.0)
[2026-05-16 13:38:54] Requirement already satisfied: pyyaml>=5.1 in /mnt/workspace/venvs/.venv/lib/python3.12/site-packages (from transformers==5.6.0.dev0) (6.0.3)
[2026-05-16 13:38:54] Requirement already satisfied: regex>=2025.10.22 in /mnt/workspace/venvs/.venv/lib/python3.12/site-packages (from transformers==5.6.0.dev0) (2026.5.9)
[2026-05-16 13:38:54] Requirement already satisfied: tokenizers<=0.23.0,>=0.22.0 in /mnt/workspace/venvs/.venv/lib/python3.12/site-packages (from transformers==5.6.0.dev0) (0.22.2)
[2026-05-16 13:38:54] Requirement already satisfied: typer in /mnt/workspace/venvs/.venv/lib/python3.12/site-packages (from transformers==5.6.0.dev0) (0.25.1)
[2026-05-16 13:38:54] Requirement already satisfied: safetensors>=0.4.3 in /mnt/workspace/venvs/.venv/lib/python3.12/site-packages (from transformers==5.6.0.dev0) (0.7.0)
[2026-05-16 13:38:54] Requirement already satisfied: tqdm>=4.27 in /mnt/workspace/venvs/.venv/lib/python3.12/site-packages (from transformers==5.6.0.dev0) (4.67.3)
[2026-05-16 13:38:54] Requirement already satisfied: filelock>=3.10.0 in /mnt/workspace/venvs/.venv/lib/python3.12/site-packages (from huggingface-hub<2.0,>=1.5.0->transformers==5.6.0.dev0) (3.29.0)
[2026-05-16 13:38:54] Requirement already satisfied: fsspec>=2023.5.0 in /mnt/workspace/venvs/.venv/lib/python3.12/site-packages (from huggingface-hub<2.0,>=1.5.0->transformers==5.6.0.dev0) (2026.2.0)
[2026-05-16 13:38:54] Requirement already satisfied: hf-xet<2.0.0,>=1.4.3 in /mnt/workspace/venvs/.venv/lib/python3.12/site-packages (from huggingface-hub<2.0,>=1.5.0->transformers==5.6.0.dev0) (1.5.0)
[2026-05-16 13:38:54] Requirement already satisfied: httpx<1,>=0.23.0 in /mnt/workspace/venvs/.venv/lib/python3.12/site-packages (from huggingface-hub<2.0,>=1.5.0->transformers==5.6.0.dev0) (0.28.1)
[2026-05-16 13:38:54] Requirement already satisfied: typing-extensions>=4.1.0 in /mnt/workspace/venvs/.venv/lib/python3.12/site-packages (from huggingface-hub<2.0,>=1.5.0->transformers==5.6.0.dev0) (4.15.0)
[2026-05-16 13:38:54] Requirement already satisfied: anyio in /mnt/workspace/venvs/.venv/lib/python3.12/site-packages (from httpx<1,>=0.23.0->huggingface-hub<2.0,>=1.5.0->transformers==5.6.0.dev0) (4.13.0)
[2026-05-16 13:38:54] Requirement already satisfied: certifi in /mnt/workspace/venvs/.venv/lib/python3.12/site-packages (from httpx<1,>=0.23.0->huggingface-hub<2.0,>=1.5.0->transformers==5.6.0.dev0) (2026.4.22)
[2026-05-16 13:38:54] Requirement already satisfied: httpcore==1.* in /mnt/workspace/venvs/.venv/lib/python3.12/site-packages (from httpx<1,>=0.23.0->huggingface-hub<2.0,>=1.5.0->transformers==5.6.0.dev0) (1.0.9)
[2026-05-16 13:38:54] Requirement already satisfied: idna in /mnt/workspace/venvs/.venv/lib/python3.12/site-packages (from httpx<1,>=0.23.0->huggingface-hub<2.0,>=1.5.0->transformers==5.6.0.dev0) (3.15)
[2026-05-16 13:38:54] Requirement already satisfied: h11>=0.16 in /mnt/workspace/venvs/.venv/lib/python3.12/site-packages (from httpcore==1.*->httpx<1,>=0.23.0->huggingface-hub<2.0,>=1.5.0->transformers==5.6.0.dev0) (0.16.0)
[2026-05-16 13:38:54] Requirement already satisfied: click>=8.2.1 in /mnt/workspace/venvs/.venv/lib/python3.12/site-packages (from typer->transformers==5.6.0.dev0) (8.3.3)
[2026-05-16 13:38:54] Requirement already satisfied: shellingham>=1.3.0 in /mnt/workspace/venvs/.venv/lib/python3.12/site-packages (from typer->transformers==5.6.0.dev0) (1.5.4)
[2026-05-16 13:38:54] Requirement already satisfied: rich>=13.8.0 in /mnt/workspace/venvs/.venv/lib/python3.12/site-packages (from typer->transformers==5.6.0.dev0) (15.0.0)
[2026-05-16 13:38:54] Requirement already satisfied: annotated-doc>=0.0.2 in /mnt/workspace/venvs/.venv/lib/python3.12/site-packages (from typer->transformers==5.6.0.dev0) (0.0.4)
[2026-05-16 13:38:54] Requirement already satisfied: markdown-it-py>=2.2.0 in /mnt/workspace/venvs/.venv/lib/python3.12/site-packages (from rich>=13.8.0->typer->transformers==5.6.0.dev0) (4.2.0)
[2026-05-16 13:38:54] Requirement already satisfied: pygments<3.0.0,>=2.13.0 in /mnt/workspace/venvs/.venv/lib/python3.12/site-packages (from rich>=13.8.0->typer->transformers==5.6.0.dev0) (2.20.0)
[2026-05-16 13:38:54] Requirement already satisfied: mdurl~=0.1 in /mnt/workspace/venvs/.venv/lib/python3.12/site-packages (from markdown-it-py>=2.2.0->rich>=13.8.0->typer->transformers==5.6.0.dev0) (0.1.2)
[2026-05-16 13:38:54] Building wheels for collected packages: transformers
[2026-05-16 13:38:54]   Building wheel for transformers (pyproject.toml): started
[2026-05-16 13:38:57]   Building wheel for transformers (pyproject.toml): finished with status 'done'
[2026-05-16 13:38:57]   Created wheel for transformers: filename=transformers-5.6.0.dev0-py3-none-any.whl size=11353921 sha256=40c92a848fd69a3a71e684e9d8fca99524949cb680b521f29217f70ab0b17ec2
[2026-05-16 13:38:57]   Stored in directory: /root/.cache/pip/wheels/96/a0/0a/65fe9775eed2664c721510a616fa31feb2014a6e8188a703c6
[2026-05-16 13:38:57] Successfully built transformers
[2026-05-16 13:38:57] Installing collected packages: transformers
[2026-05-16 13:38:57]   Attempting uninstall: transformers
[2026-05-16 13:38:57]     Found existing installation: transformers 5.8.1
[2026-05-16 13:38:57]     Uninstalling transformers-5.8.1:
[2026-05-16 13:38:57]       Successfully uninstalled transformers-5.8.1
[2026-05-16 13:38:57]   Building wheel for transformers (pyproject.toml): finished with status 'done'
[2026-05-16 13:38:57]   Created wheel for transformers: filename=transformers-5.6.0.dev0-py3-none-any.whl size=11353921 sha256=40c92a848fd69a3a71e684e9d8fca99524949cb680b521f29217f70ab0b17ec2
[2026-05-16 13:38:57]   Stored in directory: /root/.cache/pip/wheels/96/a0/0a/65fe9775eed2664c721510a616fa31feb2014a6e8188a703c6
[2026-05-16 13:38:57] Successfully built transformers
[2026-05-16 13:38:57] Installing collected packages: transformers
[2026-05-16 13:38:57]   Attempting uninstall: transformers
[2026-05-16 13:38:57]     Found existing installation: transformers 5.8.1
[2026-05-16 13:38:58]     Uninstalling transformers-5.8.1:
[2026-05-16 13:38:58]       Successfully uninstalled transformers-5.8.1
[2026-05-16 13:39:04] Successfully installed transformers-5.6.0.dev0
[2026-05-16 13:39:04] 
[2026-05-16 13:39:04] [13:39:04] Installing student flash-attn==2.8.3
[2026-05-16 13:39:04] 
[2026-05-16 13:39:04] [13:39:04] Installing flash-attn from local wheel /mnt/data/ebft-distribution-new/code/flash_attn-2.8.3+cu124torch2.5-cp312-cp312-linux_x86_64.whl
[2026-05-16 13:39:04] Looking in indexes: https://mirrors.aliyun.com/pypi/simple/
[2026-05-16 13:39:04] Looking in links: /mnt/data/ebft-distribution-new/caches/wheels
[2026-05-16 13:39:04] Processing /mnt/data/ebft-distribution-new/code/flash_attn-2.8.3+cu124torch2.5-cp312-cp312-linux_x86_64.whl
[2026-05-16 13:39:04] Successfully installed transformers-5.6.0.dev0
[2026-05-16 13:39:04] 
[2026-05-16 13:39:04] [13:39:04] Installing student flash-attn==2.8.3
[2026-05-16 13:39:04] 
[2026-05-16 13:39:04] [13:39:04] Installing flash-attn from local wheel /mnt/data/ebft-distribution-new/code/flash_attn-2.8.3+cu124torch2.5-cp312-cp312-linux_x86_64.whl
[2026-05-16 13:39:05] Looking in indexes: https://mirrors.aliyun.com/pypi/simple/
[2026-05-16 13:39:05] Looking in links: /mnt/data/ebft-distribution-new/caches/wheels
[2026-05-16 13:39:05] Processing /mnt/data/ebft-distribution-new/code/flash_attn-2.8.3+cu124torch2.5-cp312-cp312-linux_x86_64.whl
[2026-05-16 13:39:05] Requirement already satisfied: torch in /mnt/workspace/venvs/.venv/lib/python3.12/site-packages (from flash-attn==2.8.3+cu124torch2.5) (2.5.1+cu124)
[2026-05-16 13:39:05] Requirement already satisfied: einops in /mnt/workspace/venvs/.venv/lib/python3.12/site-packages (from flash-attn==2.8.3+cu124torch2.5) (0.8.2)
[2026-05-16 13:39:05] Requirement already satisfied: filelock in /mnt/workspace/venvs/.venv/lib/python3.12/site-packages (from torch->flash-attn==2.8.3+cu124torch2.5) (3.29.0)
[2026-05-16 13:39:05] Requirement already satisfied: typing-extensions>=4.8.0 in /mnt/workspace/venvs/.venv/lib/python3.12/site-packages (from torch->flash-attn==2.8.3+cu124torch2.5) (4.15.0)
[2026-05-16 13:39:05] Requirement already satisfied: networkx in /mnt/workspace/venvs/.venv/lib/python3.12/site-packages (from torch->flash-attn==2.8.3+cu124torch2.5) (3.6.1)
[2026-05-16 13:39:05] Requirement already satisfied: jinja2 in /mnt/workspace/venvs/.venv/lib/python3.12/site-packages (from torch->flash-attn==2.8.3+cu124torch2.5) (3.1.6)
[2026-05-16 13:39:05] Requirement already satisfied: fsspec in /mnt/workspace/venvs/.venv/lib/python3.12/site-packages (from torch->flash-attn==2.8.3+cu124torch2.5) (2026.2.0)
[2026-05-16 13:39:05] Requirement already satisfied: nvidia-cuda-nvrtc-cu12==12.4.127 in /mnt/workspace/venvs/.venv/lib/python3.12/site-packages (from torch->flash-attn==2.8.3+cu124torch2.5) (12.4.127)
[2026-05-16 13:39:05] Requirement already satisfied: nvidia-cuda-runtime-cu12==12.4.127 in /mnt/workspace/venvs/.venv/lib/python3.12/site-packages (from torch->flash-attn==2.8.3+cu124torch2.5) (12.4.127)
[2026-05-16 13:39:05] Requirement already satisfied: nvidia-cuda-cupti-cu12==12.4.127 in /mnt/workspace/venvs/.venv/lib/python3.12/site-packages (from torch->flash-attn==2.8.3+cu124torch2.5) (12.4.127)
[2026-05-16 13:39:05] Requirement already satisfied: nvidia-cudnn-cu12==9.1.0.70 in /mnt/workspace/venvs/.venv/lib/python3.12/site-packages (from torch->flash-attn==2.8.3+cu124torch2.5) (9.1.0.70)
[2026-05-16 13:39:05] Requirement already satisfied: nvidia-cublas-cu12==12.4.5.8 in /mnt/workspace/venvs/.venv/lib/python3.12/site-packages (from torch->flash-attn==2.8.3+cu124torch2.5) (12.4.5.8)
[2026-05-16 13:39:05] Requirement already satisfied: nvidia-cufft-cu12==11.2.1.3 in /mnt/workspace/venvs/.venv/lib/python3.12/site-packages (from torch->flash-attn==2.8.3+cu124torch2.5) (11.2.1.3)
[2026-05-16 13:39:05] Requirement already satisfied: nvidia-curand-cu12==10.3.5.147 in /mnt/workspace/venvs/.venv/lib/python3.12/site-packages (from torch->flash-attn==2.8.3+cu124torch2.5) (10.3.5.147)
[2026-05-16 13:39:05] Requirement already satisfied: nvidia-cusolver-cu12==11.6.1.9 in /mnt/workspace/venvs/.venv/lib/python3.12/site-packages (from torch->flash-attn==2.8.3+cu124torch2.5) (11.6.1.9)
[2026-05-16 13:39:05] Requirement already satisfied: nvidia-cusparse-cu12==12.3.1.170 in /mnt/workspace/venvs/.venv/lib/python3.12/site-packages (from torch->flash-attn==2.8.3+cu124torch2.5) (12.3.1.170)
[2026-05-16 13:39:05] Requirement already satisfied: nvidia-nccl-cu12==2.21.5 in /mnt/workspace/venvs/.venv/lib/python3.12/site-packages (from torch->flash-attn==2.8.3+cu124torch2.5) (2.21.5)
[2026-05-16 13:39:05] Requirement already satisfied: nvidia-nvtx-cu12==12.4.127 in /mnt/workspace/venvs/.venv/lib/python3.12/site-packages (from torch->flash-attn==2.8.3+cu124torch2.5) (12.4.127)
[2026-05-16 13:39:05] Requirement already satisfied: nvidia-nvjitlink-cu12==12.4.127 in /mnt/workspace/venvs/.venv/lib/python3.12/site-packages (from torch->flash-attn==2.8.3+cu124torch2.5) (12.4.127)
[2026-05-16 13:39:05] Requirement already satisfied: triton==3.1.0 in /mnt/workspace/venvs/.venv/lib/python3.12/site-packages (from torch->flash-attn==2.8.3+cu124torch2.5) (3.1.0)
[2026-05-16 13:39:05] Requirement already satisfied: setuptools in /mnt/workspace/venvs/.venv/lib/python3.12/site-packages (from torch->flash-attn==2.8.3+cu124torch2.5) (82.0.1)
[2026-05-16 13:39:05] Requirement already satisfied: sympy==1.13.1 in /mnt/workspace/venvs/.venv/lib/python3.12/site-packages (from torch->flash-attn==2.8.3+cu124torch2.5) (1.13.1)
[2026-05-16 13:39:05] Requirement already satisfied: mpmath<1.4,>=1.1.0 in /mnt/workspace/venvs/.venv/lib/python3.12/site-packages (from sympy==1.13.1->torch->flash-attn==2.8.3+cu124torch2.5) (1.3.0)
[2026-05-16 13:39:05] Requirement already satisfied: MarkupSafe>=2.0 in /mnt/workspace/venvs/.venv/lib/python3.12/site-packages (from jinja2->torch->flash-attn==2.8.3+cu124torch2.5) (3.0.3)
[2026-05-16 13:39:05] Installing collected packages: flash-attn
[2026-05-16 13:39:05] Requirement already satisfied: torch in /mnt/workspace/venvs/.venv/lib/python3.12/site-packages (from flash-attn==2.8.3+cu124torch2.5) (2.5.1+cu124)
[2026-05-16 13:39:05] Requirement already satisfied: einops in /mnt/workspace/venvs/.venv/lib/python3.12/site-packages (from flash-attn==2.8.3+cu124torch2.5) (0.8.2)
[2026-05-16 13:39:05] Requirement already satisfied: filelock in /mnt/workspace/venvs/.venv/lib/python3.12/site-packages (from torch->flash-attn==2.8.3+cu124torch2.5) (3.29.0)
[2026-05-16 13:39:05] Requirement already satisfied: typing-extensions>=4.8.0 in /mnt/workspace/venvs/.venv/lib/python3.12/site-packages (from torch->flash-attn==2.8.3+cu124torch2.5) (4.15.0)
[2026-05-16 13:39:05] Requirement already satisfied: networkx in /mnt/workspace/venvs/.venv/lib/python3.12/site-packages (from torch->flash-attn==2.8.3+cu124torch2.5) (3.6.1)
[2026-05-16 13:39:05] Requirement already satisfied: jinja2 in /mnt/workspace/venvs/.venv/lib/python3.12/site-packages (from torch->flash-attn==2.8.3+cu124torch2.5) (3.1.6)
[2026-05-16 13:39:05] Requirement already satisfied: fsspec in /mnt/workspace/venvs/.venv/lib/python3.12/site-packages (from torch->flash-attn==2.8.3+cu124torch2.5) (2026.2.0)
[2026-05-16 13:39:05] Requirement already satisfied: nvidia-cuda-nvrtc-cu12==12.4.127 in /mnt/workspace/venvs/.venv/lib/python3.12/site-packages (from torch->flash-attn==2.8.3+cu124torch2.5) (12.4.127)
[2026-05-16 13:39:05] Requirement already satisfied: nvidia-cuda-runtime-cu12==12.4.127 in /mnt/workspace/venvs/.venv/lib/python3.12/site-packages (from torch->flash-attn==2.8.3+cu124torch2.5) (12.4.127)
[2026-05-16 13:39:05] Requirement already satisfied: nvidia-cuda-cupti-cu12==12.4.127 in /mnt/workspace/venvs/.venv/lib/python3.12/site-packages (from torch->flash-attn==2.8.3+cu124torch2.5) (12.4.127)
[2026-05-16 13:39:05] Requirement already satisfied: nvidia-cudnn-cu12==9.1.0.70 in /mnt/workspace/venvs/.venv/lib/python3.12/site-packages (from torch->flash-attn==2.8.3+cu124torch2.5) (9.1.0.70)
[2026-05-16 13:39:05] Requirement already satisfied: nvidia-cublas-cu12==12.4.5.8 in /mnt/workspace/venvs/.venv/lib/python3.12/site-packages (from torch->flash-attn==2.8.3+cu124torch2.5) (12.4.5.8)
[2026-05-16 13:39:05] Requirement already satisfied: nvidia-cufft-cu12==11.2.1.3 in /mnt/workspace/venvs/.venv/lib/python3.12/site-packages (from torch->flash-attn==2.8.3+cu124torch2.5) (11.2.1.3)
[2026-05-16 13:39:05] Requirement already satisfied: nvidia-curand-cu12==10.3.5.147 in /mnt/workspace/venvs/.venv/lib/python3.12/site-packages (from torch->flash-attn==2.8.3+cu124torch2.5) (10.3.5.147)
[2026-05-16 13:39:05] Requirement already satisfied: nvidia-cusolver-cu12==11.6.1.9 in /mnt/workspace/venvs/.venv/lib/python3.12/site-packages (from torch->flash-attn==2.8.3+cu124torch2.5) (11.6.1.9)
[2026-05-16 13:39:05] Requirement already satisfied: nvidia-cusparse-cu12==12.3.1.170 in /mnt/workspace/venvs/.venv/lib/python3.12/site-packages (from torch->flash-attn==2.8.3+cu124torch2.5) (12.3.1.170)
[2026-05-16 13:39:05] Requirement already satisfied: nvidia-nccl-cu12==2.21.5 in /mnt/workspace/venvs/.venv/lib/python3.12/site-packages (from torch->flash-attn==2.8.3+cu124torch2.5) (2.21.5)
[2026-05-16 13:39:05] Requirement already satisfied: nvidia-nvtx-cu12==12.4.127 in /mnt/workspace/venvs/.venv/lib/python3.12/site-packages (from torch->flash-attn==2.8.3+cu124torch2.5) (12.4.127)
[2026-05-16 13:39:05] Requirement already satisfied: nvidia-nvjitlink-cu12==12.4.127 in /mnt/workspace/venvs/.venv/lib/python3.12/site-packages (from torch->flash-attn==2.8.3+cu124torch2.5) (12.4.127)
[2026-05-16 13:39:05] Requirement already satisfied: triton==3.1.0 in /mnt/workspace/venvs/.venv/lib/python3.12/site-packages (from torch->flash-attn==2.8.3+cu124torch2.5) (3.1.0)
[2026-05-16 13:39:05] Requirement already satisfied: setuptools in /mnt/workspace/venvs/.venv/lib/python3.12/site-packages (from torch->flash-attn==2.8.3+cu124torch2.5) (82.0.1)
[2026-05-16 13:39:05] Requirement already satisfied: sympy==1.13.1 in /mnt/workspace/venvs/.venv/lib/python3.12/site-packages (from torch->flash-attn==2.8.3+cu124torch2.5) (1.13.1)
[2026-05-16 13:39:05] Requirement already satisfied: mpmath<1.4,>=1.1.0 in /mnt/workspace/venvs/.venv/lib/python3.12/site-packages (from sympy==1.13.1->torch->flash-attn==2.8.3+cu124torch2.5) (1.3.0)
[2026-05-16 13:39:05] Requirement already satisfied: MarkupSafe>=2.0 in /mnt/workspace/venvs/.venv/lib/python3.12/site-packages (from jinja2->torch->flash-attn==2.8.3+cu124torch2.5) (3.0.3)
[2026-05-16 13:39:05] Installing collected packages: flash-attn
[2026-05-16 13:39:07] Successfully installed flash-attn-2.8.3+cu124torch2.5
[2026-05-16 13:39:07] Successfully installed flash-attn-2.8.3+cu124torch2.5
[2026-05-16 13:39:07] 
[2026-05-16 13:39:07] [13:39:07] Installing this repo (editable) into /mnt/workspace/venvs/.venv
[2026-05-16 13:39:08] 
[2026-05-16 13:39:08] [13:39:07] Installing this repo (editable) into /mnt/workspace/venvs/.venv
[2026-05-16 13:39:08] Looking in indexes: https://mirrors.aliyun.com/pypi/simple/
[2026-05-16 13:39:08] Looking in links: /mnt/data/ebft-distribution-new/caches/wheels
[2026-05-16 13:39:08] Obtaining file:///mnt/data/ebft-distribution-new/code
[2026-05-16 13:39:08]   Installing build dependencies: started
[2026-05-16 13:39:08] Looking in indexes: https://mirrors.aliyun.com/pypi/simple/
[2026-05-16 13:39:08] Looking in links: /mnt/data/ebft-distribution-new/caches/wheels
[2026-05-16 13:39:08] Obtaining file:///mnt/data/ebft-distribution-new/code
[2026-05-16 13:39:08]   Installing build dependencies: started
[2026-05-16 13:39:09]   Installing build dependencies: finished with status 'done'
[2026-05-16 13:39:09]   Checking if build backend supports build_editable: started
[2026-05-16 13:39:10]   Checking if build backend supports build_editable: finished with status 'done'
[2026-05-16 13:39:10]   Getting requirements to build editable: started
[2026-05-16 13:39:10]   Installing build dependencies: finished with status 'done'
[2026-05-16 13:39:10]   Checking if build backend supports build_editable: started
[2026-05-16 13:39:10]   Checking if build backend supports build_editable: finished with status 'done'
[2026-05-16 13:39:10]   Getting requirements to build editable: started
[2026-05-16 13:39:11]   Getting requirements to build editable: finished with status 'done'
[2026-05-16 13:39:11]   Preparing editable metadata (pyproject.toml): started
[2026-05-16 13:39:11]   Preparing editable metadata (pyproject.toml): finished with status 'done'
[2026-05-16 13:39:11] Requirement already satisfied: accelerate in /mnt/workspace/venvs/.venv/lib/python3.12/site-packages (from openrlhf==0.8.9) (1.13.0)
[2026-05-16 13:39:11]   Getting requirements to build editable: finished with status 'done'
[2026-05-16 13:39:11]   Preparing editable metadata (pyproject.toml): started
[2026-05-16 13:39:11]   Preparing editable metadata (pyproject.toml): finished with status 'done'
[2026-05-16 13:39:11] Requirement already satisfied: accelerate in /mnt/workspace/venvs/.venv/lib/python3.12/site-packages (from openrlhf==0.8.9) (1.13.0)
[2026-05-16 13:39:12] Collecting autopep8 (from openrlhf==0.8.9)
[2026-05-16 13:39:12]   Downloading autopep8-2.3.2-py2.py3-none-any.whl (45 kB)
[2026-05-16 13:39:12] Collecting black (from openrlhf==0.8.9)
[2026-05-16 13:39:12]   Downloading black-26.3.1-cp312-cp312-manylinux2014_x86_64.manylinux_2_17_x86_64.manylinux_2_28_x86_64.whl (1.8 MB)
[2026-05-16 13:39:12] Collecting autopep8 (from openrlhf==0.8.9)
[2026-05-16 13:39:12]   Downloading autopep8-2.3.2-py2.py3-none-any.whl (45 kB)
[2026-05-16 13:39:12] Collecting black (from openrlhf==0.8.9)
[2026-05-16 13:39:12]   Downloading black-26.3.1-cp312-cp312-manylinux2014_x86_64.manylinux_2_17_x86_64.manylinux_2_28_x86_64.whl (1.8 MB)
[2026-05-16 13:39:15]      ━━━━━━━━━━━━━━━━━━━━━━━━━━━━━━━━━━━━━━━━ 1.8/1.8 MB 635.3 kB/s  0:00:03
[2026-05-16 13:39:15] Requirement already satisfied: bitsandbytes in /mnt/workspace/venvs/.venv/lib/python3.12/site-packages (from openrlhf==0.8.9) (0.49.2)
[2026-05-16 13:39:15] Requirement already satisfied: datasets in /mnt/workspace/venvs/.venv/lib/python3.12/site-packages (from openrlhf==0.8.9) (4.8.4)
[2026-05-16 13:39:15] Requirement already satisfied: deepspeed in /mnt/workspace/venvs/.venv/lib/python3.12/site-packages (from openrlhf==0.8.9) (0.18.9)
[2026-05-16 13:39:15] Requirement already satisfied: einops in /mnt/workspace/venvs/.venv/lib/python3.12/site-packages (from openrlhf==0.8.9) (0.8.2)
[2026-05-16 13:39:15] Requirement already satisfied: grpcio in /mnt/workspace/venvs/.venv/lib/python3.12/site-packages (from openrlhf==0.8.9) (1.80.0)
[2026-05-16 13:39:15] Collecting isort (from openrlhf==0.8.9)
[2026-05-16 13:39:15]   Downloading isort-8.0.1-py3-none-any.whl (89 kB)
[2026-05-16 13:39:15] Requirement already satisfied: jsonlines in /mnt/workspace/venvs/.venv/lib/python3.12/site-packages (from openrlhf==0.8.9) (4.0.0)
[2026-05-16 13:39:15] Requirement already satisfied: loralib in /mnt/workspace/venvs/.venv/lib/python3.12/site-packages (from openrlhf==0.8.9) (0.1.2)
[2026-05-16 13:39:15] Requirement already satisfied: optimum in /mnt/workspace/venvs/.venv/lib/python3.12/site-packages (from openrlhf==0.8.9) (2.1.0)
[2026-05-16 13:39:15] Requirement already satisfied: optree in /mnt/workspace/venvs/.venv/lib/python3.12/site-packages (from openrlhf==0.8.9) (0.19.0)
[2026-05-16 13:39:15] Requirement already satisfied: packaging in /mnt/workspace/venvs/.venv/lib/python3.12/site-packages (from openrlhf==0.8.9) (26.0)
[2026-05-16 13:39:15] Requirement already satisfied: peft in /mnt/workspace/venvs/.venv/lib/python3.12/site-packages (from openrlhf==0.8.9) (0.18.1)
[2026-05-16 13:39:15] Requirement already satisfied: pynvml in /mnt/workspace/venvs/.venv/lib/python3.12/site-packages (from openrlhf==0.8.9) (13.0.1)
[2026-05-16 13:39:15] Requirement already satisfied: ray==2.48.0 in /mnt/workspace/venvs/.venv/lib/python3.12/site-packages (from ray[default]==2.48.0->openrlhf==0.8.9) (2.48.0)
[2026-05-16 13:39:15] Requirement already satisfied: tensorboard in /mnt/workspace/venvs/.venv/lib/python3.12/site-packages (from openrlhf==0.8.9) (2.20.0)
[2026-05-16 13:39:15] Requirement already satisfied: torch in /mnt/workspace/venvs/.venv/lib/python3.12/site-packages (from openrlhf==0.8.9) (2.5.1+cu124)
[2026-05-16 13:39:15] Requirement already satisfied: torchdata in /mnt/workspace/venvs/.venv/lib/python3.12/site-packages (from openrlhf==0.8.9) (0.11.0)
[2026-05-16 13:39:15] Requirement already satisfied: torchmetrics in /mnt/workspace/venvs/.venv/lib/python3.12/site-packages (from openrlhf==0.8.9) (1.9.0)
[2026-05-16 13:39:15] Requirement already satisfied: tqdm in /mnt/workspace/venvs/.venv/lib/python3.12/site-packages (from openrlhf==0.8.9) (4.67.3)
[2026-05-16 13:39:15] Requirement already satisfied: transformers in /mnt/workspace/venvs/.venv/lib/python3.12/site-packages (from openrlhf==0.8.9) (5.6.0.dev0)
[2026-05-16 13:39:15] Requirement already satisfied: transformers_stream_generator in /mnt/workspace/venvs/.venv/lib/python3.12/site-packages (from openrlhf==0.8.9) (0.0.5)
[2026-05-16 13:39:15] Requirement already satisfied: matplotlib in /mnt/workspace/venvs/.venv/lib/python3.12/site-packages (from openrlhf==0.8.9) (3.10.8)
[2026-05-16 13:39:15] Requirement already satisfied: pyyaml in /mnt/workspace/venvs/.venv/lib/python3.12/site-packages (from openrlhf==0.8.9) (6.0.3)
[2026-05-16 13:39:15] Requirement already satisfied: wandb in /mnt/workspace/venvs/.venv/lib/python3.12/site-packages (from openrlhf==0.8.9) (0.25.1)
[2026-05-16 13:39:15] Requirement already satisfied: wheel in /mnt/workspace/venvs/.venv/lib/python3.12/site-packages (from openrlhf==0.8.9) (0.46.3)
[2026-05-16 13:39:15] Requirement already satisfied: nvitop in /mnt/workspace/venvs/.venv/lib/python3.12/site-packages (from openrlhf==0.8.9) (1.6.2)
[2026-05-16 13:39:15] Requirement already satisfied: click>=7.0 in /mnt/workspace/venvs/.venv/lib/python3.12/site-packages (from ray==2.48.0->ray[default]==2.48.0->openrlhf==0.8.9) (8.3.3)
[2026-05-16 13:39:15] Requirement already satisfied: filelock in /mnt/workspace/venvs/.venv/lib/python3.12/site-packages (from ray==2.48.0->ray[default]==2.48.0->openrlhf==0.8.9) (3.29.0)
[2026-05-16 13:39:15] Requirement already satisfied: jsonschema in /mnt/workspace/venvs/.venv/lib/python3.12/site-packages (from ray==2.48.0->ray[default]==2.48.0->openrlhf==0.8.9) (4.26.0)
[2026-05-16 13:39:15] Requirement already satisfied: msgpack<2.0.0,>=1.0.0 in /mnt/workspace/venvs/.venv/lib/python3.12/site-packages (from ray==2.48.0->ray[default]==2.48.0->openrlhf==0.8.9) (1.1.2)
[2026-05-16 13:39:15] Requirement already satisfied: protobuf!=3.19.5,>=3.15.3 in /mnt/workspace/venvs/.venv/lib/python3.12/site-packages (from ray==2.48.0->ray[default]==2.48.0->openrlhf==0.8.9) (6.33.6)
[2026-05-16 13:39:15] Requirement already satisfied: requests in /mnt/workspace/venvs/.venv/lib/python3.12/site-packages (from ray==2.48.0->ray[default]==2.48.0->openrlhf==0.8.9) (2.34.2)
[2026-05-16 13:39:15] Requirement already satisfied: aiohttp>=3.7 in /mnt/workspace/venvs/.venv/lib/python3.12/site-packages (from ray[default]==2.48.0->openrlhf==0.8.9) (3.13.5)
[2026-05-16 13:39:15] Requirement already satisfied: aiohttp_cors in /mnt/workspace/venvs/.venv/lib/python3.12/site-packages (from ray[default]==2.48.0->openrlhf==0.8.9) (0.8.1)
[2026-05-16 13:39:15] Requirement already satisfied: colorful in /mnt/workspace/venvs/.venv/lib/python3.12/site-packages (from ray[default]==2.48.0->openrlhf==0.8.9) (0.5.8)
[2026-05-16 13:39:15] Requirement already satisfied: py-spy>=0.4.0 in /mnt/workspace/venvs/.venv/lib/python3.12/site-packages (from ray[default]==2.48.0->openrlhf==0.8.9) (0.4.2)
[2026-05-16 13:39:15] Requirement already satisfied: opencensus in /mnt/workspace/venvs/.venv/lib/python3.12/site-packages (from ray[default]==2.48.0->openrlhf==0.8.9) (0.11.4)
[2026-05-16 13:39:15] Requirement already satisfied: opentelemetry-sdk>=1.30.0 in /mnt/workspace/venvs/.venv/lib/python3.12/site-packages (from ray[default]==2.48.0->openrlhf==0.8.9) (1.41.1)
[2026-05-16 13:39:15] Requirement already satisfied: opentelemetry-exporter-prometheus in /mnt/workspace/venvs/.venv/lib/python3.12/site-packages (from ray[default]==2.48.0->openrlhf==0.8.9) (0.62b1)
[2026-05-16 13:39:15] Requirement already satisfied: opentelemetry-proto in /mnt/workspace/venvs/.venv/lib/python3.12/site-packages (from ray[default]==2.48.0->openrlhf==0.8.9) (1.41.1)
[2026-05-16 13:39:15] Requirement already satisfied: pydantic!=2.0.*,!=2.1.*,!=2.2.*,!=2.3.*,!=2.4.*,<3 in /mnt/workspace/venvs/.venv/lib/python3.12/site-packages (from ray[default]==2.48.0->openrlhf==0.8.9) (2.13.4)
[2026-05-16 13:39:15] Requirement already satisfied: prometheus_client>=0.7.1 in /mnt/workspace/venvs/.venv/lib/python3.12/site-packages (from ray[default]==2.48.0->openrlhf==0.8.9) (0.25.0)
[2026-05-16 13:39:15] Requirement already satisfied: smart_open in /mnt/workspace/venvs/.venv/lib/python3.12/site-packages (from ray[default]==2.48.0->openrlhf==0.8.9) (7.6.1)
[2026-05-16 13:39:15] Requirement already satisfied: virtualenv!=20.21.1,>=20.0.24 in /mnt/workspace/venvs/.venv/lib/python3.12/site-packages (from ray[default]==2.48.0->openrlhf==0.8.9) (21.3.3)
[2026-05-16 13:39:15] Requirement already satisfied: annotated-types>=0.6.0 in /mnt/workspace/venvs/.venv/lib/python3.12/site-packages (from pydantic!=2.0.*,!=2.1.*,!=2.2.*,!=2.3.*,!=2.4.*,<3->ray[default]==2.48.0->openrlhf==0.8.9) (0.7.0)
[2026-05-16 13:39:15] Requirement already satisfied: pydantic-core==2.46.4 in /mnt/workspace/venvs/.venv/lib/python3.12/site-packages (from pydantic!=2.0.*,!=2.1.*,!=2.2.*,!=2.3.*,!=2.4.*,<3->ray[default]==2.48.0->openrlhf==0.8.9) (2.46.4)
[2026-05-16 13:39:15] Requirement already satisfied: typing-extensions>=4.14.1 in /mnt/workspace/venvs/.venv/lib/python3.12/site-packages (from pydantic!=2.0.*,!=2.1.*,!=2.2.*,!=2.3.*,!=2.4.*,<3->ray[default]==2.48.0->openrlhf==0.8.9) (4.15.0)
[2026-05-16 13:39:15] Requirement already satisfied: typing-inspection>=0.4.2 in /mnt/workspace/venvs/.venv/lib/python3.12/site-packages (from pydantic!=2.0.*,!=2.1.*,!=2.2.*,!=2.3.*,!=2.4.*,<3->ray[default]==2.48.0->openrlhf==0.8.9) (0.4.2)
[2026-05-16 13:39:15] Requirement already satisfied: aiohappyeyeballs>=2.5.0 in /mnt/workspace/venvs/.venv/lib/python3.12/site-packages (from aiohttp>=3.7->ray[default]==2.48.0->openrlhf==0.8.9) (2.6.1)
[2026-05-16 13:39:15] Requirement already satisfied: aiosignal>=1.4.0 in /mnt/workspace/venvs/.venv/lib/python3.12/site-packages (from aiohttp>=3.7->ray[default]==2.48.0->openrlhf==0.8.9) (1.4.0)
[2026-05-16 13:39:15] Requirement already satisfied: attrs>=17.3.0 in /mnt/workspace/venvs/.venv/lib/python3.12/site-packages (from aiohttp>=3.7->ray[default]==2.48.0->openrlhf==0.8.9) (26.1.0)
[2026-05-16 13:39:15] Requirement already satisfied: frozenlist>=1.1.1 in /mnt/workspace/venvs/.venv/lib/python3.12/site-packages (from aiohttp>=3.7->ray[default]==2.48.0->openrlhf==0.8.9) (1.8.0)
[2026-05-16 13:39:15] Requirement already satisfied: multidict<7.0,>=4.5 in /mnt/workspace/venvs/.venv/lib/python3.12/site-packages (from aiohttp>=3.7->ray[default]==2.48.0->openrlhf==0.8.9) (6.7.1)
[2026-05-16 13:39:15] Requirement already satisfied: propcache>=0.2.0 in /mnt/workspace/venvs/.venv/lib/python3.12/site-packages (from aiohttp>=3.7->ray[default]==2.48.0->openrlhf==0.8.9) (0.5.2)
[2026-05-16 13:39:15] Requirement already satisfied: yarl<2.0,>=1.17.0 in /mnt/workspace/venvs/.venv/lib/python3.12/site-packages (from aiohttp>=3.7->ray[default]==2.48.0->openrlhf==0.8.9) (1.23.0)
[2026-05-16 13:39:15] Requirement already satisfied: idna>=2.0 in /mnt/workspace/venvs/.venv/lib/python3.12/site-packages (from yarl<2.0,>=1.17.0->aiohttp>=3.7->ray[default]==2.48.0->openrlhf==0.8.9) (3.15)
[2026-05-16 13:39:15] Requirement already satisfied: opentelemetry-api==1.41.1 in /mnt/workspace/venvs/.venv/lib/python3.12/site-packages (from opentelemetry-sdk>=1.30.0->ray[default]==2.48.0->openrlhf==0.8.9) (1.41.1)
[2026-05-16 13:39:15] Requirement already satisfied: opentelemetry-semantic-conventions==0.62b1 in /mnt/workspace/venvs/.venv/lib/python3.12/site-packages (from opentelemetry-sdk>=1.30.0->ray[default]==2.48.0->openrlhf==0.8.9) (0.62b1)
[2026-05-16 13:39:15] Requirement already satisfied: importlib-metadata<8.8.0,>=6.0 in /mnt/workspace/venvs/.venv/lib/python3.12/site-packages (from opentelemetry-api==1.41.1->opentelemetry-sdk>=1.30.0->ray[default]==2.48.0->openrlhf==0.8.9) (8.7.1)
[2026-05-16 13:39:15] Requirement already satisfied: zipp>=3.20 in /mnt/workspace/venvs/.venv/lib/python3.12/site-packages (from importlib-metadata<8.8.0,>=6.0->opentelemetry-api==1.41.1->opentelemetry-sdk>=1.30.0->ray[default]==2.48.0->openrlhf==0.8.9) (3.23.1)
[2026-05-16 13:39:15] Requirement already satisfied: distlib<1,>=0.3.7 in /mnt/workspace/venvs/.venv/lib/python3.12/site-packages (from virtualenv!=20.21.1,>=20.0.24->ray[default]==2.48.0->openrlhf==0.8.9) (0.4.0)
[2026-05-16 13:39:15] Requirement already satisfied: platformdirs<5,>=3.9.1 in /mnt/workspace/venvs/.venv/lib/python3.12/site-packages (from virtualenv!=20.21.1,>=20.0.24->ray[default]==2.48.0->openrlhf==0.8.9) (4.9.6)
[2026-05-16 13:39:15] Requirement already satisfied: python-discovery>=1.3.1 in /mnt/workspace/venvs/.venv/lib/python3.12/site-packages (from virtualenv!=20.21.1,>=20.0.24->ray[default]==2.48.0->openrlhf==0.8.9) (1.3.1)
[2026-05-16 13:39:15] Requirement already satisfied: numpy>=1.17 in /mnt/workspace/venvs/.venv/lib/python3.12/site-packages (from accelerate->openrlhf==0.8.9) (2.2.6)
[2026-05-16 13:39:15] Requirement already satisfied: psutil in /mnt/workspace/venvs/.venv/lib/python3.12/site-packages (from accelerate->openrlhf==0.8.9) (7.2.2)
[2026-05-16 13:39:15] Requirement already satisfied: huggingface_hub>=0.21.0 in /mnt/workspace/venvs/.venv/lib/python3.12/site-packages (from accelerate->openrlhf==0.8.9) (1.10.1)
[2026-05-16 13:39:15] Requirement already satisfied: safetensors>=0.4.3 in /mnt/workspace/venvs/.venv/lib/python3.12/site-packages (from accelerate->openrlhf==0.8.9) (0.7.0)
[2026-05-16 13:39:15] Requirement already satisfied: fsspec>=2023.5.0 in /mnt/workspace/venvs/.venv/lib/python3.12/site-packages (from huggingface_hub>=0.21.0->accelerate->openrlhf==0.8.9) (2026.2.0)
[2026-05-16 13:39:15] Requirement already satisfied: hf-xet<2.0.0,>=1.4.3 in /mnt/workspace/venvs/.venv/lib/python3.12/site-packages (from huggingface_hub>=0.21.0->accelerate->openrlhf==0.8.9) (1.5.0)
[2026-05-16 13:39:15] Requirement already satisfied: httpx<1,>=0.23.0 in /mnt/workspace/venvs/.venv/lib/python3.12/site-packages (from huggingface_hub>=0.21.0->accelerate->openrlhf==0.8.9) (0.28.1)
[2026-05-16 13:39:15] Requirement already satisfied: typer in /mnt/workspace/venvs/.venv/lib/python3.12/site-packages (from huggingface_hub>=0.21.0->accelerate->openrlhf==0.8.9) (0.25.1)
[2026-05-16 13:39:15] Requirement already satisfied: anyio in /mnt/workspace/venvs/.venv/lib/python3.12/site-packages (from httpx<1,>=0.23.0->huggingface_hub>=0.21.0->accelerate->openrlhf==0.8.9) (4.13.0)
[2026-05-16 13:39:15] Requirement already satisfied: certifi in /mnt/workspace/venvs/.venv/lib/python3.12/site-packages (from httpx<1,>=0.23.0->huggingface_hub>=0.21.0->accelerate->openrlhf==0.8.9) (2026.4.22)
[2026-05-16 13:39:15] Requirement already satisfied: httpcore==1.* in /mnt/workspace/venvs/.venv/lib/python3.12/site-packages (from httpx<1,>=0.23.0->huggingface_hub>=0.21.0->accelerate->openrlhf==0.8.9) (1.0.9)
[2026-05-16 13:39:15] Requirement already satisfied: h11>=0.16 in /mnt/workspace/venvs/.venv/lib/python3.12/site-packages (from httpcore==1.*->httpx<1,>=0.23.0->huggingface_hub>=0.21.0->accelerate->openrlhf==0.8.9) (0.16.0)
[2026-05-16 13:39:15] Requirement already satisfied: networkx in /mnt/workspace/venvs/.venv/lib/python3.12/site-packages (from torch->openrlhf==0.8.9) (3.6.1)
[2026-05-16 13:39:15] Requirement already satisfied: jinja2 in /mnt/workspace/venvs/.venv/lib/python3.12/site-packages (from torch->openrlhf==0.8.9) (3.1.6)
[2026-05-16 13:39:15] Requirement already satisfied: nvidia-cuda-nvrtc-cu12==12.4.127 in /mnt/workspace/venvs/.venv/lib/python3.12/site-packages (from torch->openrlhf==0.8.9) (12.4.127)
[2026-05-16 13:39:15] Requirement already satisfied: nvidia-cuda-runtime-cu12==12.4.127 in /mnt/workspace/venvs/.venv/lib/python3.12/site-packages (from torch->openrlhf==0.8.9) (12.4.127)
[2026-05-16 13:39:15] Requirement already satisfied: nvidia-cuda-cupti-cu12==12.4.127 in /mnt/workspace/venvs/.venv/lib/python3.12/site-packages (from torch->openrlhf==0.8.9) (12.4.127)
[2026-05-16 13:39:15] Requirement already satisfied: nvidia-cudnn-cu12==9.1.0.70 in /mnt/workspace/venvs/.venv/lib/python3.12/site-packages (from torch->openrlhf==0.8.9) (9.1.0.70)
[2026-05-16 13:39:15] Requirement already satisfied: nvidia-cublas-cu12==12.4.5.8 in /mnt/workspace/venvs/.venv/lib/python3.12/site-packages (from torch->openrlhf==0.8.9) (12.4.5.8)
[2026-05-16 13:39:15] Requirement already satisfied: nvidia-cufft-cu12==11.2.1.3 in /mnt/workspace/venvs/.venv/lib/python3.12/site-packages (from torch->openrlhf==0.8.9) (11.2.1.3)
[2026-05-16 13:39:15] Requirement already satisfied: nvidia-curand-cu12==10.3.5.147 in /mnt/workspace/venvs/.venv/lib/python3.12/site-packages (from torch->openrlhf==0.8.9) (10.3.5.147)
[2026-05-16 13:39:15] Requirement already satisfied: nvidia-cusolver-cu12==11.6.1.9 in /mnt/workspace/venvs/.venv/lib/python3.12/site-packages (from torch->openrlhf==0.8.9) (11.6.1.9)
[2026-05-16 13:39:15] Requirement already satisfied: nvidia-cusparse-cu12==12.3.1.170 in /mnt/workspace/venvs/.venv/lib/python3.12/site-packages (from torch->openrlhf==0.8.9) (12.3.1.170)
[2026-05-16 13:39:15] Requirement already satisfied: nvidia-nccl-cu12==2.21.5 in /mnt/workspace/venvs/.venv/lib/python3.12/site-packages (from torch->openrlhf==0.8.9) (2.21.5)
[2026-05-16 13:39:15] Requirement already satisfied: nvidia-nvtx-cu12==12.4.127 in /mnt/workspace/venvs/.venv/lib/python3.12/site-packages (from torch->openrlhf==0.8.9) (12.4.127)
[2026-05-16 13:39:15] Requirement already satisfied: nvidia-nvjitlink-cu12==12.4.127 in /mnt/workspace/venvs/.venv/lib/python3.12/site-packages (from torch->openrlhf==0.8.9) (12.4.127)
[2026-05-16 13:39:15] Requirement already satisfied: triton==3.1.0 in /mnt/workspace/venvs/.venv/lib/python3.12/site-packages (from torch->openrlhf==0.8.9) (3.1.0)
[2026-05-16 13:39:15] Requirement already satisfied: setuptools in /mnt/workspace/venvs/.venv/lib/python3.12/site-packages (from torch->openrlhf==0.8.9) (82.0.1)
[2026-05-16 13:39:15] Requirement already satisfied: sympy==1.13.1 in /mnt/workspace/venvs/.venv/lib/python3.12/site-packages (from torch->openrlhf==0.8.9) (1.13.1)
[2026-05-16 13:39:15] Requirement already satisfied: mpmath<1.4,>=1.1.0 in /mnt/workspace/venvs/.venv/lib/python3.12/site-packages (from sympy==1.13.1->torch->openrlhf==0.8.9) (1.3.0)
[2026-05-16 13:39:15]      ━━━━━━━━━━━━━━━━━━━━━━━━━━━━━━━━━━━━━━━━ 1.8/1.8 MB 634.5 kB/s  0:00:02
[2026-05-16 13:39:15] Requirement already satisfied: bitsandbytes in /mnt/workspace/venvs/.venv/lib/python3.12/site-packages (from openrlhf==0.8.9) (0.49.2)
[2026-05-16 13:39:15] Requirement already satisfied: datasets in /mnt/workspace/venvs/.venv/lib/python3.12/site-packages (from openrlhf==0.8.9) (4.8.4)
[2026-05-16 13:39:15] Requirement already satisfied: deepspeed in /mnt/workspace/venvs/.venv/lib/python3.12/site-packages (from openrlhf==0.8.9) (0.18.9)
[2026-05-16 13:39:15] Requirement already satisfied: einops in /mnt/workspace/venvs/.venv/lib/python3.12/site-packages (from openrlhf==0.8.9) (0.8.2)
[2026-05-16 13:39:15] Requirement already satisfied: grpcio in /mnt/workspace/venvs/.venv/lib/python3.12/site-packages (from openrlhf==0.8.9) (1.80.0)
[2026-05-16 13:39:15] Collecting isort (from openrlhf==0.8.9)
[2026-05-16 13:39:15]   Downloading isort-8.0.1-py3-none-any.whl (89 kB)
[2026-05-16 13:39:15] Requirement already satisfied: jsonlines in /mnt/workspace/venvs/.venv/lib/python3.12/site-packages (from openrlhf==0.8.9) (4.0.0)
[2026-05-16 13:39:15] Requirement already satisfied: loralib in /mnt/workspace/venvs/.venv/lib/python3.12/site-packages (from openrlhf==0.8.9) (0.1.2)
[2026-05-16 13:39:15] Requirement already satisfied: optimum in /mnt/workspace/venvs/.venv/lib/python3.12/site-packages (from openrlhf==0.8.9) (2.1.0)
[2026-05-16 13:39:15] Requirement already satisfied: optree in /mnt/workspace/venvs/.venv/lib/python3.12/site-packages (from openrlhf==0.8.9) (0.19.0)
[2026-05-16 13:39:15] Requirement already satisfied: packaging in /mnt/workspace/venvs/.venv/lib/python3.12/site-packages (from openrlhf==0.8.9) (26.0)
[2026-05-16 13:39:15] Requirement already satisfied: peft in /mnt/workspace/venvs/.venv/lib/python3.12/site-packages (from openrlhf==0.8.9) (0.18.1)
[2026-05-16 13:39:15] Requirement already satisfied: pynvml in /mnt/workspace/venvs/.venv/lib/python3.12/site-packages (from openrlhf==0.8.9) (13.0.1)
[2026-05-16 13:39:15] Requirement already satisfied: ray==2.48.0 in /mnt/workspace/venvs/.venv/lib/python3.12/site-packages (from ray[default]==2.48.0->openrlhf==0.8.9) (2.48.0)
[2026-05-16 13:39:15] Requirement already satisfied: tensorboard in /mnt/workspace/venvs/.venv/lib/python3.12/site-packages (from openrlhf==0.8.9) (2.20.0)
[2026-05-16 13:39:15] Requirement already satisfied: torch in /mnt/workspace/venvs/.venv/lib/python3.12/site-packages (from openrlhf==0.8.9) (2.5.1+cu124)
[2026-05-16 13:39:15] Requirement already satisfied: torchdata in /mnt/workspace/venvs/.venv/lib/python3.12/site-packages (from openrlhf==0.8.9) (0.11.0)
[2026-05-16 13:39:15] Requirement already satisfied: torchmetrics in /mnt/workspace/venvs/.venv/lib/python3.12/site-packages (from openrlhf==0.8.9) (1.9.0)
[2026-05-16 13:39:15] Requirement already satisfied: tqdm in /mnt/workspace/venvs/.venv/lib/python3.12/site-packages (from openrlhf==0.8.9) (4.67.3)
[2026-05-16 13:39:15] Requirement already satisfied: transformers in /mnt/workspace/venvs/.venv/lib/python3.12/site-packages (from openrlhf==0.8.9) (5.6.0.dev0)
[2026-05-16 13:39:15] Requirement already satisfied: transformers_stream_generator in /mnt/workspace/venvs/.venv/lib/python3.12/site-packages (from openrlhf==0.8.9) (0.0.5)
[2026-05-16 13:39:15] Requirement already satisfied: matplotlib in /mnt/workspace/venvs/.venv/lib/python3.12/site-packages (from openrlhf==0.8.9) (3.10.8)
[2026-05-16 13:39:15] Requirement already satisfied: pyyaml in /mnt/workspace/venvs/.venv/lib/python3.12/site-packages (from openrlhf==0.8.9) (6.0.3)
[2026-05-16 13:39:15] Requirement already satisfied: wandb in /mnt/workspace/venvs/.venv/lib/python3.12/site-packages (from openrlhf==0.8.9) (0.25.1)
[2026-05-16 13:39:15] Requirement already satisfied: wheel in /mnt/workspace/venvs/.venv/lib/python3.12/site-packages (from openrlhf==0.8.9) (0.46.3)
[2026-05-16 13:39:15] Requirement already satisfied: nvitop in /mnt/workspace/venvs/.venv/lib/python3.12/site-packages (from openrlhf==0.8.9) (1.6.2)
[2026-05-16 13:39:15] Requirement already satisfied: click>=7.0 in /mnt/workspace/venvs/.venv/lib/python3.12/site-packages (from ray==2.48.0->ray[default]==2.48.0->openrlhf==0.8.9) (8.3.3)
[2026-05-16 13:39:15] Requirement already satisfied: filelock in /mnt/workspace/venvs/.venv/lib/python3.12/site-packages (from ray==2.48.0->ray[default]==2.48.0->openrlhf==0.8.9) (3.29.0)
[2026-05-16 13:39:15] Requirement already satisfied: jsonschema in /mnt/workspace/venvs/.venv/lib/python3.12/site-packages (from ray==2.48.0->ray[default]==2.48.0->openrlhf==0.8.9) (4.26.0)
[2026-05-16 13:39:15] Requirement already satisfied: msgpack<2.0.0,>=1.0.0 in /mnt/workspace/venvs/.venv/lib/python3.12/site-packages (from ray==2.48.0->ray[default]==2.48.0->openrlhf==0.8.9) (1.1.2)
[2026-05-16 13:39:15] Requirement already satisfied: protobuf!=3.19.5,>=3.15.3 in /mnt/workspace/venvs/.venv/lib/python3.12/site-packages (from ray==2.48.0->ray[default]==2.48.0->openrlhf==0.8.9) (6.33.6)
[2026-05-16 13:39:15] Requirement already satisfied: requests in /mnt/workspace/venvs/.venv/lib/python3.12/site-packages (from ray==2.48.0->ray[default]==2.48.0->openrlhf==0.8.9) (2.34.2)
[2026-05-16 13:39:15] Requirement already satisfied: aiohttp>=3.7 in /mnt/workspace/venvs/.venv/lib/python3.12/site-packages (from ray[default]==2.48.0->openrlhf==0.8.9) (3.13.5)
[2026-05-16 13:39:15] Requirement already satisfied: aiohttp_cors in /mnt/workspace/venvs/.venv/lib/python3.12/site-packages (from ray[default]==2.48.0->openrlhf==0.8.9) (0.8.1)
[2026-05-16 13:39:15] Requirement already satisfied: colorful in /mnt/workspace/venvs/.venv/lib/python3.12/site-packages (from ray[default]==2.48.0->openrlhf==0.8.9) (0.5.8)
[2026-05-16 13:39:15] Requirement already satisfied: py-spy>=0.4.0 in /mnt/workspace/venvs/.venv/lib/python3.12/site-packages (from ray[default]==2.48.0->openrlhf==0.8.9) (0.4.2)
[2026-05-16 13:39:15] Requirement already satisfied: opencensus in /mnt/workspace/venvs/.venv/lib/python3.12/site-packages (from ray[default]==2.48.0->openrlhf==0.8.9) (0.11.4)
[2026-05-16 13:39:15] Requirement already satisfied: opentelemetry-sdk>=1.30.0 in /mnt/workspace/venvs/.venv/lib/python3.12/site-packages (from ray[default]==2.48.0->openrlhf==0.8.9) (1.41.1)
[2026-05-16 13:39:15] Requirement already satisfied: opentelemetry-exporter-prometheus in /mnt/workspace/venvs/.venv/lib/python3.12/site-packages (from ray[default]==2.48.0->openrlhf==0.8.9) (0.62b1)
[2026-05-16 13:39:15] Requirement already satisfied: opentelemetry-proto in /mnt/workspace/venvs/.venv/lib/python3.12/site-packages (from ray[default]==2.48.0->openrlhf==0.8.9) (1.41.1)
[2026-05-16 13:39:15] Requirement already satisfied: pydantic!=2.0.*,!=2.1.*,!=2.2.*,!=2.3.*,!=2.4.*,<3 in /mnt/workspace/venvs/.venv/lib/python3.12/site-packages (from ray[default]==2.48.0->openrlhf==0.8.9) (2.13.4)
[2026-05-16 13:39:15] Requirement already satisfied: prometheus_client>=0.7.1 in /mnt/workspace/venvs/.venv/lib/python3.12/site-packages (from ray[default]==2.48.0->openrlhf==0.8.9) (0.25.0)
[2026-05-16 13:39:15] Requirement already satisfied: smart_open in /mnt/workspace/venvs/.venv/lib/python3.12/site-packages (from ray[default]==2.48.0->openrlhf==0.8.9) (7.6.1)
[2026-05-16 13:39:15] Requirement already satisfied: virtualenv!=20.21.1,>=20.0.24 in /mnt/workspace/venvs/.venv/lib/python3.12/site-packages (from ray[default]==2.48.0->openrlhf==0.8.9) (21.3.3)
[2026-05-16 13:39:15] Requirement already satisfied: annotated-types>=0.6.0 in /mnt/workspace/venvs/.venv/lib/python3.12/site-packages (from pydantic!=2.0.*,!=2.1.*,!=2.2.*,!=2.3.*,!=2.4.*,<3->ray[default]==2.48.0->openrlhf==0.8.9) (0.7.0)
[2026-05-16 13:39:15] Requirement already satisfied: pydantic-core==2.46.4 in /mnt/workspace/venvs/.venv/lib/python3.12/site-packages (from pydantic!=2.0.*,!=2.1.*,!=2.2.*,!=2.3.*,!=2.4.*,<3->ray[default]==2.48.0->openrlhf==0.8.9) (2.46.4)
[2026-05-16 13:39:15] Requirement already satisfied: typing-extensions>=4.14.1 in /mnt/workspace/venvs/.venv/lib/python3.12/site-packages (from pydantic!=2.0.*,!=2.1.*,!=2.2.*,!=2.3.*,!=2.4.*,<3->ray[default]==2.48.0->openrlhf==0.8.9) (4.15.0)
[2026-05-16 13:39:15] Requirement already satisfied: typing-inspection>=0.4.2 in /mnt/workspace/venvs/.venv/lib/python3.12/site-packages (from pydantic!=2.0.*,!=2.1.*,!=2.2.*,!=2.3.*,!=2.4.*,<3->ray[default]==2.48.0->openrlhf==0.8.9) (0.4.2)
[2026-05-16 13:39:15] Requirement already satisfied: aiohappyeyeballs>=2.5.0 in /mnt/workspace/venvs/.venv/lib/python3.12/site-packages (from aiohttp>=3.7->ray[default]==2.48.0->openrlhf==0.8.9) (2.6.1)
[2026-05-16 13:39:15] Requirement already satisfied: aiosignal>=1.4.0 in /mnt/workspace/venvs/.venv/lib/python3.12/site-packages (from aiohttp>=3.7->ray[default]==2.48.0->openrlhf==0.8.9) (1.4.0)
[2026-05-16 13:39:15] Requirement already satisfied: attrs>=17.3.0 in /mnt/workspace/venvs/.venv/lib/python3.12/site-packages (from aiohttp>=3.7->ray[default]==2.48.0->openrlhf==0.8.9) (26.1.0)
[2026-05-16 13:39:15] Requirement already satisfied: frozenlist>=1.1.1 in /mnt/workspace/venvs/.venv/lib/python3.12/site-packages (from aiohttp>=3.7->ray[default]==2.48.0->openrlhf==0.8.9) (1.8.0)
[2026-05-16 13:39:15] Requirement already satisfied: multidict<7.0,>=4.5 in /mnt/workspace/venvs/.venv/lib/python3.12/site-packages (from aiohttp>=3.7->ray[default]==2.48.0->openrlhf==0.8.9) (6.7.1)
[2026-05-16 13:39:15] Requirement already satisfied: propcache>=0.2.0 in /mnt/workspace/venvs/.venv/lib/python3.12/site-packages (from aiohttp>=3.7->ray[default]==2.48.0->openrlhf==0.8.9) (0.5.2)
[2026-05-16 13:39:15] Requirement already satisfied: yarl<2.0,>=1.17.0 in /mnt/workspace/venvs/.venv/lib/python3.12/site-packages (from aiohttp>=3.7->ray[default]==2.48.0->openrlhf==0.8.9) (1.23.0)
[2026-05-16 13:39:15] Requirement already satisfied: idna>=2.0 in /mnt/workspace/venvs/.venv/lib/python3.12/site-packages (from yarl<2.0,>=1.17.0->aiohttp>=3.7->ray[default]==2.48.0->openrlhf==0.8.9) (3.15)
[2026-05-16 13:39:15] Requirement already satisfied: opentelemetry-api==1.41.1 in /mnt/workspace/venvs/.venv/lib/python3.12/site-packages (from opentelemetry-sdk>=1.30.0->ray[default]==2.48.0->openrlhf==0.8.9) (1.41.1)
[2026-05-16 13:39:15] Requirement already satisfied: opentelemetry-semantic-conventions==0.62b1 in /mnt/workspace/venvs/.venv/lib/python3.12/site-packages (from opentelemetry-sdk>=1.30.0->ray[default]==2.48.0->openrlhf==0.8.9) (0.62b1)
[2026-05-16 13:39:15] Requirement already satisfied: importlib-metadata<8.8.0,>=6.0 in /mnt/workspace/venvs/.venv/lib/python3.12/site-packages (from opentelemetry-api==1.41.1->opentelemetry-sdk>=1.30.0->ray[default]==2.48.0->openrlhf==0.8.9) (8.7.1)
[2026-05-16 13:39:15] Requirement already satisfied: zipp>=3.20 in /mnt/workspace/venvs/.venv/lib/python3.12/site-packages (from importlib-metadata<8.8.0,>=6.0->opentelemetry-api==1.41.1->opentelemetry-sdk>=1.30.0->ray[default]==2.48.0->openrlhf==0.8.9) (3.23.1)
[2026-05-16 13:39:15] Requirement already satisfied: distlib<1,>=0.3.7 in /mnt/workspace/venvs/.venv/lib/python3.12/site-packages (from virtualenv!=20.21.1,>=20.0.24->ray[default]==2.48.0->openrlhf==0.8.9) (0.4.0)
[2026-05-16 13:39:15] Requirement already satisfied: platformdirs<5,>=3.9.1 in /mnt/workspace/venvs/.venv/lib/python3.12/site-packages (from virtualenv!=20.21.1,>=20.0.24->ray[default]==2.48.0->openrlhf==0.8.9) (4.9.6)
[2026-05-16 13:39:15] Requirement already satisfied: python-discovery>=1.3.1 in /mnt/workspace/venvs/.venv/lib/python3.12/site-packages (from virtualenv!=20.21.1,>=20.0.24->ray[default]==2.48.0->openrlhf==0.8.9) (1.3.1)
[2026-05-16 13:39:15] Requirement already satisfied: numpy>=1.17 in /mnt/workspace/venvs/.venv/lib/python3.12/site-packages (from accelerate->openrlhf==0.8.9) (2.2.6)
[2026-05-16 13:39:15] Requirement already satisfied: psutil in /mnt/workspace/venvs/.venv/lib/python3.12/site-packages (from accelerate->openrlhf==0.8.9) (7.2.2)
[2026-05-16 13:39:15] Requirement already satisfied: huggingface_hub>=0.21.0 in /mnt/workspace/venvs/.venv/lib/python3.12/site-packages (from accelerate->openrlhf==0.8.9) (1.10.1)
[2026-05-16 13:39:15] Requirement already satisfied: safetensors>=0.4.3 in /mnt/workspace/venvs/.venv/lib/python3.12/site-packages (from accelerate->openrlhf==0.8.9) (0.7.0)
[2026-05-16 13:39:15] Requirement already satisfied: fsspec>=2023.5.0 in /mnt/workspace/venvs/.venv/lib/python3.12/site-packages (from huggingface_hub>=0.21.0->accelerate->openrlhf==0.8.9) (2026.2.0)
[2026-05-16 13:39:15] Requirement already satisfied: hf-xet<2.0.0,>=1.4.3 in /mnt/workspace/venvs/.venv/lib/python3.12/site-packages (from huggingface_hub>=0.21.0->accelerate->openrlhf==0.8.9) (1.5.0)
[2026-05-16 13:39:15] Requirement already satisfied: httpx<1,>=0.23.0 in /mnt/workspace/venvs/.venv/lib/python3.12/site-packages (from huggingface_hub>=0.21.0->accelerate->openrlhf==0.8.9) (0.28.1)
[2026-05-16 13:39:15] Requirement already satisfied: typer in /mnt/workspace/venvs/.venv/lib/python3.12/site-packages (from huggingface_hub>=0.21.0->accelerate->openrlhf==0.8.9) (0.25.1)
[2026-05-16 13:39:15] Requirement already satisfied: anyio in /mnt/workspace/venvs/.venv/lib/python3.12/site-packages (from httpx<1,>=0.23.0->huggingface_hub>=0.21.0->accelerate->openrlhf==0.8.9) (4.13.0)
[2026-05-16 13:39:15] Requirement already satisfied: certifi in /mnt/workspace/venvs/.venv/lib/python3.12/site-packages (from httpx<1,>=0.23.0->huggingface_hub>=0.21.0->accelerate->openrlhf==0.8.9) (2026.4.22)
[2026-05-16 13:39:15] Requirement already satisfied: httpcore==1.* in /mnt/workspace/venvs/.venv/lib/python3.12/site-packages (from httpx<1,>=0.23.0->huggingface_hub>=0.21.0->accelerate->openrlhf==0.8.9) (1.0.9)
[2026-05-16 13:39:15] Requirement already satisfied: h11>=0.16 in /mnt/workspace/venvs/.venv/lib/python3.12/site-packages (from httpcore==1.*->httpx<1,>=0.23.0->huggingface_hub>=0.21.0->accelerate->openrlhf==0.8.9) (0.16.0)
[2026-05-16 13:39:15] Requirement already satisfied: networkx in /mnt/workspace/venvs/.venv/lib/python3.12/site-packages (from torch->openrlhf==0.8.9) (3.6.1)
[2026-05-16 13:39:15] Requirement already satisfied: jinja2 in /mnt/workspace/venvs/.venv/lib/python3.12/site-packages (from torch->openrlhf==0.8.9) (3.1.6)
[2026-05-16 13:39:15] Requirement already satisfied: nvidia-cuda-nvrtc-cu12==12.4.127 in /mnt/workspace/venvs/.venv/lib/python3.12/site-packages (from torch->openrlhf==0.8.9) (12.4.127)
[2026-05-16 13:39:15] Requirement already satisfied: nvidia-cuda-runtime-cu12==12.4.127 in /mnt/workspace/venvs/.venv/lib/python3.12/site-packages (from torch->openrlhf==0.8.9) (12.4.127)
[2026-05-16 13:39:15] Requirement already satisfied: nvidia-cuda-cupti-cu12==12.4.127 in /mnt/workspace/venvs/.venv/lib/python3.12/site-packages (from torch->openrlhf==0.8.9) (12.4.127)
[2026-05-16 13:39:15] Requirement already satisfied: nvidia-cudnn-cu12==9.1.0.70 in /mnt/workspace/venvs/.venv/lib/python3.12/site-packages (from torch->openrlhf==0.8.9) (9.1.0.70)
[2026-05-16 13:39:15] Requirement already satisfied: nvidia-cublas-cu12==12.4.5.8 in /mnt/workspace/venvs/.venv/lib/python3.12/site-packages (from torch->openrlhf==0.8.9) (12.4.5.8)
[2026-05-16 13:39:15] Requirement already satisfied: nvidia-cufft-cu12==11.2.1.3 in /mnt/workspace/venvs/.venv/lib/python3.12/site-packages (from torch->openrlhf==0.8.9) (11.2.1.3)
[2026-05-16 13:39:15] Requirement already satisfied: nvidia-curand-cu12==10.3.5.147 in /mnt/workspace/venvs/.venv/lib/python3.12/site-packages (from torch->openrlhf==0.8.9) (10.3.5.147)
[2026-05-16 13:39:15] Requirement already satisfied: nvidia-cusolver-cu12==11.6.1.9 in /mnt/workspace/venvs/.venv/lib/python3.12/site-packages (from torch->openrlhf==0.8.9) (11.6.1.9)
[2026-05-16 13:39:15] Requirement already satisfied: nvidia-cusparse-cu12==12.3.1.170 in /mnt/workspace/venvs/.venv/lib/python3.12/site-packages (from torch->openrlhf==0.8.9) (12.3.1.170)
[2026-05-16 13:39:15] Requirement already satisfied: nvidia-nccl-cu12==2.21.5 in /mnt/workspace/venvs/.venv/lib/python3.12/site-packages (from torch->openrlhf==0.8.9) (2.21.5)
[2026-05-16 13:39:15] Requirement already satisfied: nvidia-nvtx-cu12==12.4.127 in /mnt/workspace/venvs/.venv/lib/python3.12/site-packages (from torch->openrlhf==0.8.9) (12.4.127)
[2026-05-16 13:39:15] Requirement already satisfied: nvidia-nvjitlink-cu12==12.4.127 in /mnt/workspace/venvs/.venv/lib/python3.12/site-packages (from torch->openrlhf==0.8.9) (12.4.127)
[2026-05-16 13:39:15] Requirement already satisfied: triton==3.1.0 in /mnt/workspace/venvs/.venv/lib/python3.12/site-packages (from torch->openrlhf==0.8.9) (3.1.0)
[2026-05-16 13:39:15] Requirement already satisfied: setuptools in /mnt/workspace/venvs/.venv/lib/python3.12/site-packages (from torch->openrlhf==0.8.9) (82.0.1)
[2026-05-16 13:39:15] Requirement already satisfied: sympy==1.13.1 in /mnt/workspace/venvs/.venv/lib/python3.12/site-packages (from torch->openrlhf==0.8.9) (1.13.1)
[2026-05-16 13:39:15] Requirement already satisfied: mpmath<1.4,>=1.1.0 in /mnt/workspace/venvs/.venv/lib/python3.12/site-packages (from sympy==1.13.1->torch->openrlhf==0.8.9) (1.3.0)
[2026-05-16 13:39:15] Collecting pycodestyle>=2.12.0 (from autopep8->openrlhf==0.8.9)
[2026-05-16 13:39:15]   Downloading pycodestyle-2.14.0-py2.py3-none-any.whl (31 kB)
[2026-05-16 13:39:15] Collecting mypy-extensions>=0.4.3 (from black->openrlhf==0.8.9)
[2026-05-16 13:39:16] Collecting pycodestyle>=2.12.0 (from autopep8->openrlhf==0.8.9)
[2026-05-16 13:39:16]   Downloading pycodestyle-2.14.0-py2.py3-none-any.whl (31 kB)
[2026-05-16 13:39:16] Collecting mypy-extensions>=0.4.3 (from black->openrlhf==0.8.9)
[2026-05-16 13:39:16]   Downloading mypy_extensions-1.1.0-py3-none-any.whl (5.0 kB)
[2026-05-16 13:39:16] Collecting pathspec>=1.0.0 (from black->openrlhf==0.8.9)
[2026-05-16 13:39:16]   Downloading pathspec-1.1.1-py3-none-any.whl (57 kB)
[2026-05-16 13:39:16]   Downloading mypy_extensions-1.1.0-py3-none-any.whl (5.0 kB)
[2026-05-16 13:39:16] Collecting pathspec>=1.0.0 (from black->openrlhf==0.8.9)
[2026-05-16 13:39:16]   Downloading pathspec-1.1.1-py3-none-any.whl (57 kB)
[2026-05-16 13:39:16] Collecting pytokens~=0.4.0 (from black->openrlhf==0.8.9)
[2026-05-16 13:39:16]   Downloading pytokens-0.4.1-cp312-cp312-manylinux2014_x86_64.manylinux_2_17_x86_64.manylinux_2_28_x86_64.whl (269 kB)
[2026-05-16 13:39:17] Collecting pytokens~=0.4.0 (from black->openrlhf==0.8.9)
[2026-05-16 13:39:17]   Downloading pytokens-0.4.1-cp312-cp312-manylinux2014_x86_64.manylinux_2_17_x86_64.manylinux_2_28_x86_64.whl (269 kB)
[2026-05-16 13:39:17] Requirement already satisfied: pyarrow>=21.0.0 in /mnt/workspace/venvs/.venv/lib/python3.12/site-packages (from datasets->openrlhf==0.8.9) (23.0.1)
[2026-05-16 13:39:17] Requirement already satisfied: dill<0.4.2,>=0.3.0 in /mnt/workspace/venvs/.venv/lib/python3.12/site-packages (from datasets->openrlhf==0.8.9) (0.4.1)
[2026-05-16 13:39:17] Requirement already satisfied: pandas in /mnt/workspace/venvs/.venv/lib/python3.12/site-packages (from datasets->openrlhf==0.8.9) (3.0.2)
[2026-05-16 13:39:17] Requirement already satisfied: xxhash in /mnt/workspace/venvs/.venv/lib/python3.12/site-packages (from datasets->openrlhf==0.8.9) (3.7.0)
[2026-05-16 13:39:17] Requirement already satisfied: multiprocess<0.70.20 in /mnt/workspace/venvs/.venv/lib/python3.12/site-packages (from datasets->openrlhf==0.8.9) (0.70.19)
[2026-05-16 13:39:17] Requirement already satisfied: charset_normalizer<4,>=2 in /mnt/workspace/venvs/.venv/lib/python3.12/site-packages (from requests->ray==2.48.0->ray[default]==2.48.0->openrlhf==0.8.9) (3.4.7)
[2026-05-16 13:39:17] Requirement already satisfied: urllib3<3,>=1.26 in /mnt/workspace/venvs/.venv/lib/python3.12/site-packages (from requests->ray==2.48.0->ray[default]==2.48.0->openrlhf==0.8.9) (2.7.0)
[2026-05-16 13:39:17] Requirement already satisfied: hjson in /mnt/workspace/venvs/.venv/lib/python3.12/site-packages (from deepspeed->openrlhf==0.8.9) (3.1.0)
[2026-05-16 13:39:17] Requirement already satisfied: ninja in /mnt/workspace/venvs/.venv/lib/python3.12/site-packages (from deepspeed->openrlhf==0.8.9) (1.13.0)
[2026-05-16 13:39:17] Requirement already satisfied: py-cpuinfo in /mnt/workspace/venvs/.venv/lib/python3.12/site-packages (from deepspeed->openrlhf==0.8.9) (9.0.0)
[2026-05-16 13:39:17] Requirement already satisfied: MarkupSafe>=2.0 in /mnt/workspace/venvs/.venv/lib/python3.12/site-packages (from jinja2->torch->openrlhf==0.8.9) (3.0.3)
[2026-05-16 13:39:17] Requirement already satisfied: jsonschema-specifications>=2023.03.6 in /mnt/workspace/venvs/.venv/lib/python3.12/site-packages (from jsonschema->ray==2.48.0->ray[default]==2.48.0->openrlhf==0.8.9) (2025.9.1)
[2026-05-16 13:39:17] Requirement already satisfied: referencing>=0.28.4 in /mnt/workspace/venvs/.venv/lib/python3.12/site-packages (from jsonschema->ray==2.48.0->ray[default]==2.48.0->openrlhf==0.8.9) (0.37.0)
[2026-05-16 13:39:17] Requirement already satisfied: rpds-py>=0.25.0 in /mnt/workspace/venvs/.venv/lib/python3.12/site-packages (from jsonschema->ray==2.48.0->ray[default]==2.48.0->openrlhf==0.8.9) (0.30.0)
[2026-05-16 13:39:17] Requirement already satisfied: contourpy>=1.0.1 in /mnt/workspace/venvs/.venv/lib/python3.12/site-packages (from matplotlib->openrlhf==0.8.9) (1.3.3)
[2026-05-16 13:39:17] Requirement already satisfied: cycler>=0.10 in /mnt/workspace/venvs/.venv/lib/python3.12/site-packages (from matplotlib->openrlhf==0.8.9) (0.12.1)
[2026-05-16 13:39:17] Requirement already satisfied: fonttools>=4.22.0 in /mnt/workspace/venvs/.venv/lib/python3.12/site-packages (from matplotlib->openrlhf==0.8.9) (4.63.0)
[2026-05-16 13:39:17] Requirement already satisfied: kiwisolver>=1.3.1 in /mnt/workspace/venvs/.venv/lib/python3.12/site-packages (from matplotlib->openrlhf==0.8.9) (1.5.0)
[2026-05-16 13:39:17] Requirement already satisfied: pillow>=8 in /mnt/workspace/venvs/.venv/lib/python3.12/site-packages (from matplotlib->openrlhf==0.8.9) (12.2.0)
[2026-05-16 13:39:17] Requirement already satisfied: pyparsing>=3 in /mnt/workspace/venvs/.venv/lib/python3.12/site-packages (from matplotlib->openrlhf==0.8.9) (3.3.2)
[2026-05-16 13:39:17] Requirement already satisfied: python-dateutil>=2.7 in /mnt/workspace/venvs/.venv/lib/python3.12/site-packages (from matplotlib->openrlhf==0.8.9) (2.9.0.post0)
[2026-05-16 13:39:17] Requirement already satisfied: six>=1.5 in /mnt/workspace/venvs/.venv/lib/python3.12/site-packages (from python-dateutil>=2.7->matplotlib->openrlhf==0.8.9) (1.17.0)
[2026-05-16 13:39:17] Requirement already satisfied: nvidia-ml-py<13.591.0a0,>=11.450.51 in /mnt/workspace/venvs/.venv/lib/python3.12/site-packages (from nvitop->openrlhf==0.8.9) (13.590.48)
[2026-05-16 13:39:17] Requirement already satisfied: opencensus-context>=0.1.3 in /mnt/workspace/venvs/.venv/lib/python3.12/site-packages (from opencensus->ray[default]==2.48.0->openrlhf==0.8.9) (0.1.3)
[2026-05-16 13:39:17] Requirement already satisfied: google-api-core<3.0.0,>=1.0.0 in /mnt/workspace/venvs/.venv/lib/python3.12/site-packages (from opencensus->ray[default]==2.48.0->openrlhf==0.8.9) (2.30.3)
[2026-05-16 13:39:17] Requirement already satisfied: googleapis-common-protos<2.0.0,>=1.63.2 in /mnt/workspace/venvs/.venv/lib/python3.12/site-packages (from google-api-core<3.0.0,>=1.0.0->opencensus->ray[default]==2.48.0->openrlhf==0.8.9) (1.75.0)
[2026-05-16 13:39:17] Requirement already satisfied: proto-plus<2.0.0,>=1.22.3 in /mnt/workspace/venvs/.venv/lib/python3.12/site-packages (from google-api-core<3.0.0,>=1.0.0->opencensus->ray[default]==2.48.0->openrlhf==0.8.9) (1.28.0)
[2026-05-16 13:39:17] Requirement already satisfied: google-auth<3.0.0,>=2.14.1 in /mnt/workspace/venvs/.venv/lib/python3.12/site-packages (from google-api-core<3.0.0,>=1.0.0->opencensus->ray[default]==2.48.0->openrlhf==0.8.9) (2.53.0)
[2026-05-16 13:39:17] Requirement already satisfied: pyasn1-modules>=0.2.1 in /mnt/workspace/venvs/.venv/lib/python3.12/site-packages (from google-auth<3.0.0,>=2.14.1->google-api-core<3.0.0,>=1.0.0->opencensus->ray[default]==2.48.0->openrlhf==0.8.9) (0.4.2)
[2026-05-16 13:39:17] Requirement already satisfied: cryptography>=38.0.3 in /mnt/workspace/venvs/.venv/lib/python3.12/site-packages (from google-auth<3.0.0,>=2.14.1->google-api-core<3.0.0,>=1.0.0->opencensus->ray[default]==2.48.0->openrlhf==0.8.9) (48.0.0)
[2026-05-16 13:39:17] Requirement already satisfied: cffi>=2.0.0 in /mnt/workspace/venvs/.venv/lib/python3.12/site-packages (from cryptography>=38.0.3->google-auth<3.0.0,>=2.14.1->google-api-core<3.0.0,>=1.0.0->opencensus->ray[default]==2.48.0->openrlhf==0.8.9) (2.0.0)
[2026-05-16 13:39:17] Requirement already satisfied: pycparser in /mnt/workspace/venvs/.venv/lib/python3.12/site-packages (from cffi>=2.0.0->cryptography>=38.0.3->google-auth<3.0.0,>=2.14.1->google-api-core<3.0.0,>=1.0.0->opencensus->ray[default]==2.48.0->openrlhf==0.8.9) (3.0)
[2026-05-16 13:39:17] Requirement already satisfied: pyasn1<0.7.0,>=0.6.1 in /mnt/workspace/venvs/.venv/lib/python3.12/site-packages (from pyasn1-modules>=0.2.1->google-auth<3.0.0,>=2.14.1->google-api-core<3.0.0,>=1.0.0->opencensus->ray[default]==2.48.0->openrlhf==0.8.9) (0.6.3)
[2026-05-16 13:39:17] Requirement already satisfied: regex>=2025.10.22 in /mnt/workspace/venvs/.venv/lib/python3.12/site-packages (from transformers->openrlhf==0.8.9) (2026.5.9)
[2026-05-16 13:39:17] Requirement already satisfied: tokenizers<=0.23.0,>=0.22.0 in /mnt/workspace/venvs/.venv/lib/python3.12/site-packages (from transformers->openrlhf==0.8.9) (0.22.2)
[2026-05-16 13:39:17] Requirement already satisfied: wrapt in /mnt/workspace/venvs/.venv/lib/python3.12/site-packages (from smart_open->ray[default]==2.48.0->openrlhf==0.8.9) (2.1.2)
[2026-05-16 13:39:17] Requirement already satisfied: absl-py>=0.4 in /mnt/workspace/venvs/.venv/lib/python3.12/site-packages (from tensorboard->openrlhf==0.8.9) (2.4.0)
[2026-05-16 13:39:17] Requirement already satisfied: markdown>=2.6.8 in /mnt/workspace/venvs/.venv/lib/python3.12/site-packages (from tensorboard->openrlhf==0.8.9) (3.10.2)
[2026-05-16 13:39:17] Requirement already satisfied: tensorboard-data-server<0.8.0,>=0.7.0 in /mnt/workspace/venvs/.venv/lib/python3.12/site-packages (from tensorboard->openrlhf==0.8.9) (0.7.2)
[2026-05-16 13:39:17] Requirement already satisfied: werkzeug>=1.0.1 in /mnt/workspace/venvs/.venv/lib/python3.12/site-packages (from tensorboard->openrlhf==0.8.9) (3.1.8)
[2026-05-16 13:39:17] Requirement already satisfied: lightning-utilities>=0.15.3 in /mnt/workspace/venvs/.venv/lib/python3.12/site-packages (from torchmetrics->openrlhf==0.8.9) (0.15.3)
[2026-05-16 13:39:17] Requirement already satisfied: shellingham>=1.3.0 in /mnt/workspace/venvs/.venv/lib/python3.12/site-packages (from typer->huggingface_hub>=0.21.0->accelerate->openrlhf==0.8.9) (1.5.4)
[2026-05-16 13:39:17] Requirement already satisfied: rich>=13.8.0 in /mnt/workspace/venvs/.venv/lib/python3.12/site-packages (from typer->huggingface_hub>=0.21.0->accelerate->openrlhf==0.8.9) (15.0.0)
[2026-05-16 13:39:17] Requirement already satisfied: annotated-doc>=0.0.2 in /mnt/workspace/venvs/.venv/lib/python3.12/site-packages (from typer->huggingface_hub>=0.21.0->accelerate->openrlhf==0.8.9) (0.0.4)
[2026-05-16 13:39:17] Requirement already satisfied: markdown-it-py>=2.2.0 in /mnt/workspace/venvs/.venv/lib/python3.12/site-packages (from rich>=13.8.0->typer->huggingface_hub>=0.21.0->accelerate->openrlhf==0.8.9) (4.2.0)
[2026-05-16 13:39:17] Requirement already satisfied: pygments<3.0.0,>=2.13.0 in /mnt/workspace/venvs/.venv/lib/python3.12/site-packages (from rich>=13.8.0->typer->huggingface_hub>=0.21.0->accelerate->openrlhf==0.8.9) (2.20.0)
[2026-05-16 13:39:17] Requirement already satisfied: mdurl~=0.1 in /mnt/workspace/venvs/.venv/lib/python3.12/site-packages (from markdown-it-py>=2.2.0->rich>=13.8.0->typer->huggingface_hub>=0.21.0->accelerate->openrlhf==0.8.9) (0.1.2)
[2026-05-16 13:39:17] Requirement already satisfied: gitpython!=3.1.29,>=1.0.0 in /mnt/workspace/venvs/.venv/lib/python3.12/site-packages (from wandb->openrlhf==0.8.9) (3.1.50)
[2026-05-16 13:39:17] Requirement already satisfied: sentry-sdk>=2.0.0 in /mnt/workspace/venvs/.venv/lib/python3.12/site-packages (from wandb->openrlhf==0.8.9) (2.60.0)
[2026-05-16 13:39:17] Requirement already satisfied: gitdb<5,>=4.0.1 in /mnt/workspace/venvs/.venv/lib/python3.12/site-packages (from gitpython!=3.1.29,>=1.0.0->wandb->openrlhf==0.8.9) (4.0.12)
[2026-05-16 13:39:17] Requirement already satisfied: smmap<6,>=3.0.1 in /mnt/workspace/venvs/.venv/lib/python3.12/site-packages (from gitdb<5,>=4.0.1->gitpython!=3.1.29,>=1.0.0->wandb->openrlhf==0.8.9) (5.0.3)
[2026-05-16 13:39:17] Building wheels for collected packages: openrlhf
[2026-05-16 13:39:17]   Building editable for openrlhf (pyproject.toml): started
[2026-05-16 13:39:17] Requirement already satisfied: pyarrow>=21.0.0 in /mnt/workspace/venvs/.venv/lib/python3.12/site-packages (from datasets->openrlhf==0.8.9) (23.0.1)
[2026-05-16 13:39:17] Requirement already satisfied: dill<0.4.2,>=0.3.0 in /mnt/workspace/venvs/.venv/lib/python3.12/site-packages (from datasets->openrlhf==0.8.9) (0.4.1)
[2026-05-16 13:39:17] Requirement already satisfied: pandas in /mnt/workspace/venvs/.venv/lib/python3.12/site-packages (from datasets->openrlhf==0.8.9) (3.0.2)
[2026-05-16 13:39:17] Requirement already satisfied: xxhash in /mnt/workspace/venvs/.venv/lib/python3.12/site-packages (from datasets->openrlhf==0.8.9) (3.7.0)
[2026-05-16 13:39:17] Requirement already satisfied: multiprocess<0.70.20 in /mnt/workspace/venvs/.venv/lib/python3.12/site-packages (from datasets->openrlhf==0.8.9) (0.70.19)
[2026-05-16 13:39:17] Requirement already satisfied: charset_normalizer<4,>=2 in /mnt/workspace/venvs/.venv/lib/python3.12/site-packages (from requests->ray==2.48.0->ray[default]==2.48.0->openrlhf==0.8.9) (3.4.7)
[2026-05-16 13:39:17] Requirement already satisfied: urllib3<3,>=1.26 in /mnt/workspace/venvs/.venv/lib/python3.12/site-packages (from requests->ray==2.48.0->ray[default]==2.48.0->openrlhf==0.8.9) (2.7.0)
[2026-05-16 13:39:17] Requirement already satisfied: hjson in /mnt/workspace/venvs/.venv/lib/python3.12/site-packages (from deepspeed->openrlhf==0.8.9) (3.1.0)
[2026-05-16 13:39:17] Requirement already satisfied: ninja in /mnt/workspace/venvs/.venv/lib/python3.12/site-packages (from deepspeed->openrlhf==0.8.9) (1.13.0)
[2026-05-16 13:39:17] Requirement already satisfied: py-cpuinfo in /mnt/workspace/venvs/.venv/lib/python3.12/site-packages (from deepspeed->openrlhf==0.8.9) (9.0.0)
[2026-05-16 13:39:17] Requirement already satisfied: MarkupSafe>=2.0 in /mnt/workspace/venvs/.venv/lib/python3.12/site-packages (from jinja2->torch->openrlhf==0.8.9) (3.0.3)
[2026-05-16 13:39:17] Requirement already satisfied: jsonschema-specifications>=2023.03.6 in /mnt/workspace/venvs/.venv/lib/python3.12/site-packages (from jsonschema->ray==2.48.0->ray[default]==2.48.0->openrlhf==0.8.9) (2025.9.1)
[2026-05-16 13:39:17] Requirement already satisfied: referencing>=0.28.4 in /mnt/workspace/venvs/.venv/lib/python3.12/site-packages (from jsonschema->ray==2.48.0->ray[default]==2.48.0->openrlhf==0.8.9) (0.37.0)
[2026-05-16 13:39:17] Requirement already satisfied: rpds-py>=0.25.0 in /mnt/workspace/venvs/.venv/lib/python3.12/site-packages (from jsonschema->ray==2.48.0->ray[default]==2.48.0->openrlhf==0.8.9) (0.30.0)
[2026-05-16 13:39:17] Requirement already satisfied: contourpy>=1.0.1 in /mnt/workspace/venvs/.venv/lib/python3.12/site-packages (from matplotlib->openrlhf==0.8.9) (1.3.3)
[2026-05-16 13:39:17] Requirement already satisfied: cycler>=0.10 in /mnt/workspace/venvs/.venv/lib/python3.12/site-packages (from matplotlib->openrlhf==0.8.9) (0.12.1)
[2026-05-16 13:39:17] Requirement already satisfied: fonttools>=4.22.0 in /mnt/workspace/venvs/.venv/lib/python3.12/site-packages (from matplotlib->openrlhf==0.8.9) (4.63.0)
[2026-05-16 13:39:17] Requirement already satisfied: kiwisolver>=1.3.1 in /mnt/workspace/venvs/.venv/lib/python3.12/site-packages (from matplotlib->openrlhf==0.8.9) (1.5.0)
[2026-05-16 13:39:17] Requirement already satisfied: pillow>=8 in /mnt/workspace/venvs/.venv/lib/python3.12/site-packages (from matplotlib->openrlhf==0.8.9) (12.2.0)
[2026-05-16 13:39:17] Requirement already satisfied: pyparsing>=3 in /mnt/workspace/venvs/.venv/lib/python3.12/site-packages (from matplotlib->openrlhf==0.8.9) (3.3.2)
[2026-05-16 13:39:17] Requirement already satisfied: python-dateutil>=2.7 in /mnt/workspace/venvs/.venv/lib/python3.12/site-packages (from matplotlib->openrlhf==0.8.9) (2.9.0.post0)
[2026-05-16 13:39:17] Requirement already satisfied: six>=1.5 in /mnt/workspace/venvs/.venv/lib/python3.12/site-packages (from python-dateutil>=2.7->matplotlib->openrlhf==0.8.9) (1.17.0)
[2026-05-16 13:39:17] Requirement already satisfied: nvidia-ml-py<13.591.0a0,>=11.450.51 in /mnt/workspace/venvs/.venv/lib/python3.12/site-packages (from nvitop->openrlhf==0.8.9) (13.590.48)
[2026-05-16 13:39:17] Requirement already satisfied: opencensus-context>=0.1.3 in /mnt/workspace/venvs/.venv/lib/python3.12/site-packages (from opencensus->ray[default]==2.48.0->openrlhf==0.8.9) (0.1.3)
[2026-05-16 13:39:17] Requirement already satisfied: google-api-core<3.0.0,>=1.0.0 in /mnt/workspace/venvs/.venv/lib/python3.12/site-packages (from opencensus->ray[default]==2.48.0->openrlhf==0.8.9) (2.30.3)
[2026-05-16 13:39:17] Requirement already satisfied: googleapis-common-protos<2.0.0,>=1.63.2 in /mnt/workspace/venvs/.venv/lib/python3.12/site-packages (from google-api-core<3.0.0,>=1.0.0->opencensus->ray[default]==2.48.0->openrlhf==0.8.9) (1.75.0)
[2026-05-16 13:39:17] Requirement already satisfied: proto-plus<2.0.0,>=1.22.3 in /mnt/workspace/venvs/.venv/lib/python3.12/site-packages (from google-api-core<3.0.0,>=1.0.0->opencensus->ray[default]==2.48.0->openrlhf==0.8.9) (1.28.0)
[2026-05-16 13:39:17] Requirement already satisfied: google-auth<3.0.0,>=2.14.1 in /mnt/workspace/venvs/.venv/lib/python3.12/site-packages (from google-api-core<3.0.0,>=1.0.0->opencensus->ray[default]==2.48.0->openrlhf==0.8.9) (2.53.0)
[2026-05-16 13:39:17] Requirement already satisfied: pyasn1-modules>=0.2.1 in /mnt/workspace/venvs/.venv/lib/python3.12/site-packages (from google-auth<3.0.0,>=2.14.1->google-api-core<3.0.0,>=1.0.0->opencensus->ray[default]==2.48.0->openrlhf==0.8.9) (0.4.2)
[2026-05-16 13:39:17] Requirement already satisfied: cryptography>=38.0.3 in /mnt/workspace/venvs/.venv/lib/python3.12/site-packages (from google-auth<3.0.0,>=2.14.1->google-api-core<3.0.0,>=1.0.0->opencensus->ray[default]==2.48.0->openrlhf==0.8.9) (48.0.0)
[2026-05-16 13:39:17] Requirement already satisfied: cffi>=2.0.0 in /mnt/workspace/venvs/.venv/lib/python3.12/site-packages (from cryptography>=38.0.3->google-auth<3.0.0,>=2.14.1->google-api-core<3.0.0,>=1.0.0->opencensus->ray[default]==2.48.0->openrlhf==0.8.9) (2.0.0)
[2026-05-16 13:39:17] Requirement already satisfied: pycparser in /mnt/workspace/venvs/.venv/lib/python3.12/site-packages (from cffi>=2.0.0->cryptography>=38.0.3->google-auth<3.0.0,>=2.14.1->google-api-core<3.0.0,>=1.0.0->opencensus->ray[default]==2.48.0->openrlhf==0.8.9) (3.0)
[2026-05-16 13:39:17] Requirement already satisfied: pyasn1<0.7.0,>=0.6.1 in /mnt/workspace/venvs/.venv/lib/python3.12/site-packages (from pyasn1-modules>=0.2.1->google-auth<3.0.0,>=2.14.1->google-api-core<3.0.0,>=1.0.0->opencensus->ray[default]==2.48.0->openrlhf==0.8.9) (0.6.3)
[2026-05-16 13:39:17] Requirement already satisfied: regex>=2025.10.22 in /mnt/workspace/venvs/.venv/lib/python3.12/site-packages (from transformers->openrlhf==0.8.9) (2026.5.9)
[2026-05-16 13:39:17] Requirement already satisfied: tokenizers<=0.23.0,>=0.22.0 in /mnt/workspace/venvs/.venv/lib/python3.12/site-packages (from transformers->openrlhf==0.8.9) (0.22.2)
[2026-05-16 13:39:17] Requirement already satisfied: wrapt in /mnt/workspace/venvs/.venv/lib/python3.12/site-packages (from smart_open->ray[default]==2.48.0->openrlhf==0.8.9) (2.1.2)
[2026-05-16 13:39:17] Requirement already satisfied: absl-py>=0.4 in /mnt/workspace/venvs/.venv/lib/python3.12/site-packages (from tensorboard->openrlhf==0.8.9) (2.4.0)
[2026-05-16 13:39:17] Requirement already satisfied: markdown>=2.6.8 in /mnt/workspace/venvs/.venv/lib/python3.12/site-packages (from tensorboard->openrlhf==0.8.9) (3.10.2)
[2026-05-16 13:39:17] Requirement already satisfied: tensorboard-data-server<0.8.0,>=0.7.0 in /mnt/workspace/venvs/.venv/lib/python3.12/site-packages (from tensorboard->openrlhf==0.8.9) (0.7.2)
[2026-05-16 13:39:17] Requirement already satisfied: werkzeug>=1.0.1 in /mnt/workspace/venvs/.venv/lib/python3.12/site-packages (from tensorboard->openrlhf==0.8.9) (3.1.8)
[2026-05-16 13:39:17] Requirement already satisfied: lightning-utilities>=0.15.3 in /mnt/workspace/venvs/.venv/lib/python3.12/site-packages (from torchmetrics->openrlhf==0.8.9) (0.15.3)
[2026-05-16 13:39:17] Requirement already satisfied: shellingham>=1.3.0 in /mnt/workspace/venvs/.venv/lib/python3.12/site-packages (from typer->huggingface_hub>=0.21.0->accelerate->openrlhf==0.8.9) (1.5.4)
[2026-05-16 13:39:17] Requirement already satisfied: rich>=13.8.0 in /mnt/workspace/venvs/.venv/lib/python3.12/site-packages (from typer->huggingface_hub>=0.21.0->accelerate->openrlhf==0.8.9) (15.0.0)
[2026-05-16 13:39:17] Requirement already satisfied: annotated-doc>=0.0.2 in /mnt/workspace/venvs/.venv/lib/python3.12/site-packages (from typer->huggingface_hub>=0.21.0->accelerate->openrlhf==0.8.9) (0.0.4)
[2026-05-16 13:39:17] Requirement already satisfied: markdown-it-py>=2.2.0 in /mnt/workspace/venvs/.venv/lib/python3.12/site-packages (from rich>=13.8.0->typer->huggingface_hub>=0.21.0->accelerate->openrlhf==0.8.9) (4.2.0)
[2026-05-16 13:39:17] Requirement already satisfied: pygments<3.0.0,>=2.13.0 in /mnt/workspace/venvs/.venv/lib/python3.12/site-packages (from rich>=13.8.0->typer->huggingface_hub>=0.21.0->accelerate->openrlhf==0.8.9) (2.20.0)
[2026-05-16 13:39:17] Requirement already satisfied: mdurl~=0.1 in /mnt/workspace/venvs/.venv/lib/python3.12/site-packages (from markdown-it-py>=2.2.0->rich>=13.8.0->typer->huggingface_hub>=0.21.0->accelerate->openrlhf==0.8.9) (0.1.2)
[2026-05-16 13:39:17] Requirement already satisfied: gitpython!=3.1.29,>=1.0.0 in /mnt/workspace/venvs/.venv/lib/python3.12/site-packages (from wandb->openrlhf==0.8.9) (3.1.50)
[2026-05-16 13:39:17] Requirement already satisfied: sentry-sdk>=2.0.0 in /mnt/workspace/venvs/.venv/lib/python3.12/site-packages (from wandb->openrlhf==0.8.9) (2.60.0)
[2026-05-16 13:39:17] Requirement already satisfied: gitdb<5,>=4.0.1 in /mnt/workspace/venvs/.venv/lib/python3.12/site-packages (from gitpython!=3.1.29,>=1.0.0->wandb->openrlhf==0.8.9) (4.0.12)
[2026-05-16 13:39:17] Requirement already satisfied: smmap<6,>=3.0.1 in /mnt/workspace/venvs/.venv/lib/python3.12/site-packages (from gitdb<5,>=4.0.1->gitpython!=3.1.29,>=1.0.0->wandb->openrlhf==0.8.9) (5.0.3)
[2026-05-16 13:39:17] Building wheels for collected packages: openrlhf
[2026-05-16 13:39:17]   Building editable for openrlhf (pyproject.toml): started
[2026-05-16 13:39:18]   Building editable for openrlhf (pyproject.toml): finished with status 'done'
[2026-05-16 13:39:18]   Created wheel for openrlhf: filename=openrlhf-0.8.9-0.editable-cp312-cp312-manylinux1_x86_64.whl size=6458 sha256=9be7ead29cd7c2848df5b9625d4f465c5f455a43ec6bfeb61698c89924358b50
[2026-05-16 13:39:18]   Stored in directory: /tmp/pip-ephem-wheel-cache-mhob1ze6/wheels/d4/f3/cc/bacfe9c43ade13e34d9eb488aa24a8dd8094bb696b13dce906
[2026-05-16 13:39:18] Successfully built openrlhf
[2026-05-16 13:39:18] Installing collected packages: pytokens, pycodestyle, pathspec, mypy-extensions, isort, black, autopep8, openrlhf
[2026-05-16 13:39:18]   Building editable for openrlhf (pyproject.toml): finished with status 'done'
[2026-05-16 13:39:18]   Created wheel for openrlhf: filename=openrlhf-0.8.9-0.editable-cp312-cp312-manylinux1_x86_64.whl size=6458 sha256=324289b5dd34f23bc1cce2a4aecc4f050b62b07ddd2db11646f614300100ecc6
[2026-05-16 13:39:18]   Stored in directory: /tmp/pip-ephem-wheel-cache-4ecgwxh9/wheels/d4/f3/cc/bacfe9c43ade13e34d9eb488aa24a8dd8094bb696b13dce906
[2026-05-16 13:39:18] Successfully built openrlhf
[2026-05-16 13:39:18] Installing collected packages: pytokens, pycodestyle, pathspec, mypy-extensions, isort, black, autopep8, openrlhf
[2026-05-16 13:39:18] 
[2026-05-16 13:39:18] Successfully installed autopep8-2.3.2 black-26.3.1 isort-8.0.1 mypy-extensions-1.1.0 openrlhf-0.8.9 pathspec-1.1.1 pycodestyle-2.14.0 pytokens-0.4.1
[2026-05-16 13:39:18] 
[2026-05-16 13:39:18] [13:39:18] Installing analysis evaluation stack (math-verify + deps)
[2026-05-16 13:39:18] Looking in indexes: https://mirrors.aliyun.com/pypi/simple/
[2026-05-16 13:39:18] Looking in links: /mnt/data/ebft-distribution-new/caches/wheels
[2026-05-16 13:39:19] Collecting math-verify
[2026-05-16 13:39:19]   Downloading math_verify-0.9.0-py3-none-any.whl (29 kB)
[2026-05-16 13:39:19] Collecting pebble
[2026-05-16 13:39:19] 
[2026-05-16 13:39:19] Successfully installed autopep8-2.3.2 black-26.3.1 isort-8.0.1 mypy-extensions-1.1.0 openrlhf-0.8.9 pathspec-1.1.1 pycodestyle-2.14.0 pytokens-0.4.1
[2026-05-16 13:39:19] 
[2026-05-16 13:39:19] [13:39:18] Installing analysis evaluation stack (math-verify + deps)
[2026-05-16 13:39:19] Looking in indexes: https://mirrors.aliyun.com/pypi/simple/
[2026-05-16 13:39:19] Looking in links: /mnt/data/ebft-distribution-new/caches/wheels
[2026-05-16 13:39:19] Collecting math-verify
[2026-05-16 13:39:19]   Downloading math_verify-0.9.0-py3-none-any.whl (29 kB)
[2026-05-16 13:39:20]   Downloading pebble-5.2.0-py3-none-any.whl (34 kB)
[2026-05-16 13:39:20] Processing /mnt/data/ebft-distribution-new/caches/wheels/word2number-1.1-py3-none-any.whl
[2026-05-16 13:39:20] Collecting latex2sympy2
[2026-05-16 13:39:20]   Downloading latex2sympy2-1.9.1-py3-none-any.whl (89 kB)
[2026-05-16 13:39:20] [2026-05-16 13:39:20,511 AIMaster] (job_monitor_controller_k8s.py 1099) INFO: All workers: 2, running: 2, failed: 0, pending: 0
[2026-05-16 13:39:20] Collecting pebble
[2026-05-16 13:39:20]   Downloading pebble-5.2.0-py3-none-any.whl (34 kB)
[2026-05-16 13:39:20] Processing /mnt/data/ebft-distribution-new/caches/wheels/word2number-1.1-py3-none-any.whl
[2026-05-16 13:39:20] Collecting latex2sympy2
[2026-05-16 13:39:20]   Downloading latex2sympy2-1.9.1-py3-none-any.whl (89 kB)
[2026-05-16 13:39:21] Collecting antlr4-python3-runtime
[2026-05-16 13:39:21]   Downloading antlr4_python3_runtime-4.13.2-py3-none-any.whl (144 kB)
[2026-05-16 13:39:21] Collecting latex2sympy2_extended==1.11.0 (from math-verify)
[2026-05-16 13:39:21]   Downloading latex2sympy2_extended-1.11.0-py3-none-any.whl (209 kB)
[2026-05-16 13:39:21] Requirement already satisfied: sympy in /mnt/workspace/venvs/.venv/lib/python3.12/site-packages (from latex2sympy2_extended==1.11.0->math-verify) (1.13.1)
[2026-05-16 13:39:21] INFO: pip is looking at multiple versions of latex2sympy2 to determine which version is compatible with other requirements. This could take a while.
[2026-05-16 13:39:21] Collecting latex2sympy2
[2026-05-16 13:39:21]   Downloading latex2sympy2-1.9.0-py3-none-any.whl (89 kB)
[2026-05-16 13:39:21]   Downloading latex2sympy2-1.8.6-py3-none-any.whl (88 kB)
[2026-05-16 13:39:21] Collecting antlr4-python3-runtime
[2026-05-16 13:39:21]   Downloading antlr4_python3_runtime-4.13.2-py3-none-any.whl (144 kB)
[2026-05-16 13:39:21] Collecting latex2sympy2_extended==1.11.0 (from math-verify)
[2026-05-16 13:39:21]   Downloading latex2sympy2_extended-1.11.0-py3-none-any.whl (209 kB)
[2026-05-16 13:39:21] Requirement already satisfied: sympy in /mnt/workspace/venvs/.venv/lib/python3.12/site-packages (from latex2sympy2_extended==1.11.0->math-verify) (1.13.1)
[2026-05-16 13:39:21] INFO: pip is looking at multiple versions of latex2sympy2 to determine which version is compatible with other requirements. This could take a while.
[2026-05-16 13:39:21] Collecting latex2sympy2
[2026-05-16 13:39:21]   Downloading latex2sympy2-1.9.0-py3-none-any.whl (89 kB)
[2026-05-16 13:39:22]   Downloading latex2sympy2-1.8.5-py3-none-any.whl (88 kB)
[2026-05-16 13:39:22]   Downloading latex2sympy2-1.8.3-py3-none-any.whl (86 kB)
[2026-05-16 13:39:22]   Downloading latex2sympy2-1.8.2-py3-none-any.whl (85 kB)
[2026-05-16 13:39:22]   Downloading latex2sympy2-1.8.0-py3-none-any.whl (84 kB)
[2026-05-16 13:39:22]   Downloading latex2sympy2-1.7.9-py3-none-any.whl (84 kB)
[2026-05-16 13:39:22] INFO: pip is still looking at multiple versions of latex2sympy2 to determine which version is compatible with other requirements. This could take a while.
[2026-05-16 13:39:22]   Downloading latex2sympy2-1.7.8-py3-none-any.whl (83 kB)
[2026-05-16 13:39:22]   Downloading latex2sympy2-1.8.6-py3-none-any.whl (88 kB)
[2026-05-16 13:39:22]   Downloading latex2sympy2-1.8.5-py3-none-any.whl (88 kB)
[2026-05-16 13:39:22]   Downloading latex2sympy2-1.8.3-py3-none-any.whl (86 kB)
[2026-05-16 13:39:22]   Downloading latex2sympy2-1.8.2-py3-none-any.whl (85 kB)
[2026-05-16 13:39:22]   Downloading latex2sympy2-1.8.0-py3-none-any.whl (84 kB)
[2026-05-16 13:39:22]   Downloading latex2sympy2-1.7.9-py3-none-any.whl (84 kB)
[2026-05-16 13:39:22] INFO: pip is still looking at multiple versions of latex2sympy2 to determine which version is compatible with other requirements. This could take a while.
[2026-05-16 13:39:23]   Downloading latex2sympy2-1.7.8-py3-none-any.whl (83 kB)
[2026-05-16 13:39:23]   Downloading latex2sympy2-1.7.7-py3-none-any.whl (83 kB)
[2026-05-16 13:39:23]   Downloading latex2sympy2-1.7.6-py3-none-any.whl (83 kB)
[2026-05-16 13:39:23]   Downloading latex2sympy2-1.7.4-py3-none-any.whl (83 kB)
[2026-05-16 13:39:23]   Downloading latex2sympy2-1.7.2-py3-none-any.whl (83 kB)
[2026-05-16 13:39:23] INFO: This is taking longer than usual. You might need to provide the dependency resolver with stricter constraints to reduce runtime. See https://pip.pypa.io/warnings/backtracking for guidance. If you want to abort this run, press Ctrl + C.
[2026-05-16 13:39:23]   Downloading latex2sympy2-1.6.20-py3-none-any.whl (76 kB)
[2026-05-16 13:39:23]   Downloading latex2sympy2-1.6.19-py3-none-any.whl (76 kB)
[2026-05-16 13:39:23]   Downloading latex2sympy2-1.7.7-py3-none-any.whl (83 kB)
[2026-05-16 13:39:23]   Downloading latex2sympy2-1.7.6-py3-none-any.whl (83 kB)
[2026-05-16 13:39:23]   Downloading latex2sympy2-1.7.4-py3-none-any.whl (83 kB)
[2026-05-16 13:39:23]   Downloading latex2sympy2-1.7.2-py3-none-any.whl (83 kB)
[2026-05-16 13:39:23] INFO: This is taking longer than usual. You might need to provide the dependency resolver with stricter constraints to reduce runtime. See https://pip.pypa.io/warnings/backtracking for guidance. If you want to abort this run, press Ctrl + C.
[2026-05-16 13:39:23]   Downloading latex2sympy2-1.6.20-py3-none-any.whl (76 kB)
[2026-05-16 13:39:23]   Downloading latex2sympy2-1.6.19-py3-none-any.whl (76 kB)
[2026-05-16 13:39:23]   Downloading latex2sympy2-1.6.18-py3-none-any.whl (76 kB)
[2026-05-16 13:39:24]   Downloading latex2sympy2-1.6.18-py3-none-any.whl (76 kB)
[2026-05-16 13:39:24]   Downloading latex2sympy2-1.6.16-py3-none-any.whl (76 kB)
[2026-05-16 13:39:24]   Downloading latex2sympy2-1.6.14-py3-none-any.whl (75 kB)
[2026-05-16 13:39:24]   Downloading latex2sympy2-1.6.12-py3-none-any.whl (75 kB)
[2026-05-16 13:39:24]   Downloading latex2sympy2-1.6.11-py3-none-any.whl (75 kB)
[2026-05-16 13:39:24]   Downloading latex2sympy2-1.6.10-py3-none-any.whl (75 kB)
[2026-05-16 13:39:24]   Downloading latex2sympy2-1.6.16-py3-none-any.whl (76 kB)
[2026-05-16 13:39:24]   Downloading latex2sympy2-1.6.14-py3-none-any.whl (75 kB)
[2026-05-16 13:39:24]   Downloading latex2sympy2-1.6.12-py3-none-any.whl (75 kB)
[2026-05-16 13:39:24]   Downloading latex2sympy2-1.6.11-py3-none-any.whl (75 kB)
[2026-05-16 13:39:24]   Downloading latex2sympy2-1.6.10-py3-none-any.whl (75 kB)
[2026-05-16 13:39:24]   Downloading latex2sympy2-1.6.9-py3-none-any.whl (75 kB)
[2026-05-16 13:39:24]   Downloading latex2sympy2-1.6.8-py3-none-any.whl (74 kB)
[2026-05-16 13:39:25]   Downloading latex2sympy2-1.6.7-py3-none-any.whl (74 kB)
[2026-05-16 13:39:25]   Downloading latex2sympy2-1.6.6-py3-none-any.whl (74 kB)
[2026-05-16 13:39:25]   Downloading latex2sympy2-1.6.5-py3-none-any.whl (73 kB)
[2026-05-16 13:39:25]   Downloading latex2sympy2-1.6.4-py3-none-any.whl (73 kB)
[2026-05-16 13:39:25]   Downloading latex2sympy2-1.6.3-py3-none-any.whl (73 kB)
[2026-05-16 13:39:25]   Downloading latex2sympy2-1.6.2-py3-none-any.whl (73 kB)
[2026-05-16 13:39:25]   Downloading latex2sympy2-1.6.9-py3-none-any.whl (75 kB)
[2026-05-16 13:39:25]   Downloading latex2sympy2-1.6.8-py3-none-any.whl (74 kB)
[2026-05-16 13:39:25]   Downloading latex2sympy2-1.6.7-py3-none-any.whl (74 kB)
[2026-05-16 13:39:25]   Downloading latex2sympy2-1.6.6-py3-none-any.whl (74 kB)
[2026-05-16 13:39:25]   Downloading latex2sympy2-1.6.5-py3-none-any.whl (73 kB)
[2026-05-16 13:39:25]   Downloading latex2sympy2-1.6.4-py3-none-any.whl (73 kB)
[2026-05-16 13:39:25]   Downloading latex2sympy2-1.6.3-py3-none-any.whl (73 kB)
[2026-05-16 13:39:26]   Downloading latex2sympy2-1.6.1-py3-none-any.whl (73 kB)
[2026-05-16 13:39:26]   Downloading latex2sympy2-1.6.0-py3-none-any.whl (73 kB)
[2026-05-16 13:39:26]   Downloading latex2sympy2-1.5.9-py3-none-any.whl (73 kB)
[2026-05-16 13:39:26]   Downloading latex2sympy2-1.5.8-py3-none-any.whl (73 kB)
[2026-05-16 13:39:26]   Downloading latex2sympy2-1.5.7-py3-none-any.whl (73 kB)
[2026-05-16 13:39:26]   Downloading latex2sympy2-1.5.6-py3-none-any.whl (73 kB)
[2026-05-16 13:39:26]   Downloading latex2sympy2-1.5.5-py3-none-any.whl (73 kB)
[2026-05-16 13:39:26]   Downloading latex2sympy2-1.6.2-py3-none-any.whl (73 kB)
[2026-05-16 13:39:26]   Downloading latex2sympy2-1.6.1-py3-none-any.whl (73 kB)
[2026-05-16 13:39:26]   Downloading latex2sympy2-1.6.0-py3-none-any.whl (73 kB)
[2026-05-16 13:39:26]   Downloading latex2sympy2-1.5.9-py3-none-any.whl (73 kB)
[2026-05-16 13:39:26]   Downloading latex2sympy2-1.5.8-py3-none-any.whl (73 kB)
[2026-05-16 13:39:26]   Downloading latex2sympy2-1.5.7-py3-none-any.whl (73 kB)
[2026-05-16 13:39:27]   Downloading latex2sympy2-1.5.4-py3-none-any.whl (73 kB)
[2026-05-16 13:39:27] Requirement already satisfied: mpmath<1.4,>=1.1.0 in /mnt/workspace/venvs/.venv/lib/python3.12/site-packages (from sympy->latex2sympy2_extended==1.11.0->math-verify) (1.3.0)
[2026-05-16 13:39:27] Installing collected packages: word2number, antlr4-python3-runtime, pebble, latex2sympy2_extended, latex2sympy2, math-verify
[2026-05-16 13:39:27] 
[2026-05-16 13:39:27] Successfully installed antlr4-python3-runtime-4.13.2 latex2sympy2-1.5.4 latex2sympy2_extended-1.11.0 math-verify-0.9.0 pebble-5.2.0 word2number-1.1
[2026-05-16 13:39:27] 
[2026-05-16 13:39:27] [13:39:27] Verifying student env
[2026-05-16 13:39:27]   Downloading latex2sympy2-1.5.6-py3-none-any.whl (73 kB)
[2026-05-16 13:39:27]   Downloading latex2sympy2-1.5.5-py3-none-any.whl (73 kB)
[2026-05-16 13:39:27]   Downloading latex2sympy2-1.5.4-py3-none-any.whl (73 kB)
[2026-05-16 13:39:27] Requirement already satisfied: mpmath<1.4,>=1.1.0 in /mnt/workspace/venvs/.venv/lib/python3.12/site-packages (from sympy->latex2sympy2_extended==1.11.0->math-verify) (1.3.0)
[2026-05-16 13:39:27] Installing collected packages: word2number, antlr4-python3-runtime, pebble, latex2sympy2_extended, latex2sympy2, math-verify
[2026-05-16 13:39:27] 
[2026-05-16 13:39:27] Successfully installed antlr4-python3-runtime-4.13.2 latex2sympy2-1.5.4 latex2sympy2_extended-1.11.0 math-verify-0.9.0 pebble-5.2.0 word2number-1.1
[2026-05-16 13:39:28] /mnt/workspace/venvs/.venv/lib/python3.12/site-packages/torch/cuda/__init__.py:61: FutureWarning: The pynvml package is deprecated. Please install nvidia-ml-py instead. If you did not install pynvml directly, please report this to the maintainers of the package that installed pynvml for you.
[2026-05-16 13:39:28]   import pynvml  # type: ignore[import]
[2026-05-16 13:39:28] 
[2026-05-16 13:39:28] [13:39:27] Verifying student env
[2026-05-16 13:39:28] /mnt/workspace/venvs/.venv/lib/python3.12/site-packages/torch/cuda/__init__.py:61: FutureWarning: The pynvml package is deprecated. Please install nvidia-ml-py instead. If you did not install pynvml directly, please report this to the maintainers of the package that installed pynvml for you.
[2026-05-16 13:39:28]   import pynvml  # type: ignore[import]
[2026-05-16 13:39:32] /mnt/workspace/venvs/.venv/lib/python3.12/site-packages/torch/cuda/__init__.py:61: FutureWarning: The pynvml package is deprecated. Please install nvidia-ml-py instead. If you did not install pynvml directly, please report this to the maintainers of the package that installed pynvml for you.
[2026-05-16 13:39:32]   import pynvml  # type: ignore[import]
[2026-05-16 13:39:33] /mnt/workspace/venvs/.venv/lib/python3.12/site-packages/torch/cuda/__init__.py:61: FutureWarning: The pynvml package is deprecated. Please install nvidia-ml-py instead. If you did not install pynvml directly, please report this to the maintainers of the package that installed pynvml for you.
[2026-05-16 13:39:33]   import pynvml  # type: ignore[import]
[2026-05-16 13:39:35] python 3.12.12
[2026-05-16 13:39:35] torch 2.5.1+cu124 cuda 12.4 available True
[2026-05-16 13:39:35] ray 2.48.0
[2026-05-16 13:39:35] deepspeed 0.18.9
[2026-05-16 13:39:35] transformers 5.6.0.dev0
[2026-05-16 13:39:35] openrlhf editable
[2026-05-16 13:39:35] math_verify ok
[2026-05-16 13:39:35] latex2sympy2_import_error attempted relative import with no known parent package
[2026-05-16 13:39:35] antlr4 ok
[2026-05-16 13:39:35] pebble 5.2.0
[2026-05-16 13:39:35] word2number ok
[2026-05-16 13:39:35] python 3.12.12
[2026-05-16 13:39:35] torch 2.5.1+cu124 cuda 12.4 available True
[2026-05-16 13:39:35] ray 2.48.0
[2026-05-16 13:39:35] deepspeed 0.18.9
[2026-05-16 13:39:35] transformers 5.6.0.dev0
[2026-05-16 13:39:35] openrlhf editable
[2026-05-16 13:39:35] math_verify ok
[2026-05-16 13:39:35] latex2sympy2_import_error attempted relative import with no known parent package
[2026-05-16 13:39:35] antlr4 ok
[2026-05-16 13:39:35] pebble 5.2.0
[2026-05-16 13:39:35] word2number ok
[2026-05-16 13:39:36] warning: zstd not on PATH; skipping snapshot of student venv
[2026-05-16 13:39:36] 
[2026-05-16 13:39:36] [13:39:36] Creating virtualenv at /mnt/workspace/venvs/.teacherVenv (python 3.12.12)
[2026-05-16 13:39:36] Using CPython 3.12.12 interpreter at: /usr/local/bin/python3.12
[2026-05-16 13:39:36] Creating virtual environment with seed packages at: /mnt/workspace/venvs/.teacherVenv
[2026-05-16 13:39:36] warning: zstd not on PATH; skipping snapshot of student venv
[2026-05-16 13:39:36] 
[2026-05-16 13:39:36] [13:39:35] Creating virtualenv at /mnt/workspace/venvs/.teacherVenv (python 3.12.12)
[2026-05-16 13:39:36] Using CPython 3.12.12 interpreter at: /usr/local/bin/python3.12
[2026-05-16 13:39:36] Creating virtual environment with seed packages at: /mnt/workspace/venvs/.teacherVenv
[2026-05-16 13:39:37]  + pip==26.1.1
[2026-05-16 13:39:37] Activate with: source /mnt/workspace/venvs/.teacherVenv/bin/activate
[2026-05-16 13:39:37] [2026-05-16 13:39:37,389 AIMaster] (config.py 347) INFO: Try loading config from pai-aimaster-new configmap.
[2026-05-16 13:39:38]  + pip==26.1.1
[2026-05-16 13:39:38] Activate with: source /mnt/workspace/venvs/.teacherVenv/bin/activate
[2026-05-16 13:39:38] Looking in indexes: https://mirrors.aliyun.com/pypi/simple/
[2026-05-16 13:39:38] Looking in links: /mnt/data/ebft-distribution-new/caches/wheels
[2026-05-16 13:39:38] Requirement already satisfied: pip in /mnt/workspace/venvs/.teacherVenv/lib/python3.12/site-packages (26.1.1)
[2026-05-16 13:39:38] Collecting setuptools==82.0.1
[2026-05-16 13:39:38]   Using cached setuptools-82.0.1-py3-none-any.whl (1.0 MB)
[2026-05-16 13:39:38] Collecting wheel==0.46.3
[2026-05-16 13:39:38]   Using cached wheel-0.46.3-py3-none-any.whl (30 kB)
[2026-05-16 13:39:38] Collecting packaging>=24.0 (from wheel==0.46.3)
[2026-05-16 13:39:38]   Using cached packaging-26.2-py3-none-any.whl (100 kB)
[2026-05-16 13:39:38] Installing collected packages: setuptools, packaging, wheel
[2026-05-16 13:39:39] Looking in indexes: https://mirrors.aliyun.com/pypi/simple/
[2026-05-16 13:39:39] Looking in links: /mnt/data/ebft-distribution-new/caches/wheels
[2026-05-16 13:39:39] Requirement already satisfied: pip in /mnt/workspace/venvs/.teacherVenv/lib/python3.12/site-packages (26.1.1)
[2026-05-16 13:39:39] 
[2026-05-16 13:39:39] Successfully installed packaging-26.2 setuptools-82.0.1 wheel-0.46.3
[2026-05-16 13:39:39] 
[2026-05-16 13:39:39] [13:39:39] Installing teacher PyTorch stack
[2026-05-16 13:39:40] Looking in indexes: https://mirrors.aliyun.com/pypi/simple/
[2026-05-16 13:39:40] Looking in links: /mnt/data/ebft-distribution-new/caches/wheels
[2026-05-16 13:39:40] Collecting torch==2.10.0
[2026-05-16 13:39:40]   Downloading torch-2.10.0-3-cp312-cp312-manylinux_2_28_x86_64.whl (915.6 MB)
[2026-05-16 13:39:40] Collecting setuptools==82.0.1
[2026-05-16 13:39:40]   Using cached setuptools-82.0.1-py3-none-any.whl (1.0 MB)
[2026-05-16 13:39:40] Collecting wheel==0.46.3
[2026-05-16 13:39:40]   Using cached wheel-0.46.3-py3-none-any.whl (30 kB)
[2026-05-16 13:39:40] Collecting packaging>=24.0 (from wheel==0.46.3)
[2026-05-16 13:39:40]   Using cached packaging-26.2-py3-none-any.whl (100 kB)
[2026-05-16 13:39:40] Installing collected packages: setuptools, packaging, wheel
[2026-05-16 13:39:41] 
[2026-05-16 13:39:41] Successfully installed packaging-26.2 setuptools-82.0.1 wheel-0.46.3
[2026-05-16 13:39:41] 
[2026-05-16 13:39:41] [13:39:40] Installing teacher PyTorch stack
[2026-05-16 13:39:41] Looking in indexes: https://mirrors.aliyun.com/pypi/simple/
[2026-05-16 13:39:41] Looking in links: /mnt/data/ebft-distribution-new/caches/wheels
[2026-05-16 13:39:41] Collecting torch==2.10.0
[2026-05-16 13:39:41]   Downloading torch-2.10.0-3-cp312-cp312-manylinux_2_28_x86_64.whl (915.6 MB)
[2026-05-16 13:39:50] [2026-05-16 13:39:50,633 AIMaster] (job_monitor_controller_k8s.py 1099) INFO: All workers: 2, running: 2, failed: 0, pending: 0
[2026-05-16 13:39:50] [2026-05-16 13:39:50,633 AIMaster] (ops_reported_error_detector.py 103) INFO: Detecting whether the job is affected by errors reported by ops platform.
[2026-05-16 13:39:50] [2026-05-16 13:39:50,663 AIMaster] (aimaster_failover_controller.py 81) INFO: Detecting whether aimaster should be migrated.
[2026-05-16 13:40:20] [2026-05-16 13:40:20,782 AIMaster] (job_monitor_controller_k8s.py 1099) INFO: All workers: 2, running: 2, failed: 0, pending: 0
[2026-05-16 13:40:23] [2026-05-16 13:40:23,208 AIMaster] (job_event_collector.py 135) WARNING: Failed to watch pods, exception: ("Connection broken: ConnectionResetError(104, 'Connection reset by peer')", ConnectionResetError(104, 'Connection reset by peer'))
[2026-05-16 13:40:37] [2026-05-16 13:40:37,425 AIMaster] (config.py 347) INFO: Try loading config from pai-aimaster-new configmap.
[2026-05-16 13:40:51] [2026-05-16 13:40:50,908 AIMaster] (job_monitor_controller_k8s.py 1099) INFO: All workers: 2, running: 2, failed: 0, pending: 0
[2026-05-16 13:40:51] [2026-05-16 13:40:50,908 AIMaster] (ops_reported_error_detector.py 103) INFO: Detecting whether the job is affected by errors reported by ops platform.
[2026-05-16 13:41:21] [2026-05-16 13:41:21,069 AIMaster] (job_monitor_controller_k8s.py 1099) INFO: All workers: 2, running: 2, failed: 0, pending: 0
[2026-05-16 13:41:37] [2026-05-16 13:41:37,462 AIMaster] (config.py 347) INFO: Try loading config from pai-aimaster-new configmap.
[2026-05-16 13:41:51] [2026-05-16 13:41:51,183 AIMaster] (job_monitor_controller_k8s.py 1099) INFO: All workers: 2, running: 2, failed: 0, pending: 0
[2026-05-16 13:41:51] [2026-05-16 13:41:51,183 AIMaster] (ops_reported_error_detector.py 103) INFO: Detecting whether the job is affected by errors reported by ops platform.
[2026-05-16 13:41:51] [2026-05-16 13:41:51,214 AIMaster] (aimaster_failover_controller.py 81) INFO: Detecting whether aimaster should be migrated.
[2026-05-16 13:41:54] [2026-05-16 13:41:54,673 AIMaster] (job_event_collector.py 135) WARNING: Failed to watch pods, exception: ("Connection broken: ConnectionResetError(104, 'Connection reset by peer')", ConnectionResetError(104, 'Connection reset by peer'))
[2026-05-16 13:42:21] [2026-05-16 13:42:21,345 AIMaster] (job_monitor_controller_k8s.py 1099) INFO: All workers: 2, running: 2, failed: 0, pending: 0
[2026-05-16 13:42:37] [2026-05-16 13:42:37,499 AIMaster] (config.py 347) INFO: Try loading config from pai-aimaster-new configmap.
[2026-05-16 13:42:51] [2026-05-16 13:42:51,469 AIMaster] (pod_manager.py 415) INFO: Pod Category Summary (Total pods: 2)
[2026-05-16 13:42:51] | Category           |   Count | Percentage   | Pods                                                   |
[2026-05-16 13:42:51] |--------------------|---------|--------------|--------------------------------------------------------|
[2026-05-16 13:42:51] | Running            |       2 | 100.0%       | [dlc1t5kb9mnrnjda-master-0, dlc1t5kb9mnrnjda-worker-0] |
[2026-05-16 13:42:51] | Pending            |       0 | 0.0%         |                                                        |
[2026-05-16 13:42:51] | Succeeded          |       0 | 0.0%         |                                                        |
[2026-05-16 13:42:51] | Failed             |       0 | 0.0%         |                                                        |
[2026-05-16 13:42:51] | Terminating        |       0 | 0.0%         |                                                        |
[2026-05-16 13:42:51] | Scheduler_evicting |       0 | 0.0%         |                                                        |
[2026-05-16 13:42:51] | Aiph_node_error    |       0 | 0.0%         |                                                        |
[2026-05-16 13:42:51] | Unknown            |       0 | 0.0%         |                                                        |
[2026-05-16 13:42:51] 
[2026-05-16 13:42:51] [2026-05-16 13:42:51,469 AIMaster] (job_monitor_controller_k8s.py 1099) INFO: All workers: 2, running: 2, failed: 0, pending: 0
[2026-05-16 13:42:51] [2026-05-16 13:42:51,469 AIMaster] (ops_reported_error_detector.py 103) INFO: Detecting whether the job is affected by errors reported by ops platform.
[2026-05-16 13:43:21] [2026-05-16 13:43:21,618 AIMaster] (job_monitor_controller_k8s.py 1099) INFO: All workers: 2, running: 2, failed: 0, pending: 0
[2026-05-16 13:43:27] [2026-05-16 13:43:27,059 AIMaster] (job_event_collector.py 135) WARNING: Failed to watch pods, exception: ("Connection broken: ConnectionResetError(104, 'Connection reset by peer')", ConnectionResetError(104, 'Connection reset by peer'))
[2026-05-16 13:43:37] [2026-05-16 13:43:37,537 AIMaster] (config.py 347) INFO: Try loading config from pai-aimaster-new configmap.
[2026-05-16 13:43:51] [2026-05-16 13:43:51,747 AIMaster] (job_monitor_controller_k8s.py 1099) INFO: All workers: 2, running: 2, failed: 0, pending: 0
[2026-05-16 13:43:51] [2026-05-16 13:43:51,747 AIMaster] (ops_reported_error_detector.py 103) INFO: Detecting whether the job is affected by errors reported by ops platform.
[2026-05-16 13:43:51] [2026-05-16 13:43:51,781 AIMaster] (aimaster_failover_controller.py 81) INFO: Detecting whether aimaster should be migrated.
[2026-05-16 13:44:21] [2026-05-16 13:44:21,908 AIMaster] (job_monitor_controller_k8s.py 1099) INFO: All workers: 2, running: 2, failed: 0, pending: 0
[2026-05-16 13:44:37] [2026-05-16 13:44:37,606 AIMaster] (config.py 347) INFO: Try loading config from pai-aimaster-new configmap.
[2026-05-16 13:44:52] [2026-05-16 13:44:52,031 AIMaster] (job_monitor_controller_k8s.py 1099) INFO: All workers: 2, running: 2, failed: 0, pending: 0
[2026-05-16 13:44:52] [2026-05-16 13:44:52,031 AIMaster] (ops_reported_error_detector.py 103) INFO: Detecting whether the job is affected by errors reported by ops platform.
[2026-05-16 13:44:58] [2026-05-16 13:44:58,688 AIMaster] (job_event_collector.py 135) WARNING: Failed to watch pods, exception: ("Connection broken: ConnectionResetError(104, 'Connection reset by peer')", ConnectionResetError(104, 'Connection reset by peer'))
[2026-05-16 13:45:22] [2026-05-16 13:45:22,184 AIMaster] (job_monitor_controller_k8s.py 1099) INFO: All workers: 2, running: 2, failed: 0, pending: 0
[2026-05-16 13:45:25]      ━━━━━━━━━━━━━━━━━━━━━━━━━━━━━━━━━━━━━━━━ 915.6/915.6 MB 1.6 MB/s  0:05:45
[2026-05-16 13:45:26] Collecting torchvision==0.25.0
[2026-05-16 13:45:27]   Downloading torchvision-0.25.0-cp312-cp312-manylinux_2_28_x86_64.whl (8.1 MB)
[2026-05-16 13:45:30]      ━━━━━━━━━━━━━━━━━━━━━━━━━━━━━━━━━━━━━━━━ 8.1/8.1 MB 2.4 MB/s  0:00:03
[2026-05-16 13:45:30] Collecting torchaudio==2.10.0
[2026-05-16 13:45:30]   Downloading torchaudio-2.10.0-cp312-cp312-manylinux_2_28_x86_64.whl (1.9 MB)
[2026-05-16 13:45:30]      ━━━━━━━━━━━━━━━━━━━━━━━━━━━━━━━━━━━━━━━━ 1.9/1.9 MB 3.6 MB/s  0:00:00
[2026-05-16 13:45:30] Collecting filelock (from torch==2.10.0)
[2026-05-16 13:45:30]   Using cached filelock-3.29.0-py3-none-any.whl (39 kB)
[2026-05-16 13:45:31]      ━━━━━━━━━━━━━━━━━━━━━━━━━━━━━━━━━━━━━━━━ 915.6/915.6 MB 1.9 MB/s  0:05:49
[2026-05-16 13:45:31] Collecting typing-extensions>=4.10.0 (from torch==2.10.0)
[2026-05-16 13:45:31]   Using cached typing_extensions-4.15.0-py3-none-any.whl (44 kB)
[2026-05-16 13:45:31] Requirement already satisfied: setuptools in /mnt/workspace/venvs/.teacherVenv/lib/python3.12/site-packages (from torch==2.10.0) (82.0.1)
[2026-05-16 13:45:31] Collecting sympy>=1.13.3 (from torch==2.10.0)
[2026-05-16 13:45:31]   Downloading sympy-1.14.0-py3-none-any.whl (6.3 MB)
[2026-05-16 13:45:32] Collecting torchvision==0.25.0
[2026-05-16 13:45:32]   Downloading torchvision-0.25.0-cp312-cp312-manylinux_2_28_x86_64.whl (8.1 MB)
[2026-05-16 13:45:33]      ━━━━━━━━━━━━━━━━━━━━━━━━━━━━━━━━━━━━━━━━ 6.3/6.3 MB 2.7 MB/s  0:00:02
[2026-05-16 13:45:33] Collecting networkx>=2.5.1 (from torch==2.10.0)
[2026-05-16 13:45:33]   Downloading networkx-3.6.1-py3-none-any.whl (2.1 MB)
[2026-05-16 13:45:34]      ━━━━━━━━━━━━━━━━━━━━━━━━━━━━━━━━━━━━━━━━ 2.1/2.1 MB 4.0 MB/s  0:00:00
[2026-05-16 13:45:34] Collecting jinja2 (from torch==2.10.0)
[2026-05-16 13:45:34]   Using cached jinja2-3.1.6-py3-none-any.whl (134 kB)
[2026-05-16 13:45:34] Collecting fsspec>=0.8.5 (from torch==2.10.0)
[2026-05-16 13:45:34]   Using cached fsspec-2026.4.0-py3-none-any.whl (203 kB)
[2026-05-16 13:45:34] Collecting cuda-bindings==12.9.4 (from torch==2.10.0)
[2026-05-16 13:45:34]   Downloading cuda_bindings-12.9.4-cp312-cp312-manylinux_2_24_x86_64.manylinux_2_28_x86_64.whl (12.2 MB)
[2026-05-16 13:45:34]      ━━━━━━━━━━━━━━━━━━━━━━━━━━━━━━━━━━━━━━━━ 8.1/8.1 MB 3.5 MB/s  0:00:02
[2026-05-16 13:45:34] Collecting torchaudio==2.10.0
[2026-05-16 13:45:34]   Downloading torchaudio-2.10.0-cp312-cp312-manylinux_2_28_x86_64.whl (1.9 MB)
[2026-05-16 13:45:34]      ━━━━━━━━━━━━━━━━━━━━━━━━━━━━━━━━━━━━━━━━ 1.9/1.9 MB 3.6 MB/s  0:00:00
[2026-05-16 13:45:34] Collecting filelock (from torch==2.10.0)
[2026-05-16 13:45:34]   Using cached filelock-3.29.0-py3-none-any.whl (39 kB)
[2026-05-16 13:45:35] Collecting typing-extensions>=4.10.0 (from torch==2.10.0)
[2026-05-16 13:45:35]   Using cached typing_extensions-4.15.0-py3-none-any.whl (44 kB)
[2026-05-16 13:45:35] Requirement already satisfied: setuptools in /mnt/workspace/venvs/.teacherVenv/lib/python3.12/site-packages (from torch==2.10.0) (82.0.1)
[2026-05-16 13:45:35] Collecting sympy>=1.13.3 (from torch==2.10.0)
[2026-05-16 13:45:35]   Downloading sympy-1.14.0-py3-none-any.whl (6.3 MB)
[2026-05-16 13:45:36]      ━━━━━━━━━━━━━━━━━━━━━━━━━━━━━━━━━━━━━━━━ 6.3/6.3 MB 4.4 MB/s  0:00:01
[2026-05-16 13:45:36] Collecting networkx>=2.5.1 (from torch==2.10.0)
[2026-05-16 13:45:36]   Downloading networkx-3.6.1-py3-none-any.whl (2.1 MB)
[2026-05-16 13:45:37]      ━━━━━━━━━━━━━━━━━━━━━━━━━━━━━━━━━━━━━━━━ 2.1/2.1 MB 4.0 MB/s  0:00:00
[2026-05-16 13:45:37] Collecting jinja2 (from torch==2.10.0)
[2026-05-16 13:45:37]   Using cached jinja2-3.1.6-py3-none-any.whl (134 kB)
[2026-05-16 13:45:37] Collecting fsspec>=0.8.5 (from torch==2.10.0)
[2026-05-16 13:45:37]   Using cached fsspec-2026.4.0-py3-none-any.whl (203 kB)
[2026-05-16 13:45:37] Collecting cuda-bindings==12.9.4 (from torch==2.10.0)
[2026-05-16 13:45:37]   Downloading cuda_bindings-12.9.4-cp312-cp312-manylinux_2_24_x86_64.manylinux_2_28_x86_64.whl (12.2 MB)
[2026-05-16 13:45:37] [2026-05-16 13:45:37,642 AIMaster] (config.py 347) INFO: Try loading config from pai-aimaster-new configmap.
[2026-05-16 13:45:39]      ━━━━━━━━━━━━━━━━━━━━━━━━━━━━━━━━━━━━━━━━ 12.2/12.2 MB 2.7 MB/s  0:00:04
[2026-05-16 13:45:39] Collecting nvidia-cuda-nvrtc-cu12==12.8.93 (from torch==2.10.0)
[2026-05-16 13:45:39]   Downloading nvidia_cuda_nvrtc_cu12-12.8.93-py3-none-manylinux2010_x86_64.manylinux_2_12_x86_64.whl (88.0 MB)
[2026-05-16 13:45:42]      ━━━━━━━━━━━━━━━━━━━━━━━━━━━━━━━━━━━━━━━━ 12.2/12.2 MB 2.8 MB/s  0:00:04
[2026-05-16 13:45:42] Collecting nvidia-cuda-nvrtc-cu12==12.8.93 (from torch==2.10.0)
[2026-05-16 13:45:42]   Downloading nvidia_cuda_nvrtc_cu12-12.8.93-py3-none-manylinux2010_x86_64.manylinux_2_12_x86_64.whl (88.0 MB)
[2026-05-16 13:45:53] [2026-05-16 13:45:52,302 AIMaster] (job_monitor_controller_k8s.py 1099) INFO: All workers: 2, running: 2, failed: 0, pending: 0
[2026-05-16 13:45:53] [2026-05-16 13:45:52,302 AIMaster] (ops_reported_error_detector.py 103) INFO: Detecting whether the job is affected by errors reported by ops platform.
[2026-05-16 13:45:53] [2026-05-16 13:45:52,351 AIMaster] (aimaster_failover_controller.py 81) INFO: Detecting whether aimaster should be migrated.
[2026-05-16 13:45:53]      ━━━━━━━━━━━━━━━━━━━━━━━━━━━━━━━━━━━━━━━━ 88.0/88.0 MB 6.3 MB/s  0:00:13
[2026-05-16 13:45:53] Collecting nvidia-cuda-runtime-cu12==12.8.90 (from torch==2.10.0)
[2026-05-16 13:45:53]   Downloading nvidia_cuda_runtime_cu12-12.8.90-py3-none-manylinux2014_x86_64.manylinux_2_17_x86_64.whl (954 kB)
[2026-05-16 13:45:53]      ━━━━━━━━━━━━━━━━━━━━━━━━━━━━━━━━━━━━━━━━ 954.8/954.8 kB 27.7 MB/s  0:00:00
[2026-05-16 13:45:53] Collecting nvidia-cuda-cupti-cu12==12.8.90 (from torch==2.10.0)
[2026-05-16 13:45:53]   Downloading nvidia_cuda_cupti_cu12-12.8.90-py3-none-manylinux2014_x86_64.manylinux_2_17_x86_64.whl (10.2 MB)
[2026-05-16 13:45:53]      ━━━━━━━━━━━━━━━━━━━━━━━━━━━━━━━━━━━━━━━━ 10.2/10.2 MB 26.1 MB/s  0:00:00
[2026-05-16 13:45:53] Collecting nvidia-cudnn-cu12==9.10.2.21 (from torch==2.10.0)
[2026-05-16 13:45:53]   Downloading nvidia_cudnn_cu12-9.10.2.21-py3-none-manylinux_2_27_x86_64.whl (706.8 MB)
[2026-05-16 13:45:53]      ━━━━━━━━━━━━━━━━━━━━━━━━━━━━━━━━━━━━━━━━ 88.0/88.0 MB 7.6 MB/s  0:00:11
[2026-05-16 13:45:53] Collecting nvidia-cuda-runtime-cu12==12.8.90 (from torch==2.10.0)
[2026-05-16 13:45:53]   Downloading nvidia_cuda_runtime_cu12-12.8.90-py3-none-manylinux2014_x86_64.manylinux_2_17_x86_64.whl (954 kB)
[2026-05-16 13:45:53]      ━━━━━━━━━━━━━━━━━━━━━━━━━━━━━━━━━━━━━━━━ 954.8/954.8 kB 30.0 MB/s  0:00:00
[2026-05-16 13:45:53] Collecting nvidia-cuda-cupti-cu12==12.8.90 (from torch==2.10.0)
[2026-05-16 13:45:53]   Downloading nvidia_cuda_cupti_cu12-12.8.90-py3-none-manylinux2014_x86_64.manylinux_2_17_x86_64.whl (10.2 MB)
[2026-05-16 13:45:54]      ━━━━━━━━━━━━━━━━━━━━━━━━━━━━━━━━━━━━━━━━ 10.2/10.2 MB 26.0 MB/s  0:00:00
[2026-05-16 13:45:54] Collecting nvidia-cudnn-cu12==9.10.2.21 (from torch==2.10.0)
[2026-05-16 13:45:54]   Downloading nvidia_cudnn_cu12-9.10.2.21-py3-none-manylinux_2_27_x86_64.whl (706.8 MB)
[2026-05-16 13:46:23] [2026-05-16 13:46:22,484 AIMaster] (job_monitor_controller_k8s.py 1099) INFO: All workers: 2, running: 2, failed: 0, pending: 0
[2026-05-16 13:46:31] [2026-05-16 13:46:30,262 AIMaster] (job_event_collector.py 135) WARNING: Failed to watch pods, exception: ("Connection broken: ConnectionResetError(104, 'Connection reset by peer')", ConnectionResetError(104, 'Connection reset by peer'))
[2026-05-16 13:46:38] [2026-05-16 13:46:37,677 AIMaster] (config.py 347) INFO: Try loading config from pai-aimaster-new configmap.
[2026-05-16 13:46:53] [2026-05-16 13:46:52,622 AIMaster] (job_monitor_controller_k8s.py 1099) INFO: All workers: 2, running: 2, failed: 0, pending: 0
[2026-05-16 13:46:53] [2026-05-16 13:46:52,622 AIMaster] (ops_reported_error_detector.py 103) INFO: Detecting whether the job is affected by errors reported by ops platform.
[2026-05-16 13:47:23] [2026-05-16 13:47:22,774 AIMaster] (job_monitor_controller_k8s.py 1099) INFO: All workers: 2, running: 2, failed: 0, pending: 0
[2026-05-16 13:47:38] [2026-05-16 13:47:37,712 AIMaster] (config.py 347) INFO: Try loading config from pai-aimaster-new configmap.
[2026-05-16 13:47:53] [2026-05-16 13:47:52,898 AIMaster] (pod_manager.py 415) INFO: Pod Category Summary (Total pods: 2)
[2026-05-16 13:47:53] | Category           |   Count | Percentage   | Pods                                                   |
[2026-05-16 13:47:53] |--------------------|---------|--------------|--------------------------------------------------------|
[2026-05-16 13:47:53] | Running            |       2 | 100.0%       | [dlc1t5kb9mnrnjda-master-0, dlc1t5kb9mnrnjda-worker-0] |
[2026-05-16 13:47:53] | Pending            |       0 | 0.0%         |                                                        |
[2026-05-16 13:47:53] | Succeeded          |       0 | 0.0%         |                                                        |
[2026-05-16 13:47:53] | Failed             |       0 | 0.0%         |                                                        |
[2026-05-16 13:47:53] | Terminating        |       0 | 0.0%         |                                                        |
[2026-05-16 13:47:53] | Scheduler_evicting |       0 | 0.0%         |                                                        |
[2026-05-16 13:47:53] | Aiph_node_error    |       0 | 0.0%         |                                                        |
[2026-05-16 13:47:53] | Unknown            |       0 | 0.0%         |                                                        |
[2026-05-16 13:47:53] 
[2026-05-16 13:47:53] [2026-05-16 13:47:52,898 AIMaster] (job_monitor_controller_k8s.py 1099) INFO: All workers: 2, running: 2, failed: 0, pending: 0
[2026-05-16 13:47:53] [2026-05-16 13:47:52,898 AIMaster] (ops_reported_error_detector.py 103) INFO: Detecting whether the job is affected by errors reported by ops platform.
[2026-05-16 13:47:53] [2026-05-16 13:47:52,930 AIMaster] (aimaster_failover_controller.py 81) INFO: Detecting whether aimaster should be migrated.
[2026-05-16 13:48:03] [2026-05-16 13:48:02,407 AIMaster] (job_event_collector.py 135) WARNING: Failed to watch pods, exception: ("Connection broken: ConnectionResetError(104, 'Connection reset by peer')", ConnectionResetError(104, 'Connection reset by peer'))
[2026-05-16 13:48:12]      ━━━━━━━━━━━━━━━━━━━━━━━━╸              456.7/706.8 MB 26.4 MB/s eta 0:00:10
[2026-05-16 13:48:12]   WARNING: Connection timed out while downloading.
[2026-05-16 13:48:12]   WARNING: Attempting to resume incomplete download (456.7 MB/706.8 MB, attempt 1)
[2026-05-16 13:48:12]   Resuming download nvidia_cudnn_cu12-9.10.2.21-py3-none-manylinux_2_27_x86_64.whl (456.7 MB/706.8 MB)
[2026-05-16 13:48:13]      ━━━━━━━━━━━━━━━━━━━━━━━━━━             484.2/706.8 MB 25.6 MB/s eta 0:00:09
[2026-05-16 13:48:13]   WARNING: Connection timed out while downloading.
[2026-05-16 13:48:13]   WARNING: Attempting to resume incomplete download (484.2 MB/706.8 MB, attempt 1)
[2026-05-16 13:48:13]   Resuming download nvidia_cudnn_cu12-9.10.2.21-py3-none-manylinux_2_27_x86_64.whl (484.2 MB/706.8 MB)
[2026-05-16 13:48:24] [2026-05-16 13:48:23,110 AIMaster] (job_monitor_controller_k8s.py 1099) INFO: All workers: 2, running: 2, failed: 0, pending: 0
[2026-05-16 13:48:38] [2026-05-16 13:48:37,748 AIMaster] (config.py 347) INFO: Try loading config from pai-aimaster-new configmap.
[2026-05-16 13:48:54] [2026-05-16 13:48:53,231 AIMaster] (job_monitor_controller_k8s.py 1099) INFO: All workers: 2, running: 2, failed: 0, pending: 0
[2026-05-16 13:48:54] [2026-05-16 13:48:53,231 AIMaster] (ops_reported_error_detector.py 103) INFO: Detecting whether the job is affected by errors reported by ops platform.
[2026-05-16 13:49:24] [2026-05-16 13:49:23,401 AIMaster] (job_monitor_controller_k8s.py 1099) INFO: All workers: 2, running: 2, failed: 0, pending: 0
[2026-05-16 13:49:34] [2026-05-16 13:49:34,067 AIMaster] (job_event_collector.py 135) WARNING: Failed to watch pods, exception: ("Connection broken: ConnectionResetError(104, 'Connection reset by peer')", ConnectionResetError(104, 'Connection reset by peer'))
[2026-05-16 13:49:38] [2026-05-16 13:49:37,783 AIMaster] (config.py 347) INFO: Try loading config from pai-aimaster-new configmap.
[2026-05-16 13:49:54] [2026-05-16 13:49:53,570 AIMaster] (job_monitor_controller_k8s.py 1099) INFO: All workers: 2, running: 2, failed: 0, pending: 0
[2026-05-16 13:49:54] [2026-05-16 13:49:53,570 AIMaster] (ops_reported_error_detector.py 103) INFO: Detecting whether the job is affected by errors reported by ops platform.
[2026-05-16 13:49:54] [2026-05-16 13:49:53,611 AIMaster] (aimaster_failover_controller.py 81) INFO: Detecting whether aimaster should be migrated.
[2026-05-16 13:50:24] [2026-05-16 13:50:23,748 AIMaster] (job_monitor_controller_k8s.py 1099) INFO: All workers: 2, running: 2, failed: 0, pending: 0
[2026-05-16 13:50:38] [2026-05-16 13:50:37,818 AIMaster] (config.py 347) INFO: Try loading config from pai-aimaster-new configmap.
[2026-05-16 13:50:54] [2026-05-16 13:50:53,873 AIMaster] (job_monitor_controller_k8s.py 1099) INFO: All workers: 2, running: 2, failed: 0, pending: 0
[2026-05-16 13:50:54] [2026-05-16 13:50:53,873 AIMaster] (ops_reported_error_detector.py 103) INFO: Detecting whether the job is affected by errors reported by ops platform.
[2026-05-16 13:51:06] [2026-05-16 13:51:05,480 AIMaster] (job_event_collector.py 135) WARNING: Failed to watch pods, exception: ("Connection broken: ConnectionResetError(104, 'Connection reset by peer')", ConnectionResetError(104, 'Connection reset by peer'))
[2026-05-16 13:51:24] [2026-05-16 13:51:24,038 AIMaster] (job_monitor_controller_k8s.py 1099) INFO: All workers: 2, running: 2, failed: 0, pending: 0
[2026-05-16 13:51:38] [2026-05-16 13:51:37,854 AIMaster] (config.py 347) INFO: Try loading config from pai-aimaster-new configmap.
[2026-05-16 13:51:38]      ━━━━━━━━━━━━━━━━━━━━━━━━━━━━━━━━━━━━━━━━ 706.8/706.8 MB 2.0 MB/s  0:03:24
[2026-05-16 13:51:40] Collecting nvidia-cublas-cu12==12.8.4.1 (from torch==2.10.0)
[2026-05-16 13:51:40]   Downloading nvidia_cublas_cu12-12.8.4.1-py3-none-manylinux_2_27_x86_64.whl (594.3 MB)
[2026-05-16 13:51:48]      ━━━━━━━━━━━━━━━━━━━━━━━━━━━━━━━━━━━━━━━━ 706.8/706.8 MB 2.2 MB/s  0:03:36
[2026-05-16 13:51:49] Collecting nvidia-cublas-cu12==12.8.4.1 (from torch==2.10.0)
[2026-05-16 13:51:49]   Downloading nvidia_cublas_cu12-12.8.4.1-py3-none-manylinux_2_27_x86_64.whl (594.3 MB)
[2026-05-16 13:51:54] [2026-05-16 13:51:54,172 AIMaster] (job_monitor_controller_k8s.py 1099) INFO: All workers: 2, running: 2, failed: 0, pending: 0
[2026-05-16 13:51:54] [2026-05-16 13:51:54,172 AIMaster] (ops_reported_error_detector.py 103) INFO: Detecting whether the job is affected by errors reported by ops platform.
[2026-05-16 13:51:54] [2026-05-16 13:51:54,206 AIMaster] (aimaster_failover_controller.py 81) INFO: Detecting whether aimaster should be migrated.
[2026-05-16 13:52:25] [2026-05-16 13:52:24,327 AIMaster] (job_monitor_controller_k8s.py 1099) INFO: All workers: 2, running: 2, failed: 0, pending: 0
[2026-05-16 13:52:37] [2026-05-16 13:52:36,758 AIMaster] (job_event_collector.py 135) WARNING: Failed to watch pods, exception: ("Connection broken: ConnectionResetError(104, 'Connection reset by peer')", ConnectionResetError(104, 'Connection reset by peer'))
[2026-05-16 13:52:38] [2026-05-16 13:52:37,894 AIMaster] (config.py 347) INFO: Try loading config from pai-aimaster-new configmap.
[2026-05-16 13:52:55] [2026-05-16 13:52:54,453 AIMaster] (pod_manager.py 415) INFO: Pod Category Summary (Total pods: 2)
[2026-05-16 13:52:55] | Category           |   Count | Percentage   | Pods                                                   |
[2026-05-16 13:52:55] |--------------------|---------|--------------|--------------------------------------------------------|
[2026-05-16 13:52:55] | Running            |       2 | 100.0%       | [dlc1t5kb9mnrnjda-master-0, dlc1t5kb9mnrnjda-worker-0] |
[2026-05-16 13:52:55] | Pending            |       0 | 0.0%         |                                                        |
[2026-05-16 13:52:55] | Succeeded          |       0 | 0.0%         |                                                        |
[2026-05-16 13:52:55] | Failed             |       0 | 0.0%         |                                                        |
[2026-05-16 13:52:55] | Terminating        |       0 | 0.0%         |                                                        |
[2026-05-16 13:52:55] | Scheduler_evicting |       0 | 0.0%         |                                                        |
[2026-05-16 13:52:55] | Aiph_node_error    |       0 | 0.0%         |                                                        |
[2026-05-16 13:52:55] | Unknown            |       0 | 0.0%         |                                                        |
[2026-05-16 13:52:55] 
[2026-05-16 13:52:55] [2026-05-16 13:52:54,453 AIMaster] (job_monitor_controller_k8s.py 1099) INFO: All workers: 2, running: 2, failed: 0, pending: 0
[2026-05-16 13:52:55] [2026-05-16 13:52:54,453 AIMaster] (ops_reported_error_detector.py 103) INFO: Detecting whether the job is affected by errors reported by ops platform.
[2026-05-16 13:53:25] [2026-05-16 13:53:24,615 AIMaster] (job_monitor_controller_k8s.py 1099) INFO: All workers: 2, running: 2, failed: 0, pending: 0
[2026-05-16 13:53:38] [2026-05-16 13:53:37,931 AIMaster] (config.py 347) INFO: Try loading config from pai-aimaster-new configmap.
[2026-05-16 13:53:55] [2026-05-16 13:53:54,743 AIMaster] (job_monitor_controller_k8s.py 1099) INFO: All workers: 2, running: 2, failed: 0, pending: 0
[2026-05-16 13:53:55] [2026-05-16 13:53:54,743 AIMaster] (ops_reported_error_detector.py 103) INFO: Detecting whether the job is affected by errors reported by ops platform.
[2026-05-16 13:53:55] [2026-05-16 13:53:54,774 AIMaster] (aimaster_failover_controller.py 81) INFO: Detecting whether aimaster should be migrated.
[2026-05-16 13:54:09] [2026-05-16 13:54:08,519 AIMaster] (job_event_collector.py 135) WARNING: Failed to watch pods, exception: ("Connection broken: ConnectionResetError(104, 'Connection reset by peer')", ConnectionResetError(104, 'Connection reset by peer'))
[2026-05-16 13:54:25] [2026-05-16 13:54:24,906 AIMaster] (job_monitor_controller_k8s.py 1099) INFO: All workers: 2, running: 2, failed: 0, pending: 0
[2026-05-16 13:54:38] [2026-05-16 13:54:37,969 AIMaster] (config.py 347) INFO: Try loading config from pai-aimaster-new configmap.
[2026-05-16 13:54:55] [2026-05-16 13:54:55,029 AIMaster] (job_monitor_controller_k8s.py 1099) INFO: All workers: 2, running: 2, failed: 0, pending: 0
[2026-05-16 13:54:55] [2026-05-16 13:54:55,030 AIMaster] (ops_reported_error_detector.py 103) INFO: Detecting whether the job is affected by errors reported by ops platform.
[2026-05-16 13:54:59]      ━━━━━━━━━━━━━━━━━━━━━━━━━━━━━━━━━━━━━━━━ 594.3/594.3 MB 1.8 MB/s  0:03:19
[2026-05-16 13:55:00] Collecting nvidia-cufft-cu12==11.3.3.83 (from torch==2.10.0)
[2026-05-16 13:55:00]   Downloading nvidia_cufft_cu12-11.3.3.83-py3-none-manylinux2014_x86_64.manylinux_2_17_x86_64.whl (193.1 MB)
[2026-05-16 13:55:13]      ━━━━━━━━━━━━━━━━━━━━━━━━━━━━━━━━━━━━━━━━ 594.3/594.3 MB 2.2 MB/s  0:03:23
[2026-05-16 13:55:14] Collecting nvidia-cufft-cu12==11.3.3.83 (from torch==2.10.0)
[2026-05-16 13:55:14]   Downloading nvidia_cufft_cu12-11.3.3.83-py3-none-manylinux2014_x86_64.manylinux_2_17_x86_64.whl (193.1 MB)
[2026-05-16 13:55:21]      ━━━━━━━━━━━━━━━━━━━━━━━━━━━━━━━━━━━━━━━━ 193.1/193.1 MB 9.1 MB/s  0:00:21
[2026-05-16 13:55:21] Collecting nvidia-curand-cu12==10.3.9.90 (from torch==2.10.0)
[2026-05-16 13:55:21]   Downloading nvidia_curand_cu12-10.3.9.90-py3-none-manylinux_2_27_x86_64.whl (63.6 MB)
[2026-05-16 13:55:24]      ━━━━━━━━━━━━━━━━━━━━━━━━━━━━━━━━━━━━━━━━ 63.6/63.6 MB 21.2 MB/s  0:00:02
[2026-05-16 13:55:24]      ━━━━━━━━━━━━━━━━━━━━━━━━━━━━━━━━━━━━━━━━ 193.1/193.1 MB 19.4 MB/s  0:00:09
[2026-05-16 13:55:24] Collecting nvidia-curand-cu12==10.3.9.90 (from torch==2.10.0)
[2026-05-16 13:55:24]   Downloading nvidia_curand_cu12-10.3.9.90-py3-none-manylinux_2_27_x86_64.whl (63.6 MB)
[2026-05-16 13:55:25] Collecting nvidia-cusolver-cu12==11.7.3.90 (from torch==2.10.0)
[2026-05-16 13:55:25]   Downloading nvidia_cusolver_cu12-11.7.3.90-py3-none-manylinux_2_27_x86_64.whl (267.5 MB)
[2026-05-16 13:55:25] [2026-05-16 13:55:25,187 AIMaster] (job_monitor_controller_k8s.py 1099) INFO: All workers: 2, running: 2, failed: 0, pending: 0
[2026-05-16 13:55:27]      ━━━━━━━━━━━━━━━━━━━━━━━━━━━━━━━━━━━━━━━━ 63.6/63.6 MB 19.1 MB/s  0:00:03
[2026-05-16 13:55:27] Collecting nvidia-cusolver-cu12==11.7.3.90 (from torch==2.10.0)
[2026-05-16 13:55:27]   Downloading nvidia_cusolver_cu12-11.7.3.90-py3-none-manylinux_2_27_x86_64.whl (267.5 MB)
[2026-05-16 13:55:38] [2026-05-16 13:55:38,003 AIMaster] (config.py 347) INFO: Try loading config from pai-aimaster-new configmap.
[2026-05-16 13:55:41] [2026-05-16 13:55:40,578 AIMaster] (job_event_collector.py 135) WARNING: Failed to watch pods, exception: ("Connection broken: ConnectionResetError(104, 'Connection reset by peer')", ConnectionResetError(104, 'Connection reset by peer'))
[2026-05-16 13:55:55] [2026-05-16 13:55:55,329 AIMaster] (job_monitor_controller_k8s.py 1099) INFO: All workers: 2, running: 2, failed: 0, pending: 0
[2026-05-16 13:55:55] [2026-05-16 13:55:55,329 AIMaster] (ops_reported_error_detector.py 103) INFO: Detecting whether the job is affected by errors reported by ops platform.
[2026-05-16 13:55:55] [2026-05-16 13:55:55,359 AIMaster] (aimaster_failover_controller.py 81) INFO: Detecting whether aimaster should be migrated.
[2026-05-16 13:56:26] [2026-05-16 13:56:25,485 AIMaster] (job_monitor_controller_k8s.py 1099) INFO: All workers: 2, running: 2, failed: 0, pending: 0
[2026-05-16 13:56:38] [2026-05-16 13:56:38,038 AIMaster] (config.py 347) INFO: Try loading config from pai-aimaster-new configmap.
[2026-05-16 13:56:56] [2026-05-16 13:56:55,630 AIMaster] (job_monitor_controller_k8s.py 1099) INFO: All workers: 2, running: 2, failed: 0, pending: 0
[2026-05-16 13:56:56] [2026-05-16 13:56:55,630 AIMaster] (ops_reported_error_detector.py 103) INFO: Detecting whether the job is affected by errors reported by ops platform.
[2026-05-16 13:57:12] [2026-05-16 13:57:12,049 AIMaster] (job_event_collector.py 135) WARNING: Failed to watch pods, exception: ("Connection broken: ConnectionResetError(104, 'Connection reset by peer')", ConnectionResetError(104, 'Connection reset by peer'))
[2026-05-16 13:57:26] [2026-05-16 13:57:25,810 AIMaster] (job_monitor_controller_k8s.py 1099) INFO: All workers: 2, running: 2, failed: 0, pending: 0
[2026-05-16 13:57:34]   WARNING: Connection timed out while downloading.
[2026-05-16 13:57:34]      ━━━━━━━━━━━━━━━━━━━━━━━━━━             183.2/267.5 MB 20.6 MB/s eta 0:00:05
[2026-05-16 13:57:34]   WARNING: Attempting to resume incomplete download (183.2 MB/267.5 MB, attempt 1)
[2026-05-16 13:57:34]   Resuming download nvidia_cusolver_cu12-11.7.3.90-py3-none-manylinux_2_27_x86_64.whl (183.2 MB/267.5 MB)
[2026-05-16 13:57:34]   WARNING: Connection timed out while downloading.
[2026-05-16 13:57:34]      ━━━━━━━━━━━━━━━━━                      122.9/267.5 MB 20.1 MB/s eta 0:00:08
[2026-05-16 13:57:34]   WARNING: Attempting to resume incomplete download (122.9 MB/267.5 MB, attempt 1)
[2026-05-16 13:57:34]   Resuming download nvidia_cusolver_cu12-11.7.3.90-py3-none-manylinux_2_27_x86_64.whl (122.9 MB/267.5 MB)
[2026-05-16 13:57:38] [2026-05-16 13:57:38,075 AIMaster] (config.py 347) INFO: Try loading config from pai-aimaster-new configmap.
[2026-05-16 13:57:56] [2026-05-16 13:57:55,947 AIMaster] (pod_manager.py 415) INFO: Pod Category Summary (Total pods: 2)
[2026-05-16 13:57:56] | Category           |   Count | Percentage   | Pods                                                   |
[2026-05-16 13:57:56] |--------------------|---------|--------------|--------------------------------------------------------|
[2026-05-16 13:57:56] | Running            |       2 | 100.0%       | [dlc1t5kb9mnrnjda-master-0, dlc1t5kb9mnrnjda-worker-0] |
[2026-05-16 13:57:56] | Pending            |       0 | 0.0%         |                                                        |
[2026-05-16 13:57:56] | Succeeded          |       0 | 0.0%         |                                                        |
[2026-05-16 13:57:56] | Failed             |       0 | 0.0%         |                                                        |
[2026-05-16 13:57:56] | Terminating        |       0 | 0.0%         |                                                        |
[2026-05-16 13:57:56] | Scheduler_evicting |       0 | 0.0%         |                                                        |
[2026-05-16 13:57:56] | Aiph_node_error    |       0 | 0.0%         |                                                        |
[2026-05-16 13:57:56] | Unknown            |       0 | 0.0%         |                                                        |
[2026-05-16 13:57:56] 
[2026-05-16 13:57:56] [2026-05-16 13:57:55,947 AIMaster] (job_monitor_controller_k8s.py 1099) INFO: All workers: 2, running: 2, failed: 0, pending: 0
[2026-05-16 13:57:56] [2026-05-16 13:57:55,947 AIMaster] (ops_reported_error_detector.py 103) INFO: Detecting whether the job is affected by errors reported by ops platform.
[2026-05-16 13:57:56] [2026-05-16 13:57:55,978 AIMaster] (aimaster_failover_controller.py 81) INFO: Detecting whether aimaster should be migrated.
[2026-05-16 13:58:12]      ━━━━━━━━━━━━━━━━━━━━━━━━━━━━━━━━━━━━━━━━ 267.5/267.5 MB 2.4 MB/s  0:00:38
[2026-05-16 13:58:13] Collecting nvidia-cusparse-cu12==12.5.8.93 (from torch==2.10.0)
[2026-05-16 13:58:13]   Downloading nvidia_cusparse_cu12-12.5.8.93-py3-none-manylinux2014_x86_64.manylinux_2_17_x86_64.whl (288.2 MB)
[2026-05-16 13:58:24]      ━━━━━━━━━━━━━━━━━━━━━━━━━━━━━━━━━━━━━━━━ 267.5/267.5 MB 3.6 MB/s  0:00:50
[2026-05-16 13:58:24] Collecting nvidia-cusparse-cu12==12.5.8.93 (from torch==2.10.0)
[2026-05-16 13:58:24]   Downloading nvidia_cusparse_cu12-12.5.8.93-py3-none-manylinux2014_x86_64.manylinux_2_17_x86_64.whl (288.2 MB)
[2026-05-16 13:58:26] [2026-05-16 13:58:26,118 AIMaster] (job_monitor_controller_k8s.py 1099) INFO: All workers: 2, running: 2, failed: 0, pending: 0
[2026-05-16 13:58:33]      ━━━━━━━━━━━━━━━━━━━━━━━━━━━━━━━━━━━━━━━━ 288.2/288.2 MB 32.4 MB/s  0:00:08
[2026-05-16 13:58:33] Collecting nvidia-cusparselt-cu12==0.7.1 (from torch==2.10.0)
[2026-05-16 13:58:33]   Downloading nvidia_cusparselt_cu12-0.7.1-py3-none-manylinux2014_x86_64.whl (287.2 MB)
[2026-05-16 13:58:38] [2026-05-16 13:58:38,110 AIMaster] (config.py 347) INFO: Try loading config from pai-aimaster-new configmap.
[2026-05-16 13:58:41]      ━━━━━━━━━━━━━━━━━━━━━━━━━━━━━━━━━━━━━━━━ 288.2/288.2 MB 13.4 MB/s  0:00:28
[2026-05-16 13:58:42] Collecting nvidia-cusparselt-cu12==0.7.1 (from torch==2.10.0)
[2026-05-16 13:58:42]   Downloading nvidia_cusparselt_cu12-0.7.1-py3-none-manylinux2014_x86_64.whl (287.2 MB)
[2026-05-16 13:58:44] [2026-05-16 13:58:43,617 AIMaster] (job_event_collector.py 135) WARNING: Failed to watch pods, exception: ("Connection broken: ConnectionResetError(104, 'Connection reset by peer')", ConnectionResetError(104, 'Connection reset by peer'))
[2026-05-16 13:58:56] [2026-05-16 13:58:56,251 AIMaster] (job_monitor_controller_k8s.py 1099) INFO: All workers: 2, running: 2, failed: 0, pending: 0
[2026-05-16 13:58:56] [2026-05-16 13:58:56,251 AIMaster] (ops_reported_error_detector.py 103) INFO: Detecting whether the job is affected by errors reported by ops platform.
[2026-05-16 13:59:26] [2026-05-16 13:59:26,411 AIMaster] (job_monitor_controller_k8s.py 1099) INFO: All workers: 2, running: 2, failed: 0, pending: 0
[2026-05-16 13:59:38] [2026-05-16 13:59:38,146 AIMaster] (config.py 347) INFO: Try loading config from pai-aimaster-new configmap.
[2026-05-16 13:59:57] [2026-05-16 13:59:56,546 AIMaster] (job_monitor_controller_k8s.py 1099) INFO: All workers: 2, running: 2, failed: 0, pending: 0
[2026-05-16 13:59:57] [2026-05-16 13:59:56,547 AIMaster] (ops_reported_error_detector.py 103) INFO: Detecting whether the job is affected by errors reported by ops platform.
[2026-05-16 13:59:57] [2026-05-16 13:59:56,582 AIMaster] (aimaster_failover_controller.py 81) INFO: Detecting whether aimaster should be migrated.
[2026-05-16 14:00:15] [2026-05-16 14:00:15,248 AIMaster] (job_event_collector.py 135) WARNING: Failed to watch pods, exception: ("Connection broken: ConnectionResetError(104, 'Connection reset by peer')", ConnectionResetError(104, 'Connection reset by peer'))
[2026-05-16 14:00:27] [2026-05-16 14:00:26,709 AIMaster] (job_monitor_controller_k8s.py 1099) INFO: All workers: 2, running: 2, failed: 0, pending: 0
[2026-05-16 14:00:38] [2026-05-16 14:00:38,182 AIMaster] (config.py 347) INFO: Try loading config from pai-aimaster-new configmap.
[2026-05-16 14:00:43]      ━━━━━━━━━━━━━━━━━━╸                    140.0/287.2 MB 14.3 MB/s eta 0:00:11
[2026-05-16 14:00:43]   WARNING: Connection timed out while downloading.
[2026-05-16 14:00:43]   WARNING: Attempting to resume incomplete download (140.0 MB/287.2 MB, attempt 1)
[2026-05-16 14:00:43]   Resuming download nvidia_cusparselt_cu12-0.7.1-py3-none-manylinux2014_x86_64.whl (140.0 MB/287.2 MB)
[2026-05-16 14:00:44]      ━━━━╸                                   34.9/287.2 MB 15.6 MB/s eta 0:00:17
[2026-05-16 14:00:44]   WARNING: Connection timed out while downloading.
[2026-05-16 14:00:44]   WARNING: Attempting to resume incomplete download (34.9 MB/287.2 MB, attempt 1)
[2026-05-16 14:00:44]   Resuming download nvidia_cusparselt_cu12-0.7.1-py3-none-manylinux2014_x86_64.whl (34.9 MB/287.2 MB)
[2026-05-16 14:00:57] [2026-05-16 14:00:56,833 AIMaster] (job_monitor_controller_k8s.py 1099) INFO: All workers: 2, running: 2, failed: 0, pending: 0
[2026-05-16 14:00:57] [2026-05-16 14:00:56,833 AIMaster] (ops_reported_error_detector.py 103) INFO: Detecting whether the job is affected by errors reported by ops platform.
[2026-05-16 14:01:27] [2026-05-16 14:01:27,004 AIMaster] (job_monitor_controller_k8s.py 1099) INFO: All workers: 2, running: 2, failed: 0, pending: 0
[2026-05-16 14:01:38] [2026-05-16 14:01:38,218 AIMaster] (config.py 347) INFO: Try loading config from pai-aimaster-new configmap.
[2026-05-16 14:01:47] [2026-05-16 14:01:47,215 AIMaster] (job_event_collector.py 135) WARNING: Failed to watch pods, exception: ("Connection broken: ConnectionResetError(104, 'Connection reset by peer')", ConnectionResetError(104, 'Connection reset by peer'))
[2026-05-16 14:01:57] [2026-05-16 14:01:57,191 AIMaster] (job_monitor_controller_k8s.py 1099) INFO: All workers: 2, running: 2, failed: 0, pending: 0
[2026-05-16 14:01:57] [2026-05-16 14:01:57,191 AIMaster] (ops_reported_error_detector.py 103) INFO: Detecting whether the job is affected by errors reported by ops platform.
[2026-05-16 14:01:57] [2026-05-16 14:01:57,221 AIMaster] (aimaster_failover_controller.py 81) INFO: Detecting whether aimaster should be migrated.
[2026-05-16 14:02:13]      ━━━━━━━━━━━━━━━━━━━━━━━━━━━━━━━━━━━━━━━━ 287.2/287.2 MB 2.3 MB/s  0:01:29
[2026-05-16 14:02:14] Collecting nvidia-nccl-cu12==2.27.5 (from torch==2.10.0)
[2026-05-16 14:02:14]   Downloading nvidia_nccl_cu12-2.27.5-py3-none-manylinux2014_x86_64.manylinux_2_17_x86_64.whl (322.3 MB)
[2026-05-16 14:02:27] [2026-05-16 14:02:27,366 AIMaster] (job_monitor_controller_k8s.py 1099) INFO: All workers: 2, running: 2, failed: 0, pending: 0
[2026-05-16 14:02:38] [2026-05-16 14:02:38,252 AIMaster] (config.py 347) INFO: Try loading config from pai-aimaster-new configmap.
[2026-05-16 14:02:47]      ━━━━━━━━━━━━━━━━━━━━━━━━━━━━━━━━━━━━━━━━ 287.2/287.2 MB 3.1 MB/s  0:02:03
[2026-05-16 14:02:48] Collecting nvidia-nccl-cu12==2.27.5 (from torch==2.10.0)
[2026-05-16 14:02:48]   Downloading nvidia_nccl_cu12-2.27.5-py3-none-manylinux2014_x86_64.manylinux_2_17_x86_64.whl (322.3 MB)
[2026-05-16 14:02:53]      ━━━━━━━━━━━━━━━━━━━━━━━━━━━━━━━━━━━━━━━━ 322.3/322.3 MB 14.1 MB/s  0:00:39
[2026-05-16 14:02:53] Collecting nvidia-nvshmem-cu12==3.4.5 (from torch==2.10.0)
[2026-05-16 14:02:53]   Downloading nvidia_nvshmem_cu12-3.4.5-py3-none-manylinux2014_x86_64.manylinux_2_17_x86_64.whl (139.1 MB)
[2026-05-16 14:02:55]      ━━━━━━━━━━━━━━━━━━━━━━━━━━━━━━━━━━━━━━━━ 322.3/322.3 MB 48.1 MB/s  0:00:06
[2026-05-16 14:02:55] Collecting nvidia-nvshmem-cu12==3.4.5 (from torch==2.10.0)
[2026-05-16 14:02:55]   Downloading nvidia_nvshmem_cu12-3.4.5-py3-none-manylinux2014_x86_64.manylinux_2_17_x86_64.whl (139.1 MB)
[2026-05-16 14:02:56]      ━━━━━━━━━━━━━━━━━━━━━━━━━━━━━━━━━━━━━━━━ 139.1/139.1 MB 42.5 MB/s  0:00:03
[2026-05-16 14:02:57] Collecting nvidia-nvtx-cu12==12.8.90 (from torch==2.10.0)
[2026-05-16 14:02:57]   Downloading nvidia_nvtx_cu12-12.8.90-py3-none-manylinux2014_x86_64.manylinux_2_17_x86_64.whl (89 kB)
[2026-05-16 14:02:57] Collecting nvidia-nvjitlink-cu12==12.8.93 (from torch==2.10.0)
[2026-05-16 14:02:57]   Downloading nvidia_nvjitlink_cu12-12.8.93-py3-none-manylinux2010_x86_64.manylinux_2_12_x86_64.whl (39.3 MB)
[2026-05-16 14:02:57] [2026-05-16 14:02:57,527 AIMaster] (pod_manager.py 415) INFO: Pod Category Summary (Total pods: 2)
[2026-05-16 14:02:57] | Category           |   Count | Percentage   | Pods                                                   |
[2026-05-16 14:02:57] |--------------------|---------|--------------|--------------------------------------------------------|
[2026-05-16 14:02:57] | Running            |       2 | 100.0%       | [dlc1t5kb9mnrnjda-master-0, dlc1t5kb9mnrnjda-worker-0] |
[2026-05-16 14:02:57] | Pending            |       0 | 0.0%         |                                                        |
[2026-05-16 14:02:57] | Succeeded          |       0 | 0.0%         |                                                        |
[2026-05-16 14:02:57] | Failed             |       0 | 0.0%         |                                                        |
[2026-05-16 14:02:57] | Terminating        |       0 | 0.0%         |                                                        |
[2026-05-16 14:02:57] | Scheduler_evicting |       0 | 0.0%         |                                                        |
[2026-05-16 14:02:57] | Aiph_node_error    |       0 | 0.0%         |                                                        |
[2026-05-16 14:02:57] | Unknown            |       0 | 0.0%         |                                                        |
[2026-05-16 14:02:57] 
[2026-05-16 14:02:57] [2026-05-16 14:02:57,527 AIMaster] (job_monitor_controller_k8s.py 1099) INFO: All workers: 2, running: 2, failed: 0, pending: 0
[2026-05-16 14:02:57] [2026-05-16 14:02:57,527 AIMaster] (ops_reported_error_detector.py 103) INFO: Detecting whether the job is affected by errors reported by ops platform.
[2026-05-16 14:02:58]      ━━━━━━━━━━━━━━━━━━━━━━━━━━━━━━━━━━━━━━━━ 139.1/139.1 MB 51.0 MB/s  0:00:02
[2026-05-16 14:02:58] Collecting nvidia-nvtx-cu12==12.8.90 (from torch==2.10.0)
[2026-05-16 14:02:58]   Downloading nvidia_nvtx_cu12-12.8.90-py3-none-manylinux2014_x86_64.manylinux_2_17_x86_64.whl (89 kB)
[2026-05-16 14:02:58] Collecting nvidia-nvjitlink-cu12==12.8.93 (from torch==2.10.0)
[2026-05-16 14:02:58]   Downloading nvidia_nvjitlink_cu12-12.8.93-py3-none-manylinux2010_x86_64.manylinux_2_12_x86_64.whl (39.3 MB)
[2026-05-16 14:02:58]      ━━━━━━━━━━━━━━━━━━━━━━━━━━━━━━━━━━━━━━━━ 39.3/39.3 MB 31.1 MB/s  0:00:01
[2026-05-16 14:02:58] Collecting nvidia-cufile-cu12==1.13.1.3 (from torch==2.10.0)
[2026-05-16 14:02:58]   Downloading nvidia_cufile_cu12-1.13.1.3-py3-none-manylinux2014_x86_64.manylinux_2_17_x86_64.whl (1.2 MB)
[2026-05-16 14:02:58]      ━━━━━━━━━━━━━━━━━━━━━━━━━━━━━━━━━━━━━━━━ 1.2/1.2 MB 42.8 MB/s  0:00:00
[2026-05-16 14:02:58] Collecting triton==3.6.0 (from torch==2.10.0)
[2026-05-16 14:02:58]   Downloading triton-3.6.0-cp312-cp312-manylinux_2_27_x86_64.manylinux_2_28_x86_64.whl (188.3 MB)
[2026-05-16 14:02:59]      ━━━━━━━━━━━━━━━━━━━━━━━━━━━━━━━━━━━━━━━━ 39.3/39.3 MB 50.9 MB/s  0:00:00
[2026-05-16 14:02:59] Collecting nvidia-cufile-cu12==1.13.1.3 (from torch==2.10.0)
[2026-05-16 14:02:59]   Downloading nvidia_cufile_cu12-1.13.1.3-py3-none-manylinux2014_x86_64.manylinux_2_17_x86_64.whl (1.2 MB)
[2026-05-16 14:02:59]      ━━━━━━━━━━━━━━━━━━━━━━━━━━━━━━━━━━━━━━━━ 1.2/1.2 MB 47.2 MB/s  0:00:00
[2026-05-16 14:02:59] Collecting triton==3.6.0 (from torch==2.10.0)
[2026-05-16 14:02:59]   Downloading triton-3.6.0-cp312-cp312-manylinux_2_27_x86_64.manylinux_2_28_x86_64.whl (188.3 MB)
[2026-05-16 14:03:03]      ━━━━━━━━━━━━━━━━━━━━━━━━━━━━━━━━━━━━━━━━ 188.3/188.3 MB 38.7 MB/s  0:00:04
[2026-05-16 14:03:03] Collecting numpy (from torchvision==0.25.0)
[2026-05-16 14:03:03]   Downloading numpy-2.4.5-cp312-cp312-manylinux_2_27_x86_64.manylinux_2_28_x86_64.whl (16.6 MB)
[2026-05-16 14:03:04]      ━━━━━━━━━━━━━━━━━━━━━━━━━━━━━━━━━━━━━━━━ 16.6/16.6 MB 49.3 MB/s  0:00:00
[2026-05-16 14:03:04] Collecting pillow!=8.3.*,>=5.3.0 (from torchvision==0.25.0)
[2026-05-16 14:03:04]   Using cached pillow-12.2.0-cp312-cp312-manylinux_2_27_x86_64.manylinux_2_28_x86_64.whl (7.1 MB)
[2026-05-16 14:03:04] Collecting cuda-pathfinder~=1.1 (from cuda-bindings==12.9.4->torch==2.10.0)
[2026-05-16 14:03:04]   Downloading cuda_pathfinder-1.5.4-py3-none-any.whl (51 kB)
[2026-05-16 14:03:04] Collecting mpmath<1.4,>=1.1.0 (from sympy>=1.13.3->torch==2.10.0)
[2026-05-16 14:03:04]   Using cached mpmath-1.3.0-py3-none-any.whl (536 kB)
[2026-05-16 14:03:04] Collecting MarkupSafe>=2.0 (from jinja2->torch==2.10.0)
[2026-05-16 14:03:04]   Using cached markupsafe-3.0.3-cp312-cp312-manylinux2014_x86_64.manylinux_2_17_x86_64.manylinux_2_28_x86_64.whl (22 kB)
[2026-05-16 14:03:04] Installing collected packages: nvidia-cusparselt-cu12, mpmath, typing-extensions, triton, sympy, pillow, nvidia-nvtx-cu12, nvidia-nvshmem-cu12, nvidia-nvjitlink-cu12, nvidia-nccl-cu12, nvidia-curand-cu12, nvidia-cufile-cu12, nvidia-cuda-runtime-cu12, nvidia-cuda-nvrtc-cu12, nvidia-cuda-cupti-cu12, nvidia-cublas-cu12, numpy, networkx, MarkupSafe, fsspec, filelock, cuda-pathfinder, nvidia-cusparse-cu12, nvidia-cufft-cu12, nvidia-cudnn-cu12, jinja2, cuda-bindings, nvidia-cusolver-cu12, torch, torchvision, torchaudio
[2026-05-16 14:03:06]      ━━━━━━━━━━━━━━━━━━━━━━━━━━━━━━━━━━━━━━━━ 188.3/188.3 MB 25.3 MB/s  0:00:07
[2026-05-16 14:03:07] Collecting numpy (from torchvision==0.25.0)
[2026-05-16 14:03:07]   Downloading numpy-2.4.5-cp312-cp312-manylinux_2_27_x86_64.manylinux_2_28_x86_64.whl (16.6 MB)
[2026-05-16 14:03:07]      ━━━━━━━━━━━━━━━━━━━━━━━━━━━━━━━━━━━━━━━━ 16.6/16.6 MB 47.2 MB/s  0:00:00
[2026-05-16 14:03:07] Collecting pillow!=8.3.*,>=5.3.0 (from torchvision==0.25.0)
[2026-05-16 14:03:07]   Using cached pillow-12.2.0-cp312-cp312-manylinux_2_27_x86_64.manylinux_2_28_x86_64.whl (7.1 MB)
[2026-05-16 14:03:08] Collecting cuda-pathfinder~=1.1 (from cuda-bindings==12.9.4->torch==2.10.0)
[2026-05-16 14:03:08]   Downloading cuda_pathfinder-1.5.4-py3-none-any.whl (51 kB)
[2026-05-16 14:03:08] Collecting mpmath<1.4,>=1.1.0 (from sympy>=1.13.3->torch==2.10.0)
[2026-05-16 14:03:08]   Using cached mpmath-1.3.0-py3-none-any.whl (536 kB)
[2026-05-16 14:03:09] Collecting MarkupSafe>=2.0 (from jinja2->torch==2.10.0)
[2026-05-16 14:03:09]   Using cached markupsafe-3.0.3-cp312-cp312-manylinux2014_x86_64.manylinux_2_17_x86_64.manylinux_2_28_x86_64.whl (22 kB)
[2026-05-16 14:03:09] Installing collected packages: nvidia-cusparselt-cu12, mpmath, typing-extensions, triton, sympy, pillow, nvidia-nvtx-cu12, nvidia-nvshmem-cu12, nvidia-nvjitlink-cu12, nvidia-nccl-cu12, nvidia-curand-cu12, nvidia-cufile-cu12, nvidia-cuda-runtime-cu12, nvidia-cuda-nvrtc-cu12, nvidia-cuda-cupti-cu12, nvidia-cublas-cu12, numpy, networkx, MarkupSafe, fsspec, filelock, cuda-pathfinder, nvidia-cusparse-cu12, nvidia-cufft-cu12, nvidia-cudnn-cu12, jinja2, cuda-bindings, nvidia-cusolver-cu12, torch, torchvision, torchaudio
[2026-05-16 14:03:19] [2026-05-16 14:03:18,879 AIMaster] (job_event_collector.py 135) WARNING: Failed to watch pods, exception: ("Connection broken: ConnectionResetError(104, 'Connection reset by peer')", ConnectionResetError(104, 'Connection reset by peer'))
[2026-05-16 14:03:28] [2026-05-16 14:03:27,685 AIMaster] (job_monitor_controller_k8s.py 1099) INFO: All workers: 2, running: 2, failed: 0, pending: 0
[2026-05-16 14:03:38] [2026-05-16 14:03:38,288 AIMaster] (config.py 347) INFO: Try loading config from pai-aimaster-new configmap.
[2026-05-16 14:03:58] [2026-05-16 14:03:57,811 AIMaster] (job_monitor_controller_k8s.py 1099) INFO: All workers: 2, running: 2, failed: 0, pending: 0
[2026-05-16 14:03:58] [2026-05-16 14:03:57,812 AIMaster] (ops_reported_error_detector.py 103) INFO: Detecting whether the job is affected by errors reported by ops platform.
[2026-05-16 14:03:58] [2026-05-16 14:03:57,846 AIMaster] (aimaster_failover_controller.py 81) INFO: Detecting whether aimaster should be migrated.
[2026-05-16 14:04:01] 
[2026-05-16 14:04:01] Successfully installed MarkupSafe-3.0.3 cuda-bindings-12.9.4 cuda-pathfinder-1.5.4 filelock-3.29.0 fsspec-2026.4.0 jinja2-3.1.6 mpmath-1.3.0 networkx-3.6.1 numpy-2.4.5 nvidia-cublas-cu12-12.8.4.1 nvidia-cuda-cupti-cu12-12.8.90 nvidia-cuda-nvrtc-cu12-12.8.93 nvidia-cuda-runtime-cu12-12.8.90 nvidia-cudnn-cu12-9.10.2.21 nvidia-cufft-cu12-11.3.3.83 nvidia-cufile-cu12-1.13.1.3 nvidia-curand-cu12-10.3.9.90 nvidia-cusolver-cu12-11.7.3.90 nvidia-cusparse-cu12-12.5.8.93 nvidia-cusparselt-cu12-0.7.1 nvidia-nccl-cu12-2.27.5 nvidia-nvjitlink-cu12-12.8.93 nvidia-nvshmem-cu12-3.4.5 nvidia-nvtx-cu12-12.8.90 pillow-12.2.0 sympy-1.14.0 torch-2.10.0 torchaudio-2.10.0 torchvision-0.25.0 triton-3.6.0 typing-extensions-4.15.0
[2026-05-16 14:04:01] 
[2026-05-16 14:04:01] [14:04:01] Installing teacher vLLM stack (vllm 0.19.0)
[2026-05-16 14:04:02] Looking in indexes: https://mirrors.aliyun.com/pypi/simple/
[2026-05-16 14:04:02] Looking in links: /mnt/data/ebft-distribution-new/caches/wheels
[2026-05-16 14:04:02] Collecting datasets==4.8.4
[2026-05-16 14:04:02]   Using cached datasets-4.8.4-py3-none-any.whl (526 kB)
[2026-05-16 14:04:02] Collecting vllm==0.19.0
[2026-05-16 14:04:02]   Downloading vllm-0.19.0-cp38-abi3-manylinux_2_31_x86_64.whl (432.3 MB)
[2026-05-16 14:04:05] 
[2026-05-16 14:04:05] Successfully installed MarkupSafe-3.0.3 cuda-bindings-12.9.4 cuda-pathfinder-1.5.4 filelock-3.29.0 fsspec-2026.4.0 jinja2-3.1.6 mpmath-1.3.0 networkx-3.6.1 numpy-2.4.5 nvidia-cublas-cu12-12.8.4.1 nvidia-cuda-cupti-cu12-12.8.90 nvidia-cuda-nvrtc-cu12-12.8.93 nvidia-cuda-runtime-cu12-12.8.90 nvidia-cudnn-cu12-9.10.2.21 nvidia-cufft-cu12-11.3.3.83 nvidia-cufile-cu12-1.13.1.3 nvidia-curand-cu12-10.3.9.90 nvidia-cusolver-cu12-11.7.3.90 nvidia-cusparse-cu12-12.5.8.93 nvidia-cusparselt-cu12-0.7.1 nvidia-nccl-cu12-2.27.5 nvidia-nvjitlink-cu12-12.8.93 nvidia-nvshmem-cu12-3.4.5 nvidia-nvtx-cu12-12.8.90 pillow-12.2.0 sympy-1.14.0 torch-2.10.0 torchaudio-2.10.0 torchvision-0.25.0 triton-3.6.0 typing-extensions-4.15.0
[2026-05-16 14:04:06] 
[2026-05-16 14:04:06] [14:04:05] Installing teacher vLLM stack (vllm 0.19.0)
[2026-05-16 14:04:06] Looking in indexes: https://mirrors.aliyun.com/pypi/simple/
[2026-05-16 14:04:06] Looking in links: /mnt/data/ebft-distribution-new/caches/wheels
[2026-05-16 14:04:06] Collecting datasets==4.8.4
[2026-05-16 14:04:06]   Using cached datasets-4.8.4-py3-none-any.whl (526 kB)
[2026-05-16 14:04:06] Collecting vllm==0.19.0
[2026-05-16 14:04:06]   Downloading vllm-0.19.0-cp38-abi3-manylinux_2_31_x86_64.whl (432.3 MB)
[2026-05-16 14:04:28] [2026-05-16 14:04:27,974 AIMaster] (job_monitor_controller_k8s.py 1099) INFO: All workers: 2, running: 2, failed: 0, pending: 0
[2026-05-16 14:04:38] [2026-05-16 14:04:38,326 AIMaster] (config.py 347) INFO: Try loading config from pai-aimaster-new configmap.
[2026-05-16 14:04:50] [2026-05-16 14:04:50,099 AIMaster] (job_event_collector.py 135) WARNING: Failed to watch pods, exception: ("Connection broken: ConnectionResetError(104, 'Connection reset by peer')", ConnectionResetError(104, 'Connection reset by peer'))
[2026-05-16 14:04:58] [2026-05-16 14:04:58,102 AIMaster] (job_monitor_controller_k8s.py 1099) INFO: All workers: 2, running: 2, failed: 0, pending: 0
[2026-05-16 14:04:58] [2026-05-16 14:04:58,103 AIMaster] (ops_reported_error_detector.py 103) INFO: Detecting whether the job is affected by errors reported by ops platform.
[2026-05-16 14:05:28] [2026-05-16 14:05:28,279 AIMaster] (job_monitor_controller_k8s.py 1099) INFO: All workers: 2, running: 2, failed: 0, pending: 0
[2026-05-16 14:05:38] [2026-05-16 14:05:38,361 AIMaster] (config.py 347) INFO: Try loading config from pai-aimaster-new configmap.
[2026-05-16 14:05:58] [2026-05-16 14:05:58,402 AIMaster] (job_monitor_controller_k8s.py 1099) INFO: All workers: 2, running: 2, failed: 0, pending: 0
[2026-05-16 14:05:58] [2026-05-16 14:05:58,402 AIMaster] (ops_reported_error_detector.py 103) INFO: Detecting whether the job is affected by errors reported by ops platform.
[2026-05-16 14:05:58] [2026-05-16 14:05:58,435 AIMaster] (aimaster_failover_controller.py 81) INFO: Detecting whether aimaster should be migrated.
[2026-05-16 14:06:18]      ━━━━━━━━━━━━━━━━━━━━━━━━━━━━━━━━━━━━━━━━ 432.3/432.3 MB 15.9 MB/s  0:02:16
[2026-05-16 14:06:18] Collecting flashinfer-python==0.6.6
[2026-05-16 14:06:18]   Downloading flashinfer_python-0.6.6-py3-none-any.whl (7.8 MB)
[2026-05-16 14:06:19]      ━━━━━━━━━━━━━━━━━━━━━━━━━━━━━━━━━━━━━━━━ 7.8/7.8 MB 16.3 MB/s  0:00:00
[2026-05-16 14:06:19] Collecting tqdm==4.67.3
[2026-05-16 14:06:19]   Downloading tqdm-4.67.3-py3-none-any.whl (78 kB)
[2026-05-16 14:06:19] Requirement already satisfied: filelock in /mnt/workspace/venvs/.teacherVenv/lib/python3.12/site-packages (from datasets==4.8.4) (3.29.0)
[2026-05-16 14:06:19] Requirement already satisfied: numpy>=1.17 in /mnt/workspace/venvs/.teacherVenv/lib/python3.12/site-packages (from datasets==4.8.4) (2.4.5)
[2026-05-16 14:06:19] Collecting pyarrow>=21.0.0 (from datasets==4.8.4)
[2026-05-16 14:06:19]   Downloading pyarrow-24.0.0-cp312-cp312-manylinux_2_28_x86_64.whl (48.9 MB)
[2026-05-16 14:06:21] [2026-05-16 14:06:21,689 AIMaster] (job_event_collector.py 135) WARNING: Failed to watch pods, exception: ("Connection broken: ConnectionResetError(104, 'Connection reset by peer')", ConnectionResetError(104, 'Connection reset by peer'))
[2026-05-16 14:06:22]      ━━━━━━━━━━━━━━━━━━━━━━━━━━━━━━━━━━━━━━━━ 432.3/432.3 MB 12.8 MB/s  0:02:15
[2026-05-16 14:06:22] Collecting flashinfer-python==0.6.6
[2026-05-16 14:06:22]   Downloading flashinfer_python-0.6.6-py3-none-any.whl (7.8 MB)
[2026-05-16 14:06:23]      ━━━━━━━━━━━━━━━━━━━━━━━━━━━━━━━━━━━━━━━━ 48.9/48.9 MB 14.8 MB/s  0:00:03
[2026-05-16 14:06:23] Collecting dill<0.4.2,>=0.3.0 (from datasets==4.8.4)
[2026-05-16 14:06:23]   Using cached dill-0.4.1-py3-none-any.whl (120 kB)
[2026-05-16 14:06:23] Collecting pandas (from datasets==4.8.4)
[2026-05-16 14:06:23]   Downloading pandas-3.0.3-cp312-cp312-manylinux_2_24_x86_64.manylinux_2_28_x86_64.whl (10.9 MB)
[2026-05-16 14:06:23]      ━━━━━━━━━━━━━━━━━━━━━━━━━━━━━━━━━━━━━━━━ 7.8/7.8 MB 16.8 MB/s  0:00:00
[2026-05-16 14:06:23] Collecting tqdm==4.67.3
[2026-05-16 14:06:23]   Downloading tqdm-4.67.3-py3-none-any.whl (78 kB)
[2026-05-16 14:06:23] Requirement already satisfied: filelock in /mnt/workspace/venvs/.teacherVenv/lib/python3.12/site-packages (from datasets==4.8.4) (3.29.0)
[2026-05-16 14:06:23] Requirement already satisfied: numpy>=1.17 in /mnt/workspace/venvs/.teacherVenv/lib/python3.12/site-packages (from datasets==4.8.4) (2.4.5)
[2026-05-16 14:06:23] Collecting pyarrow>=21.0.0 (from datasets==4.8.4)
[2026-05-16 14:06:23]   Downloading pyarrow-24.0.0-cp312-cp312-manylinux_2_28_x86_64.whl (48.9 MB)
[2026-05-16 14:06:24]      ━━━━━━━━━━━━━━━━━━━━━━━━━━━━━━━━━━━━━━━━ 10.9/10.9 MB 16.1 MB/s  0:00:00
[2026-05-16 14:06:24] Collecting requests>=2.32.2 (from datasets==4.8.4)
[2026-05-16 14:06:24]   Using cached requests-2.34.2-py3-none-any.whl (73 kB)
[2026-05-16 14:06:24] Collecting httpx<1.0.0 (from datasets==4.8.4)
[2026-05-16 14:06:24]   Using cached httpx-0.28.1-py3-none-any.whl (73 kB)
[2026-05-16 14:06:24] Collecting xxhash (from datasets==4.8.4)
[2026-05-16 14:06:24]   Using cached xxhash-3.7.0-cp312-cp312-manylinux2014_x86_64.manylinux_2_17_x86_64.manylinux_2_28_x86_64.whl (193 kB)
[2026-05-16 14:06:24] Collecting multiprocess<0.70.20 (from datasets==4.8.4)
[2026-05-16 14:06:24]   Downloading multiprocess-0.70.19-py312-none-any.whl (150 kB)
[2026-05-16 14:06:24] Collecting fsspec<=2026.2.0,>=2023.1.0 (from fsspec[http]<=2026.2.0,>=2023.1.0->datasets==4.8.4)
[2026-05-16 14:06:24]   Using cached fsspec-2026.2.0-py3-none-any.whl (202 kB)
[2026-05-16 14:06:24] Collecting huggingface-hub<2.0,>=0.25.0 (from datasets==4.8.4)
[2026-05-16 14:06:24]   Downloading huggingface_hub-1.15.0-py3-none-any.whl (663 kB)
[2026-05-16 14:06:24]      ━━━━━━━━━━━━━━━━━━━━━━━━━━━━━━━━━━━━━━━━ 663.6/663.6 kB 7.3 MB/s  0:00:00
[2026-05-16 14:06:24] Requirement already satisfied: packaging in /mnt/workspace/venvs/.teacherVenv/lib/python3.12/site-packages (from datasets==4.8.4) (26.2)
[2026-05-16 14:06:24] Collecting pyyaml>=5.1 (from datasets==4.8.4)
[2026-05-16 14:06:24]   Using cached pyyaml-6.0.3-cp312-cp312-manylinux2014_x86_64.manylinux_2_17_x86_64.manylinux_2_28_x86_64.whl (807 kB)
[2026-05-16 14:06:25] Collecting regex (from vllm==0.19.0)
[2026-05-16 14:06:25]   Using cached regex-2026.5.9-cp312-cp312-manylinux2014_x86_64.manylinux_2_17_x86_64.manylinux_2_28_x86_64.whl (801 kB)
[2026-05-16 14:06:25] Collecting cachetools (from vllm==0.19.0)
[2026-05-16 14:06:25]   Downloading cachetools-7.1.1-py3-none-any.whl (16 kB)
[2026-05-16 14:06:25] Collecting psutil (from vllm==0.19.0)
[2026-05-16 14:06:25]   Using cached psutil-7.2.2-cp36-abi3-manylinux2010_x86_64.manylinux_2_12_x86_64.manylinux_2_28_x86_64.whl (155 kB)
[2026-05-16 14:06:25] Collecting sentencepiece (from vllm==0.19.0)
[2026-05-16 14:06:25]   Using cached sentencepiece-0.2.1-cp312-cp312-manylinux_2_27_x86_64.manylinux_2_28_x86_64.whl (1.4 MB)
[2026-05-16 14:06:25] Collecting blake3 (from vllm==0.19.0)
[2026-05-16 14:06:25]   Downloading blake3-1.0.8-cp312-cp312-manylinux_2_17_x86_64.manylinux2014_x86_64.whl (388 kB)
[2026-05-16 14:06:25] Collecting py-cpuinfo (from vllm==0.19.0)
[2026-05-16 14:06:25]   Using cached py_cpuinfo-9.0.0-py3-none-any.whl (22 kB)
[2026-05-16 14:06:25]      ━━━━━━━━━━━━━━━━━━━━━━━━━━━━━━━━━━━━━━━━ 48.9/48.9 MB 20.7 MB/s  0:00:02
[2026-05-16 14:06:25] Collecting dill<0.4.2,>=0.3.0 (from datasets==4.8.4)
[2026-05-16 14:06:25]   Using cached dill-0.4.1-py3-none-any.whl (120 kB)
[2026-05-16 14:06:26] Collecting transformers<5,>=4.56.0 (from vllm==0.19.0)
[2026-05-16 14:06:26]   Downloading transformers-4.57.6-py3-none-any.whl (12.0 MB)
[2026-05-16 14:06:26]      ━━━━━━━━━━━━━━━━━━━━━━━━━━━━━━━━━━━━━━━━ 12.0/12.0 MB 17.0 MB/s  0:00:00
[2026-05-16 14:06:26] Collecting pandas (from datasets==4.8.4)
[2026-05-16 14:06:26]   Downloading pandas-3.0.3-cp312-cp312-manylinux_2_24_x86_64.manylinux_2_28_x86_64.whl (10.9 MB)
[2026-05-16 14:06:26]      ━━━━━━━━━━━━━━━━━━━━━━━━━━━━━━━━━━━━━━━━ 10.9/10.9 MB 15.6 MB/s  0:00:00
[2026-05-16 14:06:26] Collecting requests>=2.32.2 (from datasets==4.8.4)
[2026-05-16 14:06:26]   Using cached requests-2.34.2-py3-none-any.whl (73 kB)
[2026-05-16 14:06:26] Collecting httpx<1.0.0 (from datasets==4.8.4)
[2026-05-16 14:06:26]   Using cached httpx-0.28.1-py3-none-any.whl (73 kB)
[2026-05-16 14:06:27] Collecting tokenizers>=0.21.1 (from vllm==0.19.0)
[2026-05-16 14:06:27]   Downloading tokenizers-0.23.1-cp310-abi3-manylinux_2_17_x86_64.manylinux2014_x86_64.whl (3.3 MB)
[2026-05-16 14:06:27]      ━━━━━━━━━━━━━━━━━━━━━━━━━━━━━━━━━━━━━━━━ 3.3/3.3 MB 33.9 MB/s  0:00:00
[2026-05-16 14:06:27] Collecting protobuf!=6.30.*,!=6.31.*,!=6.32.*,!=6.33.0.*,!=6.33.1.*,!=6.33.2.*,!=6.33.3.*,!=6.33.4.*,>=5.29.6 (from vllm==0.19.0)
[2026-05-16 14:06:27]   Using cached protobuf-7.34.1-cp310-abi3-manylinux2014_x86_64.whl (324 kB)
[2026-05-16 14:06:27] Collecting fastapi>=0.115.0 (from fastapi[standard]>=0.115.0->vllm==0.19.0)
[2026-05-16 14:06:27]   Downloading fastapi-0.136.1-py3-none-any.whl (117 kB)
[2026-05-16 14:06:27] Collecting xxhash (from datasets==4.8.4)
[2026-05-16 14:06:27]   Using cached xxhash-3.7.0-cp312-cp312-manylinux2014_x86_64.manylinux_2_17_x86_64.manylinux_2_28_x86_64.whl (193 kB)
[2026-05-16 14:06:27] Collecting multiprocess<0.70.20 (from datasets==4.8.4)
[2026-05-16 14:06:27]   Downloading multiprocess-0.70.19-py312-none-any.whl (150 kB)
[2026-05-16 14:06:27] Collecting fsspec<=2026.2.0,>=2023.1.0 (from fsspec[http]<=2026.2.0,>=2023.1.0->datasets==4.8.4)
[2026-05-16 14:06:27]   Using cached fsspec-2026.2.0-py3-none-any.whl (202 kB)
[2026-05-16 14:06:27] Collecting huggingface-hub<2.0,>=0.25.0 (from datasets==4.8.4)
[2026-05-16 14:06:27]   Downloading huggingface_hub-1.15.0-py3-none-any.whl (663 kB)
[2026-05-16 14:06:27]      ━━━━━━━━━━━━━━━━━━━━━━━━━━━━━━━━━━━━━━━━ 663.6/663.6 kB 29.6 MB/s  0:00:00
[2026-05-16 14:06:27] Requirement already satisfied: packaging in /mnt/workspace/venvs/.teacherVenv/lib/python3.12/site-packages (from datasets==4.8.4) (26.2)
[2026-05-16 14:06:27] Collecting pyyaml>=5.1 (from datasets==4.8.4)
[2026-05-16 14:06:27]   Using cached pyyaml-6.0.3-cp312-cp312-manylinux2014_x86_64.manylinux_2_17_x86_64.manylinux_2_28_x86_64.whl (807 kB)
[2026-05-16 14:06:27] Collecting regex (from vllm==0.19.0)
[2026-05-16 14:06:27]   Using cached regex-2026.5.9-cp312-cp312-manylinux2014_x86_64.manylinux_2_17_x86_64.manylinux_2_28_x86_64.whl (801 kB)
[2026-05-16 14:06:27] Collecting cachetools (from vllm==0.19.0)
[2026-05-16 14:06:27]   Downloading cachetools-7.1.1-py3-none-any.whl (16 kB)
[2026-05-16 14:06:27] Collecting psutil (from vllm==0.19.0)
[2026-05-16 14:06:27]   Using cached psutil-7.2.2-cp36-abi3-manylinux2010_x86_64.manylinux_2_12_x86_64.manylinux_2_28_x86_64.whl (155 kB)
[2026-05-16 14:06:27] Collecting sentencepiece (from vllm==0.19.0)
[2026-05-16 14:06:27]   Using cached sentencepiece-0.2.1-cp312-cp312-manylinux_2_27_x86_64.manylinux_2_28_x86_64.whl (1.4 MB)
[2026-05-16 14:06:28] [2026-05-16 14:06:28,558 AIMaster] (job_monitor_controller_k8s.py 1099) INFO: All workers: 2, running: 2, failed: 0, pending: 0
[2026-05-16 14:06:28] Collecting aiohttp>=3.13.3 (from vllm==0.19.0)
[2026-05-16 14:06:28]   Downloading aiohttp-3.13.5-cp312-cp312-manylinux2014_x86_64.manylinux_2_17_x86_64.manylinux_2_28_x86_64.whl (1.8 MB)
[2026-05-16 14:06:28]      ━━━━━━━━━━━━━━━━━━━━━━━━━━━━━━━━━━━━━━━━ 1.8/1.8 MB 35.2 MB/s  0:00:00
[2026-05-16 14:06:28] Collecting openai>=2.0.0 (from vllm==0.19.0)
[2026-05-16 14:06:28]   Downloading openai-2.37.0-py3-none-any.whl (1.3 MB)
[2026-05-16 14:06:28]      ━━━━━━━━━━━━━━━━━━━━━━━━━━━━━━━━━━━━━━━━ 1.3/1.3 MB 34.2 MB/s  0:00:00
[2026-05-16 14:06:28] Collecting pydantic>=2.12.0 (from vllm==0.19.0)
[2026-05-16 14:06:28]   Downloading pydantic-2.13.4-py3-none-any.whl (472 kB)
[2026-05-16 14:06:28] Collecting prometheus_client>=0.18.0 (from vllm==0.19.0)
[2026-05-16 14:06:28]   Using cached prometheus_client-0.25.0-py3-none-any.whl (64 kB)
[2026-05-16 14:06:28] Requirement already satisfied: pillow in /mnt/workspace/venvs/.teacherVenv/lib/python3.12/site-packages (from vllm==0.19.0) (12.2.0)
[2026-05-16 14:06:28] Collecting prometheus-fastapi-instrumentator>=7.0.0 (from vllm==0.19.0)
[2026-05-16 14:06:28]   Downloading prometheus_fastapi_instrumentator-7.1.0-py3-none-any.whl (19 kB)
[2026-05-16 14:06:28] Collecting tiktoken>=0.6.0 (from vllm==0.19.0)
[2026-05-16 14:06:28]   Downloading tiktoken-0.13.0-cp312-cp312-manylinux_2_28_x86_64.whl (1.1 MB)
[2026-05-16 14:06:28]      ━━━━━━━━━━━━━━━━━━━━━━━━━━━━━━━━━━━━━━━━ 1.1/1.1 MB 31.4 MB/s  0:00:00
[2026-05-16 14:06:28] Collecting lm-format-enforcer==0.11.3 (from vllm==0.19.0)
[2026-05-16 14:06:28]   Downloading lm_format_enforcer-0.11.3-py3-none-any.whl (45 kB)
[2026-05-16 14:06:28] Collecting llguidance<1.4.0,>=1.3.0 (from vllm==0.19.0)
[2026-05-16 14:06:28]   Downloading llguidance-1.3.0-cp39-abi3-manylinux_2_17_x86_64.manylinux2014_x86_64.whl (3.0 MB)
[2026-05-16 14:06:28]      ━━━━━━━━━━━━━━━━━━━━━━━━━━━━━━━━━━━━━━━━ 3.0/3.0 MB 34.0 MB/s  0:00:00
[2026-05-16 14:06:28] Collecting outlines_core==0.2.11 (from vllm==0.19.0)
[2026-05-16 14:06:28]   Downloading outlines_core-0.2.11-cp312-cp312-manylinux_2_17_x86_64.manylinux2014_x86_64.whl (2.3 MB)
[2026-05-16 14:06:28] Collecting blake3 (from vllm==0.19.0)
[2026-05-16 14:06:28]   Downloading blake3-1.0.8-cp312-cp312-manylinux_2_17_x86_64.manylinux2014_x86_64.whl (388 kB)
[2026-05-16 14:06:28] Collecting py-cpuinfo (from vllm==0.19.0)
[2026-05-16 14:06:28]   Using cached py_cpuinfo-9.0.0-py3-none-any.whl (22 kB)
[2026-05-16 14:06:28] Collecting transformers<5,>=4.56.0 (from vllm==0.19.0)
[2026-05-16 14:06:28]   Downloading transformers-4.57.6-py3-none-any.whl (12.0 MB)
[2026-05-16 14:06:28]      ━━━━━━━━━━━━━━━━━━━━━━━━━━━━━━━━━━━━━━━━ 12.0/12.0 MB 40.2 MB/s  0:00:00
[2026-05-16 14:06:28] Collecting tokenizers>=0.21.1 (from vllm==0.19.0)
[2026-05-16 14:06:28]   Downloading tokenizers-0.23.1-cp310-abi3-manylinux_2_17_x86_64.manylinux2014_x86_64.whl (3.3 MB)
[2026-05-16 14:06:28]      ━━━━━━━━━━━━━━━━━━━━━━━━━━━━━━━━━━━━━━━━ 3.3/3.3 MB 45.3 MB/s  0:00:00
[2026-05-16 14:06:29] Collecting protobuf!=6.30.*,!=6.31.*,!=6.32.*,!=6.33.0.*,!=6.33.1.*,!=6.33.2.*,!=6.33.3.*,!=6.33.4.*,>=5.29.6 (from vllm==0.19.0)
[2026-05-16 14:06:29]   Using cached protobuf-7.34.1-cp310-abi3-manylinux2014_x86_64.whl (324 kB)
[2026-05-16 14:06:29] Collecting fastapi>=0.115.0 (from fastapi[standard]>=0.115.0->vllm==0.19.0)
[2026-05-16 14:06:29]   Downloading fastapi-0.136.1-py3-none-any.whl (117 kB)
[2026-05-16 14:06:29] Collecting aiohttp>=3.13.3 (from vllm==0.19.0)
[2026-05-16 14:06:29]   Downloading aiohttp-3.13.5-cp312-cp312-manylinux2014_x86_64.manylinux_2_17_x86_64.manylinux_2_28_x86_64.whl (1.8 MB)
[2026-05-16 14:06:29]      ━━━━━━━━━━━━━━━━━━━━━━━━━━━━━━━━━━━━━━━━ 1.8/1.8 MB 43.9 MB/s  0:00:00
[2026-05-16 14:06:29] Collecting openai>=2.0.0 (from vllm==0.19.0)
[2026-05-16 14:06:29]   Downloading openai-2.37.0-py3-none-any.whl (1.3 MB)
[2026-05-16 14:06:29]      ━━━━━━━━━━━━━━━━━━━━━━━━━━━━━━━━━━━━━━━━ 1.3/1.3 MB 42.1 MB/s  0:00:00
[2026-05-16 14:06:29]      ━━━━━━━━━━━━━━━━━━━━━━━━━━━━━━━━━━━━━━━━ 2.3/2.3 MB 23.6 MB/s  0:00:00
[2026-05-16 14:06:29] Collecting diskcache==5.6.3 (from vllm==0.19.0)
[2026-05-16 14:06:29]   Downloading diskcache-5.6.3-py3-none-any.whl (45 kB)
[2026-05-16 14:06:29] Collecting lark==1.2.2 (from vllm==0.19.0)
[2026-05-16 14:06:29]   Downloading lark-1.2.2-py3-none-any.whl (111 kB)
[2026-05-16 14:06:29] Collecting xgrammar<1.0.0,>=0.1.32 (from vllm==0.19.0)
[2026-05-16 14:06:29]   Downloading xgrammar-0.2.0-cp312-cp312-manylinux_2_27_x86_64.manylinux_2_28_x86_64.whl (44.6 MB)
[2026-05-16 14:06:30] Collecting pydantic>=2.12.0 (from vllm==0.19.0)
[2026-05-16 14:06:30]   Downloading pydantic-2.13.4-py3-none-any.whl (472 kB)
[2026-05-16 14:06:30] Collecting prometheus_client>=0.18.0 (from vllm==0.19.0)
[2026-05-16 14:06:30]   Using cached prometheus_client-0.25.0-py3-none-any.whl (64 kB)
[2026-05-16 14:06:30] Requirement already satisfied: pillow in /mnt/workspace/venvs/.teacherVenv/lib/python3.12/site-packages (from vllm==0.19.0) (12.2.0)
[2026-05-16 14:06:30] Collecting prometheus-fastapi-instrumentator>=7.0.0 (from vllm==0.19.0)
[2026-05-16 14:06:30]   Downloading prometheus_fastapi_instrumentator-7.1.0-py3-none-any.whl (19 kB)
[2026-05-16 14:06:30] Collecting tiktoken>=0.6.0 (from vllm==0.19.0)
[2026-05-16 14:06:30]   Downloading tiktoken-0.13.0-cp312-cp312-manylinux_2_28_x86_64.whl (1.1 MB)
[2026-05-16 14:06:30]      ━━━━━━━━━━━━━━━━━━━━━━━━━━━━━━━━━━━━━━━━ 1.1/1.1 MB 38.1 MB/s  0:00:00
[2026-05-16 14:06:30] Collecting lm-format-enforcer==0.11.3 (from vllm==0.19.0)
[2026-05-16 14:06:30]   Downloading lm_format_enforcer-0.11.3-py3-none-any.whl (45 kB)
[2026-05-16 14:06:30] Collecting llguidance<1.4.0,>=1.3.0 (from vllm==0.19.0)
[2026-05-16 14:06:30]   Downloading llguidance-1.3.0-cp39-abi3-manylinux_2_17_x86_64.manylinux2014_x86_64.whl (3.0 MB)
[2026-05-16 14:06:30]      ━━━━━━━━━━━━━━━━━━━━━━━━━━━━━━━━━━━━━━━━ 3.0/3.0 MB 41.0 MB/s  0:00:00
[2026-05-16 14:06:30] Collecting outlines_core==0.2.11 (from vllm==0.19.0)
[2026-05-16 14:06:30]   Downloading outlines_core-0.2.11-cp312-cp312-manylinux_2_17_x86_64.manylinux2014_x86_64.whl (2.3 MB)
[2026-05-16 14:06:30]      ━━━━━━━━━━━━━━━━━━━━━━━━━━━━━━━━━━━━━━━━ 2.3/2.3 MB 42.5 MB/s  0:00:00
[2026-05-16 14:06:30] Collecting diskcache==5.6.3 (from vllm==0.19.0)
[2026-05-16 14:06:30]   Downloading diskcache-5.6.3-py3-none-any.whl (45 kB)
[2026-05-16 14:06:30] Collecting lark==1.2.2 (from vllm==0.19.0)
[2026-05-16 14:06:30]   Downloading lark-1.2.2-py3-none-any.whl (111 kB)
[2026-05-16 14:06:30] Collecting xgrammar<1.0.0,>=0.1.32 (from vllm==0.19.0)
[2026-05-16 14:06:30]   Downloading xgrammar-0.2.0-cp312-cp312-manylinux_2_27_x86_64.manylinux_2_28_x86_64.whl (44.6 MB)
[2026-05-16 14:06:30]      ━━━━━━━━━━━━━━━━━━━━━━━━━━━━━━━━━━━━━━━━ 44.6/44.6 MB 43.2 MB/s  0:00:01
[2026-05-16 14:06:30] Requirement already satisfied: typing_extensions>=4.10 in /mnt/workspace/venvs/.teacherVenv/lib/python3.12/site-packages (from vllm==0.19.0) (4.15.0)
[2026-05-16 14:06:30] Collecting partial-json-parser (from vllm==0.19.0)
[2026-05-16 14:06:30]   Downloading partial_json_parser-0.2.1.1.post7-py3-none-any.whl (10 kB)
[2026-05-16 14:06:30] Collecting pyzmq>=25.0.0 (from vllm==0.19.0)
[2026-05-16 14:06:30]   Downloading pyzmq-27.1.0-cp312-abi3-manylinux_2_26_x86_64.manylinux_2_28_x86_64.whl (840 kB)
[2026-05-16 14:06:30]      ━━━━━━━━━━━━━━━━━━━━━━━━━━━━━━━━━━━━━━━━ 841.0/841.0 kB 39.7 MB/s  0:00:00
[2026-05-16 14:06:30] Collecting msgspec (from vllm==0.19.0)
[2026-05-16 14:06:30]   Downloading msgspec-0.21.1-cp312-cp312-manylinux2014_x86_64.manylinux_2_17_x86_64.manylinux_2_28_x86_64.whl (225 kB)
[2026-05-16 14:06:31] Collecting gguf>=0.17.0 (from vllm==0.19.0)
[2026-05-16 14:06:31]   Downloading gguf-0.19.0-py3-none-any.whl (118 kB)
[2026-05-16 14:06:32] Collecting mistral_common>=1.10.0 (from mistral_common[image]>=1.10.0->vllm==0.19.0)
[2026-05-16 14:06:32]   Downloading mistral_common-1.11.2-py3-none-any.whl (6.5 MB)
[2026-05-16 14:06:32]      ━━━━━━━━━━━━━━━━━━━━━━━━━━━━━━━━━━━━━━━━ 44.6/44.6 MB 25.6 MB/s  0:00:01
[2026-05-16 14:06:32] Requirement already satisfied: typing_extensions>=4.10 in /mnt/workspace/venvs/.teacherVenv/lib/python3.12/site-packages (from vllm==0.19.0) (4.15.0)
[2026-05-16 14:06:32] Collecting partial-json-parser (from vllm==0.19.0)
[2026-05-16 14:06:32]   Downloading partial_json_parser-0.2.1.1.post7-py3-none-any.whl (10 kB)
[2026-05-16 14:06:32] Collecting pyzmq>=25.0.0 (from vllm==0.19.0)
[2026-05-16 14:06:32]   Downloading pyzmq-27.1.0-cp312-abi3-manylinux_2_26_x86_64.manylinux_2_28_x86_64.whl (840 kB)
[2026-05-16 14:06:32]      ━━━━━━━━━━━━━━━━━━━━━━━━━━━━━━━━━━━━━━━━ 841.0/841.0 kB 40.2 MB/s  0:00:00
[2026-05-16 14:06:32] Collecting msgspec (from vllm==0.19.0)
[2026-05-16 14:06:32]   Downloading msgspec-0.21.1-cp312-cp312-manylinux2014_x86_64.manylinux_2_17_x86_64.manylinux_2_28_x86_64.whl (225 kB)
[2026-05-16 14:06:35] Collecting gguf>=0.17.0 (from vllm==0.19.0)
[2026-05-16 14:06:35]   Downloading gguf-0.19.0-py3-none-any.whl (118 kB)
[2026-05-16 14:06:36] Collecting mistral_common>=1.10.0 (from mistral_common[image]>=1.10.0->vllm==0.19.0)
[2026-05-16 14:06:36]   Downloading mistral_common-1.11.2-py3-none-any.whl (6.5 MB)
[2026-05-16 14:06:38] [2026-05-16 14:06:38,397 AIMaster] (config.py 347) INFO: Try loading config from pai-aimaster-new configmap.
[2026-05-16 14:06:58] [2026-05-16 14:06:58,685 AIMaster] (job_monitor_controller_k8s.py 1099) INFO: All workers: 2, running: 2, failed: 0, pending: 0
[2026-05-16 14:06:58] [2026-05-16 14:06:58,685 AIMaster] (ops_reported_error_detector.py 103) INFO: Detecting whether the job is affected by errors reported by ops platform.
[2026-05-16 14:07:20]      ━━━━━━━━━━━━━━━━━━━━━━━━━━━━━━━━━━━━━━━━ 6.5/6.5 MB 158.8 kB/s  0:00:48
[2026-05-16 14:07:20] Collecting opencv-python-headless>=4.13.0 (from vllm==0.19.0)
[2026-05-16 14:07:20]   Downloading opencv_python_headless-4.13.0.92-cp37-abi3-manylinux_2_28_x86_64.whl (60.4 MB)
[2026-05-16 14:07:22]      ━━━━━━━━━━━━━━━━━━━━━━━━━━━━━━━━━━━━━━━━ 6.5/6.5 MB 166.8 kB/s  0:00:46
[2026-05-16 14:07:23] Collecting opencv-python-headless>=4.13.0 (from vllm==0.19.0)
[2026-05-16 14:07:23]   Downloading opencv_python_headless-4.13.0.92-cp37-abi3-manylinux_2_28_x86_64.whl (60.4 MB)
[2026-05-16 14:07:29] [2026-05-16 14:07:28,837 AIMaster] (job_monitor_controller_k8s.py 1099) INFO: All workers: 2, running: 2, failed: 0, pending: 0
[2026-05-16 14:07:38] [2026-05-16 14:07:38,431 AIMaster] (config.py 347) INFO: Try loading config from pai-aimaster-new configmap.
[2026-05-16 14:07:54] [2026-05-16 14:07:53,796 AIMaster] (job_event_collector.py 135) WARNING: Failed to watch pods, exception: ("Connection broken: ConnectionResetError(104, 'Connection reset by peer')", ConnectionResetError(104, 'Connection reset by peer'))
[2026-05-16 14:07:59] [2026-05-16 14:07:58,984 AIMaster] (pod_manager.py 415) INFO: Pod Category Summary (Total pods: 2)
[2026-05-16 14:07:59] | Category           |   Count | Percentage   | Pods                                                   |
[2026-05-16 14:07:59] |--------------------|---------|--------------|--------------------------------------------------------|
[2026-05-16 14:07:59] | Running            |       2 | 100.0%       | [dlc1t5kb9mnrnjda-master-0, dlc1t5kb9mnrnjda-worker-0] |
[2026-05-16 14:07:59] | Pending            |       0 | 0.0%         |                                                        |
[2026-05-16 14:07:59] | Succeeded          |       0 | 0.0%         |                                                        |
[2026-05-16 14:07:59] | Failed             |       0 | 0.0%         |                                                        |
[2026-05-16 14:07:59] | Terminating        |       0 | 0.0%         |                                                        |
[2026-05-16 14:07:59] | Scheduler_evicting |       0 | 0.0%         |                                                        |
[2026-05-16 14:07:59] | Aiph_node_error    |       0 | 0.0%         |                                                        |
[2026-05-16 14:07:59] | Unknown            |       0 | 0.0%         |                                                        |
[2026-05-16 14:07:59] 
[2026-05-16 14:07:59] [2026-05-16 14:07:58,984 AIMaster] (job_monitor_controller_k8s.py 1099) INFO: All workers: 2, running: 2, failed: 0, pending: 0
[2026-05-16 14:07:59] [2026-05-16 14:07:58,984 AIMaster] (ops_reported_error_detector.py 103) INFO: Detecting whether the job is affected by errors reported by ops platform.
[2026-05-16 14:07:59] [2026-05-16 14:07:59,025 AIMaster] (aimaster_failover_controller.py 81) INFO: Detecting whether aimaster should be migrated.
[2026-05-16 14:08:29] [2026-05-16 14:08:29,185 AIMaster] (job_monitor_controller_k8s.py 1099) INFO: All workers: 2, running: 2, failed: 0, pending: 0
[2026-05-16 14:08:37]      ━━━━━━━━━━━━━━━━━━━━━━━━━━━━━━━━━━━━━━━━ 60.4/60.4 MB 1.2 MB/s  0:01:17
[2026-05-16 14:08:38] [2026-05-16 14:08:38,467 AIMaster] (config.py 347) INFO: Try loading config from pai-aimaster-new configmap.
[2026-05-16 14:08:38] Collecting six>=1.16.0 (from vllm==0.19.0)
[2026-05-16 14:08:38]   Using cached six-1.17.0-py2.py3-none-any.whl (11 kB)
[2026-05-16 14:08:38] Collecting setuptools<81.0.0,>=77.0.3 (from vllm==0.19.0)
[2026-05-16 14:08:38]   Downloading setuptools-80.10.2-py3-none-any.whl (1.1 MB)
[2026-05-16 14:08:39]      ━━━━━━━━━━━━━━━━━━━━━━━━━━━━━━━━━━━━━━━━ 1.1/1.1 MB 996.7 kB/s  0:00:00
[2026-05-16 14:08:39] Collecting einops (from vllm==0.19.0)
[2026-05-16 14:08:39]   Using cached einops-0.8.2-py3-none-any.whl (65 kB)
[2026-05-16 14:08:39] Collecting compressed-tensors==0.14.0.1 (from vllm==0.19.0)
[2026-05-16 14:08:39]   Downloading compressed_tensors-0.14.0.1-py3-none-any.whl (196 kB)
[2026-05-16 14:08:39] Collecting depyf==0.20.0 (from vllm==0.19.0)
[2026-05-16 14:08:39]   Downloading depyf-0.20.0-py3-none-any.whl (39 kB)
[2026-05-16 14:08:40]      ━━━━━━━━━━━━━━━━━━━━━━━━━━━━━━━━━━━━━━━━ 60.4/60.4 MB 1.2 MB/s  0:01:16
[2026-05-16 14:08:40] Collecting six>=1.16.0 (from vllm==0.19.0)
[2026-05-16 14:08:40]   Using cached six-1.17.0-py2.py3-none-any.whl (11 kB)
[2026-05-16 14:08:40] Collecting setuptools<81.0.0,>=77.0.3 (from vllm==0.19.0)
[2026-05-16 14:08:40]   Downloading setuptools-80.10.2-py3-none-any.whl (1.1 MB)
[2026-05-16 14:08:40] Collecting cloudpickle (from vllm==0.19.0)
[2026-05-16 14:08:40]   Downloading cloudpickle-3.1.2-py3-none-any.whl (22 kB)
[2026-05-16 14:08:40] Collecting watchfiles (from vllm==0.19.0)
[2026-05-16 14:08:40]   Downloading watchfiles-1.1.1-cp312-cp312-manylinux_2_17_x86_64.manylinux2014_x86_64.whl (456 kB)
[2026-05-16 14:08:40] Collecting python-json-logger (from vllm==0.19.0)
[2026-05-16 14:08:40]   Downloading python_json_logger-4.1.0-py3-none-any.whl (15 kB)
[2026-05-16 14:08:40] Collecting ninja (from vllm==0.19.0)
[2026-05-16 14:08:40]   Using cached ninja-1.13.0-py3-none-manylinux2014_x86_64.manylinux_2_17_x86_64.whl (180 kB)
[2026-05-16 14:08:41] Collecting pybase64 (from vllm==0.19.0)
[2026-05-16 14:08:41]   Downloading pybase64-1.4.3-cp312-cp312-manylinux1_x86_64.manylinux2014_x86_64.manylinux_2_17_x86_64.manylinux_2_5_x86_64.whl (71 kB)
[2026-05-16 14:08:41] Collecting cbor2 (from vllm==0.19.0)
[2026-05-16 14:08:41]   Downloading cbor2-6.1.1-cp312-cp312-manylinux_2_28_x86_64.whl (467 kB)
[2026-05-16 14:08:41] Collecting ijson (from vllm==0.19.0)
[2026-05-16 14:08:41]   Downloading ijson-3.5.0-cp312-cp312-manylinux2014_x86_64.manylinux_2_17_x86_64.manylinux_2_28_x86_64.whl (149 kB)
[2026-05-16 14:08:41] Collecting setproctitle (from vllm==0.19.0)
[2026-05-16 14:08:41]   Downloading setproctitle-1.3.7-cp312-cp312-manylinux1_x86_64.manylinux_2_28_x86_64.manylinux_2_5_x86_64.whl (32 kB)
[2026-05-16 14:08:41] Collecting openai-harmony>=0.0.3 (from vllm==0.19.0)
[2026-05-16 14:08:41]   Downloading openai_harmony-0.0.8-cp38-abi3-manylinux_2_17_x86_64.manylinux2014_x86_64.whl (3.0 MB)
[2026-05-16 14:08:41]      ━━━━━━━━━━━━━━━━━━━━━━━━━━━━━━━━━━━━━━━━ 1.1/1.1 MB 996.2 kB/s  0:00:00
[2026-05-16 14:08:41] Collecting einops (from vllm==0.19.0)
[2026-05-16 14:08:41]   Using cached einops-0.8.2-py3-none-any.whl (65 kB)
[2026-05-16 14:08:41] Collecting compressed-tensors==0.14.0.1 (from vllm==0.19.0)
[2026-05-16 14:08:41]   Downloading compressed_tensors-0.14.0.1-py3-none-any.whl (196 kB)
[2026-05-16 14:08:41] Collecting depyf==0.20.0 (from vllm==0.19.0)
[2026-05-16 14:08:41]   Downloading depyf-0.20.0-py3-none-any.whl (39 kB)
[2026-05-16 14:08:42] Collecting cloudpickle (from vllm==0.19.0)
[2026-05-16 14:08:42]   Downloading cloudpickle-3.1.2-py3-none-any.whl (22 kB)
[2026-05-16 14:08:42] Collecting watchfiles (from vllm==0.19.0)
[2026-05-16 14:08:42]   Downloading watchfiles-1.1.1-cp312-cp312-manylinux_2_17_x86_64.manylinux2014_x86_64.whl (456 kB)
[2026-05-16 14:08:42] Collecting python-json-logger (from vllm==0.19.0)
[2026-05-16 14:08:42]   Downloading python_json_logger-4.1.0-py3-none-any.whl (15 kB)
[2026-05-16 14:08:42] Collecting ninja (from vllm==0.19.0)
[2026-05-16 14:08:42]   Using cached ninja-1.13.0-py3-none-manylinux2014_x86_64.manylinux_2_17_x86_64.whl (180 kB)
[2026-05-16 14:08:42] Collecting pybase64 (from vllm==0.19.0)
[2026-05-16 14:08:42]   Downloading pybase64-1.4.3-cp312-cp312-manylinux1_x86_64.manylinux2014_x86_64.manylinux_2_17_x86_64.manylinux_2_5_x86_64.whl (71 kB)
[2026-05-16 14:08:42] Collecting cbor2 (from vllm==0.19.0)
[2026-05-16 14:08:42]   Downloading cbor2-6.1.1-cp312-cp312-manylinux_2_28_x86_64.whl (467 kB)
[2026-05-16 14:08:43]      ━━━━━━━━━━━━━━━━━━━━━━━━━━━━━━━━━━━━━━━━ 3.0/3.0 MB 1.5 MB/s  0:00:01
[2026-05-16 14:08:43] Collecting anthropic>=0.71.0 (from vllm==0.19.0)
[2026-05-16 14:08:43]   Downloading anthropic-0.102.0-py3-none-any.whl (763 kB)
[2026-05-16 14:08:43]      ━━━━━━━━━━━━━━━━━━━━━━━━━━━━━━━━━━━━━━━━ 763.1/763.1 kB 1.2 MB/s  0:00:00
[2026-05-16 14:08:43] Collecting ijson (from vllm==0.19.0)
[2026-05-16 14:08:43]   Downloading ijson-3.5.0-cp312-cp312-manylinux2014_x86_64.manylinux_2_17_x86_64.manylinux_2_28_x86_64.whl (149 kB)
[2026-05-16 14:08:43] Collecting setproctitle (from vllm==0.19.0)
[2026-05-16 14:08:43]   Downloading setproctitle-1.3.7-cp312-cp312-manylinux1_x86_64.manylinux_2_28_x86_64.manylinux_2_5_x86_64.whl (32 kB)
[2026-05-16 14:08:43] Collecting openai-harmony>=0.0.3 (from vllm==0.19.0)
[2026-05-16 14:08:43]   Downloading openai_harmony-0.0.8-cp38-abi3-manylinux_2_17_x86_64.manylinux2014_x86_64.whl (3.0 MB)
[2026-05-16 14:08:44] Collecting model-hosting-container-standards<1.0.0,>=0.1.13 (from vllm==0.19.0)
[2026-05-16 14:08:44]   Downloading model_hosting_container_standards-0.1.15-py3-none-any.whl (125 kB)
[2026-05-16 14:08:44] Collecting mcp (from vllm==0.19.0)
[2026-05-16 14:08:44]   Downloading mcp-1.27.1-py3-none-any.whl (216 kB)
[2026-05-16 14:08:44] Collecting opentelemetry-sdk>=1.27.0 (from vllm==0.19.0)
[2026-05-16 14:08:44]   Downloading opentelemetry_sdk-1.41.1-py3-none-any.whl (180 kB)
[2026-05-16 14:08:44] Collecting opentelemetry-api>=1.27.0 (from vllm==0.19.0)
[2026-05-16 14:08:44]   Using cached opentelemetry_api-1.41.1-py3-none-any.whl (69 kB)
[2026-05-16 14:08:45] Collecting opentelemetry-exporter-otlp>=1.27.0 (from vllm==0.19.0)
[2026-05-16 14:08:45]   Downloading opentelemetry_exporter_otlp-1.41.1-py3-none-any.whl (7.0 kB)
[2026-05-16 14:08:45] Collecting opentelemetry-semantic-conventions-ai>=0.4.1 (from vllm==0.19.0)
[2026-05-16 14:08:45]   Downloading opentelemetry_semantic_conventions_ai-0.5.1-py3-none-any.whl (11 kB)
[2026-05-16 14:08:45] Collecting numba==0.61.2 (from vllm==0.19.0)
[2026-05-16 14:08:45]   Downloading numba-0.61.2-cp312-cp312-manylinux2014_x86_64.manylinux_2_17_x86_64.whl (3.9 MB)
[2026-05-16 14:08:45]      ━━━━━━━━━━━━━━━━━━━━━━━━━━━━━━━━━━━━━━━━ 3.0/3.0 MB 1.5 MB/s  0:00:01
[2026-05-16 14:08:45] Collecting anthropic>=0.71.0 (from vllm==0.19.0)
[2026-05-16 14:08:45]   Downloading anthropic-0.102.0-py3-none-any.whl (763 kB)
[2026-05-16 14:08:45]      ━━━━━━━━━━━━━━━━━━━━━━━━━━━━━━━━━━━━━━━━ 763.1/763.1 kB 1.2 MB/s  0:00:00
[2026-05-16 14:08:45] Collecting model-hosting-container-standards<1.0.0,>=0.1.13 (from vllm==0.19.0)
[2026-05-16 14:08:45]   Downloading model_hosting_container_standards-0.1.15-py3-none-any.whl (125 kB)
[2026-05-16 14:08:45] Collecting mcp (from vllm==0.19.0)
[2026-05-16 14:08:45]   Downloading mcp-1.27.1-py3-none-any.whl (216 kB)
[2026-05-16 14:08:46] Collecting opentelemetry-sdk>=1.27.0 (from vllm==0.19.0)
[2026-05-16 14:08:46]   Downloading opentelemetry_sdk-1.41.1-py3-none-any.whl (180 kB)
[2026-05-16 14:08:46] Collecting opentelemetry-api>=1.27.0 (from vllm==0.19.0)
[2026-05-16 14:08:46]   Using cached opentelemetry_api-1.41.1-py3-none-any.whl (69 kB)
[2026-05-16 14:08:46] Collecting opentelemetry-exporter-otlp>=1.27.0 (from vllm==0.19.0)
[2026-05-16 14:08:46]   Downloading opentelemetry_exporter_otlp-1.41.1-py3-none-any.whl (7.0 kB)
[2026-05-16 14:08:47] Collecting opentelemetry-semantic-conventions-ai>=0.4.1 (from vllm==0.19.0)
[2026-05-16 14:08:47]   Downloading opentelemetry_semantic_conventions_ai-0.5.1-py3-none-any.whl (11 kB)
[2026-05-16 14:08:47] Collecting numba==0.61.2 (from vllm==0.19.0)
[2026-05-16 14:08:47]   Downloading numba-0.61.2-cp312-cp312-manylinux2014_x86_64.manylinux_2_17_x86_64.whl (3.9 MB)
[2026-05-16 14:08:48]      ━━━━━━━━━━━━━━━━━━━━━━━━━━━━━━━━━━━━━━━━ 3.9/3.9 MB 1.5 MB/s  0:00:02
[2026-05-16 14:08:48] Requirement already satisfied: torch==2.10.0 in /mnt/workspace/venvs/.teacherVenv/lib/python3.12/site-packages (from vllm==0.19.0) (2.10.0)
[2026-05-16 14:08:48] Requirement already satisfied: torchaudio==2.10.0 in /mnt/workspace/venvs/.teacherVenv/lib/python3.12/site-packages (from vllm==0.19.0) (2.10.0)
[2026-05-16 14:08:48] Requirement already satisfied: torchvision==0.25.0 in /mnt/workspace/venvs/.teacherVenv/lib/python3.12/site-packages (from vllm==0.19.0) (0.25.0)
[2026-05-16 14:08:48] Collecting flashinfer-cubin==0.6.6 (from vllm==0.19.0)
[2026-05-16 14:08:48]   Downloading flashinfer_cubin-0.6.6-py3-none-any.whl (267.7 MB)
[2026-05-16 14:08:49]      ━━━━━━━━━━━━━━━━━━━━━━━━━━━━━━━━━━━━━━━━ 3.9/3.9 MB 1.5 MB/s  0:00:02
[2026-05-16 14:08:49] Requirement already satisfied: torch==2.10.0 in /mnt/workspace/venvs/.teacherVenv/lib/python3.12/site-packages (from vllm==0.19.0) (2.10.0)
[2026-05-16 14:08:49] Requirement already satisfied: torchaudio==2.10.0 in /mnt/workspace/venvs/.teacherVenv/lib/python3.12/site-packages (from vllm==0.19.0) (2.10.0)
[2026-05-16 14:08:49] Requirement already satisfied: torchvision==0.25.0 in /mnt/workspace/venvs/.teacherVenv/lib/python3.12/site-packages (from vllm==0.19.0) (0.25.0)
[2026-05-16 14:08:50] Collecting flashinfer-cubin==0.6.6 (from vllm==0.19.0)
[2026-05-16 14:08:50]   Downloading flashinfer_cubin-0.6.6-py3-none-any.whl (267.7 MB)
[2026-05-16 14:08:59] [2026-05-16 14:08:59,379 AIMaster] (job_monitor_controller_k8s.py 1099) INFO: All workers: 2, running: 2, failed: 0, pending: 0
[2026-05-16 14:08:59] [2026-05-16 14:08:59,379 AIMaster] (ops_reported_error_detector.py 103) INFO: Detecting whether the job is affected by errors reported by ops platform.
[2026-05-16 14:09:25] [2026-05-16 14:09:25,107 AIMaster] (job_event_collector.py 135) WARNING: Failed to watch pods, exception: ("Connection broken: ConnectionResetError(104, 'Connection reset by peer')", ConnectionResetError(104, 'Connection reset by peer'))
[2026-05-16 14:09:29] [2026-05-16 14:09:29,541 AIMaster] (job_monitor_controller_k8s.py 1099) INFO: All workers: 2, running: 2, failed: 0, pending: 0
[2026-05-16 14:09:38] [2026-05-16 14:09:38,502 AIMaster] (config.py 347) INFO: Try loading config from pai-aimaster-new configmap.
[2026-05-16 14:09:59] [2026-05-16 14:09:59,659 AIMaster] (job_monitor_controller_k8s.py 1099) INFO: All workers: 2, running: 2, failed: 0, pending: 0
[2026-05-16 14:09:59] [2026-05-16 14:09:59,659 AIMaster] (ops_reported_error_detector.py 103) INFO: Detecting whether the job is affected by errors reported by ops platform.
[2026-05-16 14:09:59] [2026-05-16 14:09:59,690 AIMaster] (aimaster_failover_controller.py 81) INFO: Detecting whether aimaster should be migrated.
[2026-05-16 14:10:02]      ━━━━━━━━━━━━━━━━━━━━━━━━━━━━━━━━━━━━━━━━ 267.7/267.7 MB 5.6 MB/s  0:01:14
[2026-05-16 14:10:03] Collecting nvidia-cudnn-frontend<1.19.0,>=1.13.0 (from vllm==0.19.0)
[2026-05-16 14:10:03]   Downloading nvidia_cudnn_frontend-1.18.0-cp312-cp312-manylinux_2_27_x86_64.manylinux_2_28_x86_64.whl (2.2 MB)
[2026-05-16 14:10:03]      ━━━━━━━━━━━━━━━━━━━━━━━━━━━━━━━━━━━━━━━━ 2.2/2.2 MB 37.7 MB/s  0:00:00
[2026-05-16 14:10:03] Collecting nvidia-cutlass-dsl>=4.4.0.dev1 (from vllm==0.19.0)
[2026-05-16 14:10:03]   Downloading nvidia_cutlass_dsl-4.5.1-py3-none-any.whl (10 kB)
[2026-05-16 14:10:03] Collecting quack-kernels>=0.2.7 (from vllm==0.19.0)
[2026-05-16 14:10:03]   Downloading quack_kernels-0.4.1-py3-none-any.whl (260 kB)
[2026-05-16 14:10:03] Collecting apache-tvm-ffi!=0.1.8,!=0.1.8.post0,<0.2,>=0.1.6 (from flashinfer-python==0.6.6)
[2026-05-16 14:10:03]   Downloading apache_tvm_ffi-0.1.11-cp312-abi3-manylinux_2_24_x86_64.manylinux_2_28_x86_64.whl (2.7 MB)
[2026-05-16 14:10:03]      ━━━━━━━━━━━━━━━━━━━━━━━━━━━━━━━━━━━━━━━━ 2.7/2.7 MB 28.8 MB/s  0:00:00
[2026-05-16 14:10:03] Collecting click (from flashinfer-python==0.6.6)
[2026-05-16 14:10:03]   Using cached click-8.3.3-py3-none-any.whl (110 kB)
[2026-05-16 14:10:03] Collecting nvidia-ml-py (from flashinfer-python==0.6.6)
[2026-05-16 14:10:04]      ━━━━━━━━━━━━━━━━━━━━━━━━━━━━━━━━━━━━━━━━ 267.7/267.7 MB 5.5 MB/s  0:01:14
[2026-05-16 14:10:04]   Downloading nvidia_ml_py-13.595.45-py3-none-any.whl (51 kB)
[2026-05-16 14:10:04] Collecting tabulate (from flashinfer-python==0.6.6)
[2026-05-16 14:10:04]   Downloading tabulate-0.10.0-py3-none-any.whl (39 kB)
[2026-05-16 14:10:04] Collecting loguru (from compressed-tensors==0.14.0.1->vllm==0.19.0)
[2026-05-16 14:10:04]   Downloading loguru-0.7.3-py3-none-any.whl (61 kB)
[2026-05-16 14:10:04] Collecting astor (from depyf==0.20.0->vllm==0.19.0)
[2026-05-16 14:10:04]   Downloading astor-0.8.1-py2.py3-none-any.whl (27 kB)
[2026-05-16 14:10:04] Collecting interegular>=0.3.2 (from lm-format-enforcer==0.11.3->vllm==0.19.0)
[2026-05-16 14:10:04]   Downloading interegular-0.3.3-py37-none-any.whl (23 kB)
[2026-05-16 14:10:04] Collecting llvmlite<0.45,>=0.44.0dev0 (from numba==0.61.2->vllm==0.19.0)
[2026-05-16 14:10:04]   Downloading llvmlite-0.44.0-cp312-cp312-manylinux_2_17_x86_64.manylinux2014_x86_64.whl (42.4 MB)
[2026-05-16 14:10:05] Collecting nvidia-cudnn-frontend<1.19.0,>=1.13.0 (from vllm==0.19.0)
[2026-05-16 14:10:05]   Downloading nvidia_cudnn_frontend-1.18.0-cp312-cp312-manylinux_2_27_x86_64.manylinux_2_28_x86_64.whl (2.2 MB)
[2026-05-16 14:10:05]      ━━━━━━━━━━━━━━━━━━━━━━━━━━━━━━━━━━━━━━━━ 2.2/2.2 MB 38.6 MB/s  0:00:00
[2026-05-16 14:10:05] Collecting nvidia-cutlass-dsl>=4.4.0.dev1 (from vllm==0.19.0)
[2026-05-16 14:10:05]   Downloading nvidia_cutlass_dsl-4.5.1-py3-none-any.whl (10 kB)
[2026-05-16 14:10:05] Collecting quack-kernels>=0.2.7 (from vllm==0.19.0)
[2026-05-16 14:10:05]   Downloading quack_kernels-0.4.1-py3-none-any.whl (260 kB)
[2026-05-16 14:10:05] Collecting apache-tvm-ffi!=0.1.8,!=0.1.8.post0,<0.2,>=0.1.6 (from flashinfer-python==0.6.6)
[2026-05-16 14:10:05]   Downloading apache_tvm_ffi-0.1.11-cp312-abi3-manylinux_2_24_x86_64.manylinux_2_28_x86_64.whl (2.7 MB)
[2026-05-16 14:10:05]      ━━━━━━━━━━━━━━━━━━━━━━━━━━━━━━━━━━━━━━━━ 2.7/2.7 MB 39.9 MB/s  0:00:00
[2026-05-16 14:10:05] Collecting click (from flashinfer-python==0.6.6)
[2026-05-16 14:10:05]   Using cached click-8.3.3-py3-none-any.whl (110 kB)
[2026-05-16 14:10:05] Collecting nvidia-ml-py (from flashinfer-python==0.6.6)
[2026-05-16 14:10:05]   Downloading nvidia_ml_py-13.595.45-py3-none-any.whl (51 kB)
[2026-05-16 14:10:05] Collecting tabulate (from flashinfer-python==0.6.6)
[2026-05-16 14:10:05]   Downloading tabulate-0.10.0-py3-none-any.whl (39 kB)
[2026-05-16 14:10:05] Collecting loguru (from compressed-tensors==0.14.0.1->vllm==0.19.0)
[2026-05-16 14:10:05]   Downloading loguru-0.7.3-py3-none-any.whl (61 kB)
[2026-05-16 14:10:05] Collecting astor (from depyf==0.20.0->vllm==0.19.0)
[2026-05-16 14:10:05]   Downloading astor-0.8.1-py2.py3-none-any.whl (27 kB)
[2026-05-16 14:10:05] Collecting interegular>=0.3.2 (from lm-format-enforcer==0.11.3->vllm==0.19.0)
[2026-05-16 14:10:05]   Downloading interegular-0.3.3-py37-none-any.whl (23 kB)
[2026-05-16 14:10:05] Collecting llvmlite<0.45,>=0.44.0dev0 (from numba==0.61.2->vllm==0.19.0)
[2026-05-16 14:10:05]   Downloading llvmlite-0.44.0-cp312-cp312-manylinux_2_17_x86_64.manylinux2014_x86_64.whl (42.4 MB)
[2026-05-16 14:10:05]      ━━━━━━━━━━━━━━━━━━━━━━━━━━━━━━━━━━━━━━━━ 42.4/42.4 MB 39.2 MB/s  0:00:01
[2026-05-16 14:10:05] Collecting numpy>=1.17 (from datasets==4.8.4)
[2026-05-16 14:10:05]   Downloading numpy-2.2.6-cp312-cp312-manylinux_2_17_x86_64.manylinux2014_x86_64.whl (16.5 MB)
[2026-05-16 14:10:06]      ━━━━━━━━━━━━━━━━━━━━━━━━━━━━━━━━━━━━━━━━ 42.4/42.4 MB 42.8 MB/s  0:00:00
[2026-05-16 14:10:06]      ━━━━━━━━━━━━━━━━━━━━━━━━━━━━━━━━━━━━━━━━ 16.5/16.5 MB 40.8 MB/s  0:00:00
[2026-05-16 14:10:06] Requirement already satisfied: sympy>=1.13.3 in /mnt/workspace/venvs/.teacherVenv/lib/python3.12/site-packages (from torch==2.10.0->vllm==0.19.0) (1.14.0)
[2026-05-16 14:10:06] Requirement already satisfied: networkx>=2.5.1 in /mnt/workspace/venvs/.teacherVenv/lib/python3.12/site-packages (from torch==2.10.0->vllm==0.19.0) (3.6.1)
[2026-05-16 14:10:06] Requirement already satisfied: jinja2 in /mnt/workspace/venvs/.teacherVenv/lib/python3.12/site-packages (from torch==2.10.0->vllm==0.19.0) (3.1.6)
[2026-05-16 14:10:06] Requirement already satisfied: cuda-bindings==12.9.4 in /mnt/workspace/venvs/.teacherVenv/lib/python3.12/site-packages (from torch==2.10.0->vllm==0.19.0) (12.9.4)
[2026-05-16 14:10:06] Requirement already satisfied: nvidia-cuda-nvrtc-cu12==12.8.93 in /mnt/workspace/venvs/.teacherVenv/lib/python3.12/site-packages (from torch==2.10.0->vllm==0.19.0) (12.8.93)
[2026-05-16 14:10:06] Requirement already satisfied: nvidia-cuda-runtime-cu12==12.8.90 in /mnt/workspace/venvs/.teacherVenv/lib/python3.12/site-packages (from torch==2.10.0->vllm==0.19.0) (12.8.90)
[2026-05-16 14:10:06] Requirement already satisfied: nvidia-cuda-cupti-cu12==12.8.90 in /mnt/workspace/venvs/.teacherVenv/lib/python3.12/site-packages (from torch==2.10.0->vllm==0.19.0) (12.8.90)
[2026-05-16 14:10:06] Requirement already satisfied: nvidia-cudnn-cu12==9.10.2.21 in /mnt/workspace/venvs/.teacherVenv/lib/python3.12/site-packages (from torch==2.10.0->vllm==0.19.0) (9.10.2.21)
[2026-05-16 14:10:06] Requirement already satisfied: nvidia-cublas-cu12==12.8.4.1 in /mnt/workspace/venvs/.teacherVenv/lib/python3.12/site-packages (from torch==2.10.0->vllm==0.19.0) (12.8.4.1)
[2026-05-16 14:10:06] Requirement already satisfied: nvidia-cufft-cu12==11.3.3.83 in /mnt/workspace/venvs/.teacherVenv/lib/python3.12/site-packages (from torch==2.10.0->vllm==0.19.0) (11.3.3.83)
[2026-05-16 14:10:06] Requirement already satisfied: nvidia-curand-cu12==10.3.9.90 in /mnt/workspace/venvs/.teacherVenv/lib/python3.12/site-packages (from torch==2.10.0->vllm==0.19.0) (10.3.9.90)
[2026-05-16 14:10:06] Requirement already satisfied: nvidia-cusolver-cu12==11.7.3.90 in /mnt/workspace/venvs/.teacherVenv/lib/python3.12/site-packages (from torch==2.10.0->vllm==0.19.0) (11.7.3.90)
[2026-05-16 14:10:06] Requirement already satisfied: nvidia-cusparse-cu12==12.5.8.93 in /mnt/workspace/venvs/.teacherVenv/lib/python3.12/site-packages (from torch==2.10.0->vllm==0.19.0) (12.5.8.93)
[2026-05-16 14:10:06] Requirement already satisfied: nvidia-cusparselt-cu12==0.7.1 in /mnt/workspace/venvs/.teacherVenv/lib/python3.12/site-packages (from torch==2.10.0->vllm==0.19.0) (0.7.1)
[2026-05-16 14:10:06] Requirement already satisfied: nvidia-nccl-cu12==2.27.5 in /mnt/workspace/venvs/.teacherVenv/lib/python3.12/site-packages (from torch==2.10.0->vllm==0.19.0) (2.27.5)
[2026-05-16 14:10:06] Requirement already satisfied: nvidia-nvshmem-cu12==3.4.5 in /mnt/workspace/venvs/.teacherVenv/lib/python3.12/site-packages (from torch==2.10.0->vllm==0.19.0) (3.4.5)
[2026-05-16 14:10:06] Requirement already satisfied: nvidia-nvtx-cu12==12.8.90 in /mnt/workspace/venvs/.teacherVenv/lib/python3.12/site-packages (from torch==2.10.0->vllm==0.19.0) (12.8.90)
[2026-05-16 14:10:06] Requirement already satisfied: nvidia-nvjitlink-cu12==12.8.93 in /mnt/workspace/venvs/.teacherVenv/lib/python3.12/site-packages (from torch==2.10.0->vllm==0.19.0) (12.8.93)
[2026-05-16 14:10:06] Requirement already satisfied: nvidia-cufile-cu12==1.13.1.3 in /mnt/workspace/venvs/.teacherVenv/lib/python3.12/site-packages (from torch==2.10.0->vllm==0.19.0) (1.13.1.3)
[2026-05-16 14:10:06] Requirement already satisfied: triton==3.6.0 in /mnt/workspace/venvs/.teacherVenv/lib/python3.12/site-packages (from torch==2.10.0->vllm==0.19.0) (3.6.0)
[2026-05-16 14:10:06] Requirement already satisfied: cuda-pathfinder~=1.1 in /mnt/workspace/venvs/.teacherVenv/lib/python3.12/site-packages (from cuda-bindings==12.9.4->torch==2.10.0->vllm==0.19.0) (1.5.4)
[2026-05-16 14:10:06] Collecting anyio (from httpx<1.0.0->datasets==4.8.4)
[2026-05-16 14:10:06]   Using cached anyio-4.13.0-py3-none-any.whl (114 kB)
[2026-05-16 14:10:06] Collecting certifi (from httpx<1.0.0->datasets==4.8.4)
[2026-05-16 14:10:06]   Using cached certifi-2026.4.22-py3-none-any.whl (135 kB)
[2026-05-16 14:10:06] Collecting httpcore==1.* (from httpx<1.0.0->datasets==4.8.4)
[2026-05-16 14:10:06]   Using cached httpcore-1.0.9-py3-none-any.whl (78 kB)
[2026-05-16 14:10:06] Collecting idna (from httpx<1.0.0->datasets==4.8.4)
[2026-05-16 14:10:06]   Using cached idna-3.15-py3-none-any.whl (72 kB)
[2026-05-16 14:10:06] Collecting h11>=0.16 (from httpcore==1.*->httpx<1.0.0->datasets==4.8.4)
[2026-05-16 14:10:06]   Using cached h11-0.16.0-py3-none-any.whl (37 kB)
[2026-05-16 14:10:06] Collecting hf-xet<2.0.0,>=1.4.3 (from huggingface-hub<2.0,>=0.25.0->datasets==4.8.4)
[2026-05-16 14:10:06]   Using cached hf_xet-1.5.0-cp37-abi3-manylinux2014_x86_64.manylinux_2_17_x86_64.whl (4.5 MB)
[2026-05-16 14:10:06] Collecting typer>=0.20.0 (from huggingface-hub<2.0,>=0.25.0->datasets==4.8.4)
[2026-05-16 14:10:06]   Using cached typer-0.25.1-py3-none-any.whl (58 kB)
[2026-05-16 14:10:06] Collecting jmespath (from model-hosting-container-standards<1.0.0,>=0.1.13->vllm==0.19.0)
[2026-05-16 14:10:06]   Downloading jmespath-1.1.0-py3-none-any.whl (20 kB)
[2026-05-16 14:10:06] Collecting starlette>=0.49.1 (from model-hosting-container-standards<1.0.0,>=0.1.13->vllm==0.19.0)
[2026-05-16 14:10:06]   Downloading starlette-1.0.0-py3-none-any.whl (72 kB)
[2026-05-16 14:10:06] Collecting supervisor>=4.2.0 (from model-hosting-container-standards<1.0.0,>=0.1.13->vllm==0.19.0)
[2026-05-16 14:10:06]   Downloading supervisor-4.3.0-py2.py3-none-any.whl (320 kB)
[2026-05-16 14:10:06] Collecting huggingface-hub<2.0,>=0.25.0 (from datasets==4.8.4)
[2026-05-16 14:10:06]   Downloading huggingface_hub-0.36.2-py3-none-any.whl (566 kB)
[2026-05-16 14:10:06]      ━━━━━━━━━━━━━━━━━━━━━━━━━━━━━━━━━━━━━━━━ 566.4/566.4 kB 24.4 MB/s  0:00:00
[2026-05-16 14:10:06] Collecting tokenizers>=0.21.1 (from vllm==0.19.0)
[2026-05-16 14:10:06]   Using cached tokenizers-0.22.2-cp39-abi3-manylinux_2_17_x86_64.manylinux2014_x86_64.whl (3.3 MB)
[2026-05-16 14:10:06] Collecting safetensors>=0.4.3 (from transformers<5,>=4.56.0->vllm==0.19.0)
[2026-05-16 14:10:06]   Using cached safetensors-0.7.0-cp38-abi3-manylinux_2_17_x86_64.manylinux2014_x86_64.whl (507 kB)
[2026-05-16 14:10:06] Collecting aiohappyeyeballs>=2.5.0 (from aiohttp>=3.13.3->vllm==0.19.0)
[2026-05-16 14:10:06]   Using cached aiohappyeyeballs-2.6.1-py3-none-any.whl (15 kB)
[2026-05-16 14:10:06] Collecting aiosignal>=1.4.0 (from aiohttp>=3.13.3->vllm==0.19.0)
[2026-05-16 14:10:07] Collecting numpy>=1.17 (from datasets==4.8.4)
[2026-05-16 14:10:07]   Downloading numpy-2.2.6-cp312-cp312-manylinux_2_17_x86_64.manylinux2014_x86_64.whl (16.5 MB)
[2026-05-16 14:10:07]      ━━━━━━━━━━━━━━━━━━━━━━━━━━━━━━━━━━━━━━━━ 16.5/16.5 MB 42.1 MB/s  0:00:00
[2026-05-16 14:10:07] Requirement already satisfied: sympy>=1.13.3 in /mnt/workspace/venvs/.teacherVenv/lib/python3.12/site-packages (from torch==2.10.0->vllm==0.19.0) (1.14.0)
[2026-05-16 14:10:07] Requirement already satisfied: networkx>=2.5.1 in /mnt/workspace/venvs/.teacherVenv/lib/python3.12/site-packages (from torch==2.10.0->vllm==0.19.0) (3.6.1)
[2026-05-16 14:10:07] Requirement already satisfied: jinja2 in /mnt/workspace/venvs/.teacherVenv/lib/python3.12/site-packages (from torch==2.10.0->vllm==0.19.0) (3.1.6)
[2026-05-16 14:10:07] Requirement already satisfied: cuda-bindings==12.9.4 in /mnt/workspace/venvs/.teacherVenv/lib/python3.12/site-packages (from torch==2.10.0->vllm==0.19.0) (12.9.4)
[2026-05-16 14:10:07] Requirement already satisfied: nvidia-cuda-nvrtc-cu12==12.8.93 in /mnt/workspace/venvs/.teacherVenv/lib/python3.12/site-packages (from torch==2.10.0->vllm==0.19.0) (12.8.93)
[2026-05-16 14:10:07] Requirement already satisfied: nvidia-cuda-runtime-cu12==12.8.90 in /mnt/workspace/venvs/.teacherVenv/lib/python3.12/site-packages (from torch==2.10.0->vllm==0.19.0) (12.8.90)
[2026-05-16 14:10:07] Requirement already satisfied: nvidia-cuda-cupti-cu12==12.8.90 in /mnt/workspace/venvs/.teacherVenv/lib/python3.12/site-packages (from torch==2.10.0->vllm==0.19.0) (12.8.90)
[2026-05-16 14:10:07] Requirement already satisfied: nvidia-cudnn-cu12==9.10.2.21 in /mnt/workspace/venvs/.teacherVenv/lib/python3.12/site-packages (from torch==2.10.0->vllm==0.19.0) (9.10.2.21)
[2026-05-16 14:10:07] Requirement already satisfied: nvidia-cublas-cu12==12.8.4.1 in /mnt/workspace/venvs/.teacherVenv/lib/python3.12/site-packages (from torch==2.10.0->vllm==0.19.0) (12.8.4.1)
[2026-05-16 14:10:07] Requirement already satisfied: nvidia-cufft-cu12==11.3.3.83 in /mnt/workspace/venvs/.teacherVenv/lib/python3.12/site-packages (from torch==2.10.0->vllm==0.19.0) (11.3.3.83)
[2026-05-16 14:10:07] Requirement already satisfied: nvidia-curand-cu12==10.3.9.90 in /mnt/workspace/venvs/.teacherVenv/lib/python3.12/site-packages (from torch==2.10.0->vllm==0.19.0) (10.3.9.90)
[2026-05-16 14:10:07] Requirement already satisfied: nvidia-cusolver-cu12==11.7.3.90 in /mnt/workspace/venvs/.teacherVenv/lib/python3.12/site-packages (from torch==2.10.0->vllm==0.19.0) (11.7.3.90)
[2026-05-16 14:10:07] Requirement already satisfied: nvidia-cusparse-cu12==12.5.8.93 in /mnt/workspace/venvs/.teacherVenv/lib/python3.12/site-packages (from torch==2.10.0->vllm==0.19.0) (12.5.8.93)
[2026-05-16 14:10:07] Requirement already satisfied: nvidia-cusparselt-cu12==0.7.1 in /mnt/workspace/venvs/.teacherVenv/lib/python3.12/site-packages (from torch==2.10.0->vllm==0.19.0) (0.7.1)
[2026-05-16 14:10:07] Requirement already satisfied: nvidia-nccl-cu12==2.27.5 in /mnt/workspace/venvs/.teacherVenv/lib/python3.12/site-packages (from torch==2.10.0->vllm==0.19.0) (2.27.5)
[2026-05-16 14:10:07] Requirement already satisfied: nvidia-nvshmem-cu12==3.4.5 in /mnt/workspace/venvs/.teacherVenv/lib/python3.12/site-packages (from torch==2.10.0->vllm==0.19.0) (3.4.5)
[2026-05-16 14:10:07] Requirement already satisfied: nvidia-nvtx-cu12==12.8.90 in /mnt/workspace/venvs/.teacherVenv/lib/python3.12/site-packages (from torch==2.10.0->vllm==0.19.0) (12.8.90)
[2026-05-16 14:10:07] Requirement already satisfied: nvidia-nvjitlink-cu12==12.8.93 in /mnt/workspace/venvs/.teacherVenv/lib/python3.12/site-packages (from torch==2.10.0->vllm==0.19.0) (12.8.93)
[2026-05-16 14:10:07] Requirement already satisfied: nvidia-cufile-cu12==1.13.1.3 in /mnt/workspace/venvs/.teacherVenv/lib/python3.12/site-packages (from torch==2.10.0->vllm==0.19.0) (1.13.1.3)
[2026-05-16 14:10:07] Requirement already satisfied: triton==3.6.0 in /mnt/workspace/venvs/.teacherVenv/lib/python3.12/site-packages (from torch==2.10.0->vllm==0.19.0) (3.6.0)
[2026-05-16 14:10:07] Requirement already satisfied: cuda-pathfinder~=1.1 in /mnt/workspace/venvs/.teacherVenv/lib/python3.12/site-packages (from cuda-bindings==12.9.4->torch==2.10.0->vllm==0.19.0) (1.5.4)
[2026-05-16 14:10:07] Collecting anyio (from httpx<1.0.0->datasets==4.8.4)
[2026-05-16 14:10:07]   Using cached anyio-4.13.0-py3-none-any.whl (114 kB)
[2026-05-16 14:10:07] Collecting certifi (from httpx<1.0.0->datasets==4.8.4)
[2026-05-16 14:10:07]   Using cached certifi-2026.4.22-py3-none-any.whl (135 kB)
[2026-05-16 14:10:07] Collecting httpcore==1.* (from httpx<1.0.0->datasets==4.8.4)
[2026-05-16 14:10:07]   Using cached httpcore-1.0.9-py3-none-any.whl (78 kB)
[2026-05-16 14:10:07] Collecting idna (from httpx<1.0.0->datasets==4.8.4)
[2026-05-16 14:10:07]   Using cached idna-3.15-py3-none-any.whl (72 kB)
[2026-05-16 14:10:07] Collecting h11>=0.16 (from httpcore==1.*->httpx<1.0.0->datasets==4.8.4)
[2026-05-16 14:10:07]   Using cached h11-0.16.0-py3-none-any.whl (37 kB)
[2026-05-16 14:10:07] Collecting hf-xet<2.0.0,>=1.4.3 (from huggingface-hub<2.0,>=0.25.0->datasets==4.8.4)
[2026-05-16 14:10:07]   Using cached hf_xet-1.5.0-cp37-abi3-manylinux2014_x86_64.manylinux_2_17_x86_64.whl (4.5 MB)
[2026-05-16 14:10:07] Collecting typer>=0.20.0 (from huggingface-hub<2.0,>=0.25.0->datasets==4.8.4)
[2026-05-16 14:10:07]   Using cached typer-0.25.1-py3-none-any.whl (58 kB)
[2026-05-16 14:10:07] Collecting jmespath (from model-hosting-container-standards<1.0.0,>=0.1.13->vllm==0.19.0)
[2026-05-16 14:10:07]   Downloading jmespath-1.1.0-py3-none-any.whl (20 kB)
[2026-05-16 14:10:07] Collecting starlette>=0.49.1 (from model-hosting-container-standards<1.0.0,>=0.1.13->vllm==0.19.0)
[2026-05-16 14:10:07]   Downloading starlette-1.0.0-py3-none-any.whl (72 kB)
[2026-05-16 14:10:07] Collecting supervisor>=4.2.0 (from model-hosting-container-standards<1.0.0,>=0.1.13->vllm==0.19.0)
[2026-05-16 14:10:07]   Downloading supervisor-4.3.0-py2.py3-none-any.whl (320 kB)
[2026-05-16 14:10:07] Collecting huggingface-hub<2.0,>=0.25.0 (from datasets==4.8.4)
[2026-05-16 14:10:07]   Downloading huggingface_hub-0.36.2-py3-none-any.whl (566 kB)
[2026-05-16 14:10:07]      ━━━━━━━━━━━━━━━━━━━━━━━━━━━━━━━━━━━━━━━━ 566.4/566.4 kB 27.8 MB/s  0:00:00
[2026-05-16 14:10:07] Collecting tokenizers>=0.21.1 (from vllm==0.19.0)
[2026-05-16 14:10:07]   Using cached tokenizers-0.22.2-cp39-abi3-manylinux_2_17_x86_64.manylinux2014_x86_64.whl (3.3 MB)
[2026-05-16 14:10:07]   Downloading aiosignal-1.4.0-py3-none-any.whl (7.5 kB)
[2026-05-16 14:10:07] Collecting attrs>=17.3.0 (from aiohttp>=3.13.3->vllm==0.19.0)
[2026-05-16 14:10:07]   Downloading attrs-26.1.0-py3-none-any.whl (67 kB)
[2026-05-16 14:10:07] Collecting frozenlist>=1.1.1 (from aiohttp>=3.13.3->vllm==0.19.0)
[2026-05-16 14:10:07]   Using cached frozenlist-1.8.0-cp312-cp312-manylinux1_x86_64.manylinux_2_28_x86_64.manylinux_2_5_x86_64.whl (242 kB)
[2026-05-16 14:10:07] Collecting multidict<7.0,>=4.5 (from aiohttp>=3.13.3->vllm==0.19.0)
[2026-05-16 14:10:07]   Downloading multidict-6.7.1-cp312-cp312-manylinux2014_x86_64.manylinux_2_17_x86_64.manylinux_2_28_x86_64.whl (256 kB)
[2026-05-16 14:10:07] Collecting propcache>=0.2.0 (from aiohttp>=3.13.3->vllm==0.19.0)
[2026-05-16 14:10:07]   Using cached propcache-0.5.2-cp312-cp312-manylinux2014_x86_64.manylinux_2_17_x86_64.manylinux_2_28_x86_64.whl (61 kB)
[2026-05-16 14:10:07] Collecting yarl<2.0,>=1.17.0 (from aiohttp>=3.13.3->vllm==0.19.0)
[2026-05-16 14:10:07]   Using cached yarl-1.23.0-cp312-cp312-manylinux2014_x86_64.manylinux_2_17_x86_64.manylinux_2_28_x86_64.whl (100 kB)
[2026-05-16 14:10:07] Collecting distro<2,>=1.7.0 (from anthropic>=0.71.0->vllm==0.19.0)
[2026-05-16 14:10:07]   Downloading distro-1.9.0-py3-none-any.whl (20 kB)
[2026-05-16 14:10:07] Collecting docstring-parser<1,>=0.15 (from anthropic>=0.71.0->vllm==0.19.0)
[2026-05-16 14:10:08] Collecting safetensors>=0.4.3 (from transformers<5,>=4.56.0->vllm==0.19.0)
[2026-05-16 14:10:08]   Using cached safetensors-0.7.0-cp38-abi3-manylinux_2_17_x86_64.manylinux2014_x86_64.whl (507 kB)
[2026-05-16 14:10:08] Collecting aiohappyeyeballs>=2.5.0 (from aiohttp>=3.13.3->vllm==0.19.0)
[2026-05-16 14:10:08]   Using cached aiohappyeyeballs-2.6.1-py3-none-any.whl (15 kB)
[2026-05-16 14:10:08] Collecting aiosignal>=1.4.0 (from aiohttp>=3.13.3->vllm==0.19.0)
[2026-05-16 14:10:08]   Downloading aiosignal-1.4.0-py3-none-any.whl (7.5 kB)
[2026-05-16 14:10:08] Collecting attrs>=17.3.0 (from aiohttp>=3.13.3->vllm==0.19.0)
[2026-05-16 14:10:08]   Downloading attrs-26.1.0-py3-none-any.whl (67 kB)
[2026-05-16 14:10:08] Collecting frozenlist>=1.1.1 (from aiohttp>=3.13.3->vllm==0.19.0)
[2026-05-16 14:10:08]   Using cached frozenlist-1.8.0-cp312-cp312-manylinux1_x86_64.manylinux_2_28_x86_64.manylinux_2_5_x86_64.whl (242 kB)
[2026-05-16 14:10:08] Collecting multidict<7.0,>=4.5 (from aiohttp>=3.13.3->vllm==0.19.0)
[2026-05-16 14:10:08]   Downloading multidict-6.7.1-cp312-cp312-manylinux2014_x86_64.manylinux_2_17_x86_64.manylinux_2_28_x86_64.whl (256 kB)
[2026-05-16 14:10:08] Collecting propcache>=0.2.0 (from aiohttp>=3.13.3->vllm==0.19.0)
[2026-05-16 14:10:08]   Using cached propcache-0.5.2-cp312-cp312-manylinux2014_x86_64.manylinux_2_17_x86_64.manylinux_2_28_x86_64.whl (61 kB)
[2026-05-16 14:10:08]   Downloading docstring_parser-0.18.0-py3-none-any.whl (22 kB)
[2026-05-16 14:10:08] Collecting jiter<1,>=0.4.0 (from anthropic>=0.71.0->vllm==0.19.0)
[2026-05-16 14:10:08]   Downloading jiter-0.14.0-cp312-cp312-manylinux_2_17_x86_64.manylinux2014_x86_64.whl (353 kB)
[2026-05-16 14:10:08] Collecting sniffio (from anthropic>=0.71.0->vllm==0.19.0)
[2026-05-16 14:10:08]   Downloading sniffio-1.3.1-py3-none-any.whl (10 kB)
[2026-05-16 14:10:08] Collecting annotated-types>=0.6.0 (from pydantic>=2.12.0->vllm==0.19.0)
[2026-05-16 14:10:08]   Using cached annotated_types-0.7.0-py3-none-any.whl (13 kB)
[2026-05-16 14:10:09] Collecting yarl<2.0,>=1.17.0 (from aiohttp>=3.13.3->vllm==0.19.0)
[2026-05-16 14:10:09]   Using cached yarl-1.23.0-cp312-cp312-manylinux2014_x86_64.manylinux_2_17_x86_64.manylinux_2_28_x86_64.whl (100 kB)
[2026-05-16 14:10:09] Collecting distro<2,>=1.7.0 (from anthropic>=0.71.0->vllm==0.19.0)
[2026-05-16 14:10:09]   Downloading distro-1.9.0-py3-none-any.whl (20 kB)
[2026-05-16 14:10:09] Collecting docstring-parser<1,>=0.15 (from anthropic>=0.71.0->vllm==0.19.0)
[2026-05-16 14:10:09]   Downloading docstring_parser-0.18.0-py3-none-any.whl (22 kB)
[2026-05-16 14:10:09] Collecting jiter<1,>=0.4.0 (from anthropic>=0.71.0->vllm==0.19.0)
[2026-05-16 14:10:09]   Downloading jiter-0.14.0-cp312-cp312-manylinux_2_17_x86_64.manylinux2014_x86_64.whl (353 kB)
[2026-05-16 14:10:09] Collecting sniffio (from anthropic>=0.71.0->vllm==0.19.0)
[2026-05-16 14:10:09]   Downloading sniffio-1.3.1-py3-none-any.whl (10 kB)
[2026-05-16 14:10:09] Collecting annotated-types>=0.6.0 (from pydantic>=2.12.0->vllm==0.19.0)
[2026-05-16 14:10:09]   Using cached annotated_types-0.7.0-py3-none-any.whl (13 kB)
[2026-05-16 14:10:09] Collecting pydantic-core==2.46.4 (from pydantic>=2.12.0->vllm==0.19.0)
[2026-05-16 14:10:09]   Using cached pydantic_core-2.46.4-cp312-cp312-manylinux_2_17_x86_64.manylinux2014_x86_64.whl (2.1 MB)
[2026-05-16 14:10:09] Collecting typing-inspection>=0.4.2 (from pydantic>=2.12.0->vllm==0.19.0)
[2026-05-16 14:10:09]   Using cached typing_inspection-0.4.2-py3-none-any.whl (14 kB)
[2026-05-16 14:10:09] Collecting annotated-doc>=0.0.2 (from fastapi>=0.115.0->fastapi[standard]>=0.115.0->vllm==0.19.0)
[2026-05-16 14:10:09]   Downloading annotated_doc-0.0.4-py3-none-any.whl (5.3 kB)
[2026-05-16 14:10:09] Collecting fastapi-cli>=0.0.8 (from fastapi-cli[standard]>=0.0.8; extra == "standard"->fastapi[standard]>=0.115.0->vllm==0.19.0)
[2026-05-16 14:10:09]   Downloading fastapi_cli-0.0.24-py3-none-any.whl (12 kB)
[2026-05-16 14:10:09] Collecting fastar>=0.9.0 (from fastapi[standard]>=0.115.0->vllm==0.19.0)
[2026-05-16 14:10:09]   Downloading fastar-0.11.0-cp312-cp312-manylinux_2_17_x86_64.manylinux2014_x86_64.whl (819 kB)
[2026-05-16 14:10:09]      ━━━━━━━━━━━━━━━━━━━━━━━━━━━━━━━━━━━━━━━━ 819.4/819.4 kB 33.9 MB/s  0:00:00
[2026-05-16 14:10:09] Collecting python-multipart>=0.0.18 (from fastapi[standard]>=0.115.0->vllm==0.19.0)
[2026-05-16 14:10:09]   Downloading python_multipart-0.0.28-py3-none-any.whl (29 kB)
[2026-05-16 14:10:09] Collecting email-validator>=2.0.0 (from fastapi[standard]>=0.115.0->vllm==0.19.0)
[2026-05-16 14:10:09]   Downloading email_validator-2.3.0-py3-none-any.whl (35 kB)
[2026-05-16 14:10:09] Collecting uvicorn>=0.12.0 (from uvicorn[standard]>=0.12.0; extra == "standard"->fastapi[standard]>=0.115.0->vllm==0.19.0)
[2026-05-16 14:10:09]   Downloading uvicorn-0.47.0-py3-none-any.whl (71 kB)
[2026-05-16 14:10:09] Collecting pydantic-settings>=2.0.0 (from fastapi[standard]>=0.115.0->vllm==0.19.0)
[2026-05-16 14:10:09]   Downloading pydantic_settings-2.14.1-py3-none-any.whl (60 kB)
[2026-05-16 14:10:09] Collecting pydantic-extra-types>=2.0.0 (from fastapi[standard]>=0.115.0->vllm==0.19.0)
[2026-05-16 14:10:09]   Downloading pydantic_extra_types-2.11.1-py3-none-any.whl (79 kB)
[2026-05-16 14:10:09] Collecting dnspython>=2.0.0 (from email-validator>=2.0.0->fastapi[standard]>=0.115.0->vllm==0.19.0)
[2026-05-16 14:10:09]   Downloading dnspython-2.8.0-py3-none-any.whl (331 kB)
[2026-05-16 14:10:09] Collecting rich-toolkit>=0.14.8 (from fastapi-cli>=0.0.8->fastapi-cli[standard]>=0.0.8; extra == "standard"->fastapi[standard]>=0.115.0->vllm==0.19.0)
[2026-05-16 14:10:09]   Downloading rich_toolkit-0.19.9-py3-none-any.whl (33 kB)
[2026-05-16 14:10:09] Collecting fastapi-cloud-cli>=0.1.1 (from fastapi-cli[standard]>=0.0.8; extra == "standard"->fastapi[standard]>=0.115.0->vllm==0.19.0)
[2026-05-16 14:10:10] Collecting pydantic-core==2.46.4 (from pydantic>=2.12.0->vllm==0.19.0)
[2026-05-16 14:10:10]   Using cached pydantic_core-2.46.4-cp312-cp312-manylinux_2_17_x86_64.manylinux2014_x86_64.whl (2.1 MB)
[2026-05-16 14:10:10] Collecting typing-inspection>=0.4.2 (from pydantic>=2.12.0->vllm==0.19.0)
[2026-05-16 14:10:10]   Using cached typing_inspection-0.4.2-py3-none-any.whl (14 kB)
[2026-05-16 14:10:10] Collecting annotated-doc>=0.0.2 (from fastapi>=0.115.0->fastapi[standard]>=0.115.0->vllm==0.19.0)
[2026-05-16 14:10:10]   Downloading annotated_doc-0.0.4-py3-none-any.whl (5.3 kB)
[2026-05-16 14:10:10] Collecting fastapi-cli>=0.0.8 (from fastapi-cli[standard]>=0.0.8; extra == "standard"->fastapi[standard]>=0.115.0->vllm==0.19.0)
[2026-05-16 14:10:10]   Downloading fastapi_cli-0.0.24-py3-none-any.whl (12 kB)
[2026-05-16 14:10:10] Collecting fastar>=0.9.0 (from fastapi[standard]>=0.115.0->vllm==0.19.0)
[2026-05-16 14:10:10]   Downloading fastar-0.11.0-cp312-cp312-manylinux_2_17_x86_64.manylinux2014_x86_64.whl (819 kB)
[2026-05-16 14:10:10]      ━━━━━━━━━━━━━━━━━━━━━━━━━━━━━━━━━━━━━━━━ 819.4/819.4 kB 38.2 MB/s  0:00:00
[2026-05-16 14:10:10] Collecting python-multipart>=0.0.18 (from fastapi[standard]>=0.115.0->vllm==0.19.0)
[2026-05-16 14:10:10]   Downloading python_multipart-0.0.28-py3-none-any.whl (29 kB)
[2026-05-16 14:10:10] Collecting email-validator>=2.0.0 (from fastapi[standard]>=0.115.0->vllm==0.19.0)
[2026-05-16 14:10:10]   Downloading email_validator-2.3.0-py3-none-any.whl (35 kB)
[2026-05-16 14:10:10] Collecting uvicorn>=0.12.0 (from uvicorn[standard]>=0.12.0; extra == "standard"->fastapi[standard]>=0.115.0->vllm==0.19.0)
[2026-05-16 14:10:10]   Downloading uvicorn-0.47.0-py3-none-any.whl (71 kB)
[2026-05-16 14:10:10] Collecting pydantic-settings>=2.0.0 (from fastapi[standard]>=0.115.0->vllm==0.19.0)
[2026-05-16 14:10:10]   Downloading pydantic_settings-2.14.1-py3-none-any.whl (60 kB)
[2026-05-16 14:10:10] Collecting pydantic-extra-types>=2.0.0 (from fastapi[standard]>=0.115.0->vllm==0.19.0)
[2026-05-16 14:10:10]   Downloading pydantic_extra_types-2.11.1-py3-none-any.whl (79 kB)
[2026-05-16 14:10:10] Collecting dnspython>=2.0.0 (from email-validator>=2.0.0->fastapi[standard]>=0.115.0->vllm==0.19.0)
[2026-05-16 14:10:10]   Downloading dnspython-2.8.0-py3-none-any.whl (331 kB)
[2026-05-16 14:10:10] Collecting rich-toolkit>=0.14.8 (from fastapi-cli>=0.0.8->fastapi-cli[standard]>=0.0.8; extra == "standard"->fastapi[standard]>=0.115.0->vllm==0.19.0)
[2026-05-16 14:10:10]   Downloading rich_toolkit-0.19.9-py3-none-any.whl (33 kB)
[2026-05-16 14:10:10] Collecting fastapi-cloud-cli>=0.1.1 (from fastapi-cli[standard]>=0.0.8; extra == "standard"->fastapi[standard]>=0.115.0->vllm==0.19.0)
[2026-05-16 14:10:10]   Downloading fastapi_cloud_cli-0.17.1-py3-none-any.whl (34 kB)
[2026-05-16 14:10:10]   Downloading fastapi_cloud_cli-0.17.1-py3-none-any.whl (34 kB)
[2026-05-16 14:10:10] Collecting rignore>=0.5.1 (from fastapi-cloud-cli>=0.1.1->fastapi-cli[standard]>=0.0.8; extra == "standard"->fastapi[standard]>=0.115.0->vllm==0.19.0)
[2026-05-16 14:10:10]   Downloading rignore-0.7.6-cp312-cp312-manylinux_2_17_x86_64.manylinux2014_x86_64.whl (959 kB)
[2026-05-16 14:10:10]      ━━━━━━━━━━━━━━━━━━━━━━━━━━━━━━━━━━━━━━━━ 959.8/959.8 kB 26.9 MB/s  0:00:00
[2026-05-16 14:10:10] Collecting sentry-sdk>=2.20.0 (from fastapi-cloud-cli>=0.1.1->fastapi-cli[standard]>=0.0.8; extra == "standard"->fastapi[standard]>=0.115.0->vllm==0.19.0)
[2026-05-16 14:10:10]   Using cached sentry_sdk-2.60.0-py3-none-any.whl (475 kB)
[2026-05-16 14:10:10] Requirement already satisfied: MarkupSafe>=2.0 in /mnt/workspace/venvs/.teacherVenv/lib/python3.12/site-packages (from jinja2->torch==2.10.0->vllm==0.19.0) (3.0.3)
[2026-05-16 14:10:10] Collecting jsonschema>=4.21.1 (from mistral_common>=1.10.0->mistral_common[image]>=1.10.0->vllm==0.19.0)
[2026-05-16 14:10:10]   Using cached jsonschema-4.26.0-py3-none-any.whl (90 kB)
[2026-05-16 14:10:10] Collecting jsonschema-specifications>=2023.03.6 (from jsonschema>=4.21.1->mistral_common>=1.10.0->mistral_common[image]>=1.10.0->vllm==0.19.0)
[2026-05-16 14:10:10]   Downloading jsonschema_specifications-2025.9.1-py3-none-any.whl (18 kB)
[2026-05-16 14:10:10] Collecting referencing>=0.28.4 (from jsonschema>=4.21.1->mistral_common>=1.10.0->mistral_common[image]>=1.10.0->vllm==0.19.0)
[2026-05-16 14:10:10]   Using cached referencing-0.37.0-py3-none-any.whl (26 kB)
[2026-05-16 14:10:10] Collecting rpds-py>=0.25.0 (from jsonschema>=4.21.1->mistral_common>=1.10.0->mistral_common[image]>=1.10.0->vllm==0.19.0)
[2026-05-16 14:10:10]   Using cached rpds_py-0.30.0-cp312-cp312-manylinux_2_17_x86_64.manylinux2014_x86_64.whl (394 kB)
[2026-05-16 14:10:10] Collecting nvidia-cutlass-dsl-libs-base==4.5.1 (from nvidia-cutlass-dsl>=4.4.0.dev1->vllm==0.19.0)
[2026-05-16 14:10:10]   Downloading nvidia_cutlass_dsl_libs_base-4.5.1-cp312-cp312-manylinux_2_28_x86_64.whl (74.5 MB)
[2026-05-16 14:10:11] Collecting rignore>=0.5.1 (from fastapi-cloud-cli>=0.1.1->fastapi-cli[standard]>=0.0.8; extra == "standard"->fastapi[standard]>=0.115.0->vllm==0.19.0)
[2026-05-16 14:10:11]   Downloading rignore-0.7.6-cp312-cp312-manylinux_2_17_x86_64.manylinux2014_x86_64.whl (959 kB)
[2026-05-16 14:10:11]      ━━━━━━━━━━━━━━━━━━━━━━━━━━━━━━━━━━━━━━━━ 959.8/959.8 kB 32.3 MB/s  0:00:00
[2026-05-16 14:10:11] Collecting sentry-sdk>=2.20.0 (from fastapi-cloud-cli>=0.1.1->fastapi-cli[standard]>=0.0.8; extra == "standard"->fastapi[standard]>=0.115.0->vllm==0.19.0)
[2026-05-16 14:10:11]   Using cached sentry_sdk-2.60.0-py3-none-any.whl (475 kB)
[2026-05-16 14:10:11] Requirement already satisfied: MarkupSafe>=2.0 in /mnt/workspace/venvs/.teacherVenv/lib/python3.12/site-packages (from jinja2->torch==2.10.0->vllm==0.19.0) (3.0.3)
[2026-05-16 14:10:11] Collecting jsonschema>=4.21.1 (from mistral_common>=1.10.0->mistral_common[image]>=1.10.0->vllm==0.19.0)
[2026-05-16 14:10:11]   Using cached jsonschema-4.26.0-py3-none-any.whl (90 kB)
[2026-05-16 14:10:11] Collecting jsonschema-specifications>=2023.03.6 (from jsonschema>=4.21.1->mistral_common>=1.10.0->mistral_common[image]>=1.10.0->vllm==0.19.0)
[2026-05-16 14:10:11]   Downloading jsonschema_specifications-2025.9.1-py3-none-any.whl (18 kB)
[2026-05-16 14:10:11] Collecting referencing>=0.28.4 (from jsonschema>=4.21.1->mistral_common>=1.10.0->mistral_common[image]>=1.10.0->vllm==0.19.0)
[2026-05-16 14:10:11]   Using cached referencing-0.37.0-py3-none-any.whl (26 kB)
[2026-05-16 14:10:11] Collecting rpds-py>=0.25.0 (from jsonschema>=4.21.1->mistral_common>=1.10.0->mistral_common[image]>=1.10.0->vllm==0.19.0)
[2026-05-16 14:10:11]   Using cached rpds_py-0.30.0-cp312-cp312-manylinux_2_17_x86_64.manylinux2014_x86_64.whl (394 kB)
[2026-05-16 14:10:11] Collecting nvidia-cutlass-dsl-libs-base==4.5.1 (from nvidia-cutlass-dsl>=4.4.0.dev1->vllm==0.19.0)
[2026-05-16 14:10:11]   Downloading nvidia_cutlass_dsl_libs_base-4.5.1-cp312-cp312-manylinux_2_28_x86_64.whl (74.5 MB)
[2026-05-16 14:10:12]      ━━━━━━━━━━━━━━━━━━━━━━━━━━━━━━━━━━━━━━━━ 74.5/74.5 MB 40.8 MB/s  0:00:01
[2026-05-16 14:10:12] Collecting cuda-python>=12.8 (from nvidia-cutlass-dsl-libs-base==4.5.1->nvidia-cutlass-dsl>=4.4.0.dev1->vllm==0.19.0)
[2026-05-16 14:10:12]   Downloading cuda_python-13.2.0-py3-none-any.whl (8.1 kB)
[2026-05-16 14:10:13] INFO: pip is looking at multiple versions of cuda-python to determine which version is compatible with other requirements. This could take a while.
[2026-05-16 14:10:13]   Downloading cuda_python-13.1.1-py3-none-any.whl (8.0 kB)
[2026-05-16 14:10:13]   Downloading cuda_python-13.1.0-py3-none-any.whl (7.6 kB)
[2026-05-16 14:10:13]   Downloading cuda_python-13.0.3-py3-none-any.whl (7.6 kB)
[2026-05-16 14:10:13]   Downloading cuda_python-13.0.2-py3-none-any.whl (7.6 kB)
[2026-05-16 14:10:13]   Downloading cuda_python-13.0.1-py3-none-any.whl (7.6 kB)
[2026-05-16 14:10:13]   Downloading cuda_python-13.0.0-py3-none-any.whl (7.6 kB)
[2026-05-16 14:10:13]   Downloading cuda_python-12.9.6-py3-none-any.whl (7.6 kB)
[2026-05-16 14:10:13] INFO: pip is still looking at multiple versions of cuda-python to determine which version is compatible with other requirements. This could take a while.
[2026-05-16 14:10:13]   Downloading cuda_python-12.9.5-py3-none-any.whl (7.6 kB)
[2026-05-16 14:10:13]   Downloading cuda_python-12.9.4-py3-none-any.whl (7.6 kB)
[2026-05-16 14:10:13] Collecting importlib-metadata<8.8.0,>=6.0 (from opentelemetry-api>=1.27.0->vllm==0.19.0)
[2026-05-16 14:10:13]   Downloading importlib_metadata-8.7.1-py3-none-any.whl (27 kB)
[2026-05-16 14:10:13]      ━━━━━━━━━━━━━━━━━━━━━━━━━━━━━━━━━━━━━━━━ 74.5/74.5 MB 42.1 MB/s  0:00:01
[2026-05-16 14:10:13] Collecting cuda-python>=12.8 (from nvidia-cutlass-dsl-libs-base==4.5.1->nvidia-cutlass-dsl>=4.4.0.dev1->vllm==0.19.0)
[2026-05-16 14:10:13]   Downloading cuda_python-13.2.0-py3-none-any.whl (8.1 kB)
[2026-05-16 14:10:13] INFO: pip is looking at multiple versions of cuda-python to determine which version is compatible with other requirements. This could take a while.
[2026-05-16 14:10:13]   Downloading cuda_python-13.1.1-py3-none-any.whl (8.0 kB)
[2026-05-16 14:10:13]   Downloading cuda_python-13.1.0-py3-none-any.whl (7.6 kB)
[2026-05-16 14:10:13]   Downloading cuda_python-13.0.3-py3-none-any.whl (7.6 kB)
[2026-05-16 14:10:13]   Downloading cuda_python-13.0.2-py3-none-any.whl (7.6 kB)
[2026-05-16 14:10:13]   Downloading cuda_python-13.0.1-py3-none-any.whl (7.6 kB)
[2026-05-16 14:10:13]   Downloading cuda_python-13.0.0-py3-none-any.whl (7.6 kB)
[2026-05-16 14:10:13]   Downloading cuda_python-12.9.6-py3-none-any.whl (7.6 kB)
[2026-05-16 14:10:13] INFO: pip is still looking at multiple versions of cuda-python to determine which version is compatible with other requirements. This could take a while.
[2026-05-16 14:10:13]   Downloading cuda_python-12.9.5-py3-none-any.whl (7.6 kB)
[2026-05-16 14:10:13]   Downloading cuda_python-12.9.4-py3-none-any.whl (7.6 kB)
[2026-05-16 14:10:14] Collecting zipp>=3.20 (from importlib-metadata<8.8.0,>=6.0->opentelemetry-api>=1.27.0->vllm==0.19.0)
[2026-05-16 14:10:14]   Downloading zipp-3.23.1-py3-none-any.whl (10 kB)
[2026-05-16 14:10:14] Collecting opentelemetry-exporter-otlp-proto-grpc==1.41.1 (from opentelemetry-exporter-otlp>=1.27.0->vllm==0.19.0)
[2026-05-16 14:10:14]   Downloading opentelemetry_exporter_otlp_proto_grpc-1.41.1-py3-none-any.whl (20 kB)
[2026-05-16 14:10:14] Collecting opentelemetry-exporter-otlp-proto-http==1.41.1 (from opentelemetry-exporter-otlp>=1.27.0->vllm==0.19.0)
[2026-05-16 14:10:14]   Downloading opentelemetry_exporter_otlp_proto_http-1.41.1-py3-none-any.whl (22 kB)
[2026-05-16 14:10:14] Collecting googleapis-common-protos~=1.57 (from opentelemetry-exporter-otlp-proto-grpc==1.41.1->opentelemetry-exporter-otlp>=1.27.0->vllm==0.19.0)
[2026-05-16 14:10:14]   Downloading googleapis_common_protos-1.75.0-py3-none-any.whl (300 kB)
[2026-05-16 14:10:14] Collecting grpcio<2.0.0,>=1.63.2 (from opentelemetry-exporter-otlp-proto-grpc==1.41.1->opentelemetry-exporter-otlp>=1.27.0->vllm==0.19.0)
[2026-05-16 14:10:14]   Using cached grpcio-1.80.0-cp312-cp312-manylinux2014_x86_64.manylinux_2_17_x86_64.whl (6.8 MB)
[2026-05-16 14:10:14] Collecting opentelemetry-exporter-otlp-proto-common==1.41.1 (from opentelemetry-exporter-otlp-proto-grpc==1.41.1->opentelemetry-exporter-otlp>=1.27.0->vllm==0.19.0)
[2026-05-16 14:10:14]   Downloading opentelemetry_exporter_otlp_proto_common-1.41.1-py3-none-any.whl (18 kB)
[2026-05-16 14:10:14] Collecting opentelemetry-proto==1.41.1 (from opentelemetry-exporter-otlp-proto-grpc==1.41.1->opentelemetry-exporter-otlp>=1.27.0->vllm==0.19.0)
[2026-05-16 14:10:14]   Using cached opentelemetry_proto-1.41.1-py3-none-any.whl (72 kB)
[2026-05-16 14:10:14] Collecting protobuf!=6.30.*,!=6.31.*,!=6.32.*,!=6.33.0.*,!=6.33.1.*,!=6.33.2.*,!=6.33.3.*,!=6.33.4.*,>=5.29.6 (from vllm==0.19.0)
[2026-05-16 14:10:14]   Downloading protobuf-6.33.6-cp39-abi3-manylinux2014_x86_64.whl (323 kB)
[2026-05-16 14:10:14] Collecting importlib-metadata<8.8.0,>=6.0 (from opentelemetry-api>=1.27.0->vllm==0.19.0)
[2026-05-16 14:10:14]   Downloading importlib_metadata-8.7.1-py3-none-any.whl (27 kB)
[2026-05-16 14:10:14] Collecting zipp>=3.20 (from importlib-metadata<8.8.0,>=6.0->opentelemetry-api>=1.27.0->vllm==0.19.0)
[2026-05-16 14:10:14]   Downloading zipp-3.23.1-py3-none-any.whl (10 kB)
[2026-05-16 14:10:14] Collecting opentelemetry-exporter-otlp-proto-grpc==1.41.1 (from opentelemetry-exporter-otlp>=1.27.0->vllm==0.19.0)
[2026-05-16 14:10:14]   Downloading opentelemetry_exporter_otlp_proto_grpc-1.41.1-py3-none-any.whl (20 kB)
[2026-05-16 14:10:14] Collecting opentelemetry-exporter-otlp-proto-http==1.41.1 (from opentelemetry-exporter-otlp>=1.27.0->vllm==0.19.0)
[2026-05-16 14:10:14]   Downloading opentelemetry_exporter_otlp_proto_http-1.41.1-py3-none-any.whl (22 kB)
[2026-05-16 14:10:14] Collecting googleapis-common-protos~=1.57 (from opentelemetry-exporter-otlp-proto-grpc==1.41.1->opentelemetry-exporter-otlp>=1.27.0->vllm==0.19.0)
[2026-05-16 14:10:14]   Downloading googleapis_common_protos-1.75.0-py3-none-any.whl (300 kB)
[2026-05-16 14:10:14] Collecting grpcio<2.0.0,>=1.63.2 (from opentelemetry-exporter-otlp-proto-grpc==1.41.1->opentelemetry-exporter-otlp>=1.27.0->vllm==0.19.0)
[2026-05-16 14:10:14]   Using cached grpcio-1.80.0-cp312-cp312-manylinux2014_x86_64.manylinux_2_17_x86_64.whl (6.8 MB)
[2026-05-16 14:10:14] Collecting opentelemetry-exporter-otlp-proto-common==1.41.1 (from opentelemetry-exporter-otlp-proto-grpc==1.41.1->opentelemetry-exporter-otlp>=1.27.0->vllm==0.19.0)
[2026-05-16 14:10:14]   Downloading opentelemetry_exporter_otlp_proto_common-1.41.1-py3-none-any.whl (18 kB)
[2026-05-16 14:10:14] Collecting opentelemetry-proto==1.41.1 (from opentelemetry-exporter-otlp-proto-grpc==1.41.1->opentelemetry-exporter-otlp>=1.27.0->vllm==0.19.0)
[2026-05-16 14:10:14]   Using cached opentelemetry_proto-1.41.1-py3-none-any.whl (72 kB)
[2026-05-16 14:10:14] Collecting protobuf!=6.30.*,!=6.31.*,!=6.32.*,!=6.33.0.*,!=6.33.1.*,!=6.33.2.*,!=6.33.3.*,!=6.33.4.*,>=5.29.6 (from vllm==0.19.0)
[2026-05-16 14:10:14]   Downloading protobuf-6.33.6-cp39-abi3-manylinux2014_x86_64.whl (323 kB)
[2026-05-16 14:10:15] Collecting opentelemetry-semantic-conventions==0.62b1 (from opentelemetry-sdk>=1.27.0->vllm==0.19.0)
[2026-05-16 14:10:15]   Using cached opentelemetry_semantic_conventions-0.62b1-py3-none-any.whl (231 kB)
[2026-05-16 14:10:15] Collecting charset_normalizer<4,>=2 (from requests>=2.32.2->datasets==4.8.4)
[2026-05-16 14:10:15]   Using cached charset_normalizer-3.4.7-cp312-cp312-manylinux2014_x86_64.manylinux_2_17_x86_64.manylinux_2_28_x86_64.whl (216 kB)
[2026-05-16 14:10:15] Collecting urllib3<3,>=1.26 (from requests>=2.32.2->datasets==4.8.4)
[2026-05-16 14:10:15]   Using cached urllib3-2.7.0-py3-none-any.whl (131 kB)
[2026-05-16 14:10:15] Collecting starlette>=0.49.1 (from model-hosting-container-standards<1.0.0,>=0.1.13->vllm==0.19.0)
[2026-05-16 14:10:15]   Downloading starlette-0.52.1-py3-none-any.whl (74 kB)
[2026-05-16 14:10:15] Collecting pycountry>=23 (from pydantic-extra-types[pycountry]>=2.10.5->mistral_common>=1.10.0->mistral_common[image]>=1.10.0->vllm==0.19.0)
[2026-05-16 14:10:15]   Downloading pycountry-26.2.16-py3-none-any.whl (8.0 MB)
[2026-05-16 14:10:15]      ━━━━━━━━━━━━━━━━━━━━━━━━━━━━━━━━━━━━━━━━ 8.0/8.0 MB 41.3 MB/s  0:00:00
[2026-05-16 14:10:15] Collecting python-dotenv>=0.21.0 (from pydantic-settings>=2.0.0->fastapi[standard]>=0.115.0->vllm==0.19.0)
[2026-05-16 14:10:15]   Downloading python_dotenv-1.2.2-py3-none-any.whl (22 kB)
[2026-05-16 14:10:15] Collecting torch-c-dlpack-ext (from quack-kernels>=0.2.7->vllm==0.19.0)
[2026-05-16 14:10:15]   Downloading torch_c_dlpack_ext-0.1.5-cp312-cp312-manylinux_2_24_x86_64.manylinux_2_28_x86_64.whl (897 kB)
[2026-05-16 14:10:15]      ━━━━━━━━━━━━━━━━━━━━━━━━━━━━━━━━━━━━━━━━ 897.8/897.8 kB 21.8 MB/s  0:00:00
[2026-05-16 14:10:15] Collecting rich>=13.7.1 (from rich-toolkit>=0.14.8->fastapi-cli>=0.0.8->fastapi-cli[standard]>=0.0.8; extra == "standard"->fastapi[standard]>=0.115.0->vllm==0.19.0)
[2026-05-16 14:10:15]   Downloading rich-15.0.0-py3-none-any.whl (310 kB)
[2026-05-16 14:10:15] Collecting markdown-it-py>=2.2.0 (from rich>=13.7.1->rich-toolkit>=0.14.8->fastapi-cli>=0.0.8->fastapi-cli[standard]>=0.0.8; extra == "standard"->fastapi[standard]>=0.115.0->vllm==0.19.0)
[2026-05-16 14:10:15]   Using cached markdown_it_py-4.2.0-py3-none-any.whl (91 kB)
[2026-05-16 14:10:15] Collecting pygments<3.0.0,>=2.13.0 (from rich>=13.7.1->rich-toolkit>=0.14.8->fastapi-cli>=0.0.8->fastapi-cli[standard]>=0.0.8; extra == "standard"->fastapi[standard]>=0.115.0->vllm==0.19.0)
[2026-05-16 14:10:15]   Using cached pygments-2.20.0-py3-none-any.whl (1.2 MB)
[2026-05-16 14:10:15] Collecting mdurl~=0.1 (from markdown-it-py>=2.2.0->rich>=13.7.1->rich-toolkit>=0.14.8->fastapi-cli>=0.0.8->fastapi-cli[standard]>=0.0.8; extra == "standard"->fastapi[standard]>=0.115.0->vllm==0.19.0)
[2026-05-16 14:10:15]   Using cached mdurl-0.1.2-py3-none-any.whl (10.0 kB)
[2026-05-16 14:10:15] Requirement already satisfied: mpmath<1.4,>=1.1.0 in /mnt/workspace/venvs/.teacherVenv/lib/python3.12/site-packages (from sympy>=1.13.3->torch==2.10.0->vllm==0.19.0) (1.3.0)
[2026-05-16 14:10:15] Collecting shellingham>=1.3.0 (from typer>=0.20.0->huggingface-hub<2.0,>=0.25.0->datasets==4.8.4)
[2026-05-16 14:10:15]   Using cached shellingham-1.5.4-py2.py3-none-any.whl (9.8 kB)
[2026-05-16 14:10:15] Collecting httptools>=0.6.3 (from uvicorn[standard]>=0.12.0; extra == "standard"->fastapi[standard]>=0.115.0->vllm==0.19.0)
[2026-05-16 14:10:15]   Downloading httptools-0.7.1-cp312-cp312-manylinux1_x86_64.manylinux_2_28_x86_64.manylinux_2_5_x86_64.whl (517 kB)
[2026-05-16 14:10:15] Collecting opentelemetry-semantic-conventions==0.62b1 (from opentelemetry-sdk>=1.27.0->vllm==0.19.0)
[2026-05-16 14:10:15]   Using cached opentelemetry_semantic_conventions-0.62b1-py3-none-any.whl (231 kB)
[2026-05-16 14:10:15] Collecting charset_normalizer<4,>=2 (from requests>=2.32.2->datasets==4.8.4)
[2026-05-16 14:10:15]   Using cached charset_normalizer-3.4.7-cp312-cp312-manylinux2014_x86_64.manylinux_2_17_x86_64.manylinux_2_28_x86_64.whl (216 kB)
[2026-05-16 14:10:15] Collecting urllib3<3,>=1.26 (from requests>=2.32.2->datasets==4.8.4)
[2026-05-16 14:10:15]   Using cached urllib3-2.7.0-py3-none-any.whl (131 kB)
[2026-05-16 14:10:15] Collecting starlette>=0.49.1 (from model-hosting-container-standards<1.0.0,>=0.1.13->vllm==0.19.0)
[2026-05-16 14:10:15]   Downloading starlette-0.52.1-py3-none-any.whl (74 kB)
[2026-05-16 14:10:15] Collecting pycountry>=23 (from pydantic-extra-types[pycountry]>=2.10.5->mistral_common>=1.10.0->mistral_common[image]>=1.10.0->vllm==0.19.0)
[2026-05-16 14:10:15]   Downloading pycountry-26.2.16-py3-none-any.whl (8.0 MB)
[2026-05-16 14:10:15]      ━━━━━━━━━━━━━━━━━━━━━━━━━━━━━━━━━━━━━━━━ 8.0/8.0 MB 42.0 MB/s  0:00:00
[2026-05-16 14:10:15] Collecting python-dotenv>=0.21.0 (from pydantic-settings>=2.0.0->fastapi[standard]>=0.115.0->vllm==0.19.0)
[2026-05-16 14:10:15]   Downloading python_dotenv-1.2.2-py3-none-any.whl (22 kB)
[2026-05-16 14:10:15] Collecting torch-c-dlpack-ext (from quack-kernels>=0.2.7->vllm==0.19.0)
[2026-05-16 14:10:15]   Downloading torch_c_dlpack_ext-0.1.5-cp312-cp312-manylinux_2_24_x86_64.manylinux_2_28_x86_64.whl (897 kB)
[2026-05-16 14:10:15]      ━━━━━━━━━━━━━━━━━━━━━━━━━━━━━━━━━━━━━━━━ 897.8/897.8 kB 22.3 MB/s  0:00:00
[2026-05-16 14:10:15] Collecting rich>=13.7.1 (from rich-toolkit>=0.14.8->fastapi-cli>=0.0.8->fastapi-cli[standard]>=0.0.8; extra == "standard"->fastapi[standard]>=0.115.0->vllm==0.19.0)
[2026-05-16 14:10:15]   Downloading rich-15.0.0-py3-none-any.whl (310 kB)
[2026-05-16 14:10:15] Collecting markdown-it-py>=2.2.0 (from rich>=13.7.1->rich-toolkit>=0.14.8->fastapi-cli>=0.0.8->fastapi-cli[standard]>=0.0.8; extra == "standard"->fastapi[standard]>=0.115.0->vllm==0.19.0)
[2026-05-16 14:10:15]   Using cached markdown_it_py-4.2.0-py3-none-any.whl (91 kB)
[2026-05-16 14:10:15] Collecting pygments<3.0.0,>=2.13.0 (from rich>=13.7.1->rich-toolkit>=0.14.8->fastapi-cli>=0.0.8->fastapi-cli[standard]>=0.0.8; extra == "standard"->fastapi[standard]>=0.115.0->vllm==0.19.0)
[2026-05-16 14:10:15]   Using cached pygments-2.20.0-py3-none-any.whl (1.2 MB)
[2026-05-16 14:10:15] Collecting mdurl~=0.1 (from markdown-it-py>=2.2.0->rich>=13.7.1->rich-toolkit>=0.14.8->fastapi-cli>=0.0.8->fastapi-cli[standard]>=0.0.8; extra == "standard"->fastapi[standard]>=0.115.0->vllm==0.19.0)
[2026-05-16 14:10:15]   Using cached mdurl-0.1.2-py3-none-any.whl (10.0 kB)
[2026-05-16 14:10:15] Requirement already satisfied: mpmath<1.4,>=1.1.0 in /mnt/workspace/venvs/.teacherVenv/lib/python3.12/site-packages (from sympy>=1.13.3->torch==2.10.0->vllm==0.19.0) (1.3.0)
[2026-05-16 14:10:15] Collecting shellingham>=1.3.0 (from typer>=0.20.0->huggingface-hub<2.0,>=0.25.0->datasets==4.8.4)
[2026-05-16 14:10:15]   Using cached shellingham-1.5.4-py2.py3-none-any.whl (9.8 kB)
[2026-05-16 14:10:15] Collecting httptools>=0.6.3 (from uvicorn[standard]>=0.12.0; extra == "standard"->fastapi[standard]>=0.115.0->vllm==0.19.0)
[2026-05-16 14:10:15]   Downloading httptools-0.7.1-cp312-cp312-manylinux1_x86_64.manylinux_2_28_x86_64.manylinux_2_5_x86_64.whl (517 kB)
[2026-05-16 14:10:16] Collecting uvloop>=0.15.1 (from uvicorn[standard]>=0.12.0; extra == "standard"->fastapi[standard]>=0.115.0->vllm==0.19.0)
[2026-05-16 14:10:16]   Downloading uvloop-0.22.1-cp312-cp312-manylinux2014_x86_64.manylinux_2_17_x86_64.manylinux_2_28_x86_64.whl (4.4 MB)
[2026-05-16 14:10:16]      ━━━━━━━━━━━━━━━━━━━━━━━━━━━━━━━━━━━━━━━━ 4.4/4.4 MB 36.6 MB/s  0:00:00
[2026-05-16 14:10:16] Collecting websockets>=10.4 (from uvicorn[standard]>=0.12.0; extra == "standard"->fastapi[standard]>=0.115.0->vllm==0.19.0)
[2026-05-16 14:10:16]   Downloading websockets-16.0-cp312-cp312-manylinux1_x86_64.manylinux_2_28_x86_64.manylinux_2_5_x86_64.whl (184 kB)
[2026-05-16 14:10:16] Collecting httpx-sse>=0.4 (from mcp->vllm==0.19.0)
[2026-05-16 14:10:16]   Downloading httpx_sse-0.4.3-py3-none-any.whl (9.0 kB)
[2026-05-16 14:10:16] Collecting pyjwt>=2.10.1 (from pyjwt[crypto]>=2.10.1->mcp->vllm==0.19.0)
[2026-05-16 14:10:16]   Downloading pyjwt-2.12.1-py3-none-any.whl (29 kB)
[2026-05-16 14:10:16] Collecting sse-starlette>=1.6.1 (from mcp->vllm==0.19.0)
[2026-05-16 14:10:16]   Downloading sse_starlette-3.4.4-py3-none-any.whl (16 kB)
[2026-05-16 14:10:16] Collecting cryptography>=3.4.0 (from pyjwt[crypto]>=2.10.1->mcp->vllm==0.19.0)
[2026-05-16 14:10:16]   Downloading cryptography-48.0.0-cp311-abi3-manylinux_2_34_x86_64.whl (4.7 MB)
[2026-05-16 14:10:16]      ━━━━━━━━━━━━━━━━━━━━━━━━━━━━━━━━━━━━━━━━ 4.7/4.7 MB 38.4 MB/s  0:00:00
[2026-05-16 14:10:16] Collecting cffi>=2.0.0 (from cryptography>=3.4.0->pyjwt[crypto]>=2.10.1->mcp->vllm==0.19.0)
[2026-05-16 14:10:16]   Using cached cffi-2.0.0-cp312-cp312-manylinux2014_x86_64.manylinux_2_17_x86_64.whl (219 kB)
[2026-05-16 14:10:16] Collecting pycparser (from cffi>=2.0.0->cryptography>=3.4.0->pyjwt[crypto]>=2.10.1->mcp->vllm==0.19.0)
[2026-05-16 14:10:16]   Downloading pycparser-3.0-py3-none-any.whl (48 kB)
[2026-05-16 14:10:16] Collecting uvloop>=0.15.1 (from uvicorn[standard]>=0.12.0; extra == "standard"->fastapi[standard]>=0.115.0->vllm==0.19.0)
[2026-05-16 14:10:16]   Downloading uvloop-0.22.1-cp312-cp312-manylinux2014_x86_64.manylinux_2_17_x86_64.manylinux_2_28_x86_64.whl (4.4 MB)
[2026-05-16 14:10:16]      ━━━━━━━━━━━━━━━━━━━━━━━━━━━━━━━━━━━━━━━━ 4.4/4.4 MB 41.9 MB/s  0:00:00
[2026-05-16 14:10:16] Collecting websockets>=10.4 (from uvicorn[standard]>=0.12.0; extra == "standard"->fastapi[standard]>=0.115.0->vllm==0.19.0)
[2026-05-16 14:10:16]   Downloading websockets-16.0-cp312-cp312-manylinux1_x86_64.manylinux_2_28_x86_64.manylinux_2_5_x86_64.whl (184 kB)
[2026-05-16 14:10:16] Collecting httpx-sse>=0.4 (from mcp->vllm==0.19.0)
[2026-05-16 14:10:16]   Downloading httpx_sse-0.4.3-py3-none-any.whl (9.0 kB)
[2026-05-16 14:10:16] Collecting pyjwt>=2.10.1 (from pyjwt[crypto]>=2.10.1->mcp->vllm==0.19.0)
[2026-05-16 14:10:16]   Downloading pyjwt-2.12.1-py3-none-any.whl (29 kB)
[2026-05-16 14:10:16] Collecting sse-starlette>=1.6.1 (from mcp->vllm==0.19.0)
[2026-05-16 14:10:16]   Downloading sse_starlette-3.4.4-py3-none-any.whl (16 kB)
[2026-05-16 14:10:16] Collecting cryptography>=3.4.0 (from pyjwt[crypto]>=2.10.1->mcp->vllm==0.19.0)
[2026-05-16 14:10:16]   Downloading cryptography-48.0.0-cp311-abi3-manylinux_2_34_x86_64.whl (4.7 MB)
[2026-05-16 14:10:16]      ━━━━━━━━━━━━━━━━━━━━━━━━━━━━━━━━━━━━━━━━ 4.7/4.7 MB 42.7 MB/s  0:00:00
[2026-05-16 14:10:16] Collecting cffi>=2.0.0 (from cryptography>=3.4.0->pyjwt[crypto]>=2.10.1->mcp->vllm==0.19.0)
[2026-05-16 14:10:16]   Using cached cffi-2.0.0-cp312-cp312-manylinux2014_x86_64.manylinux_2_17_x86_64.whl (219 kB)
[2026-05-16 14:10:16] Collecting pycparser (from cffi>=2.0.0->cryptography>=3.4.0->pyjwt[crypto]>=2.10.1->mcp->vllm==0.19.0)
[2026-05-16 14:10:16]   Downloading pycparser-3.0-py3-none-any.whl (48 kB)
[2026-05-16 14:10:16] Collecting python-dateutil>=2.8.2 (from pandas->datasets==4.8.4)
[2026-05-16 14:10:16]   Using cached python_dateutil-2.9.0.post0-py2.py3-none-any.whl (229 kB)
[2026-05-16 14:10:17] Installing collected packages: supervisor, py-cpuinfo, nvidia-ml-py, zipp, xxhash, websockets, uvloop, urllib3, typing-inspection, tqdm, tabulate, sniffio, six, shellingham, setuptools, setproctitle, sentencepiece, safetensors, rpds-py, rignore, regex, pyzmq, pyyaml, python-multipart, python-json-logger, python-dotenv, pyjwt, pygments, pydantic-core, pycparser, pycountry, pybase64, pyarrow, psutil, protobuf, propcache, prometheus_client, partial-json-parser, outlines_core, nvidia-cudnn-frontend, numpy, ninja, multidict, msgspec, mdurl, loguru, llvmlite, llguidance, lark, jmespath, jiter, interegular, ijson, idna, httpx-sse, httptools, hf-xet, h11, grpcio, fsspec, frozenlist, flashinfer-cubin, fastar, einops, docstring-parser, dnspython, distro, diskcache, dill, cloudpickle, click, charset_normalizer, certifi, cbor2, cachetools, blake3, attrs, astor, apache-tvm-ffi, annotated-types, annotated-doc, aiohappyeyeballs, yarl, uvicorn, sentry-sdk, requests, referencing, python-dateutil, pydantic, opentelemetry-proto, opencv-python-headless, numba, multiprocess, markdown-it-py, importlib-metadata, httpcore, googleapis-common-protos, email-validator, depyf, cuda-python, cffi, anyio, aiosignal, watchfiles, tiktoken, starlette, rich, pydantic-settings, pydantic-extra-types, pandas, opentelemetry-exporter-otlp-proto-common, opentelemetry-api, openai-harmony, nvidia-cutlass-dsl-libs-base, lm-format-enforcer, jsonschema-specifications, huggingface-hub, httpx, gguf, cryptography, aiohttp, typer, torch-c-dlpack-ext, tokenizers, sse-starlette, rich-toolkit, prometheus-fastapi-instrumentator, opentelemetry-semantic-conventions, openai, nvidia-cutlass-dsl, jsonschema, fastapi, anthropic, transformers, quack-kernels, opentelemetry-sdk, model-hosting-container-standards, mistral_common, mcp, flashinfer-python, fastapi-cloud-cli, fastapi-cli, datasets, xgrammar, opentelemetry-semantic-conventions-ai, opentelemetry-exporter-otlp-proto-http, opentelemetry-exporter-otlp-proto-grpc, compressed-tensors, opentelemetry-exporter-otlp, vllm
[2026-05-16 14:10:17] Collecting python-dateutil>=2.8.2 (from pandas->datasets==4.8.4)
[2026-05-16 14:10:17]   Using cached python_dateutil-2.9.0.post0-py2.py3-none-any.whl (229 kB)
[2026-05-16 14:10:17] Installing collected packages: supervisor, py-cpuinfo, nvidia-ml-py, zipp, xxhash, websockets, uvloop, urllib3, typing-inspection, tqdm, tabulate, sniffio, six, shellingham, setuptools, setproctitle, sentencepiece, safetensors, rpds-py, rignore, regex, pyzmq, pyyaml, python-multipart, python-json-logger, python-dotenv, pyjwt, pygments, pydantic-core, pycparser, pycountry, pybase64, pyarrow, psutil, protobuf, propcache, prometheus_client, partial-json-parser, outlines_core, nvidia-cudnn-frontend, numpy, ninja, multidict, msgspec, mdurl, loguru, llvmlite, llguidance, lark, jmespath, jiter, interegular, ijson, idna, httpx-sse, httptools, hf-xet, h11, grpcio, fsspec, frozenlist, flashinfer-cubin, fastar, einops, docstring-parser, dnspython, distro, diskcache, dill, cloudpickle, click, charset_normalizer, certifi, cbor2, cachetools, blake3, attrs, astor, apache-tvm-ffi, annotated-types, annotated-doc, aiohappyeyeballs, yarl, uvicorn, sentry-sdk, requests, referencing, python-dateutil, pydantic, opentelemetry-proto, opencv-python-headless, numba, multiprocess, markdown-it-py, importlib-metadata, httpcore, googleapis-common-protos, email-validator, depyf, cuda-python, cffi, anyio, aiosignal, watchfiles, tiktoken, starlette, rich, pydantic-settings, pydantic-extra-types, pandas, opentelemetry-exporter-otlp-proto-common, opentelemetry-api, openai-harmony, nvidia-cutlass-dsl-libs-base, lm-format-enforcer, jsonschema-specifications, huggingface-hub, httpx, gguf, cryptography, aiohttp, typer, torch-c-dlpack-ext, tokenizers, sse-starlette, rich-toolkit, prometheus-fastapi-instrumentator, opentelemetry-semantic-conventions, openai, nvidia-cutlass-dsl, jsonschema, fastapi, anthropic, transformers, quack-kernels, opentelemetry-sdk, model-hosting-container-standards, mistral_common, mcp, flashinfer-python, fastapi-cloud-cli, fastapi-cli, datasets, xgrammar, opentelemetry-semantic-conventions-ai, opentelemetry-exporter-otlp-proto-http, opentelemetry-exporter-otlp-proto-grpc, compressed-tensors, opentelemetry-exporter-otlp, vllm
[2026-05-16 14:10:18]   Attempting uninstall: setuptools
[2026-05-16 14:10:18]     Found existing installation: setuptools 82.0.1
[2026-05-16 14:10:18]     Uninstalling setuptools-82.0.1:
[2026-05-16 14:10:18]       Successfully uninstalled setuptools-82.0.1
[2026-05-16 14:10:18]   Attempting uninstall: setuptools
[2026-05-16 14:10:18]     Found existing installation: setuptools 82.0.1
[2026-05-16 14:10:18]     Uninstalling setuptools-82.0.1:
[2026-05-16 14:10:18]       Successfully uninstalled setuptools-82.0.1
[2026-05-16 14:10:21]   Attempting uninstall: numpy
[2026-05-16 14:10:21]     Found existing installation: numpy 2.4.5
[2026-05-16 14:10:21]     Uninstalling numpy-2.4.5:
[2026-05-16 14:10:21]       Successfully uninstalled numpy-2.4.5
[2026-05-16 14:10:21]   Attempting uninstall: numpy
[2026-05-16 14:10:21]     Found existing installation: numpy 2.4.5
[2026-05-16 14:10:21]     Uninstalling numpy-2.4.5:
[2026-05-16 14:10:21]       Successfully uninstalled numpy-2.4.5
[2026-05-16 14:10:24]   Attempting uninstall: fsspec
[2026-05-16 14:10:24]     Found existing installation: fsspec 2026.4.0
[2026-05-16 14:10:24]     Uninstalling fsspec-2026.4.0:
[2026-05-16 14:10:24]       Successfully uninstalled fsspec-2026.4.0
[2026-05-16 14:10:25]   Attempting uninstall: fsspec
[2026-05-16 14:10:25]     Found existing installation: fsspec 2026.4.0
[2026-05-16 14:10:25]     Uninstalling fsspec-2026.4.0:
[2026-05-16 14:10:25]       Successfully uninstalled fsspec-2026.4.0
[2026-05-16 14:10:29] [2026-05-16 14:10:29,827 AIMaster] (job_monitor_controller_k8s.py 1099) INFO: All workers: 2, running: 2, failed: 0, pending: 0
[2026-05-16 14:10:38] [2026-05-16 14:10:38,541 AIMaster] (config.py 347) INFO: Try loading config from pai-aimaster-new configmap.
[2026-05-16 14:10:56] [2026-05-16 14:10:56,625 AIMaster] (job_event_collector.py 135) WARNING: Failed to watch pods, exception: ("Connection broken: ConnectionResetError(104, 'Connection reset by peer')", ConnectionResetError(104, 'Connection reset by peer'))
[2026-05-16 14:11:00] [2026-05-16 14:10:59,991 AIMaster] (job_monitor_controller_k8s.py 1099) INFO: All workers: 2, running: 2, failed: 0, pending: 0
[2026-05-16 14:11:00] [2026-05-16 14:10:59,991 AIMaster] (ops_reported_error_detector.py 103) INFO: Detecting whether the job is affected by errors reported by ops platform.
[2026-05-16 14:11:03] 
[2026-05-16 14:11:03] Successfully installed aiohappyeyeballs-2.6.1 aiohttp-3.13.5 aiosignal-1.4.0 annotated-doc-0.0.4 annotated-types-0.7.0 anthropic-0.102.0 anyio-4.13.0 apache-tvm-ffi-0.1.11 astor-0.8.1 attrs-26.1.0 blake3-1.0.8 cachetools-7.1.1 cbor2-6.1.1 certifi-2026.4.22 cffi-2.0.0 charset_normalizer-3.4.7 click-8.3.3 cloudpickle-3.1.2 compressed-tensors-0.14.0.1 cryptography-48.0.0 cuda-python-12.9.4 datasets-4.8.4 depyf-0.20.0 dill-0.4.1 diskcache-5.6.3 distro-1.9.0 dnspython-2.8.0 docstring-parser-0.18.0 einops-0.8.2 email-validator-2.3.0 fastapi-0.136.1 fastapi-cli-0.0.24 fastapi-cloud-cli-0.17.1 fastar-0.11.0 flashinfer-cubin-0.6.6 flashinfer-python-0.6.6 frozenlist-1.8.0 fsspec-2026.2.0 gguf-0.19.0 googleapis-common-protos-1.75.0 grpcio-1.80.0 h11-0.16.0 hf-xet-1.5.0 httpcore-1.0.9 httptools-0.7.1 httpx-0.28.1 httpx-sse-0.4.3 huggingface-hub-0.36.2 idna-3.15 ijson-3.5.0 importlib-metadata-8.7.1 interegular-0.3.3 jiter-0.14.0 jmespath-1.1.0 jsonschema-4.26.0 jsonschema-specifications-2025.9.1 lark-1.2.2 llguidance-1.3.0 llvmlite-0.44.0 lm-format-enforcer-0.11.3 loguru-0.7.3 markdown-it-py-4.2.0 mcp-1.27.1 mdurl-0.1.2 mistral_common-1.11.2 model-hosting-container-standards-0.1.15 msgspec-0.21.1 multidict-6.7.1 multiprocess-0.70.19 ninja-1.13.0 numba-0.61.2 numpy-2.2.6 nvidia-cudnn-frontend-1.18.0 nvidia-cutlass-dsl-4.5.1 nvidia-cutlass-dsl-libs-base-4.5.1 nvidia-ml-py-13.595.45 openai-2.37.0 openai-harmony-0.0.8 opencv-python-headless-4.13.0.92 opentelemetry-api-1.41.1 opentelemetry-exporter-otlp-1.41.1 opentelemetry-exporter-otlp-proto-common-1.41.1 opentelemetry-exporter-otlp-proto-grpc-1.41.1 opentelemetry-exporter-otlp-proto-http-1.41.1 opentelemetry-proto-1.41.1 opentelemetry-sdk-1.41.1 opentelemetry-semantic-conventions-0.62b1 opentelemetry-semantic-conventions-ai-0.5.1 outlines_core-0.2.11 pandas-3.0.3 partial-json-parser-0.2.1.1.post7 prometheus-fastapi-instrumentator-7.1.0 prometheus_client-0.25.0 propcache-0.5.2 protobuf-6.33.6 psutil-7.2.2 py-cpuinfo-9.0.0 pyarrow-24.0.0 pybase64-1.4.3 pycountry-26.2.16 pycparser-3.0 pydantic-2.13.4 pydantic-core-2.46.4 pydantic-extra-types-2.11.1 pydantic-settings-2.14.1 pygments-2.20.0 pyjwt-2.12.1 python-dateutil-2.9.0.post0 python-dotenv-1.2.2 python-json-logger-4.1.0 python-multipart-0.0.28 pyyaml-6.0.3 pyzmq-27.1.0 quack-kernels-0.4.1 referencing-0.37.0 regex-2026.5.9 requests-2.34.2 rich-15.0.0 rich-toolkit-0.19.9 rignore-0.7.6 rpds-py-0.30.0 safetensors-0.7.0 sentencepiece-0.2.1 sentry-sdk-2.60.0 setproctitle-1.3.7 setuptools-80.10.2 shellingham-1.5.4 six-1.17.0 sniffio-1.3.1 sse-starlette-3.4.4 starlette-0.52.1 supervisor-4.3.0 tabulate-0.10.0 tiktoken-0.13.0 tokenizers-0.22.2 torch-c-dlpack-ext-0.1.5 tqdm-4.67.3 transformers-4.57.6 typer-0.25.1 typing-inspection-0.4.2 urllib3-2.7.0 uvicorn-0.47.0 uvloop-0.22.1 vllm-0.19.0 watchfiles-1.1.1 websockets-16.0 xgrammar-0.2.0 xxhash-3.7.0 yarl-1.23.0 zipp-3.23.1
[2026-05-16 14:11:03] 
[2026-05-16 14:11:03] Successfully installed aiohappyeyeballs-2.6.1 aiohttp-3.13.5 aiosignal-1.4.0 annotated-doc-0.0.4 annotated-types-0.7.0 anthropic-0.102.0 anyio-4.13.0 apache-tvm-ffi-0.1.11 astor-0.8.1 attrs-26.1.0 blake3-1.0.8 cachetools-7.1.1 cbor2-6.1.1 certifi-2026.4.22 cffi-2.0.0 charset_normalizer-3.4.7 click-8.3.3 cloudpickle-3.1.2 compressed-tensors-0.14.0.1 cryptography-48.0.0 cuda-python-12.9.4 datasets-4.8.4 depyf-0.20.0 dill-0.4.1 diskcache-5.6.3 distro-1.9.0 dnspython-2.8.0 docstring-parser-0.18.0 einops-0.8.2 email-validator-2.3.0 fastapi-0.136.1 fastapi-cli-0.0.24 fastapi-cloud-cli-0.17.1 fastar-0.11.0 flashinfer-cubin-0.6.6 flashinfer-python-0.6.6 frozenlist-1.8.0 fsspec-2026.2.0 gguf-0.19.0 googleapis-common-protos-1.75.0 grpcio-1.80.0 h11-0.16.0 hf-xet-1.5.0 httpcore-1.0.9 httptools-0.7.1 httpx-0.28.1 httpx-sse-0.4.3 huggingface-hub-0.36.2 idna-3.15 ijson-3.5.0 importlib-metadata-8.7.1 interegular-0.3.3 jiter-0.14.0 jmespath-1.1.0 jsonschema-4.26.0 jsonschema-specifications-2025.9.1 lark-1.2.2 llguidance-1.3.0 llvmlite-0.44.0 lm-format-enforcer-0.11.3 loguru-0.7.3 markdown-it-py-4.2.0 mcp-1.27.1 mdurl-0.1.2 mistral_common-1.11.2 model-hosting-container-standards-0.1.15 msgspec-0.21.1 multidict-6.7.1 multiprocess-0.70.19 ninja-1.13.0 numba-0.61.2 numpy-2.2.6 nvidia-cudnn-frontend-1.18.0 nvidia-cutlass-dsl-4.5.1 nvidia-cutlass-dsl-libs-base-4.5.1 nvidia-ml-py-13.595.45 openai-2.37.0 openai-harmony-0.0.8 opencv-python-headless-4.13.0.92 opentelemetry-api-1.41.1 opentelemetry-exporter-otlp-1.41.1 opentelemetry-exporter-otlp-proto-common-1.41.1 opentelemetry-exporter-otlp-proto-grpc-1.41.1 opentelemetry-exporter-otlp-proto-http-1.41.1 opentelemetry-proto-1.41.1 opentelemetry-sdk-1.41.1 opentelemetry-semantic-conventions-0.62b1 opentelemetry-semantic-conventions-ai-0.5.1 outlines_core-0.2.11 pandas-3.0.3 partial-json-parser-0.2.1.1.post7 prometheus-fastapi-instrumentator-7.1.0 prometheus_client-0.25.0 propcache-0.5.2 protobuf-6.33.6 psutil-7.2.2 py-cpuinfo-9.0.0 pyarrow-24.0.0 pybase64-1.4.3 pycountry-26.2.16 pycparser-3.0 pydantic-2.13.4 pydantic-core-2.46.4 pydantic-extra-types-2.11.1 pydantic-settings-2.14.1 pygments-2.20.0 pyjwt-2.12.1 python-dateutil-2.9.0.post0 python-dotenv-1.2.2 python-json-logger-4.1.0 python-multipart-0.0.28 pyyaml-6.0.3 pyzmq-27.1.0 quack-kernels-0.4.1 referencing-0.37.0 regex-2026.5.9 requests-2.34.2 rich-15.0.0 rich-toolkit-0.19.9 rignore-0.7.6 rpds-py-0.30.0 safetensors-0.7.0 sentencepiece-0.2.1 sentry-sdk-2.60.0 setproctitle-1.3.7 setuptools-80.10.2 shellingham-1.5.4 six-1.17.0 sniffio-1.3.1 sse-starlette-3.4.4 starlette-0.52.1 supervisor-4.3.0 tabulate-0.10.0 tiktoken-0.13.0 tokenizers-0.22.2 torch-c-dlpack-ext-0.1.5 tqdm-4.67.3 transformers-4.57.6 typer-0.25.1 typing-inspection-0.4.2 urllib3-2.7.0 uvicorn-0.47.0 uvloop-0.22.1 vllm-0.19.0 watchfiles-1.1.1 websockets-16.0 xgrammar-0.2.0 xxhash-3.7.0 yarl-1.23.0 zipp-3.23.1
[2026-05-16 14:11:04] Looking in indexes: https://mirrors.aliyun.com/pypi/simple/
[2026-05-16 14:11:04] Looking in links: /mnt/data/ebft-distribution-new/caches/wheels
[2026-05-16 14:11:04] Collecting huggingface_hub==1.9.0
[2026-05-16 14:11:04]   Downloading huggingface_hub-1.9.0-py3-none-any.whl (637 kB)
[2026-05-16 14:11:04] Looking in indexes: https://mirrors.aliyun.com/pypi/simple/
[2026-05-16 14:11:04] Looking in links: /mnt/data/ebft-distribution-new/caches/wheels
[2026-05-16 14:11:04] Collecting huggingface_hub==1.9.0
[2026-05-16 14:11:04]   Downloading huggingface_hub-1.9.0-py3-none-any.whl (637 kB)
[2026-05-16 14:11:06]      ━━━━━━━━━━━━━━━━━━━━━━━━━━━━━━━━━━━━━━━━ 637.4/637.4 kB 207.7 kB/s  0:00:02
[2026-05-16 14:11:06] Requirement already satisfied: filelock>=3.10.0 in /mnt/workspace/venvs/.teacherVenv/lib/python3.12/site-packages (from huggingface_hub==1.9.0) (3.29.0)
[2026-05-16 14:11:06] Requirement already satisfied: fsspec>=2023.5.0 in /mnt/workspace/venvs/.teacherVenv/lib/python3.12/site-packages (from huggingface_hub==1.9.0) (2026.2.0)
[2026-05-16 14:11:06] Requirement already satisfied: hf-xet<2.0.0,>=1.4.3 in /mnt/workspace/venvs/.teacherVenv/lib/python3.12/site-packages (from huggingface_hub==1.9.0) (1.5.0)
[2026-05-16 14:11:06] Requirement already satisfied: httpx<1,>=0.23.0 in /mnt/workspace/venvs/.teacherVenv/lib/python3.12/site-packages (from huggingface_hub==1.9.0) (0.28.1)
[2026-05-16 14:11:06] Requirement already satisfied: packaging>=20.9 in /mnt/workspace/venvs/.teacherVenv/lib/python3.12/site-packages (from huggingface_hub==1.9.0) (26.2)
[2026-05-16 14:11:06] Requirement already satisfied: pyyaml>=5.1 in /mnt/workspace/venvs/.teacherVenv/lib/python3.12/site-packages (from huggingface_hub==1.9.0) (6.0.3)
[2026-05-16 14:11:06] Requirement already satisfied: tqdm>=4.42.1 in /mnt/workspace/venvs/.teacherVenv/lib/python3.12/site-packages (from huggingface_hub==1.9.0) (4.67.3)
[2026-05-16 14:11:06] Requirement already satisfied: typer in /mnt/workspace/venvs/.teacherVenv/lib/python3.12/site-packages (from huggingface_hub==1.9.0) (0.25.1)
[2026-05-16 14:11:06] Requirement already satisfied: typing-extensions>=4.1.0 in /mnt/workspace/venvs/.teacherVenv/lib/python3.12/site-packages (from huggingface_hub==1.9.0) (4.15.0)
[2026-05-16 14:11:06] Requirement already satisfied: anyio in /mnt/workspace/venvs/.teacherVenv/lib/python3.12/site-packages (from httpx<1,>=0.23.0->huggingface_hub==1.9.0) (4.13.0)
[2026-05-16 14:11:06] Requirement already satisfied: certifi in /mnt/workspace/venvs/.teacherVenv/lib/python3.12/site-packages (from httpx<1,>=0.23.0->huggingface_hub==1.9.0) (2026.4.22)
[2026-05-16 14:11:06] Requirement already satisfied: httpcore==1.* in /mnt/workspace/venvs/.teacherVenv/lib/python3.12/site-packages (from httpx<1,>=0.23.0->huggingface_hub==1.9.0) (1.0.9)
[2026-05-16 14:11:06] Requirement already satisfied: idna in /mnt/workspace/venvs/.teacherVenv/lib/python3.12/site-packages (from httpx<1,>=0.23.0->huggingface_hub==1.9.0) (3.15)
[2026-05-16 14:11:06] Requirement already satisfied: h11>=0.16 in /mnt/workspace/venvs/.teacherVenv/lib/python3.12/site-packages (from httpcore==1.*->httpx<1,>=0.23.0->huggingface_hub==1.9.0) (0.16.0)
[2026-05-16 14:11:06] Requirement already satisfied: click>=8.2.1 in /mnt/workspace/venvs/.teacherVenv/lib/python3.12/site-packages (from typer->huggingface_hub==1.9.0) (8.3.3)
[2026-05-16 14:11:06] Requirement already satisfied: shellingham>=1.3.0 in /mnt/workspace/venvs/.teacherVenv/lib/python3.12/site-packages (from typer->huggingface_hub==1.9.0) (1.5.4)
[2026-05-16 14:11:06] Requirement already satisfied: rich>=13.8.0 in /mnt/workspace/venvs/.teacherVenv/lib/python3.12/site-packages (from typer->huggingface_hub==1.9.0) (15.0.0)
[2026-05-16 14:11:06] Requirement already satisfied: annotated-doc>=0.0.2 in /mnt/workspace/venvs/.teacherVenv/lib/python3.12/site-packages (from typer->huggingface_hub==1.9.0) (0.0.4)
[2026-05-16 14:11:06] Requirement already satisfied: markdown-it-py>=2.2.0 in /mnt/workspace/venvs/.teacherVenv/lib/python3.12/site-packages (from rich>=13.8.0->typer->huggingface_hub==1.9.0) (4.2.0)
[2026-05-16 14:11:06] Requirement already satisfied: pygments<3.0.0,>=2.13.0 in /mnt/workspace/venvs/.teacherVenv/lib/python3.12/site-packages (from rich>=13.8.0->typer->huggingface_hub==1.9.0) (2.20.0)
[2026-05-16 14:11:06] Requirement already satisfied: mdurl~=0.1 in /mnt/workspace/venvs/.teacherVenv/lib/python3.12/site-packages (from markdown-it-py>=2.2.0->rich>=13.8.0->typer->huggingface_hub==1.9.0) (0.1.2)
[2026-05-16 14:11:06] Installing collected packages: huggingface_hub
[2026-05-16 14:11:06]   Attempting uninstall: huggingface_hub
[2026-05-16 14:11:06]     Found existing installation: huggingface_hub 0.36.2
[2026-05-16 14:11:06]     Uninstalling huggingface_hub-0.36.2:
[2026-05-16 14:11:06]       Successfully uninstalled huggingface_hub-0.36.2
[2026-05-16 14:11:07]      ━━━━━━━━━━━━━━━━━━━━━━━━━━━━━━━━━━━━━━━━ 637.4/637.4 kB 206.9 kB/s  0:00:02
[2026-05-16 14:11:07] Requirement already satisfied: filelock>=3.10.0 in /mnt/workspace/venvs/.teacherVenv/lib/python3.12/site-packages (from huggingface_hub==1.9.0) (3.29.0)
[2026-05-16 14:11:07] Requirement already satisfied: fsspec>=2023.5.0 in /mnt/workspace/venvs/.teacherVenv/lib/python3.12/site-packages (from huggingface_hub==1.9.0) (2026.2.0)
[2026-05-16 14:11:07] Requirement already satisfied: hf-xet<2.0.0,>=1.4.3 in /mnt/workspace/venvs/.teacherVenv/lib/python3.12/site-packages (from huggingface_hub==1.9.0) (1.5.0)
[2026-05-16 14:11:07] Requirement already satisfied: httpx<1,>=0.23.0 in /mnt/workspace/venvs/.teacherVenv/lib/python3.12/site-packages (from huggingface_hub==1.9.0) (0.28.1)
[2026-05-16 14:11:07] Requirement already satisfied: packaging>=20.9 in /mnt/workspace/venvs/.teacherVenv/lib/python3.12/site-packages (from huggingface_hub==1.9.0) (26.2)
[2026-05-16 14:11:07] Requirement already satisfied: pyyaml>=5.1 in /mnt/workspace/venvs/.teacherVenv/lib/python3.12/site-packages (from huggingface_hub==1.9.0) (6.0.3)
[2026-05-16 14:11:07] Requirement already satisfied: tqdm>=4.42.1 in /mnt/workspace/venvs/.teacherVenv/lib/python3.12/site-packages (from huggingface_hub==1.9.0) (4.67.3)
[2026-05-16 14:11:07] Requirement already satisfied: typer in /mnt/workspace/venvs/.teacherVenv/lib/python3.12/site-packages (from huggingface_hub==1.9.0) (0.25.1)
[2026-05-16 14:11:07] Requirement already satisfied: typing-extensions>=4.1.0 in /mnt/workspace/venvs/.teacherVenv/lib/python3.12/site-packages (from huggingface_hub==1.9.0) (4.15.0)
[2026-05-16 14:11:07] Requirement already satisfied: anyio in /mnt/workspace/venvs/.teacherVenv/lib/python3.12/site-packages (from httpx<1,>=0.23.0->huggingface_hub==1.9.0) (4.13.0)
[2026-05-16 14:11:07] Requirement already satisfied: certifi in /mnt/workspace/venvs/.teacherVenv/lib/python3.12/site-packages (from httpx<1,>=0.23.0->huggingface_hub==1.9.0) (2026.4.22)
[2026-05-16 14:11:07] Requirement already satisfied: httpcore==1.* in /mnt/workspace/venvs/.teacherVenv/lib/python3.12/site-packages (from httpx<1,>=0.23.0->huggingface_hub==1.9.0) (1.0.9)
[2026-05-16 14:11:07] Requirement already satisfied: idna in /mnt/workspace/venvs/.teacherVenv/lib/python3.12/site-packages (from httpx<1,>=0.23.0->huggingface_hub==1.9.0) (3.15)
[2026-05-16 14:11:07] Requirement already satisfied: h11>=0.16 in /mnt/workspace/venvs/.teacherVenv/lib/python3.12/site-packages (from httpcore==1.*->httpx<1,>=0.23.0->huggingface_hub==1.9.0) (0.16.0)
[2026-05-16 14:11:07] Requirement already satisfied: click>=8.2.1 in /mnt/workspace/venvs/.teacherVenv/lib/python3.12/site-packages (from typer->huggingface_hub==1.9.0) (8.3.3)
[2026-05-16 14:11:07] Requirement already satisfied: shellingham>=1.3.0 in /mnt/workspace/venvs/.teacherVenv/lib/python3.12/site-packages (from typer->huggingface_hub==1.9.0) (1.5.4)
[2026-05-16 14:11:07] Requirement already satisfied: rich>=13.8.0 in /mnt/workspace/venvs/.teacherVenv/lib/python3.12/site-packages (from typer->huggingface_hub==1.9.0) (15.0.0)
[2026-05-16 14:11:07] Requirement already satisfied: annotated-doc>=0.0.2 in /mnt/workspace/venvs/.teacherVenv/lib/python3.12/site-packages (from typer->huggingface_hub==1.9.0) (0.0.4)
[2026-05-16 14:11:07] Requirement already satisfied: markdown-it-py>=2.2.0 in /mnt/workspace/venvs/.teacherVenv/lib/python3.12/site-packages (from rich>=13.8.0->typer->huggingface_hub==1.9.0) (4.2.0)
[2026-05-16 14:11:07] Requirement already satisfied: pygments<3.0.0,>=2.13.0 in /mnt/workspace/venvs/.teacherVenv/lib/python3.12/site-packages (from rich>=13.8.0->typer->huggingface_hub==1.9.0) (2.20.0)
[2026-05-16 14:11:07] Requirement already satisfied: mdurl~=0.1 in /mnt/workspace/venvs/.teacherVenv/lib/python3.12/site-packages (from markdown-it-py>=2.2.0->rich>=13.8.0->typer->huggingface_hub==1.9.0) (0.1.2)
[2026-05-16 14:11:07] Installing collected packages: huggingface_hub
[2026-05-16 14:11:07]   Attempting uninstall: huggingface_hub
[2026-05-16 14:11:07]     Found existing installation: huggingface_hub 0.36.2
[2026-05-16 14:11:07]     Uninstalling huggingface_hub-0.36.2:
[2026-05-16 14:11:07]       Successfully uninstalled huggingface_hub-0.36.2
[2026-05-16 14:11:07] ERROR: pip's dependency resolver does not currently take into account all the packages that are installed. This behaviour is the source of the following dependency conflicts.
[2026-05-16 14:11:07] transformers 4.57.6 requires huggingface-hub<1.0,>=0.34.0, but you have huggingface-hub 1.9.0 which is incompatible.
[2026-05-16 14:11:07] Successfully installed huggingface_hub-1.9.0
[2026-05-16 14:11:07] 
[2026-05-16 14:11:07] [14:11:07] Pinning teacher transformers to 5.5.0 (no-deps)
[2026-05-16 14:11:07] ERROR: pip's dependency resolver does not currently take into account all the packages that are installed. This behaviour is the source of the following dependency conflicts.
[2026-05-16 14:11:07] transformers 4.57.6 requires huggingface-hub<1.0,>=0.34.0, but you have huggingface-hub 1.9.0 which is incompatible.
[2026-05-16 14:11:07] Successfully installed huggingface_hub-1.9.0
[2026-05-16 14:11:07] 
[2026-05-16 14:11:07] [14:11:07] Pinning teacher transformers to 5.5.0 (no-deps)
[2026-05-16 14:11:07] Looking in indexes: https://mirrors.aliyun.com/pypi/simple/
[2026-05-16 14:11:07] Looking in links: /mnt/data/ebft-distribution-new/caches/wheels
[2026-05-16 14:11:07] Collecting transformers==5.5.0
[2026-05-16 14:11:07]   Downloading transformers-5.5.0-py3-none-any.whl (10.2 MB)
[2026-05-16 14:11:08] Looking in indexes: https://mirrors.aliyun.com/pypi/simple/
[2026-05-16 14:11:08] Looking in links: /mnt/data/ebft-distribution-new/caches/wheels
[2026-05-16 14:11:08] Collecting transformers==5.5.0
[2026-05-16 14:11:08]   Downloading transformers-5.5.0-py3-none-any.whl (10.2 MB)
[2026-05-16 14:11:13]      ━━━━━━━━━━━━━━━━━━━━━━━━━━━━━━━━━━━━━━━━ 10.2/10.2 MB 2.3 MB/s  0:00:04
[2026-05-16 14:11:13] Installing collected packages: transformers
[2026-05-16 14:11:13]   Attempting uninstall: transformers
[2026-05-16 14:11:13]     Found existing installation: transformers 4.57.6
[2026-05-16 14:11:13]     Uninstalling transformers-4.57.6:
[2026-05-16 14:11:13]       Successfully uninstalled transformers-4.57.6
[2026-05-16 14:11:19] Successfully installed transformers-5.5.0
[2026-05-16 14:11:19] 
[2026-05-16 14:11:19] [14:11:19] Verifying teacher env
[2026-05-16 14:11:23] python 3.12.12
[2026-05-16 14:11:23] torch 2.10.0+cu128 cuda 12.8 available True
[2026-05-16 14:11:23] datasets 4.8.4
[2026-05-16 14:11:23] transformers 5.5.0
[2026-05-16 14:11:23] vllm 0.19.0
[2026-05-16 14:11:23] vllm_cli /mnt/workspace/venvs/.teacherVenv/bin/vllm
[2026-05-16 14:11:23] vllm_cli_on_path None
[2026-05-16 14:11:25] teacher_cuda_check OK: 8 device(s) usable
[2026-05-16 14:11:27] warning: zstd not on PATH; skipping snapshot of teacher venv
[2026-05-16 14:11:27] 
[2026-05-16 14:11:27] [14:11:27] Done.
[2026-05-16 14:11:27]   student env:  source /mnt/workspace/venvs/.venv/bin/activate
[2026-05-16 14:11:27]   teacher env:  source /mnt/workspace/venvs/.teacherVenv/bin/activate
[2026-05-16 14:11:27] 
[2026-05-16 14:11:27] Note: venvs live on ephemeral ext4 (/mnt/workspace); snapshots in /mnt/data/ebft-distribution-new/caches/snapshots
[2026-05-16 14:11:27] On a fresh machine / after a container restart, re-running this
[2026-05-16 14:11:27] script will untar the snapshots back into /mnt/workspace in ~1-2 minutes
[2026-05-16 14:11:27] instead of re-installing from pip. To force a clean rebuild:
[2026-05-16 14:11:27]   EBFT_REBUILD_VENV=1 bash scripts/setup_env.sh
[2026-05-16 14:11:27] To disable snapshots entirely:
[2026-05-16 14:11:27]   EBFT_USE_VENV_SNAPSHOT=0 bash scripts/setup_env.sh
[2026-05-16 14:11:27] 
[2026-05-16 14:11:27] When invoking run_*.sh / supplement*/*.sh, export:
[2026-05-16 14:11:27]   export STUDENT_VENV=/mnt/workspace/venvs/.venv
[2026-05-16 14:11:27]   export TEACHER_VENV=/mnt/workspace/venvs/.teacherVenv
[2026-05-16 14:11:27]   export HF_HOME=/mnt/data/ebft-distribution-new/caches/hf
[2026-05-16 14:11:27]   export PIP_CACHE_DIR=/root/.cache/pip
[2026-05-16 14:11:27]   export TORCH_EXTENSIONS_DIR=/mnt/workspace/.torch_extensions
[2026-05-16 14:11:27]   export TRITON_CACHE_DIR=/mnt/workspace/.triton_cache
[2026-05-16 14:11:27] [INFO] DLC multi-pod mode: rank=1 world_size=2 master=dlc1t5kb9mnrnjda-master-0
[2026-05-16 14:11:27] [prepare] worker rank=1: waiting for prepared datasets at /mnt/data/ebft-distribution-new/outputs/diff_dataset_prepared
[2026-05-16 14:11:27] ========== G2 2-node once launcher ==========
[2026-05-16 14:11:27] RUN_DIR:                    /mnt/data/ebft-distribution-new/outputs/diff_dataset/diff_g2_dlc1t5kb9mnrnjda
[2026-05-16 14:11:27] HEAD_NODE / IP:             dlc1t5kb9mnrnjda-master-0 / 22.27.115.157
[2026-05-16 14:11:27] WORKER_NODE / IP:           dlc-rank-1-pod / 22.27.115.157
[2026-05-16 14:11:27] Head teacher GPUs:          0,1,2,3,4,5
[2026-05-16 14:11:27] Worker teacher GPUs:        0,1,2,3,4,5
[2026-05-16 14:11:27] Head student GPUs:          6,7
[2026-05-16 14:11:27] Worker student GPUs:        6,7
[2026-05-16 14:11:27] Teacher worker count:       6 + 6
[2026-05-16 14:11:27] Teacher API:                http://22.27.115.157:8004/v1,http://22.27.115.157:8005/v1,http://22.27.115.157:8006/v1,http://22.27.115.157:8007/v1,http://22.27.115.157:8008/v1,http://22.27.115.157:8009/v1,http://22.27.115.157:8004/v1,http://22.27.115.157:8005/v1,http://22.27.115.157:8006/v1,http://22.27.115.157:8007/v1,http://22.27.115.157:8008/v1,http://22.27.115.157:8009/v1
[2026-05-16 14:11:27] Actor/Critic GPUs:          2/2
[2026-05-16 14:11:27] Actor/Critic nodes:         1/1
[2026-05-16 14:11:27] Target steps:               0
[2026-05-16 14:11:27] Max samples:                -1 (-1 means full train split)
[2026-05-16 14:11:27] Post-train eval:            true
[2026-05-16 14:11:27] Code benchmark script:      /mnt/data/ebft-distribution-new/code/scripts/benchmarks/run_code_generation_benchmarks.py
[2026-05-16 14:11:27] Post-eval VLLM_TP_SIZE:     8 (head node only; worker idle during eval)
[2026-05-16 14:11:27] Code eval max_new_tokens:   1024
[2026-05-16 14:11:27] Single training submitter:  dlc1t5kb9mnrnjda-master-0
[2026-05-16 14:11:27] =============================================
[2026-05-16 14:11:28] ================================================================
[2026-05-16 14:11:28] [DLC worker rank=1] starting on dlc1t5kb9mnrnjda-worker-0
[2026-05-16 14:11:28] [DLC worker rank=1] master address: dlc1t5kb9mnrnjda-master-0:6379
[2026-05-16 14:11:28] [DLC worker] my IP: 10.1.54.35
[2026-05-16 14:11:28] [DLC worker] wrote IP to /mnt/data/ebft-distribution-new/outputs/diff_dataset/diff_g2_dlc1t5kb9mnrnjda/dlc_rendezvous/worker_1_ip.txt
[2026-05-16 14:11:28] [DLC worker] IP keepalive started (pid=1168, interval=5s)
[2026-05-16 14:11:28] [DLC worker] launching 6 teacher worker(s)...
[2026-05-16 14:11:28] [DLC worker] teacher #0 launched on GPUs 0 -> port 8004, log /mnt/data/ebft-distribution-new/outputs/diff_dataset/diff_g2_dlc1t5kb9mnrnjda/teacher_logs/worker_dlc_rank1_0.log
[2026-05-16 14:11:28] [DLC worker] teacher #1 launched on GPUs 1 -> port 8005, log /mnt/data/ebft-distribution-new/outputs/diff_dataset/diff_g2_dlc1t5kb9mnrnjda/teacher_logs/worker_dlc_rank1_1.log
[2026-05-16 14:11:28] [DLC worker] teacher #2 launched on GPUs 2 -> port 8006, log /mnt/data/ebft-distribution-new/outputs/diff_dataset/diff_g2_dlc1t5kb9mnrnjda/teacher_logs/worker_dlc_rank1_2.log
[2026-05-16 14:11:28] [DLC worker] teacher #3 launched on GPUs 3 -> port 8007, log /mnt/data/ebft-distribution-new/outputs/diff_dataset/diff_g2_dlc1t5kb9mnrnjda/teacher_logs/worker_dlc_rank1_3.log
[2026-05-16 14:11:28] [DLC worker] teacher #4 launched on GPUs 4 -> port 8008, log /mnt/data/ebft-distribution-new/outputs/diff_dataset/diff_g2_dlc1t5kb9mnrnjda/teacher_logs/worker_dlc_rank1_4.log
[2026-05-16 14:11:28] [DLC worker] teacher #5 launched on GPUs 5 -> port 8009, log /mnt/data/ebft-distribution-new/outputs/diff_dataset/diff_g2_dlc1t5kb9mnrnjda/teacher_logs/worker_dlc_rank1_5.log
[2026-05-16 14:11:28] [DLC worker] waiting for master ray head at dlc1t5kb9mnrnjda-master-0:6379 (timeout 3600s)...
[2026-05-16 14:11:30] [2026-05-16 14:11:30,157 AIMaster] (job_monitor_controller_k8s.py 1099) INFO: All workers: 2, running: 2, failed: 0, pending: 0
[2026-05-16 14:11:36]      ━━━━━━━━━━━━━━━━━━━━━━━━━━━━━━━━━━━━━━━━ 10.2/10.2 MB 359.9 kB/s  0:00:28
[2026-05-16 14:11:36] Installing collected packages: transformers
[2026-05-16 14:11:36]   Attempting uninstall: transformers
[2026-05-16 14:11:36]     Found existing installation: transformers 4.57.6
[2026-05-16 14:11:36]     Uninstalling transformers-4.57.6:
[2026-05-16 14:11:36]       Successfully uninstalled transformers-4.57.6
[2026-05-16 14:11:38] [2026-05-16 14:11:38,576 AIMaster] (config.py 347) INFO: Try loading config from pai-aimaster-new configmap.
[2026-05-16 14:11:42] Successfully installed transformers-5.5.0
[2026-05-16 14:11:42] 
[2026-05-16 14:11:42] [14:11:42] Verifying teacher env
[2026-05-16 14:11:45] python 3.12.12
[2026-05-16 14:11:46] torch 2.10.0+cu128 cuda 12.8 available True
[2026-05-16 14:11:46] datasets 4.8.4
[2026-05-16 14:11:46] transformers 5.5.0
[2026-05-16 14:11:46] vllm 0.19.0
[2026-05-16 14:11:46] vllm_cli /mnt/workspace/venvs/.teacherVenv/bin/vllm
[2026-05-16 14:11:46] vllm_cli_on_path None
[2026-05-16 14:11:48] teacher_cuda_check OK: 8 device(s) usable
[2026-05-16 14:11:49] warning: zstd not on PATH; skipping snapshot of teacher venv
[2026-05-16 14:11:49] 
[2026-05-16 14:11:49] [14:11:49] Done.
[2026-05-16 14:11:49]   student env:  source /mnt/workspace/venvs/.venv/bin/activate
[2026-05-16 14:11:49]   teacher env:  source /mnt/workspace/venvs/.teacherVenv/bin/activate
[2026-05-16 14:11:49] 
[2026-05-16 14:11:49] Note: venvs live on ephemeral ext4 (/mnt/workspace); snapshots in /mnt/data/ebft-distribution-new/caches/snapshots
[2026-05-16 14:11:49] On a fresh machine / after a container restart, re-running this
[2026-05-16 14:11:49] script will untar the snapshots back into /mnt/workspace in ~1-2 minutes
[2026-05-16 14:11:49] instead of re-installing from pip. To force a clean rebuild:
[2026-05-16 14:11:49]   EBFT_REBUILD_VENV=1 bash scripts/setup_env.sh
[2026-05-16 14:11:49] To disable snapshots entirely:
[2026-05-16 14:11:49]   EBFT_USE_VENV_SNAPSHOT=0 bash scripts/setup_env.sh
[2026-05-16 14:11:49] 
[2026-05-16 14:11:49] When invoking run_*.sh / supplement*/*.sh, export:
[2026-05-16 14:11:49]   export STUDENT_VENV=/mnt/workspace/venvs/.venv
[2026-05-16 14:11:49]   export TEACHER_VENV=/mnt/workspace/venvs/.teacherVenv
[2026-05-16 14:11:49]   export HF_HOME=/mnt/data/ebft-distribution-new/caches/hf
[2026-05-16 14:11:49]   export PIP_CACHE_DIR=/root/.cache/pip
[2026-05-16 14:11:49]   export TORCH_EXTENSIONS_DIR=/mnt/workspace/.torch_extensions
[2026-05-16 14:11:49]   export TRITON_CACHE_DIR=/mnt/workspace/.triton_cache
[2026-05-16 14:11:49] [INFO] DLC multi-pod mode: rank=0 world_size=2 master=dlc1t5kb9mnrnjda-master-0
[2026-05-16 14:11:50] [prepare] train exists: /mnt/data/ebft-distribution-new/outputs/diff_dataset_prepared/opencodeinstruct_qa_100k.jsonl (100000 rows)
[2026-05-16 14:11:50] [prepare] mbpp exists: /mnt/data/ebft-distribution-new/outputs/diff_dataset_prepared/mbpp_eval_qa.jsonl (974 rows)
[2026-05-16 14:11:50] [prepare] humaneval exists: /mnt/data/ebft-distribution-new/outputs/diff_dataset_prepared/humaneval_eval_qa.jsonl (164 rows)
[2026-05-16 14:11:50] [prepare] manifest: /mnt/data/ebft-distribution-new/outputs/diff_dataset_prepared/manifest.env
[2026-05-16 14:11:50] ========== G2 2-node once launcher ==========
[2026-05-16 14:11:50] RUN_DIR:                    /mnt/data/ebft-distribution-new/outputs/diff_dataset/diff_g2_dlc1t5kb9mnrnjda
[2026-05-16 14:11:50] HEAD_NODE / IP:             dlc1t5kb9mnrnjda-master-0 / 22.27.115.157
[2026-05-16 14:11:50] WORKER_NODE / IP:           dlc-rank-0-pod / 22.27.115.157
[2026-05-16 14:11:50] Head teacher GPUs:          0,1,2,3,4,5
[2026-05-16 14:11:50] Worker teacher GPUs:        0,1,2,3,4,5
[2026-05-16 14:11:50] Head student GPUs:          6,7
[2026-05-16 14:11:50] Worker student GPUs:        6,7
[2026-05-16 14:11:50] Teacher worker count:       6 + 6
[2026-05-16 14:11:50] Teacher API:                http://22.27.115.157:8004/v1,http://22.27.115.157:8005/v1,http://22.27.115.157:8006/v1,http://22.27.115.157:8007/v1,http://22.27.115.157:8008/v1,http://22.27.115.157:8009/v1,http://22.27.115.157:8004/v1,http://22.27.115.157:8005/v1,http://22.27.115.157:8006/v1,http://22.27.115.157:8007/v1,http://22.27.115.157:8008/v1,http://22.27.115.157:8009/v1
[2026-05-16 14:11:50] Actor/Critic GPUs:          2/2
[2026-05-16 14:11:50] Actor/Critic nodes:         1/1
[2026-05-16 14:11:50] Target steps:               0
[2026-05-16 14:11:50] Max samples:                -1 (-1 means full train split)
[2026-05-16 14:11:50] Post-train eval:            true
[2026-05-16 14:11:50] Code benchmark script:      /mnt/data/ebft-distribution-new/code/scripts/benchmarks/run_code_generation_benchmarks.py
[2026-05-16 14:11:50] Post-eval VLLM_TP_SIZE:     8 (head node only; worker idle during eval)
[2026-05-16 14:11:50] Code eval max_new_tokens:   1024
[2026-05-16 14:11:50] Single training submitter:  dlc1t5kb9mnrnjda-master-0
[2026-05-16 14:11:50] =============================================
[2026-05-16 14:11:50] [DLC master] waiting for worker pod IP at /mnt/data/ebft-distribution-new/outputs/diff_dataset/diff_g2_dlc1t5kb9mnrnjda/dlc_rendezvous/worker_1_ip.txt...
[2026-05-16 14:11:53] [DLC master] worker IP: 10.1.54.35 (after 3s)
[2026-05-16 14:11:53] [DLC master] updated TEACHER_API_BASE: http://22.27.115.157:8004/v1,http://22.27.115.157:8005/v1,http://22.27.115.157:8006/v1,http://22.27.115.157:8007/v1,http://22.27.115.157:8008/v1,http://22.27.115.157:8009/v1,http://10.1.54.35:8004/v1,http://10.1.54.35:8005/v1,http://10.1.54.35:8006/v1,http://10.1.54.35:8007/v1,http://10.1.54.35:8008/v1,http://10.1.54.35:8009/v1
[2026-05-16 14:11:53] [1/5] DLC mode: worker pod connects in via ray start; skipping ssh check
[2026-05-16 14:11:53] [2/5] DLC mode: worker pod launches teacher locally; skipping ssh teacher launch
[2026-05-16 14:11:53] [3/5] launching head-side teacher services...
[2026-05-16 14:11:53] [4/5] waiting for teacher health checks...
[2026-05-16 14:12:00] [2026-05-16 14:12:00,288 AIMaster] (job_monitor_controller_k8s.py 1099) INFO: All workers: 2, running: 2, failed: 0, pending: 0
[2026-05-16 14:12:00] [2026-05-16 14:12:00,288 AIMaster] (ops_reported_error_detector.py 103) INFO: Detecting whether the job is affected by errors reported by ops platform.
[2026-05-16 14:12:00] [2026-05-16 14:12:00,319 AIMaster] (aimaster_failover_controller.py 81) INFO: Detecting whether aimaster should be migrated.
[2026-05-16 14:12:27] [2026-05-16 14:12:27,934 AIMaster] (job_event_collector.py 135) WARNING: Failed to watch pods, exception: ("Connection broken: ConnectionResetError(104, 'Connection reset by peer')", ConnectionResetError(104, 'Connection reset by peer'))
[2026-05-16 14:12:30] [2026-05-16 14:12:30,484 AIMaster] (job_monitor_controller_k8s.py 1099) INFO: All workers: 2, running: 2, failed: 0, pending: 0
[2026-05-16 14:12:38] [2026-05-16 14:12:38,614 AIMaster] (config.py 347) INFO: Try loading config from pai-aimaster-new configmap.
[2026-05-16 14:13:00] [2026-05-16 14:13:00,604 AIMaster] (pod_manager.py 415) INFO: Pod Category Summary (Total pods: 2)
[2026-05-16 14:13:00] | Category           |   Count | Percentage   | Pods                                                   |
[2026-05-16 14:13:00] |--------------------|---------|--------------|--------------------------------------------------------|
[2026-05-16 14:13:00] | Running            |       2 | 100.0%       | [dlc1t5kb9mnrnjda-master-0, dlc1t5kb9mnrnjda-worker-0] |
[2026-05-16 14:13:00] | Pending            |       0 | 0.0%         |                                                        |
[2026-05-16 14:13:00] | Succeeded          |       0 | 0.0%         |                                                        |
[2026-05-16 14:13:00] | Failed             |       0 | 0.0%         |                                                        |
[2026-05-16 14:13:00] | Terminating        |       0 | 0.0%         |                                                        |
[2026-05-16 14:13:00] | Scheduler_evicting |       0 | 0.0%         |                                                        |
[2026-05-16 14:13:00] | Aiph_node_error    |       0 | 0.0%         |                                                        |
[2026-05-16 14:13:00] | Unknown            |       0 | 0.0%         |                                                        |
[2026-05-16 14:13:00] 
[2026-05-16 14:13:00] [2026-05-16 14:13:00,604 AIMaster] (job_monitor_controller_k8s.py 1099) INFO: All workers: 2, running: 2, failed: 0, pending: 0
[2026-05-16 14:13:00] [2026-05-16 14:13:00,604 AIMaster] (ops_reported_error_detector.py 103) INFO: Detecting whether the job is affected by errors reported by ops platform.
[2026-05-16 14:13:31] [2026-05-16 14:13:30,781 AIMaster] (job_monitor_controller_k8s.py 1099) INFO: All workers: 2, running: 2, failed: 0, pending: 0
[2026-05-16 14:13:39] [2026-05-16 14:13:38,650 AIMaster] (config.py 347) INFO: Try loading config from pai-aimaster-new configmap.
[2026-05-16 14:14:00] [2026-05-16 14:13:59,966 AIMaster] (job_event_collector.py 135) WARNING: Failed to watch pods, exception: ("Connection broken: ConnectionResetError(104, 'Connection reset by peer')", ConnectionResetError(104, 'Connection reset by peer'))
[2026-05-16 14:14:01] [2026-05-16 14:14:00,989 AIMaster] (job_monitor_controller_k8s.py 1099) INFO: All workers: 2, running: 2, failed: 0, pending: 0
[2026-05-16 14:14:01] [2026-05-16 14:14:00,989 AIMaster] (ops_reported_error_detector.py 103) INFO: Detecting whether the job is affected by errors reported by ops platform.
[2026-05-16 14:14:01] [2026-05-16 14:14:01,018 AIMaster] (aimaster_failover_controller.py 81) INFO: Detecting whether aimaster should be migrated.
[2026-05-16 14:14:32] [2026-05-16 14:14:31,159 AIMaster] (job_monitor_controller_k8s.py 1099) INFO: All workers: 2, running: 2, failed: 0, pending: 0
[2026-05-16 14:14:39] [2026-05-16 14:14:38,686 AIMaster] (config.py 347) INFO: Try loading config from pai-aimaster-new configmap.
[2026-05-16 14:15:02] [2026-05-16 14:15:01,286 AIMaster] (job_monitor_controller_k8s.py 1099) INFO: All workers: 2, running: 2, failed: 0, pending: 0
[2026-05-16 14:15:02] [2026-05-16 14:15:01,286 AIMaster] (ops_reported_error_detector.py 103) INFO: Detecting whether the job is affected by errors reported by ops platform.
[2026-05-16 14:15:32] [2026-05-16 14:15:31,488 AIMaster] (job_event_collector.py 135) WARNING: Failed to watch pods, exception: ("Connection broken: ConnectionResetError(104, 'Connection reset by peer')", ConnectionResetError(104, 'Connection reset by peer'))
[2026-05-16 14:15:32] [2026-05-16 14:15:31,582 AIMaster] (job_monitor_controller_k8s.py 1099) INFO: All workers: 2, running: 2, failed: 0, pending: 0
[2026-05-16 14:15:39] [2026-05-16 14:15:38,720 AIMaster] (config.py 347) INFO: Try loading config from pai-aimaster-new configmap.
[2026-05-16 14:16:02] [2026-05-16 14:16:01,706 AIMaster] (job_monitor_controller_k8s.py 1099) INFO: All workers: 2, running: 2, failed: 0, pending: 0
[2026-05-16 14:16:02] [2026-05-16 14:16:01,706 AIMaster] (ops_reported_error_detector.py 103) INFO: Detecting whether the job is affected by errors reported by ops platform.
[2026-05-16 14:16:02] [2026-05-16 14:16:01,736 AIMaster] (aimaster_failover_controller.py 81) INFO: Detecting whether aimaster should be migrated.
[2026-05-16 14:16:32] [2026-05-16 14:16:31,868 AIMaster] (job_monitor_controller_k8s.py 1099) INFO: All workers: 2, running: 2, failed: 0, pending: 0
[2026-05-16 14:16:39] [2026-05-16 14:16:38,755 AIMaster] (config.py 347) INFO: Try loading config from pai-aimaster-new configmap.
[2026-05-16 14:17:02] [2026-05-16 14:17:02,000 AIMaster] (job_monitor_controller_k8s.py 1099) INFO: All workers: 2, running: 2, failed: 0, pending: 0
[2026-05-16 14:17:02] [2026-05-16 14:17:02,000 AIMaster] (ops_reported_error_detector.py 103) INFO: Detecting whether the job is affected by errors reported by ops platform.
[2026-05-16 14:17:04] [2026-05-16 14:17:03,178 AIMaster] (job_event_collector.py 135) WARNING: Failed to watch pods, exception: ("Connection broken: ConnectionResetError(104, 'Connection reset by peer')", ConnectionResetError(104, 'Connection reset by peer'))
[2026-05-16 14:17:32] [2026-05-16 14:17:32,148 AIMaster] (job_monitor_controller_k8s.py 1099) INFO: All workers: 2, running: 2, failed: 0, pending: 0
[2026-05-16 14:17:39] [2026-05-16 14:17:38,791 AIMaster] (config.py 347) INFO: Try loading config from pai-aimaster-new configmap.
[2026-05-16 14:18:03] [2026-05-16 14:18:02,314 AIMaster] (pod_manager.py 415) INFO: Pod Category Summary (Total pods: 2)
[2026-05-16 14:18:03] | Category           |   Count | Percentage   | Pods                                                   |
[2026-05-16 14:18:03] |--------------------|---------|--------------|--------------------------------------------------------|
[2026-05-16 14:18:03] | Running            |       2 | 100.0%       | [dlc1t5kb9mnrnjda-master-0, dlc1t5kb9mnrnjda-worker-0] |
[2026-05-16 14:18:03] | Pending            |       0 | 0.0%         |                                                        |
[2026-05-16 14:18:03] | Succeeded          |       0 | 0.0%         |                                                        |
[2026-05-16 14:18:03] | Failed             |       0 | 0.0%         |                                                        |
[2026-05-16 14:18:03] | Terminating        |       0 | 0.0%         |                                                        |
[2026-05-16 14:18:03] | Scheduler_evicting |       0 | 0.0%         |                                                        |
[2026-05-16 14:18:03] | Aiph_node_error    |       0 | 0.0%         |                                                        |
[2026-05-16 14:18:03] | Unknown            |       0 | 0.0%         |                                                        |
[2026-05-16 14:18:03] 
[2026-05-16 14:18:03] [2026-05-16 14:18:02,314 AIMaster] (job_monitor_controller_k8s.py 1099) INFO: All workers: 2, running: 2, failed: 0, pending: 0
[2026-05-16 14:18:03] [2026-05-16 14:18:02,314 AIMaster] (ops_reported_error_detector.py 103) INFO: Detecting whether the job is affected by errors reported by ops platform.
[2026-05-16 14:18:03] [2026-05-16 14:18:02,348 AIMaster] (aimaster_failover_controller.py 81) INFO: Detecting whether aimaster should be migrated.
[2026-05-16 14:18:33] [2026-05-16 14:18:32,472 AIMaster] (job_monitor_controller_k8s.py 1099) INFO: All workers: 2, running: 2, failed: 0, pending: 0
[2026-05-16 14:18:35] [2026-05-16 14:18:34,405 AIMaster] (job_event_collector.py 135) WARNING: Failed to watch pods, exception: ("Connection broken: ConnectionResetError(104, 'Connection reset by peer')", ConnectionResetError(104, 'Connection reset by peer'))
[2026-05-16 14:18:39] [2026-05-16 14:18:38,827 AIMaster] (config.py 347) INFO: Try loading config from pai-aimaster-new configmap.
[2026-05-16 14:19:03] [2026-05-16 14:19:02,595 AIMaster] (job_monitor_controller_k8s.py 1099) INFO: All workers: 2, running: 2, failed: 0, pending: 0
[2026-05-16 14:19:03] [2026-05-16 14:19:02,595 AIMaster] (ops_reported_error_detector.py 103) INFO: Detecting whether the job is affected by errors reported by ops platform.
[2026-05-16 14:19:33] [2026-05-16 14:19:32,749 AIMaster] (job_monitor_controller_k8s.py 1099) INFO: All workers: 2, running: 2, failed: 0, pending: 0
[2026-05-16 14:19:39] [2026-05-16 14:19:38,862 AIMaster] (config.py 347) INFO: Try loading config from pai-aimaster-new configmap.
[2026-05-16 14:20:03] [2026-05-16 14:20:02,878 AIMaster] (job_monitor_controller_k8s.py 1099) INFO: All workers: 2, running: 2, failed: 0, pending: 0
[2026-05-16 14:20:03] [2026-05-16 14:20:02,878 AIMaster] (ops_reported_error_detector.py 103) INFO: Detecting whether the job is affected by errors reported by ops platform.
[2026-05-16 14:20:03] [2026-05-16 14:20:02,911 AIMaster] (aimaster_failover_controller.py 81) INFO: Detecting whether aimaster should be migrated.
[2026-05-16 14:20:07] [2026-05-16 14:20:06,430 AIMaster] (job_event_collector.py 135) WARNING: Failed to watch pods, exception: ("Connection broken: ConnectionResetError(104, 'Connection reset by peer')", ConnectionResetError(104, 'Connection reset by peer'))
[2026-05-16 14:20:33] [2026-05-16 14:20:33,076 AIMaster] (job_monitor_controller_k8s.py 1099) INFO: All workers: 2, running: 2, failed: 0, pending: 0
[2026-05-16 14:20:39] [2026-05-16 14:20:38,896 AIMaster] (config.py 347) INFO: Try loading config from pai-aimaster-new configmap.
[2026-05-16 14:21:03] [2026-05-16 14:21:03,205 AIMaster] (job_monitor_controller_k8s.py 1099) INFO: All workers: 2, running: 2, failed: 0, pending: 0
[2026-05-16 14:21:03] [2026-05-16 14:21:03,205 AIMaster] (ops_reported_error_detector.py 103) INFO: Detecting whether the job is affected by errors reported by ops platform.
[2026-05-16 14:21:34] [2026-05-16 14:21:33,381 AIMaster] (job_monitor_controller_k8s.py 1099) INFO: All workers: 2, running: 2, failed: 0, pending: 0
[2026-05-16 14:21:38] [2026-05-16 14:21:37,992 AIMaster] (job_event_collector.py 135) WARNING: Failed to watch pods, exception: ("Connection broken: ConnectionResetError(104, 'Connection reset by peer')", ConnectionResetError(104, 'Connection reset by peer'))
[2026-05-16 14:21:39] [2026-05-16 14:21:38,933 AIMaster] (config.py 347) INFO: Try loading config from pai-aimaster-new configmap.
[2026-05-16 14:22:04] [2026-05-16 14:22:03,521 AIMaster] (job_monitor_controller_k8s.py 1099) INFO: All workers: 2, running: 2, failed: 0, pending: 0
[2026-05-16 14:22:04] [2026-05-16 14:22:03,521 AIMaster] (ops_reported_error_detector.py 103) INFO: Detecting whether the job is affected by errors reported by ops platform.
[2026-05-16 14:22:04] [2026-05-16 14:22:03,551 AIMaster] (aimaster_failover_controller.py 81) INFO: Detecting whether aimaster should be migrated.
[2026-05-16 14:22:34] [2026-05-16 14:22:33,674 AIMaster] (job_monitor_controller_k8s.py 1099) INFO: All workers: 2, running: 2, failed: 0, pending: 0
[2026-05-16 14:22:39] [2026-05-16 14:22:38,970 AIMaster] (config.py 347) INFO: Try loading config from pai-aimaster-new configmap.
[2026-05-16 14:23:04] [2026-05-16 14:23:03,803 AIMaster] (pod_manager.py 415) INFO: Pod Category Summary (Total pods: 2)
[2026-05-16 14:23:04] | Category           |   Count | Percentage   | Pods                                                   |
[2026-05-16 14:23:04] |--------------------|---------|--------------|--------------------------------------------------------|
[2026-05-16 14:23:04] | Running            |       2 | 100.0%       | [dlc1t5kb9mnrnjda-master-0, dlc1t5kb9mnrnjda-worker-0] |
[2026-05-16 14:23:04] | Pending            |       0 | 0.0%         |                                                        |
[2026-05-16 14:23:04] | Succeeded          |       0 | 0.0%         |                                                        |
[2026-05-16 14:23:04] | Failed             |       0 | 0.0%         |                                                        |
[2026-05-16 14:23:04] | Terminating        |       0 | 0.0%         |                                                        |
[2026-05-16 14:23:04] | Scheduler_evicting |       0 | 0.0%         |                                                        |
[2026-05-16 14:23:04] | Aiph_node_error    |       0 | 0.0%         |                                                        |
[2026-05-16 14:23:04] | Unknown            |       0 | 0.0%         |                                                        |
[2026-05-16 14:23:04] 
[2026-05-16 14:23:04] [2026-05-16 14:23:03,803 AIMaster] (job_monitor_controller_k8s.py 1099) INFO: All workers: 2, running: 2, failed: 0, pending: 0
[2026-05-16 14:23:04] [2026-05-16 14:23:03,803 AIMaster] (ops_reported_error_detector.py 103) INFO: Detecting whether the job is affected by errors reported by ops platform.
[2026-05-16 14:23:10] [2026-05-16 14:23:09,403 AIMaster] (job_event_collector.py 135) WARNING: Failed to watch pods, exception: ("Connection broken: ConnectionResetError(104, 'Connection reset by peer')", ConnectionResetError(104, 'Connection reset by peer'))
[2026-05-16 14:23:34] [2026-05-16 14:23:33,957 AIMaster] (job_monitor_controller_k8s.py 1099) INFO: All workers: 2, running: 2, failed: 0, pending: 0
[2026-05-16 14:23:39] [2026-05-16 14:23:39,007 AIMaster] (config.py 347) INFO: Try loading config from pai-aimaster-new configmap.
[2026-05-16 14:24:04] [2026-05-16 14:24:04,083 AIMaster] (job_monitor_controller_k8s.py 1099) INFO: All workers: 2, running: 2, failed: 0, pending: 0
[2026-05-16 14:24:04] [2026-05-16 14:24:04,083 AIMaster] (ops_reported_error_detector.py 103) INFO: Detecting whether the job is affected by errors reported by ops platform.
[2026-05-16 14:24:04] [2026-05-16 14:24:04,117 AIMaster] (aimaster_failover_controller.py 81) INFO: Detecting whether aimaster should be migrated.
[2026-05-16 14:24:34] [2026-05-16 14:24:34,244 AIMaster] (job_monitor_controller_k8s.py 1099) INFO: All workers: 2, running: 2, failed: 0, pending: 0
[2026-05-16 14:24:39] [2026-05-16 14:24:39,041 AIMaster] (config.py 347) INFO: Try loading config from pai-aimaster-new configmap.
[2026-05-16 14:24:41] [2026-05-16 14:24:41,243 AIMaster] (job_event_collector.py 135) WARNING: Failed to watch pods, exception: ("Connection broken: ConnectionResetError(104, 'Connection reset by peer')", ConnectionResetError(104, 'Connection reset by peer'))
[2026-05-16 14:25:04] [2026-05-16 14:25:04,373 AIMaster] (job_monitor_controller_k8s.py 1099) INFO: All workers: 2, running: 2, failed: 0, pending: 0
[2026-05-16 14:25:04] [2026-05-16 14:25:04,373 AIMaster] (ops_reported_error_detector.py 103) INFO: Detecting whether the job is affected by errors reported by ops platform.
[2026-05-16 14:25:35] [2026-05-16 14:25:34,536 AIMaster] (job_monitor_controller_k8s.py 1099) INFO: All workers: 2, running: 2, failed: 0, pending: 0
[2026-05-16 14:25:39] [2026-05-16 14:25:39,078 AIMaster] (config.py 347) INFO: Try loading config from pai-aimaster-new configmap.
[2026-05-16 14:26:05] [2026-05-16 14:26:04,708 AIMaster] (job_monitor_controller_k8s.py 1099) INFO: All workers: 2, running: 2, failed: 0, pending: 0
[2026-05-16 14:26:05] [2026-05-16 14:26:04,709 AIMaster] (ops_reported_error_detector.py 103) INFO: Detecting whether the job is affected by errors reported by ops platform.
[2026-05-16 14:26:05] [2026-05-16 14:26:04,741 AIMaster] (aimaster_failover_controller.py 81) INFO: Detecting whether aimaster should be migrated.
[2026-05-16 14:26:13] [2026-05-16 14:26:12,794 AIMaster] (job_event_collector.py 135) WARNING: Failed to watch pods, exception: ("Connection broken: ConnectionResetError(104, 'Connection reset by peer')", ConnectionResetError(104, 'Connection reset by peer'))
[2026-05-16 14:26:35] [2026-05-16 14:26:34,873 AIMaster] (job_monitor_controller_k8s.py 1099) INFO: All workers: 2, running: 2, failed: 0, pending: 0
[2026-05-16 14:26:39] [2026-05-16 14:26:39,116 AIMaster] (config.py 347) INFO: Try loading config from pai-aimaster-new configmap.
[2026-05-16 14:27:05] [2026-05-16 14:27:04,990 AIMaster] (job_monitor_controller_k8s.py 1099) INFO: All workers: 2, running: 2, failed: 0, pending: 0
[2026-05-16 14:27:05] [2026-05-16 14:27:04,991 AIMaster] (ops_reported_error_detector.py 103) INFO: Detecting whether the job is affected by errors reported by ops platform.
[2026-05-16 14:27:35] [2026-05-16 14:27:35,140 AIMaster] (job_monitor_controller_k8s.py 1099) INFO: All workers: 2, running: 2, failed: 0, pending: 0
[2026-05-16 14:27:39] [2026-05-16 14:27:39,152 AIMaster] (config.py 347) INFO: Try loading config from pai-aimaster-new configmap.
[2026-05-16 14:27:45] [2026-05-16 14:27:44,648 AIMaster] (job_event_collector.py 135) WARNING: Failed to watch pods, exception: ("Connection broken: ConnectionResetError(104, 'Connection reset by peer')", ConnectionResetError(104, 'Connection reset by peer'))
[2026-05-16 14:28:05] [2026-05-16 14:28:05,281 AIMaster] (pod_manager.py 415) INFO: Pod Category Summary (Total pods: 2)
[2026-05-16 14:28:05] | Category           |   Count | Percentage   | Pods                                                   |
[2026-05-16 14:28:05] |--------------------|---------|--------------|--------------------------------------------------------|
[2026-05-16 14:28:05] | Running            |       2 | 100.0%       | [dlc1t5kb9mnrnjda-master-0, dlc1t5kb9mnrnjda-worker-0] |
[2026-05-16 14:28:05] | Pending            |       0 | 0.0%         |                                                        |
[2026-05-16 14:28:05] | Succeeded          |       0 | 0.0%         |                                                        |
[2026-05-16 14:28:05] | Failed             |       0 | 0.0%         |                                                        |
[2026-05-16 14:28:05] | Terminating        |       0 | 0.0%         |                                                        |
[2026-05-16 14:28:05] | Scheduler_evicting |       0 | 0.0%         |                                                        |
[2026-05-16 14:28:05] | Aiph_node_error    |       0 | 0.0%         |                                                        |
[2026-05-16 14:28:05] | Unknown            |       0 | 0.0%         |                                                        |
[2026-05-16 14:28:05] 
[2026-05-16 14:28:05] [2026-05-16 14:28:05,281 AIMaster] (job_monitor_controller_k8s.py 1099) INFO: All workers: 2, running: 2, failed: 0, pending: 0
[2026-05-16 14:28:05] [2026-05-16 14:28:05,281 AIMaster] (ops_reported_error_detector.py 103) INFO: Detecting whether the job is affected by errors reported by ops platform.
[2026-05-16 14:28:05] [2026-05-16 14:28:05,313 AIMaster] (aimaster_failover_controller.py 81) INFO: Detecting whether aimaster should be migrated.
[2026-05-16 14:28:35] [2026-05-16 14:28:35,446 AIMaster] (job_monitor_controller_k8s.py 1099) INFO: All workers: 2, running: 2, failed: 0, pending: 0
[2026-05-16 14:28:39] [2026-05-16 14:28:39,187 AIMaster] (config.py 347) INFO: Try loading config from pai-aimaster-new configmap.
[2026-05-16 14:29:05] [2026-05-16 14:29:05,571 AIMaster] (job_monitor_controller_k8s.py 1099) INFO: All workers: 2, running: 2, failed: 0, pending: 0
[2026-05-16 14:29:05] [2026-05-16 14:29:05,571 AIMaster] (ops_reported_error_detector.py 103) INFO: Detecting whether the job is affected by errors reported by ops platform.
[2026-05-16 14:29:16] [2026-05-16 14:29:15,955 AIMaster] (job_event_collector.py 135) WARNING: Failed to watch pods, exception: ("Connection broken: ConnectionResetError(104, 'Connection reset by peer')", ConnectionResetError(104, 'Connection reset by peer'))
[2026-05-16 14:29:36] [2026-05-16 14:29:35,732 AIMaster] (job_monitor_controller_k8s.py 1099) INFO: All workers: 2, running: 2, failed: 0, pending: 0
[2026-05-16 14:29:39] [2026-05-16 14:29:39,222 AIMaster] (config.py 347) INFO: Try loading config from pai-aimaster-new configmap.
[2026-05-16 14:30:06] [2026-05-16 14:30:05,854 AIMaster] (job_monitor_controller_k8s.py 1099) INFO: All workers: 2, running: 2, failed: 0, pending: 0
[2026-05-16 14:30:06] [2026-05-16 14:30:05,855 AIMaster] (ops_reported_error_detector.py 103) INFO: Detecting whether the job is affected by errors reported by ops platform.
[2026-05-16 14:30:06] [2026-05-16 14:30:05,890 AIMaster] (aimaster_failover_controller.py 81) INFO: Detecting whether aimaster should be migrated.
[2026-05-16 14:30:36] [2026-05-16 14:30:36,018 AIMaster] (job_monitor_controller_k8s.py 1099) INFO: All workers: 2, running: 2, failed: 0, pending: 0
[2026-05-16 14:30:39] [2026-05-16 14:30:39,257 AIMaster] (config.py 347) INFO: Try loading config from pai-aimaster-new configmap.
[2026-05-16 14:30:47] [2026-05-16 14:30:47,524 AIMaster] (job_event_collector.py 135) WARNING: Failed to watch pods, exception: ("Connection broken: ConnectionResetError(104, 'Connection reset by peer')", ConnectionResetError(104, 'Connection reset by peer'))
[2026-05-16 14:31:06] [2026-05-16 14:31:06,145 AIMaster] (job_monitor_controller_k8s.py 1099) INFO: All workers: 2, running: 2, failed: 0, pending: 0
[2026-05-16 14:31:06] [2026-05-16 14:31:06,146 AIMaster] (ops_reported_error_detector.py 103) INFO: Detecting whether the job is affected by errors reported by ops platform.
[2026-05-16 14:31:36] [2026-05-16 14:31:36,333 AIMaster] (job_monitor_controller_k8s.py 1099) INFO: All workers: 2, running: 2, failed: 0, pending: 0
[2026-05-16 14:31:39] [2026-05-16 14:31:39,293 AIMaster] (config.py 347) INFO: Try loading config from pai-aimaster-new configmap.
[2026-05-16 14:32:06] [2026-05-16 14:32:06,453 AIMaster] (job_monitor_controller_k8s.py 1099) INFO: All workers: 2, running: 2, failed: 0, pending: 0
[2026-05-16 14:32:06] [2026-05-16 14:32:06,453 AIMaster] (ops_reported_error_detector.py 103) INFO: Detecting whether the job is affected by errors reported by ops platform.
[2026-05-16 14:32:06] [2026-05-16 14:32:06,483 AIMaster] (aimaster_failover_controller.py 81) INFO: Detecting whether aimaster should be migrated.
[2026-05-16 14:32:19] [2026-05-16 14:32:19,169 AIMaster] (job_event_collector.py 135) WARNING: Failed to watch pods, exception: ("Connection broken: ConnectionResetError(104, 'Connection reset by peer')", ConnectionResetError(104, 'Connection reset by peer'))
[2026-05-16 14:32:36] [2026-05-16 14:32:36,613 AIMaster] (job_monitor_controller_k8s.py 1099) INFO: All workers: 2, running: 2, failed: 0, pending: 0
[2026-05-16 14:32:39] [2026-05-16 14:32:39,329 AIMaster] (config.py 347) INFO: Try loading config from pai-aimaster-new configmap.
[2026-05-16 14:33:07] [2026-05-16 14:33:06,734 AIMaster] (pod_manager.py 415) INFO: Pod Category Summary (Total pods: 2)
[2026-05-16 14:33:07] | Category           |   Count | Percentage   | Pods                                                   |
[2026-05-16 14:33:07] |--------------------|---------|--------------|--------------------------------------------------------|
[2026-05-16 14:33:07] | Running            |       2 | 100.0%       | [dlc1t5kb9mnrnjda-master-0, dlc1t5kb9mnrnjda-worker-0] |
[2026-05-16 14:33:07] | Pending            |       0 | 0.0%         |                                                        |
[2026-05-16 14:33:07] | Succeeded          |       0 | 0.0%         |                                                        |
[2026-05-16 14:33:07] | Failed             |       0 | 0.0%         |                                                        |
[2026-05-16 14:33:07] | Terminating        |       0 | 0.0%         |                                                        |
[2026-05-16 14:33:07] | Scheduler_evicting |       0 | 0.0%         |                                                        |
[2026-05-16 14:33:07] | Aiph_node_error    |       0 | 0.0%         |                                                        |
[2026-05-16 14:33:07] | Unknown            |       0 | 0.0%         |                                                        |
[2026-05-16 14:33:07] 
[2026-05-16 14:33:07] [2026-05-16 14:33:06,734 AIMaster] (job_monitor_controller_k8s.py 1099) INFO: All workers: 2, running: 2, failed: 0, pending: 0
[2026-05-16 14:33:07] [2026-05-16 14:33:06,734 AIMaster] (ops_reported_error_detector.py 103) INFO: Detecting whether the job is affected by errors reported by ops platform.
[2026-05-16 14:33:37] [2026-05-16 14:33:36,885 AIMaster] (job_monitor_controller_k8s.py 1099) INFO: All workers: 2, running: 2, failed: 0, pending: 0
[2026-05-16 14:33:39] [2026-05-16 14:33:39,367 AIMaster] (config.py 347) INFO: Try loading config from pai-aimaster-new configmap.
[2026-05-16 14:33:50] [2026-05-16 14:33:50,662 AIMaster] (job_event_collector.py 135) WARNING: Failed to watch pods, exception: ("Connection broken: ConnectionResetError(104, 'Connection reset by peer')", ConnectionResetError(104, 'Connection reset by peer'))
[2026-05-16 14:34:07] [2026-05-16 14:34:07,046 AIMaster] (job_monitor_controller_k8s.py 1099) INFO: All workers: 2, running: 2, failed: 0, pending: 0
[2026-05-16 14:34:07] [2026-05-16 14:34:07,046 AIMaster] (ops_reported_error_detector.py 103) INFO: Detecting whether the job is affected by errors reported by ops platform.
[2026-05-16 14:34:07] [2026-05-16 14:34:07,082 AIMaster] (aimaster_failover_controller.py 81) INFO: Detecting whether aimaster should be migrated.
[2026-05-16 14:34:37] [2026-05-16 14:34:37,212 AIMaster] (job_monitor_controller_k8s.py 1099) INFO: All workers: 2, running: 2, failed: 0, pending: 0
[2026-05-16 14:34:39] [2026-05-16 14:34:39,403 AIMaster] (config.py 347) INFO: Try loading config from pai-aimaster-new configmap.
[2026-05-16 14:35:07] [2026-05-16 14:35:07,342 AIMaster] (job_monitor_controller_k8s.py 1099) INFO: All workers: 2, running: 2, failed: 0, pending: 0
[2026-05-16 14:35:07] [2026-05-16 14:35:07,342 AIMaster] (ops_reported_error_detector.py 103) INFO: Detecting whether the job is affected by errors reported by ops platform.
[2026-05-16 14:35:23] [2026-05-16 14:35:22,805 AIMaster] (job_event_collector.py 135) WARNING: Failed to watch pods, exception: ("Connection broken: ConnectionResetError(104, 'Connection reset by peer')", ConnectionResetError(104, 'Connection reset by peer'))
[2026-05-16 14:35:37] [2026-05-16 14:35:37,499 AIMaster] (job_monitor_controller_k8s.py 1099) INFO: All workers: 2, running: 2, failed: 0, pending: 0
[2026-05-16 14:35:39] [2026-05-16 14:35:39,439 AIMaster] (config.py 347) INFO: Try loading config from pai-aimaster-new configmap.
[2026-05-16 14:36:07] [2026-05-16 14:36:07,616 AIMaster] (job_monitor_controller_k8s.py 1099) INFO: All workers: 2, running: 2, failed: 0, pending: 0
[2026-05-16 14:36:07] [2026-05-16 14:36:07,616 AIMaster] (ops_reported_error_detector.py 103) INFO: Detecting whether the job is affected by errors reported by ops platform.
[2026-05-16 14:36:07] [2026-05-16 14:36:07,648 AIMaster] (aimaster_failover_controller.py 81) INFO: Detecting whether aimaster should be migrated.
[2026-05-16 14:36:37] [2026-05-16 14:36:37,777 AIMaster] (job_monitor_controller_k8s.py 1099) INFO: All workers: 2, running: 2, failed: 0, pending: 0
[2026-05-16 14:36:39] [2026-05-16 14:36:39,476 AIMaster] (config.py 347) INFO: Try loading config from pai-aimaster-new configmap.
[2026-05-16 14:36:54] [2026-05-16 14:36:54,270 AIMaster] (job_event_collector.py 135) WARNING: Failed to watch pods, exception: ("Connection broken: ConnectionResetError(104, 'Connection reset by peer')", ConnectionResetError(104, 'Connection reset by peer'))
[2026-05-16 14:37:08] [2026-05-16 14:37:07,934 AIMaster] (job_monitor_controller_k8s.py 1099) INFO: All workers: 2, running: 2, failed: 0, pending: 0
[2026-05-16 14:37:08] [2026-05-16 14:37:07,934 AIMaster] (ops_reported_error_detector.py 103) INFO: Detecting whether the job is affected by errors reported by ops platform.
[2026-05-16 14:37:38] [2026-05-16 14:37:38,097 AIMaster] (job_monitor_controller_k8s.py 1099) INFO: All workers: 2, running: 2, failed: 0, pending: 0
[2026-05-16 14:37:39] [2026-05-16 14:37:39,512 AIMaster] (config.py 347) INFO: Try loading config from pai-aimaster-new configmap.
[2026-05-16 14:38:08] [2026-05-16 14:38:08,218 AIMaster] (pod_manager.py 415) INFO: Pod Category Summary (Total pods: 2)
[2026-05-16 14:38:08] | Category           |   Count | Percentage   | Pods                                                   |
[2026-05-16 14:38:08] |--------------------|---------|--------------|--------------------------------------------------------|
[2026-05-16 14:38:08] | Running            |       2 | 100.0%       | [dlc1t5kb9mnrnjda-master-0, dlc1t5kb9mnrnjda-worker-0] |
[2026-05-16 14:38:08] | Pending            |       0 | 0.0%         |                                                        |
[2026-05-16 14:38:08] | Succeeded          |       0 | 0.0%         |                                                        |
[2026-05-16 14:38:08] | Failed             |       0 | 0.0%         |                                                        |
[2026-05-16 14:38:08] | Terminating        |       0 | 0.0%         |                                                        |
[2026-05-16 14:38:08] | Scheduler_evicting |       0 | 0.0%         |                                                        |
[2026-05-16 14:38:08] | Aiph_node_error    |       0 | 0.0%         |                                                        |
[2026-05-16 14:38:08] | Unknown            |       0 | 0.0%         |                                                        |
[2026-05-16 14:38:08] 
[2026-05-16 14:38:08] [2026-05-16 14:38:08,218 AIMaster] (job_monitor_controller_k8s.py 1099) INFO: All workers: 2, running: 2, failed: 0, pending: 0
[2026-05-16 14:38:08] [2026-05-16 14:38:08,218 AIMaster] (ops_reported_error_detector.py 103) INFO: Detecting whether the job is affected by errors reported by ops platform.
[2026-05-16 14:38:08] [2026-05-16 14:38:08,248 AIMaster] (aimaster_failover_controller.py 81) INFO: Detecting whether aimaster should be migrated.
[2026-05-16 14:38:26] [2026-05-16 14:38:26,333 AIMaster] (job_event_collector.py 135) WARNING: Failed to watch pods, exception: ("Connection broken: ConnectionResetError(104, 'Connection reset by peer')", ConnectionResetError(104, 'Connection reset by peer'))
[2026-05-16 14:38:38] [2026-05-16 14:38:38,384 AIMaster] (job_monitor_controller_k8s.py 1099) INFO: All workers: 2, running: 2, failed: 0, pending: 0
[2026-05-16 14:38:39] [2026-05-16 14:38:39,548 AIMaster] (config.py 347) INFO: Try loading config from pai-aimaster-new configmap.
[2026-05-16 14:39:08] [2026-05-16 14:39:08,513 AIMaster] (job_monitor_controller_k8s.py 1099) INFO: All workers: 2, running: 2, failed: 0, pending: 0
[2026-05-16 14:39:08] [2026-05-16 14:39:08,513 AIMaster] (ops_reported_error_detector.py 103) INFO: Detecting whether the job is affected by errors reported by ops platform.
[2026-05-16 14:39:38] [2026-05-16 14:39:38,661 AIMaster] (job_monitor_controller_k8s.py 1099) INFO: All workers: 2, running: 2, failed: 0, pending: 0
[2026-05-16 14:39:39] [2026-05-16 14:39:39,583 AIMaster] (config.py 347) INFO: Try loading config from pai-aimaster-new configmap.
[2026-05-16 14:39:57] [2026-05-16 14:39:57,701 AIMaster] (job_event_collector.py 135) WARNING: Failed to watch pods, exception: ("Connection broken: ConnectionResetError(104, 'Connection reset by peer')", ConnectionResetError(104, 'Connection reset by peer'))
[2026-05-16 14:40:08] [2026-05-16 14:40:08,849 AIMaster] (job_monitor_controller_k8s.py 1099) INFO: All workers: 2, running: 2, failed: 0, pending: 0
[2026-05-16 14:40:08] [2026-05-16 14:40:08,849 AIMaster] (ops_reported_error_detector.py 103) INFO: Detecting whether the job is affected by errors reported by ops platform.
[2026-05-16 14:40:08] [2026-05-16 14:40:08,880 AIMaster] (aimaster_failover_controller.py 81) INFO: Detecting whether aimaster should be migrated.
[2026-05-16 14:40:39] [2026-05-16 14:40:39,005 AIMaster] (job_monitor_controller_k8s.py 1099) INFO: All workers: 2, running: 2, failed: 0, pending: 0
[2026-05-16 14:40:39] [2026-05-16 14:40:39,623 AIMaster] (config.py 347) INFO: Try loading config from pai-aimaster-new configmap.
[2026-05-16 14:41:10] [2026-05-16 14:41:09,127 AIMaster] (job_monitor_controller_k8s.py 1099) INFO: All workers: 2, running: 2, failed: 0, pending: 0
[2026-05-16 14:41:10] [2026-05-16 14:41:09,127 AIMaster] (ops_reported_error_detector.py 103) INFO: Detecting whether the job is affected by errors reported by ops platform.
[2026-05-16 14:41:29] [2026-05-16 14:41:28,867 AIMaster] (job_event_collector.py 135) WARNING: Failed to watch pods, exception: ("Connection broken: ConnectionResetError(104, 'Connection reset by peer')", ConnectionResetError(104, 'Connection reset by peer'))
[2026-05-16 14:41:40] [2026-05-16 14:41:39,291 AIMaster] (job_monitor_controller_k8s.py 1099) INFO: All workers: 2, running: 2, failed: 0, pending: 0
[2026-05-16 14:41:40] [2026-05-16 14:41:39,658 AIMaster] (config.py 347) INFO: Try loading config from pai-aimaster-new configmap.
[2026-05-16 14:42:10] [2026-05-16 14:42:09,410 AIMaster] (job_monitor_controller_k8s.py 1099) INFO: All workers: 2, running: 2, failed: 0, pending: 0
[2026-05-16 14:42:10] [2026-05-16 14:42:09,411 AIMaster] (ops_reported_error_detector.py 103) INFO: Detecting whether the job is affected by errors reported by ops platform.
[2026-05-16 14:42:10] [2026-05-16 14:42:09,442 AIMaster] (aimaster_failover_controller.py 81) INFO: Detecting whether aimaster should be migrated.
[2026-05-16 14:42:40] [2026-05-16 14:42:39,580 AIMaster] (job_monitor_controller_k8s.py 1099) INFO: All workers: 2, running: 2, failed: 0, pending: 0
[2026-05-16 14:42:40] [2026-05-16 14:42:39,699 AIMaster] (config.py 347) INFO: Try loading config from pai-aimaster-new configmap.
[2026-05-16 14:43:01] [2026-05-16 14:43:00,708 AIMaster] (job_event_collector.py 135) WARNING: Failed to watch pods, exception: ("Connection broken: ConnectionResetError(104, 'Connection reset by peer')", ConnectionResetError(104, 'Connection reset by peer'))
[2026-05-16 14:43:10] [2026-05-16 14:43:09,711 AIMaster] (pod_manager.py 415) INFO: Pod Category Summary (Total pods: 2)
[2026-05-16 14:43:10] | Category           |   Count | Percentage   | Pods                                                   |
[2026-05-16 14:43:10] |--------------------|---------|--------------|--------------------------------------------------------|
[2026-05-16 14:43:10] | Running            |       2 | 100.0%       | [dlc1t5kb9mnrnjda-master-0, dlc1t5kb9mnrnjda-worker-0] |
[2026-05-16 14:43:10] | Pending            |       0 | 0.0%         |                                                        |
[2026-05-16 14:43:10] | Succeeded          |       0 | 0.0%         |                                                        |
[2026-05-16 14:43:10] | Failed             |       0 | 0.0%         |                                                        |
[2026-05-16 14:43:10] | Terminating        |       0 | 0.0%         |                                                        |
[2026-05-16 14:43:10] | Scheduler_evicting |       0 | 0.0%         |                                                        |
[2026-05-16 14:43:10] | Aiph_node_error    |       0 | 0.0%         |                                                        |
[2026-05-16 14:43:10] | Unknown            |       0 | 0.0%         |                                                        |
[2026-05-16 14:43:10] 
[2026-05-16 14:43:10] [2026-05-16 14:43:09,711 AIMaster] (job_monitor_controller_k8s.py 1099) INFO: All workers: 2, running: 2, failed: 0, pending: 0
[2026-05-16 14:43:10] [2026-05-16 14:43:09,711 AIMaster] (ops_reported_error_detector.py 103) INFO: Detecting whether the job is affected by errors reported by ops platform.
[2026-05-16 14:43:40] [2026-05-16 14:43:39,736 AIMaster] (config.py 347) INFO: Try loading config from pai-aimaster-new configmap.
[2026-05-16 14:43:40] [2026-05-16 14:43:39,864 AIMaster] (job_monitor_controller_k8s.py 1099) INFO: All workers: 2, running: 2, failed: 0, pending: 0
[2026-05-16 14:44:10] [2026-05-16 14:44:09,990 AIMaster] (job_monitor_controller_k8s.py 1099) INFO: All workers: 2, running: 2, failed: 0, pending: 0
[2026-05-16 14:44:10] [2026-05-16 14:44:09,991 AIMaster] (ops_reported_error_detector.py 103) INFO: Detecting whether the job is affected by errors reported by ops platform.
[2026-05-16 14:44:10] [2026-05-16 14:44:10,024 AIMaster] (aimaster_failover_controller.py 81) INFO: Detecting whether aimaster should be migrated.
[2026-05-16 14:44:33] [2026-05-16 14:44:32,603 AIMaster] (job_event_collector.py 135) WARNING: Failed to watch pods, exception: ("Connection broken: ConnectionResetError(104, 'Connection reset by peer')", ConnectionResetError(104, 'Connection reset by peer'))
[2026-05-16 14:44:40] [2026-05-16 14:44:39,772 AIMaster] (config.py 347) INFO: Try loading config from pai-aimaster-new configmap.
[2026-05-16 14:44:41] [2026-05-16 14:44:40,154 AIMaster] (job_monitor_controller_k8s.py 1099) INFO: All workers: 2, running: 2, failed: 0, pending: 0
[2026-05-16 14:45:11] [2026-05-16 14:45:10,278 AIMaster] (job_monitor_controller_k8s.py 1099) INFO: All workers: 2, running: 2, failed: 0, pending: 0
[2026-05-16 14:45:11] [2026-05-16 14:45:10,278 AIMaster] (ops_reported_error_detector.py 103) INFO: Detecting whether the job is affected by errors reported by ops platform.
[2026-05-16 14:45:40] [2026-05-16 14:45:39,830 AIMaster] (config.py 347) INFO: Try loading config from pai-aimaster-new configmap.
[2026-05-16 14:45:41] [2026-05-16 14:45:40,491 AIMaster] (job_monitor_controller_k8s.py 1099) INFO: All workers: 2, running: 2, failed: 0, pending: 0
[2026-05-16 14:46:05] [2026-05-16 14:46:04,382 AIMaster] (job_event_collector.py 135) WARNING: Failed to watch pods, exception: ("Connection broken: ConnectionResetError(104, 'Connection reset by peer')", ConnectionResetError(104, 'Connection reset by peer'))
[2026-05-16 14:46:11] [2026-05-16 14:46:10,633 AIMaster] (job_monitor_controller_k8s.py 1099) INFO: All workers: 2, running: 2, failed: 0, pending: 0
[2026-05-16 14:46:11] [2026-05-16 14:46:10,633 AIMaster] (ops_reported_error_detector.py 103) INFO: Detecting whether the job is affected by errors reported by ops platform.
[2026-05-16 14:46:11] [2026-05-16 14:46:10,666 AIMaster] (aimaster_failover_controller.py 81) INFO: Detecting whether aimaster should be migrated.
[2026-05-16 14:46:40] [2026-05-16 14:46:39,865 AIMaster] (config.py 347) INFO: Try loading config from pai-aimaster-new configmap.
[2026-05-16 14:46:41] [2026-05-16 14:46:40,797 AIMaster] (job_monitor_controller_k8s.py 1099) INFO: All workers: 2, running: 2, failed: 0, pending: 0
[2026-05-16 14:47:11] [2026-05-16 14:47:10,929 AIMaster] (job_monitor_controller_k8s.py 1099) INFO: All workers: 2, running: 2, failed: 0, pending: 0
[2026-05-16 14:47:11] [2026-05-16 14:47:10,929 AIMaster] (ops_reported_error_detector.py 103) INFO: Detecting whether the job is affected by errors reported by ops platform.
[2026-05-16 14:47:36] [2026-05-16 14:47:36,223 AIMaster] (job_event_collector.py 135) WARNING: Failed to watch pods, exception: ("Connection broken: ConnectionResetError(104, 'Connection reset by peer')", ConnectionResetError(104, 'Connection reset by peer'))
[2026-05-16 14:47:40] [2026-05-16 14:47:39,907 AIMaster] (config.py 347) INFO: Try loading config from pai-aimaster-new configmap.
[2026-05-16 14:47:41] [2026-05-16 14:47:41,096 AIMaster] (job_monitor_controller_k8s.py 1099) INFO: All workers: 2, running: 2, failed: 0, pending: 0
[2026-05-16 14:48:11] [2026-05-16 14:48:11,239 AIMaster] (pod_manager.py 415) INFO: Pod Category Summary (Total pods: 2)
[2026-05-16 14:48:11] | Category           |   Count | Percentage   | Pods                                                   |
[2026-05-16 14:48:11] |--------------------|---------|--------------|--------------------------------------------------------|
[2026-05-16 14:48:11] | Running            |       2 | 100.0%       | [dlc1t5kb9mnrnjda-master-0, dlc1t5kb9mnrnjda-worker-0] |
[2026-05-16 14:48:11] | Pending            |       0 | 0.0%         |                                                        |
[2026-05-16 14:48:11] | Succeeded          |       0 | 0.0%         |                                                        |
[2026-05-16 14:48:11] | Failed             |       0 | 0.0%         |                                                        |
[2026-05-16 14:48:11] | Terminating        |       0 | 0.0%         |                                                        |
[2026-05-16 14:48:11] | Scheduler_evicting |       0 | 0.0%         |                                                        |
[2026-05-16 14:48:11] | Aiph_node_error    |       0 | 0.0%         |                                                        |
[2026-05-16 14:48:11] | Unknown            |       0 | 0.0%         |                                                        |
[2026-05-16 14:48:11] 
[2026-05-16 14:48:11] [2026-05-16 14:48:11,240 AIMaster] (job_monitor_controller_k8s.py 1099) INFO: All workers: 2, running: 2, failed: 0, pending: 0
[2026-05-16 14:48:11] [2026-05-16 14:48:11,240 AIMaster] (ops_reported_error_detector.py 103) INFO: Detecting whether the job is affected by errors reported by ops platform.
[2026-05-16 14:48:12] [2026-05-16 14:48:11,274 AIMaster] (aimaster_failover_controller.py 81) INFO: Detecting whether aimaster should be migrated.
[2026-05-16 14:48:40] [2026-05-16 14:48:39,945 AIMaster] (config.py 347) INFO: Try loading config from pai-aimaster-new configmap.
[2026-05-16 14:48:42] [2026-05-16 14:48:41,417 AIMaster] (job_monitor_controller_k8s.py 1099) INFO: All workers: 2, running: 2, failed: 0, pending: 0
[2026-05-16 14:49:08] [2026-05-16 14:49:07,592 AIMaster] (job_event_collector.py 135) WARNING: Failed to watch pods, exception: ("Connection broken: ConnectionResetError(104, 'Connection reset by peer')", ConnectionResetError(104, 'Connection reset by peer'))
[2026-05-16 14:49:12] [2026-05-16 14:49:11,539 AIMaster] (job_monitor_controller_k8s.py 1099) INFO: All workers: 2, running: 2, failed: 0, pending: 0
[2026-05-16 14:49:12] [2026-05-16 14:49:11,539 AIMaster] (ops_reported_error_detector.py 103) INFO: Detecting whether the job is affected by errors reported by ops platform.
[2026-05-16 14:49:40] [2026-05-16 14:49:39,980 AIMaster] (config.py 347) INFO: Try loading config from pai-aimaster-new configmap.
[2026-05-16 14:49:42] [2026-05-16 14:49:41,718 AIMaster] (job_monitor_controller_k8s.py 1099) INFO: All workers: 2, running: 2, failed: 0, pending: 0
[2026-05-16 14:50:12] [2026-05-16 14:50:11,849 AIMaster] (job_monitor_controller_k8s.py 1099) INFO: All workers: 2, running: 2, failed: 0, pending: 0
[2026-05-16 14:50:12] [2026-05-16 14:50:11,849 AIMaster] (ops_reported_error_detector.py 103) INFO: Detecting whether the job is affected by errors reported by ops platform.
[2026-05-16 14:50:12] [2026-05-16 14:50:11,883 AIMaster] (aimaster_failover_controller.py 81) INFO: Detecting whether aimaster should be migrated.
[2026-05-16 14:50:39] [2026-05-16 14:50:38,919 AIMaster] (job_event_collector.py 135) WARNING: Failed to watch pods, exception: ("Connection broken: ConnectionResetError(104, 'Connection reset by peer')", ConnectionResetError(104, 'Connection reset by peer'))
[2026-05-16 14:50:40] [2026-05-16 14:50:40,017 AIMaster] (config.py 347) INFO: Try loading config from pai-aimaster-new configmap.
[2026-05-16 14:50:42] [2026-05-16 14:50:42,022 AIMaster] (job_monitor_controller_k8s.py 1099) INFO: All workers: 2, running: 2, failed: 0, pending: 0
[2026-05-16 14:51:12] [2026-05-16 14:51:12,152 AIMaster] (job_monitor_controller_k8s.py 1099) INFO: All workers: 2, running: 2, failed: 0, pending: 0
[2026-05-16 14:51:12] [2026-05-16 14:51:12,152 AIMaster] (ops_reported_error_detector.py 103) INFO: Detecting whether the job is affected by errors reported by ops platform.
[2026-05-16 14:51:40] [2026-05-16 14:51:40,052 AIMaster] (config.py 347) INFO: Try loading config from pai-aimaster-new configmap.
[2026-05-16 14:51:42] [2026-05-16 14:51:42,302 AIMaster] (job_monitor_controller_k8s.py 1099) INFO: All workers: 2, running: 2, failed: 0, pending: 0
[2026-05-16 14:52:12] [2026-05-16 14:52:11,680 AIMaster] (job_event_collector.py 135) WARNING: Failed to watch pods, exception: ("Connection broken: ConnectionResetError(104, 'Connection reset by peer')", ConnectionResetError(104, 'Connection reset by peer'))
[2026-05-16 14:52:13] [2026-05-16 14:52:12,440 AIMaster] (job_monitor_controller_k8s.py 1099) INFO: All workers: 2, running: 2, failed: 0, pending: 0
[2026-05-16 14:52:13] [2026-05-16 14:52:12,440 AIMaster] (ops_reported_error_detector.py 103) INFO: Detecting whether the job is affected by errors reported by ops platform.
[2026-05-16 14:52:13] [2026-05-16 14:52:12,469 AIMaster] (aimaster_failover_controller.py 81) INFO: Detecting whether aimaster should be migrated.
[2026-05-16 14:52:40] [2026-05-16 14:52:40,088 AIMaster] (config.py 347) INFO: Try loading config from pai-aimaster-new configmap.
[2026-05-16 14:52:43] [2026-05-16 14:52:42,619 AIMaster] (job_monitor_controller_k8s.py 1099) INFO: All workers: 2, running: 2, failed: 0, pending: 0
[2026-05-16 14:53:13] [2026-05-16 14:53:12,743 AIMaster] (pod_manager.py 415) INFO: Pod Category Summary (Total pods: 2)
[2026-05-16 14:53:13] | Category           |   Count | Percentage   | Pods                                                   |
[2026-05-16 14:53:13] |--------------------|---------|--------------|--------------------------------------------------------|
[2026-05-16 14:53:13] | Running            |       2 | 100.0%       | [dlc1t5kb9mnrnjda-master-0, dlc1t5kb9mnrnjda-worker-0] |
[2026-05-16 14:53:13] | Pending            |       0 | 0.0%         |                                                        |
[2026-05-16 14:53:13] | Succeeded          |       0 | 0.0%         |                                                        |
[2026-05-16 14:53:13] | Failed             |       0 | 0.0%         |                                                        |
[2026-05-16 14:53:13] | Terminating        |       0 | 0.0%         |                                                        |
[2026-05-16 14:53:13] | Scheduler_evicting |       0 | 0.0%         |                                                        |
[2026-05-16 14:53:13] | Aiph_node_error    |       0 | 0.0%         |                                                        |
[2026-05-16 14:53:13] | Unknown            |       0 | 0.0%         |                                                        |
[2026-05-16 14:53:13] 
[2026-05-16 14:53:13] [2026-05-16 14:53:12,743 AIMaster] (job_monitor_controller_k8s.py 1099) INFO: All workers: 2, running: 2, failed: 0, pending: 0
[2026-05-16 14:53:13] [2026-05-16 14:53:12,743 AIMaster] (ops_reported_error_detector.py 103) INFO: Detecting whether the job is affected by errors reported by ops platform.
[2026-05-16 14:53:40] [2026-05-16 14:53:40,125 AIMaster] (config.py 347) INFO: Try loading config from pai-aimaster-new configmap.
[2026-05-16 14:53:43] [2026-05-16 14:53:42,910 AIMaster] (job_monitor_controller_k8s.py 1099) INFO: All workers: 2, running: 2, failed: 0, pending: 0
[2026-05-16 14:53:43] [2026-05-16 14:53:43,309 AIMaster] (job_event_collector.py 135) WARNING: Failed to watch pods, exception: ("Connection broken: ConnectionResetError(104, 'Connection reset by peer')", ConnectionResetError(104, 'Connection reset by peer'))
[2026-05-16 14:54:13] [2026-05-16 14:54:13,054 AIMaster] (job_monitor_controller_k8s.py 1099) INFO: All workers: 2, running: 2, failed: 0, pending: 0
[2026-05-16 14:54:13] [2026-05-16 14:54:13,055 AIMaster] (ops_reported_error_detector.py 103) INFO: Detecting whether the job is affected by errors reported by ops platform.
[2026-05-16 14:54:13] [2026-05-16 14:54:13,088 AIMaster] (aimaster_failover_controller.py 81) INFO: Detecting whether aimaster should be migrated.
[2026-05-16 14:54:40] [2026-05-16 14:54:40,169 AIMaster] (config.py 347) INFO: Try loading config from pai-aimaster-new configmap.
[2026-05-16 14:54:43] [2026-05-16 14:54:43,216 AIMaster] (job_monitor_controller_k8s.py 1099) INFO: All workers: 2, running: 2, failed: 0, pending: 0
[2026-05-16 14:55:13] [2026-05-16 14:55:13,339 AIMaster] (job_monitor_controller_k8s.py 1099) INFO: All workers: 2, running: 2, failed: 0, pending: 0
[2026-05-16 14:55:13] [2026-05-16 14:55:13,339 AIMaster] (ops_reported_error_detector.py 103) INFO: Detecting whether the job is affected by errors reported by ops platform.
[2026-05-16 14:55:15] [2026-05-16 14:55:15,236 AIMaster] (job_event_collector.py 135) WARNING: Failed to watch pods, exception: ("Connection broken: ConnectionResetError(104, 'Connection reset by peer')", ConnectionResetError(104, 'Connection reset by peer'))
[2026-05-16 14:55:40] [2026-05-16 14:55:40,205 AIMaster] (config.py 347) INFO: Try loading config from pai-aimaster-new configmap.
[2026-05-16 14:55:43] [2026-05-16 14:55:43,494 AIMaster] (job_monitor_controller_k8s.py 1099) INFO: All workers: 2, running: 2, failed: 0, pending: 0
[2026-05-16 14:56:14] [2026-05-16 14:56:13,614 AIMaster] (job_monitor_controller_k8s.py 1099) INFO: All workers: 2, running: 2, failed: 0, pending: 0
[2026-05-16 14:56:14] [2026-05-16 14:56:13,614 AIMaster] (ops_reported_error_detector.py 103) INFO: Detecting whether the job is affected by errors reported by ops platform.
[2026-05-16 14:56:14] [2026-05-16 14:56:13,644 AIMaster] (aimaster_failover_controller.py 81) INFO: Detecting whether aimaster should be migrated.
[2026-05-16 14:56:40] [2026-05-16 14:56:40,240 AIMaster] (config.py 347) INFO: Try loading config from pai-aimaster-new configmap.
[2026-05-16 14:56:44] [2026-05-16 14:56:43,773 AIMaster] (job_monitor_controller_k8s.py 1099) INFO: All workers: 2, running: 2, failed: 0, pending: 0
[2026-05-16 14:56:47] [2026-05-16 14:56:46,834 AIMaster] (job_event_collector.py 135) WARNING: Failed to watch pods, exception: ("Connection broken: ConnectionResetError(104, 'Connection reset by peer')", ConnectionResetError(104, 'Connection reset by peer'))
[2026-05-16 14:57:14] [2026-05-16 14:57:13,890 AIMaster] (job_monitor_controller_k8s.py 1099) INFO: All workers: 2, running: 2, failed: 0, pending: 0
[2026-05-16 14:57:14] [2026-05-16 14:57:13,891 AIMaster] (ops_reported_error_detector.py 103) INFO: Detecting whether the job is affected by errors reported by ops platform.
[2026-05-16 14:57:40] [2026-05-16 14:57:40,282 AIMaster] (config.py 347) INFO: Try loading config from pai-aimaster-new configmap.
[2026-05-16 14:57:44] [2026-05-16 14:57:44,074 AIMaster] (job_monitor_controller_k8s.py 1099) INFO: All workers: 2, running: 2, failed: 0, pending: 0
[2026-05-16 14:58:14] [2026-05-16 14:58:14,195 AIMaster] (pod_manager.py 415) INFO: Pod Category Summary (Total pods: 2)
[2026-05-16 14:58:14] | Category           |   Count | Percentage   | Pods                                                   |
[2026-05-16 14:58:14] |--------------------|---------|--------------|--------------------------------------------------------|
[2026-05-16 14:58:14] | Running            |       2 | 100.0%       | [dlc1t5kb9mnrnjda-master-0, dlc1t5kb9mnrnjda-worker-0] |
[2026-05-16 14:58:14] | Pending            |       0 | 0.0%         |                                                        |
[2026-05-16 14:58:14] | Succeeded          |       0 | 0.0%         |                                                        |
[2026-05-16 14:58:14] | Failed             |       0 | 0.0%         |                                                        |
[2026-05-16 14:58:14] | Terminating        |       0 | 0.0%         |                                                        |
[2026-05-16 14:58:14] | Scheduler_evicting |       0 | 0.0%         |                                                        |
[2026-05-16 14:58:14] | Aiph_node_error    |       0 | 0.0%         |                                                        |
[2026-05-16 14:58:14] | Unknown            |       0 | 0.0%         |                                                        |
[2026-05-16 14:58:14] 
[2026-05-16 14:58:14] [2026-05-16 14:58:14,195 AIMaster] (job_monitor_controller_k8s.py 1099) INFO: All workers: 2, running: 2, failed: 0, pending: 0
[2026-05-16 14:58:14] [2026-05-16 14:58:14,195 AIMaster] (ops_reported_error_detector.py 103) INFO: Detecting whether the job is affected by errors reported by ops platform.
[2026-05-16 14:58:14] [2026-05-16 14:58:14,227 AIMaster] (aimaster_failover_controller.py 81) INFO: Detecting whether aimaster should be migrated.
[2026-05-16 14:58:18] [2026-05-16 14:58:18,284 AIMaster] (job_event_collector.py 135) WARNING: Failed to watch pods, exception: ("Connection broken: ConnectionResetError(104, 'Connection reset by peer')", ConnectionResetError(104, 'Connection reset by peer'))
[2026-05-16 14:58:40] [2026-05-16 14:58:40,317 AIMaster] (config.py 347) INFO: Try loading config from pai-aimaster-new configmap.
[2026-05-16 14:58:44] [2026-05-16 14:58:44,385 AIMaster] (job_monitor_controller_k8s.py 1099) INFO: All workers: 2, running: 2, failed: 0, pending: 0
[2026-05-16 14:59:14] [2026-05-16 14:59:14,503 AIMaster] (job_monitor_controller_k8s.py 1099) INFO: All workers: 2, running: 2, failed: 0, pending: 0
[2026-05-16 14:59:14] [2026-05-16 14:59:14,503 AIMaster] (ops_reported_error_detector.py 103) INFO: Detecting whether the job is affected by errors reported by ops platform.
[2026-05-16 14:59:40] [2026-05-16 14:59:40,353 AIMaster] (config.py 347) INFO: Try loading config from pai-aimaster-new configmap.
[2026-05-16 14:59:44] [2026-05-16 14:59:44,654 AIMaster] (job_monitor_controller_k8s.py 1099) INFO: All workers: 2, running: 2, failed: 0, pending: 0
[2026-05-16 14:59:49] [2026-05-16 14:59:49,607 AIMaster] (job_event_collector.py 135) WARNING: Failed to watch pods, exception: ("Connection broken: ConnectionResetError(104, 'Connection reset by peer')", ConnectionResetError(104, 'Connection reset by peer'))
[2026-05-16 15:00:15] [2026-05-16 15:00:14,790 AIMaster] (job_monitor_controller_k8s.py 1099) INFO: All workers: 2, running: 2, failed: 0, pending: 0
[2026-05-16 15:00:15] [2026-05-16 15:00:14,791 AIMaster] (ops_reported_error_detector.py 103) INFO: Detecting whether the job is affected by errors reported by ops platform.
[2026-05-16 15:00:15] [2026-05-16 15:00:14,820 AIMaster] (aimaster_failover_controller.py 81) INFO: Detecting whether aimaster should be migrated.
[2026-05-16 15:00:40] [2026-05-16 15:00:40,387 AIMaster] (config.py 347) INFO: Try loading config from pai-aimaster-new configmap.
[2026-05-16 15:00:45] [2026-05-16 15:00:44,943 AIMaster] (job_monitor_controller_k8s.py 1099) INFO: All workers: 2, running: 2, failed: 0, pending: 0
[2026-05-16 15:01:15] [2026-05-16 15:01:15,075 AIMaster] (job_monitor_controller_k8s.py 1099) INFO: All workers: 2, running: 2, failed: 0, pending: 0
[2026-05-16 15:01:15] [2026-05-16 15:01:15,075 AIMaster] (ops_reported_error_detector.py 103) INFO: Detecting whether the job is affected by errors reported by ops platform.
[2026-05-16 15:01:21] [2026-05-16 15:01:21,699 AIMaster] (job_event_collector.py 135) WARNING: Failed to watch pods, exception: ("Connection broken: ConnectionResetError(104, 'Connection reset by peer')", ConnectionResetError(104, 'Connection reset by peer'))
[2026-05-16 15:01:40] [2026-05-16 15:01:40,422 AIMaster] (config.py 347) INFO: Try loading config from pai-aimaster-new configmap.
[2026-05-16 15:01:45] [2026-05-16 15:01:45,255 AIMaster] (job_monitor_controller_k8s.py 1099) INFO: All workers: 2, running: 2, failed: 0, pending: 0
[2026-05-16 15:02:15] [2026-05-16 15:02:15,375 AIMaster] (job_monitor_controller_k8s.py 1099) INFO: All workers: 2, running: 2, failed: 0, pending: 0
[2026-05-16 15:02:15] [2026-05-16 15:02:15,375 AIMaster] (ops_reported_error_detector.py 103) INFO: Detecting whether the job is affected by errors reported by ops platform.
[2026-05-16 15:02:15] [2026-05-16 15:02:15,409 AIMaster] (aimaster_failover_controller.py 81) INFO: Detecting whether aimaster should be migrated.
[2026-05-16 15:02:40] [2026-05-16 15:02:40,456 AIMaster] (config.py 347) INFO: Try loading config from pai-aimaster-new configmap.
[2026-05-16 15:02:45] [2026-05-16 15:02:45,567 AIMaster] (job_monitor_controller_k8s.py 1099) INFO: All workers: 2, running: 2, failed: 0, pending: 0
[2026-05-16 15:02:53] [2026-05-16 15:02:53,619 AIMaster] (job_event_collector.py 135) WARNING: Failed to watch pods, exception: ("Connection broken: ConnectionResetError(104, 'Connection reset by peer')", ConnectionResetError(104, 'Connection reset by peer'))
[2026-05-16 15:03:15] [2026-05-16 15:03:15,697 AIMaster] (pod_manager.py 415) INFO: Pod Category Summary (Total pods: 2)
[2026-05-16 15:03:15] | Category           |   Count | Percentage   | Pods                                                   |
[2026-05-16 15:03:15] |--------------------|---------|--------------|--------------------------------------------------------|
[2026-05-16 15:03:15] | Running            |       2 | 100.0%       | [dlc1t5kb9mnrnjda-master-0, dlc1t5kb9mnrnjda-worker-0] |
[2026-05-16 15:03:15] | Pending            |       0 | 0.0%         |                                                        |
[2026-05-16 15:03:15] | Succeeded          |       0 | 0.0%         |                                                        |
[2026-05-16 15:03:15] | Failed             |       0 | 0.0%         |                                                        |
[2026-05-16 15:03:15] | Terminating        |       0 | 0.0%         |                                                        |
[2026-05-16 15:03:15] | Scheduler_evicting |       0 | 0.0%         |                                                        |
[2026-05-16 15:03:15] | Aiph_node_error    |       0 | 0.0%         |                                                        |
[2026-05-16 15:03:15] | Unknown            |       0 | 0.0%         |                                                        |
[2026-05-16 15:03:15] 
[2026-05-16 15:03:15] [2026-05-16 15:03:15,698 AIMaster] (job_monitor_controller_k8s.py 1099) INFO: All workers: 2, running: 2, failed: 0, pending: 0
[2026-05-16 15:03:15] [2026-05-16 15:03:15,698 AIMaster] (ops_reported_error_detector.py 103) INFO: Detecting whether the job is affected by errors reported by ops platform.
[2026-05-16 15:03:40] [2026-05-16 15:03:40,492 AIMaster] (config.py 347) INFO: Try loading config from pai-aimaster-new configmap.
[2026-05-16 15:03:46] [2026-05-16 15:03:45,859 AIMaster] (job_monitor_controller_k8s.py 1099) INFO: All workers: 2, running: 2, failed: 0, pending: 0
[2026-05-16 15:04:16] [2026-05-16 15:04:15,975 AIMaster] (job_monitor_controller_k8s.py 1099) INFO: All workers: 2, running: 2, failed: 0, pending: 0
[2026-05-16 15:04:16] [2026-05-16 15:04:15,975 AIMaster] (ops_reported_error_detector.py 103) INFO: Detecting whether the job is affected by errors reported by ops platform.
[2026-05-16 15:04:16] [2026-05-16 15:04:16,007 AIMaster] (aimaster_failover_controller.py 81) INFO: Detecting whether aimaster should be migrated.
[2026-05-16 15:04:25] [2026-05-16 15:04:25,515 AIMaster] (job_event_collector.py 135) WARNING: Failed to watch pods, exception: ("Connection broken: ConnectionResetError(104, 'Connection reset by peer')", ConnectionResetError(104, 'Connection reset by peer'))
[2026-05-16 15:04:40] [2026-05-16 15:04:40,529 AIMaster] (config.py 347) INFO: Try loading config from pai-aimaster-new configmap.
[2026-05-16 15:04:46] [2026-05-16 15:04:46,151 AIMaster] (job_monitor_controller_k8s.py 1099) INFO: All workers: 2, running: 2, failed: 0, pending: 0
[2026-05-16 15:05:16] [2026-05-16 15:05:16,273 AIMaster] (job_monitor_controller_k8s.py 1099) INFO: All workers: 2, running: 2, failed: 0, pending: 0
[2026-05-16 15:05:16] [2026-05-16 15:05:16,273 AIMaster] (ops_reported_error_detector.py 103) INFO: Detecting whether the job is affected by errors reported by ops platform.
[2026-05-16 15:05:40] [2026-05-16 15:05:40,566 AIMaster] (config.py 347) INFO: Try loading config from pai-aimaster-new configmap.
[2026-05-16 15:05:46] [2026-05-16 15:05:46,414 AIMaster] (job_monitor_controller_k8s.py 1099) INFO: All workers: 2, running: 2, failed: 0, pending: 0
[2026-05-16 15:05:56] [2026-05-16 15:05:56,760 AIMaster] (job_event_collector.py 135) WARNING: Failed to watch pods, exception: ("Connection broken: ConnectionResetError(104, 'Connection reset by peer')", ConnectionResetError(104, 'Connection reset by peer'))
[2026-05-16 15:06:16] [2026-05-16 15:06:16,544 AIMaster] (job_monitor_controller_k8s.py 1099) INFO: All workers: 2, running: 2, failed: 0, pending: 0
[2026-05-16 15:06:16] [2026-05-16 15:06:16,544 AIMaster] (ops_reported_error_detector.py 103) INFO: Detecting whether the job is affected by errors reported by ops platform.
[2026-05-16 15:06:16] [2026-05-16 15:06:16,577 AIMaster] (aimaster_failover_controller.py 81) INFO: Detecting whether aimaster should be migrated.
[2026-05-16 15:06:40] [2026-05-16 15:06:40,601 AIMaster] (config.py 347) INFO: Try loading config from pai-aimaster-new configmap.
[2026-05-16 15:06:46] [2026-05-16 15:06:46,710 AIMaster] (job_monitor_controller_k8s.py 1099) INFO: All workers: 2, running: 2, failed: 0, pending: 0
[2026-05-16 15:07:16] [2026-05-16 15:07:16,837 AIMaster] (job_monitor_controller_k8s.py 1099) INFO: All workers: 2, running: 2, failed: 0, pending: 0
[2026-05-16 15:07:16] [2026-05-16 15:07:16,837 AIMaster] (ops_reported_error_detector.py 103) INFO: Detecting whether the job is affected by errors reported by ops platform.
[2026-05-16 15:07:28] [2026-05-16 15:07:28,480 AIMaster] (job_event_collector.py 135) WARNING: Failed to watch pods, exception: ("Connection broken: ConnectionResetError(104, 'Connection reset by peer')", ConnectionResetError(104, 'Connection reset by peer'))
[2026-05-16 15:07:40] [2026-05-16 15:07:40,636 AIMaster] (config.py 347) INFO: Try loading config from pai-aimaster-new configmap.
[2026-05-16 15:07:47] [2026-05-16 15:07:47,000 AIMaster] (job_monitor_controller_k8s.py 1099) INFO: All workers: 2, running: 2, failed: 0, pending: 0
[2026-05-16 15:08:17] [2026-05-16 15:08:17,124 AIMaster] (pod_manager.py 415) INFO: Pod Category Summary (Total pods: 2)
[2026-05-16 15:08:17] | Category           |   Count | Percentage   | Pods                                                   |
[2026-05-16 15:08:17] |--------------------|---------|--------------|--------------------------------------------------------|
[2026-05-16 15:08:17] | Running            |       2 | 100.0%       | [dlc1t5kb9mnrnjda-master-0, dlc1t5kb9mnrnjda-worker-0] |
[2026-05-16 15:08:17] | Pending            |       0 | 0.0%         |                                                        |
[2026-05-16 15:08:17] | Succeeded          |       0 | 0.0%         |                                                        |
[2026-05-16 15:08:17] | Failed             |       0 | 0.0%         |                                                        |
[2026-05-16 15:08:17] | Terminating        |       0 | 0.0%         |                                                        |
[2026-05-16 15:08:17] | Scheduler_evicting |       0 | 0.0%         |                                                        |
[2026-05-16 15:08:17] | Aiph_node_error    |       0 | 0.0%         |                                                        |
[2026-05-16 15:08:17] | Unknown            |       0 | 0.0%         |                                                        |
[2026-05-16 15:08:17] 
[2026-05-16 15:08:17] [2026-05-16 15:08:17,124 AIMaster] (job_monitor_controller_k8s.py 1099) INFO: All workers: 2, running: 2, failed: 0, pending: 0
[2026-05-16 15:08:17] [2026-05-16 15:08:17,124 AIMaster] (ops_reported_error_detector.py 103) INFO: Detecting whether the job is affected by errors reported by ops platform.
[2026-05-16 15:08:17] [2026-05-16 15:08:17,155 AIMaster] (aimaster_failover_controller.py 81) INFO: Detecting whether aimaster should be migrated.
[2026-05-16 15:08:40] [2026-05-16 15:08:40,673 AIMaster] (config.py 347) INFO: Try loading config from pai-aimaster-new configmap.
[2026-05-16 15:08:47] [2026-05-16 15:08:47,322 AIMaster] (job_monitor_controller_k8s.py 1099) INFO: All workers: 2, running: 2, failed: 0, pending: 0
[2026-05-16 15:08:59] [2026-05-16 15:08:59,825 AIMaster] (job_event_collector.py 135) WARNING: Failed to watch pods, exception: ("Connection broken: ConnectionResetError(104, 'Connection reset by peer')", ConnectionResetError(104, 'Connection reset by peer'))
[2026-05-16 15:09:17] [2026-05-16 15:09:17,446 AIMaster] (job_monitor_controller_k8s.py 1099) INFO: All workers: 2, running: 2, failed: 0, pending: 0
[2026-05-16 15:09:17] [2026-05-16 15:09:17,446 AIMaster] (ops_reported_error_detector.py 103) INFO: Detecting whether the job is affected by errors reported by ops platform.
[2026-05-16 15:09:41] [2026-05-16 15:09:40,709 AIMaster] (config.py 347) INFO: Try loading config from pai-aimaster-new configmap.
[2026-05-16 15:09:48] [2026-05-16 15:09:47,607 AIMaster] (job_monitor_controller_k8s.py 1099) INFO: All workers: 2, running: 2, failed: 0, pending: 0
[2026-05-16 15:10:18] [2026-05-16 15:10:17,730 AIMaster] (job_monitor_controller_k8s.py 1099) INFO: All workers: 2, running: 2, failed: 0, pending: 0
[2026-05-16 15:10:18] [2026-05-16 15:10:17,730 AIMaster] (ops_reported_error_detector.py 103) INFO: Detecting whether the job is affected by errors reported by ops platform.
[2026-05-16 15:10:18] [2026-05-16 15:10:17,760 AIMaster] (aimaster_failover_controller.py 81) INFO: Detecting whether aimaster should be migrated.
[2026-05-16 15:10:32] [2026-05-16 15:10:31,049 AIMaster] (job_event_collector.py 135) WARNING: Failed to watch pods, exception: ("Connection broken: ConnectionResetError(104, 'Connection reset by peer')", ConnectionResetError(104, 'Connection reset by peer'))
[2026-05-16 15:10:41] [2026-05-16 15:10:40,744 AIMaster] (config.py 347) INFO: Try loading config from pai-aimaster-new configmap.
[2026-05-16 15:10:48] [2026-05-16 15:10:47,899 AIMaster] (job_monitor_controller_k8s.py 1099) INFO: All workers: 2, running: 2, failed: 0, pending: 0
[2026-05-16 15:11:18] [2026-05-16 15:11:18,031 AIMaster] (job_monitor_controller_k8s.py 1099) INFO: All workers: 2, running: 2, failed: 0, pending: 0
[2026-05-16 15:11:18] [2026-05-16 15:11:18,032 AIMaster] (ops_reported_error_detector.py 103) INFO: Detecting whether the job is affected by errors reported by ops platform.
[2026-05-16 15:11:41] [2026-05-16 15:11:40,781 AIMaster] (config.py 347) INFO: Try loading config from pai-aimaster-new configmap.
[2026-05-16 15:11:49] [2026-05-16 15:11:48,185 AIMaster] (job_monitor_controller_k8s.py 1099) INFO: All workers: 2, running: 2, failed: 0, pending: 0
[2026-05-16 15:12:01] [ERROR] health timeout: http://22.27.115.157:8004/v1
[2026-05-16 15:12:01] [cleanup] stopping local teacher workers...
[2026-05-16 15:12:01] [cleanup] stopping local ray...
[2026-05-16 15:12:03] [2026-05-16 15:12:02,426 AIMaster] (job_event_collector.py 135) WARNING: Failed to watch pods, exception: ("Connection broken: ConnectionResetError(104, 'Connection reset by peer')", ConnectionResetError(104, 'Connection reset by peer'))
[2026-05-16 15:12:09] [2026-05-16 15:12:08,287 AIMaster] (job_monitor_controller_k8s.py 1099) INFO: All workers: 2, running: 2, failed: 0, pending: 0
[2026-05-16 15:12:09] [2026-05-16 15:12:08,287 AIMaster] (ops_reported_error_detector.py 103) INFO: Detecting whether the job is affected by errors reported by ops platform.
[2026-05-16 15:12:14] [2026-05-16 15:12:13,380 AIMaster] (job_monitor_controller_k8s.py 1099) INFO: All workers: 2, running: 2, failed: 0, pending: 0
[2026-05-16 15:12:14] [2026-05-16 15:12:13,380 AIMaster] (ops_reported_error_detector.py 103) INFO: Detecting whether the job is affected by errors reported by ops platform.
[2026-05-16 15:12:19] [2026-05-16 15:12:18,465 AIMaster] (job_monitor_controller_k8s.py 1099) INFO: All workers: 2, running: 2, failed: 0, pending: 0
[2026-05-16 15:12:19] [2026-05-16 15:12:18,466 AIMaster] (aimaster_failover_controller.py 81) INFO: Detecting whether aimaster should be migrated.
[2026-05-16 15:12:29] [2026-05-16 15:12:28,527 AIMaster] (pod_manager.py 415) INFO: Pod Category Summary (Total pods: 2)
[2026-05-16 15:12:29] | Category           |   Count | Percentage   | Pods                        |
[2026-05-16 15:12:29] |--------------------|---------|--------------|-----------------------------|
[2026-05-16 15:12:29] | Running            |       1 | 50.0%        | [dlc1t5kb9mnrnjda-worker-0] |
[2026-05-16 15:12:29] | Failed             |       1 | 50.0%        | [dlc1t5kb9mnrnjda-master-0] |
[2026-05-16 15:12:29] | Pending            |       0 | 0.0%         |                             |
[2026-05-16 15:12:29] | Succeeded          |       0 | 0.0%         |                             |
[2026-05-16 15:12:29] | Terminating        |       0 | 0.0%         |                             |
[2026-05-16 15:12:29] | Scheduler_evicting |       0 | 0.0%         |                             |
[2026-05-16 15:12:29] | Aiph_node_error    |       0 | 0.0%         |                             |
[2026-05-16 15:12:29] | Unknown            |       0 | 0.0%         |                             |
[2026-05-16 15:12:29] 
[2026-05-16 15:12:29] [2026-05-16 15:12:28,527 AIMaster] (job_monitor_controller_k8s.py 1099) INFO: All workers: 2, running: 1, failed: 1, pending: 0
[2026-05-16 15:12:29] [2026-05-16 15:12:28,528 AIMaster] (job_monitor_controller_k8s.py 1573) WARNING: Handle failed workers: {'master': ['0']}
[2026-05-16 15:12:29] [2026-05-16 15:12:28,561 AIMaster] (utils.py 153) INFO: Function parse_failed_worker run time is 0.0334s
[2026-05-16 15:12:29] [2026-05-16 15:12:28,561 AIMaster] (job_monitor_controller_k8s.py 1336) INFO: Detecting anomalous node from 2 workers.
[2026-05-16 15:12:29] [2026-05-16 15:12:28,561 AIMaster] (kubernetes_job_tracker.py 572) INFO: Fetching logs from 2 pods in namespace 't1245621648665098' using pre-created thread pool (15 workers). Total timeout: 300s, Pod timeout: 2s, Additional args: {'tail_lines': 200}
[2026-05-16 15:12:29] [2026-05-16 15:12:28,623 AIMaster] (kubernetes_job_tracker.py 663) INFO: Batch log fetching completed in 0.0615s with 2/2 pods successful
[2026-05-16 15:12:29] 
Detecting anomalous node from pods:   0%|          | 0/2 [00:00<?, ?it/s]
Detecting anomalous node from pods: 100%|██████████| 2/2 [00:00<00:00, 164.73it/s]
[2026-05-16 15:12:29] [2026-05-16 15:12:28,639 AIMaster] (utils.py 153) INFO: Function AnomalousNodeDetector.detect run time is 0.0777s
[2026-05-16 15:12:29] [2026-05-16 15:12:28,640 AIMaster] (anomalous_nodes_manager.py 204) INFO: Job level blacklist node error history
[2026-05-16 15:12:29] # History accumulation for node error information of job level blacklist, not indicate this round restarting!!!
[2026-05-16 15:12:29] # Please check log(or others) like "Handle failed workers: xxx" for this round restarting.
[2026-05-16 15:12:29] | NodeName                            | ErrorMessage   |   ErrorCount |   ErrorScore | IsBlacklisted   | UpdateTime           |
[2026-05-16 15:12:29] |:------------------------------------|:---------------|-------------:|-------------:|:----------------|:---------------------|
[2026-05-16 15:12:29] | lingjjzxfyht3hny-mgldvevd51o2qeh9-0 | Failed         |            1 |            0 | No              | 2026-05-16T07:12:28Z |
[2026-05-16 15:12:29] [2026-05-16 15:12:28,646 AIMaster] (manager.py 120) INFO: Add a new job message, version: 1, level: Warning, source: System
[2026-05-16 15:12:29] [2026-05-16 15:12:28,646 AIMaster] (job_monitor_controller_k8s.py 2108) WARNING: Restarting job.
[2026-05-16 15:12:29] [2026-05-16 15:12:28,646 AIMaster] (job_monitor_controller_k8s.py 1663) INFO: perftracker controller set job status: Restarting
[2026-05-16 15:12:29] [2026-05-16 15:12:28.646 AIMaster] (perftracker_manager.cc 39) INFO: Set perftracker job status `Restarting`
[2026-05-16 15:12:29] [2026-05-16 15:12:28,655 AIMaster] (job_status_manager.py 70) WARNING: Update job status to Restarting, reason: 
[2026-05-16 15:12:29] [2026-05-16 15:12:28,665 AIMaster] (kubernetes_job_tracker.py 184) INFO: New job patch: [{'op': 'add', 'path': '/metadata/annotations/kubedl.io~1expected-job-status', 'value': '{"JobState": "Restarting", "Message": "", "Source": "System"}'}]
[2026-05-16 15:12:29] [2026-05-16 15:12:28,718 AIMaster] (job_monitor_controller_k8s.py 1663) INFO: perftracker controller set job status: Restarting
[2026-05-16 15:12:29] [2026-05-16 15:12:28.718 AIMaster] (perftracker_manager.cc 39) INFO: Set perftracker job status `Restarting`
[2026-05-16 15:12:29] [2026-05-16 15:12:28,729 AIMaster] (kubernetes_job_tracker.py 184) INFO: New job patch: [{'op': 'add', 'path': '/spec/pytorchReplicaSpecs/Worker/template/spec/containers/0/env/25', 'value': {'name': 'JOB_FAILOVER_GENERATION', 'value': '1'}}, {'op': 'add', 'path': '/spec/pytorchReplicaSpecs/Master/template/spec/containers/0/env/25', 'value': {'name': 'JOB_FAILOVER_GENERATION', 'value': '1'}}, {'op': 'add', 'path': '/metadata/annotations/kubedl.io~1job-failover-generation', 'value': '1'}, {'op': 'add', 'path': '/metadata/annotations/kubedl.io~1immediately-start-worker', 'value': 'true'}, {'op': 'add', 'path': '/metadata/annotations/pai.alibabacloud.com~1job-failover-generation', 'value': '1'}, {'op': 'add', 'path': '/metadata/annotations/pai.alibabacloud.com~1job-restart-info', 'value': '{"OccurTime": "2026-05-16T07:12:28Z", "OccurPhase": "Running", "Reason": "WorkerFailed", "TriggerID": "r0YP3zXhSwmu-zPrGw0tCw", "JobRestartCount": 1, "DetailErrorInfoList": [{"Node": "lingjjzxfyht3hny-mgldvevd51o2qeh9-0", "Pod": "dlc1t5kb9mnrnjda-master-0", "ErrorCode": "499", "ErrorMsg": "WorkerFailed", "AddNodeToBlacklist": false, "AddJobLevelBlacklist": false, "ErrorSource": "AIMaster", "IsGlobal": false, "Count": 1}]}'}]
[2026-05-16 15:12:29] [2026-05-16 15:12:28,759 AIMaster] (job_monitor_controller_k8s.py 2168) INFO: Waiting for restart job patch to be triggered...
[2026-05-16 15:12:31] [2026-05-16 15:12:30,360 AIMaster] (kubernetes_job_tracker.py 184) INFO: New job patch: [{'op': 'add', 'path': '/metadata/annotations/kubedl.io~1add-aimaster-message', 'value': '{"MessageContent": "\\u4efb\\u52a1\\u90e8\\u5206\\u5b9e\\u4f8b\\u8fd0\\u884c\\u5931\\u8d25, \\u5305\\u62ec {\'master\': [\'0\']}", "MessageVersion": 1, "MessageLevel": "Warning", "MessageSource": "System", "MessageCreateTime": "2026-05-16T15:12:28.528095+08:00", "JobRestartCount": 1, "RestartType": "Job", "MessageEvent": "\\u4efb\\u52a1\\u7b2c **1** \\u6b21\\u91cd\\u542f", "Extended": "{}"}'}]
[2026-05-16 15:12:31] [2026-05-16 15:12:30,773 AIMaster] (job_monitor_controller_k8s.py 2170) INFO: Restart job patch has been triggered.
[2026-05-16 15:12:31] [2026-05-16 15:12:30,798 AIMaster] (job_monitor_controller_k8s.py 2197) INFO: Waiting for 1 workers to restart, ['dlc1t5kb9mnrnjda-worker-0']
[2026-05-16 15:12:41] [2026-05-16 15:12:40,819 AIMaster] (config.py 347) INFO: Try loading config from pai-aimaster-new configmap.
[2026-05-16 15:12:51] [2026-05-16 15:12:50,857 AIMaster] (job_status_manager.py 90) INFO: Remove expected job status setting.
[2026-05-16 15:12:51] [2026-05-16 15:12:50,859 AIMaster] (kubernetes_job_tracker.py 184) INFO: New job patch: [{'op': 'replace', 'path': '/metadata/annotations/kubedl.io~1expected-job-status', 'value': ''}]
[2026-05-16 15:12:51] [2026-05-16 15:12:50,886 AIMaster] (job_restart_info_manager.py 108) INFO: Recorded job restart #1 at 1778915570.8860643
[2026-05-16 15:12:51] [2026-05-16 15:12:50,895 AIMaster] (kubernetes_job_tracker.py 184) INFO: New job patch: [{'op': 'add', 'path': '/metadata/annotations/pai.alibabacloud.com~1job-restart-finish-info', 'value': '{"OccurTime": "2026-05-16T07:12:50Z", "RestartStatus": "Succeeded", "TriggerID": "r0YP3zXhSwmu-zPrGw0tCw", "RestartDurationInSec": 20, "JobRestartCount": 1}'}, {'op': 'replace', 'path': '/metadata/annotations/pai.alibabacloud.com~1job-restart-info', 'value': ''}]
[2026-05-16 15:12:51] [2026-05-16 15:12:50,922 AIMaster] (runtime_error_detector.py 517) INFO: Set training metric expired time to 1778915570.9229717
[2026-05-16 15:12:51] [2026-05-16 15:12:50,923 AIMaster] (utils.py 153) INFO: Function _restart_job run time is 22.2769s
[2026-05-16 15:12:56] [2026-05-16 15:12:55,955 AIMaster] (job_monitor_controller_k8s.py 956) INFO: Job monitor controller started.
[2026-05-16 15:12:56] [2026-05-16 15:12:55,988 AIMaster] (pod_manager.py 415) INFO: Pod Category Summary (Total pods: 2)
[2026-05-16 15:12:56] | Category           |   Count | Percentage   | Pods                                                   |
[2026-05-16 15:12:56] |--------------------|---------|--------------|--------------------------------------------------------|
[2026-05-16 15:12:56] | Pending            |       2 | 100.0%       | [dlc1t5kb9mnrnjda-master-0, dlc1t5kb9mnrnjda-worker-0] |
[2026-05-16 15:12:56] | Running            |       0 | 0.0%         |                                                        |
[2026-05-16 15:12:56] | Succeeded          |       0 | 0.0%         |                                                        |
[2026-05-16 15:12:56] | Failed             |       0 | 0.0%         |                                                        |
[2026-05-16 15:12:56] | Terminating        |       0 | 0.0%         |                                                        |
[2026-05-16 15:12:56] | Scheduler_evicting |       0 | 0.0%         |                                                        |
[2026-05-16 15:12:56] | Aiph_node_error    |       0 | 0.0%         |                                                        |
[2026-05-16 15:12:56] | Unknown            |       0 | 0.0%         |                                                        |
[2026-05-16 15:12:56] 
[2026-05-16 15:12:56] [2026-05-16 15:12:55,988 AIMaster] (job_monitor_controller_k8s.py 1099) INFO: All workers: 2, running: 0, failed: 0, pending: 2
[2026-05-16 15:12:56] [2026-05-16 15:12:55,988 AIMaster] (ops_reported_error_detector.py 103) INFO: Detecting whether the job is affected by errors reported by ops platform.
[2026-05-16 15:13:01] [2026-05-16 15:13:01,024 AIMaster] (pod_manager.py 288) INFO: Job Pod-to-Node Mapping (Count: 2):
[2026-05-16 15:13:01] |    |   RestartIndex | PodName                   | NodeName     | LRN                                 |
[2026-05-16 15:13:01] |---:|---------------:|:--------------------------|:-------------|:------------------------------------|
[2026-05-16 15:13:01] |  0 |              1 | dlc1t5kb9mnrnjda-master-0 | m21519n1400w | lingjjzxfyht3hny-mgldvevd51o2qeh9-0 |
[2026-05-16 15:13:01] |  1 |              1 | dlc1t5kb9mnrnjda-worker-0 | m21519n14012 | lingjjzxfyht3hny-mgldvevd3nprgwbn-0 |
[2026-05-16 15:13:01] [2026-05-16 15:13:01,024 AIMaster] (pod_manager.py 289) INFO: Job allocated 2 nodes: m21519n1400w,m21519n14012
[2026-05-16 15:13:01] [2026-05-16 15:13:01,024 AIMaster] (node_manager.py 43) INFO: Set current job nodes, node count: 2
[2026-05-16 15:13:01] [2026-05-16 15:13:01,024 AIMaster] (pod_manager.py 299) INFO: Job allocated node changes (restart index: 1)
[2026-05-16 15:13:01] Added nodes: none
[2026-05-16 15:13:01] Removed nodes: none
[2026-05-16 15:13:01] [2026-05-16 15:13:01,057 AIMaster] (job_monitor_controller_k8s.py 1099) INFO: All workers: 2, running: 0, failed: 0, pending: 2
[2026-05-16 15:13:01] [2026-05-16 15:13:01,057 AIMaster] (ops_reported_error_detector.py 103) INFO: Detecting whether the job is affected by errors reported by ops platform.
[2026-05-16 15:13:07] [2026-05-16 15:13:06,122 AIMaster] (job_monitor_controller_k8s.py 1099) INFO: All workers: 2, running: 0, failed: 0, pending: 2
[2026-05-16 15:13:07] [2026-05-16 15:13:06,122 AIMaster] (ops_reported_error_detector.py 103) INFO: Detecting whether the job is affected by errors reported by ops platform.
[2026-05-16 15:13:27] [2026-05-16 15:13:26,235 AIMaster] (job_monitor_controller_k8s.py 1099) INFO: All workers: 2, running: 0, failed: 0, pending: 2
[2026-05-16 15:13:41] [2026-05-16 15:13:40,853 AIMaster] (config.py 347) INFO: Try loading config from pai-aimaster-new configmap.
[2026-05-16 15:13:57] [2026-05-16 15:13:56,351 AIMaster] (job_monitor_controller_k8s.py 1099) INFO: All workers: 2, running: 0, failed: 0, pending: 2
[2026-05-16 15:13:57] [2026-05-16 15:13:56,351 AIMaster] (ops_reported_error_detector.py 103) INFO: Detecting whether the job is affected by errors reported by ops platform.
[2026-05-16 15:14:02] [2026-05-16 15:14:01,416 AIMaster] (job_monitor_controller_k8s.py 1099) INFO: All workers: 2, running: 0, failed: 0, pending: 2
[2026-05-16 15:14:02] [2026-05-16 15:14:01,417 AIMaster] (ops_reported_error_detector.py 103) INFO: Detecting whether the job is affected by errors reported by ops platform.
[2026-05-16 15:14:12] [2026-05-16 15:14:11,499 AIMaster] (job_monitor_controller_k8s.py 1099) INFO: All workers: 2, running: 0, failed: 0, pending: 2
[2026-05-16 15:14:12] [2026-05-16 15:14:11,499 AIMaster] (ops_reported_error_detector.py 103) INFO: Detecting whether the job is affected by errors reported by ops platform.
[2026-05-16 15:14:17] [2026-05-16 15:14:16,538 AIMaster] (pod_manager.py 338) INFO: Job Pod-to-IPs Mapping (Count: 2):
[2026-05-16 15:14:17] |    |   RestartIndex | PodName                   | InterfaceIps                                                                                                                                        | NodeName     | LRN                                 |
[2026-05-16 15:14:17] |---:|---------------:|:--------------------------|:----------------------------------------------------------------------------------------------------------------------------------------------------|:-------------|:------------------------------------|
[2026-05-16 15:14:17] |  0 |              1 | dlc1t5kb9mnrnjda-master-0 | {"eth0":["22.27.115.154"],"eth1":["22.27.113.9"],"eth2":["22.27.114.211"],"eth3":["22.27.121.73"],"lo":["127.0.0.1","::1"],"net0":["10.1.54.38"]}   | m21519n1400w | lingjjzxfyht3hny-mgldvevd51o2qeh9-0 |
[2026-05-16 15:14:17] |  1 |              1 | dlc1t5kb9mnrnjda-worker-0 | {"eth0":["22.27.112.190"],"eth1":["22.27.112.251"],"eth2":["22.27.121.42"],"eth3":["22.27.124.120"],"lo":["127.0.0.1","::1"],"net0":["10.1.54.39"]} | m21519n14012 | lingjjzxfyht3hny-mgldvevd3nprgwbn-0 |
[2026-05-16 15:14:17] 
[2026-05-16 15:14:17] [2026-05-16 15:14:16,569 AIMaster] (job_monitor_controller_k8s.py 1099) INFO: All workers: 2, running: 0, failed: 0, pending: 2
[2026-05-16 15:14:17] [2026-05-16 15:14:16,569 AIMaster] (ops_reported_error_detector.py 103) INFO: Detecting whether the job is affected by errors reported by ops platform.
[2026-05-16 15:14:22] [2026-05-16 15:14:21,635 AIMaster] (job_monitor_controller_k8s.py 1099) INFO: All workers: 2, running: 0, failed: 0, pending: 2
[2026-05-16 15:14:22] [2026-05-16 15:14:21,636 AIMaster] (ops_reported_error_detector.py 103) INFO: Detecting whether the job is affected by errors reported by ops platform.
[2026-05-16 15:14:22] [2026-05-16 15:14:21,654 AIMaster] (aimaster_failover_controller.py 81) INFO: Detecting whether aimaster should be migrated.
[2026-05-16 15:14:27] [2026-05-16 15:14:26,704 AIMaster] (pod_manager.py 415) INFO: Pod Category Summary (Total pods: 2)
[2026-05-16 15:14:27] | Category           |   Count | Percentage   | Pods                        |
[2026-05-16 15:14:27] |--------------------|---------|--------------|-----------------------------|
[2026-05-16 15:14:27] | Pending            |       1 | 50.0%        | [dlc1t5kb9mnrnjda-worker-0] |
[2026-05-16 15:14:27] | Running            |       1 | 50.0%        | [dlc1t5kb9mnrnjda-master-0] |
[2026-05-16 15:14:27] | Succeeded          |       0 | 0.0%         |                             |
[2026-05-16 15:14:27] | Failed             |       0 | 0.0%         |                             |
[2026-05-16 15:14:27] | Terminating        |       0 | 0.0%         |                             |
[2026-05-16 15:14:27] | Scheduler_evicting |       0 | 0.0%         |                             |
[2026-05-16 15:14:27] | Aiph_node_error    |       0 | 0.0%         |                             |
[2026-05-16 15:14:27] | Unknown            |       0 | 0.0%         |                             |
[2026-05-16 15:14:27] 
[2026-05-16 15:14:27] [2026-05-16 15:14:26,704 AIMaster] (job_monitor_controller_k8s.py 1099) INFO: All workers: 2, running: 1, failed: 0, pending: 1
[2026-05-16 15:14:27] [2026-05-16 15:14:26,704 AIMaster] (job_monitor_controller_k8s.py 1107) INFO: Pending workers: ['worker#0']
[2026-05-16 15:14:27] [2026-05-16 15:14:26,705 AIMaster] (ops_reported_error_detector.py 103) INFO: Detecting whether the job is affected by errors reported by ops platform.
[2026-05-16 15:14:29] WARN: ./requirements.txt not found, skip installing requirements.
[2026-05-16 15:14:29] 
[2026-05-16 15:14:29] [15:14:23] REPO_ROOT       = /mnt/data/ebft-distribution-new/code
[2026-05-16 15:14:29] 
[2026-05-16 15:14:29] [15:14:23] LOCAL_ROOT      = /mnt/workspace        (local ext4; survives reboots, lost on container rebuild)
[2026-05-16 15:14:29] 
[2026-05-16 15:14:29] [15:14:23] CACHE_ROOT      = /mnt/data/ebft-distribution-new/caches        (persistent OSS)
[2026-05-16 15:14:29] 
[2026-05-16 15:14:29] [15:14:23] STUDENT_VENV    = /mnt/workspace/venvs/.venv
[2026-05-16 15:14:29] 
[2026-05-16 15:14:29] [15:14:23] TEACHER_VENV    = /mnt/workspace/venvs/.teacherVenv
[2026-05-16 15:14:29] 
[2026-05-16 15:14:29] [15:14:23] PYTHON_VERSION  = 3.12.12
[2026-05-16 15:14:29] 
[2026-05-16 15:14:29] [15:14:23] PIP_CACHE_DIR        = /root/.cache/pip        (local ext4; OSS can't zipfile)
[2026-05-16 15:14:29] 
[2026-05-16 15:14:29] [15:14:23] PIP_INDEX_URL        = https://mirrors.aliyun.com/pypi/simple/
[2026-05-16 15:14:29] 
[2026-05-16 15:14:29] [15:14:23] PIP_RETRIES          = 10 (timeout=120s, attempts=3)
[2026-05-16 15:14:29] 
[2026-05-16 15:14:29] [15:14:23] WHEEL_HOUSE_DIR      = /mnt/data/ebft-distribution-new/caches/wheels        (OSS, --find-links)
[2026-05-16 15:14:29] 
[2026-05-16 15:14:29] [15:14:23] SNAPSHOTS_DIR        = /mnt/data/ebft-distribution-new/caches/snapshots        (OSS, venv tarballs)
[2026-05-16 15:14:29] 
[2026-05-16 15:14:29] [15:14:23]   EBFT_USE_VENV_SNAPSHOT=1  EBFT_REBUILD_VENV=0
[2026-05-16 15:14:29] 
[2026-05-16 15:14:29] [15:14:23] HF_HOME              = /mnt/data/ebft-distribution-new/caches/hf        (OSS, persistent model blobs)
[2026-05-16 15:14:29] 
[2026-05-16 15:14:29] [15:14:23] TORCH_EXTENSIONS_DIR = /mnt/workspace/.torch_extensions        (local ext4; OSS can't host g++/nvcc builds)
[2026-05-16 15:14:29] 
[2026-05-16 15:14:29] [15:14:23] TRITON_CACHE_DIR     = /mnt/workspace/.triton_cache        (local ext4; same reason)
[2026-05-16 15:14:29] 
[2026-05-16 15:14:29] [15:14:23] UV_CACHE_DIR         = /mnt/workspace/.uv/cache
[2026-05-16 15:14:29] 
[2026-05-16 15:14:29] [15:14:23] UV_PYTHON_INSTALL_DIR= /mnt/workspace/.uv/python
[2026-05-16 15:14:29] 
[2026-05-16 15:14:29] [15:14:23] Installing uv into /mnt/workspace/.uv/bin
[2026-05-16 15:14:29] downloading uv 0.11.14 x86_64-unknown-linux-gnu
[2026-05-16 15:14:32] [2026-05-16 15:14:31,799 AIMaster] (job_monitor_controller_k8s.py 1099) INFO: All workers: 2, running: 1, failed: 0, pending: 1
[2026-05-16 15:14:32] [2026-05-16 15:14:31,799 AIMaster] (job_monitor_controller_k8s.py 1107) INFO: Pending workers: ['worker#0']
[2026-05-16 15:14:32] [2026-05-16 15:14:31,800 AIMaster] (ops_reported_error_detector.py 103) INFO: Detecting whether the job is affected by errors reported by ops platform.
[2026-05-16 15:14:36] WARN: ./requirements.txt not found, skip installing requirements.
[2026-05-16 15:14:36] 
[2026-05-16 15:14:36] [15:14:33] REPO_ROOT       = /mnt/data/ebft-distribution-new/code
[2026-05-16 15:14:36] 
[2026-05-16 15:14:36] [15:14:33] LOCAL_ROOT      = /mnt/workspace        (local ext4; survives reboots, lost on container rebuild)
[2026-05-16 15:14:36] 
[2026-05-16 15:14:36] [15:14:33] CACHE_ROOT      = /mnt/data/ebft-distribution-new/caches        (persistent OSS)
[2026-05-16 15:14:36] 
[2026-05-16 15:14:36] [15:14:33] STUDENT_VENV    = /mnt/workspace/venvs/.venv
[2026-05-16 15:14:36] 
[2026-05-16 15:14:36] [15:14:33] TEACHER_VENV    = /mnt/workspace/venvs/.teacherVenv
[2026-05-16 15:14:36] 
[2026-05-16 15:14:36] [15:14:33] PYTHON_VERSION  = 3.12.12
[2026-05-16 15:14:36] 
[2026-05-16 15:14:36] [15:14:33] PIP_CACHE_DIR        = /root/.cache/pip        (local ext4; OSS can't zipfile)
[2026-05-16 15:14:36] 
[2026-05-16 15:14:36] [15:14:33] PIP_INDEX_URL        = https://mirrors.aliyun.com/pypi/simple/
[2026-05-16 15:14:36] 
[2026-05-16 15:14:36] [15:14:33] PIP_RETRIES          = 10 (timeout=120s, attempts=3)
[2026-05-16 15:14:36] 
[2026-05-16 15:14:36] [15:14:33] WHEEL_HOUSE_DIR      = /mnt/data/ebft-distribution-new/caches/wheels        (OSS, --find-links)
[2026-05-16 15:14:36] 
[2026-05-16 15:14:36] [15:14:33] SNAPSHOTS_DIR        = /mnt/data/ebft-distribution-new/caches/snapshots        (OSS, venv tarballs)
[2026-05-16 15:14:36] 
[2026-05-16 15:14:36] [15:14:33]   EBFT_USE_VENV_SNAPSHOT=1  EBFT_REBUILD_VENV=0
[2026-05-16 15:14:36] 
[2026-05-16 15:14:36] [15:14:33] HF_HOME              = /mnt/data/ebft-distribution-new/caches/hf        (OSS, persistent model blobs)
[2026-05-16 15:14:36] 
[2026-05-16 15:14:36] [15:14:33] TORCH_EXTENSIONS_DIR = /mnt/workspace/.torch_extensions        (local ext4; OSS can't host g++/nvcc builds)
[2026-05-16 15:14:36] 
[2026-05-16 15:14:36] [15:14:33] TRITON_CACHE_DIR     = /mnt/workspace/.triton_cache        (local ext4; same reason)
[2026-05-16 15:14:36] 
[2026-05-16 15:14:36] [15:14:33] UV_CACHE_DIR         = /mnt/workspace/.uv/cache
[2026-05-16 15:14:36] 
[2026-05-16 15:14:36] [15:14:33] UV_PYTHON_INSTALL_DIR= /mnt/workspace/.uv/python
[2026-05-16 15:14:36] 
[2026-05-16 15:14:36] [15:14:33] Installing uv into /mnt/workspace/.uv/bin
[2026-05-16 15:14:36] downloading uv 0.11.14 x86_64-unknown-linux-gnu
[2026-05-16 15:14:37] [2026-05-16 15:14:36,866 AIMaster] (pod_manager.py 415) INFO: Pod Category Summary (Total pods: 2)
[2026-05-16 15:14:37] | Category           |   Count | Percentage   | Pods                                                   |
[2026-05-16 15:14:37] |--------------------|---------|--------------|--------------------------------------------------------|
[2026-05-16 15:14:37] | Running            |       2 | 100.0%       | [dlc1t5kb9mnrnjda-master-0, dlc1t5kb9mnrnjda-worker-0] |
[2026-05-16 15:14:37] | Pending            |       0 | 0.0%         |                                                        |
[2026-05-16 15:14:37] | Succeeded          |       0 | 0.0%         |                                                        |
[2026-05-16 15:14:37] | Failed             |       0 | 0.0%         |                                                        |
[2026-05-16 15:14:37] | Terminating        |       0 | 0.0%         |                                                        |
[2026-05-16 15:14:37] | Scheduler_evicting |       0 | 0.0%         |                                                        |
[2026-05-16 15:14:37] | Aiph_node_error    |       0 | 0.0%         |                                                        |
[2026-05-16 15:14:37] | Unknown            |       0 | 0.0%         |                                                        |
[2026-05-16 15:14:37] 
[2026-05-16 15:14:37] [2026-05-16 15:14:36,866 AIMaster] (job_monitor_controller_k8s.py 1099) INFO: All workers: 2, running: 2, failed: 0, pending: 0
[2026-05-16 15:14:37] [2026-05-16 15:14:36,866 AIMaster] (ops_reported_error_detector.py 103) INFO: Detecting whether the job is affected by errors reported by ops platform.
[2026-05-16 15:14:41] [2026-05-16 15:14:40,888 AIMaster] (config.py 347) INFO: Try loading config from pai-aimaster-new configmap.
[2026-05-16 15:14:47] [2026-05-16 15:14:46,950 AIMaster] (job_monitor_controller_k8s.py 1099) INFO: All workers: 2, running: 2, failed: 0, pending: 0
[2026-05-16 15:14:47] [2026-05-16 15:14:46,950 AIMaster] (ops_reported_error_detector.py 103) INFO: Detecting whether the job is affected by errors reported by ops platform.
[2026-05-16 15:14:52] installing to /mnt/workspace/.uv/bin
[2026-05-16 15:14:52]   uv
[2026-05-16 15:14:52]   uvx
[2026-05-16 15:14:52] everything's installed!
[2026-05-16 15:14:52] 
[2026-05-16 15:14:52] To add /mnt/workspace/.uv/bin to your PATH, either restart your shell or run:
[2026-05-16 15:14:52] 
[2026-05-16 15:14:52]     source /mnt/workspace/.uv/bin/env (sh, bash, zsh)
[2026-05-16 15:14:52]     source /mnt/workspace/.uv/bin/env.fish (fish)
[2026-05-16 15:14:52] 
[2026-05-16 15:14:52] [15:14:52] Creating virtualenv at /mnt/workspace/venvs/.venv (python 3.12.12)
[2026-05-16 15:14:52] Using CPython 3.12.12 interpreter at: /usr/local/bin/python3.12
[2026-05-16 15:14:52] Creating virtual environment with seed packages at: /mnt/workspace/venvs/.venv
[2026-05-16 15:14:57] [2026-05-16 15:14:57,035 AIMaster] (job_monitor_controller_k8s.py 1099) INFO: All workers: 2, running: 2, failed: 0, pending: 0
[2026-05-16 15:14:59] installing to /mnt/workspace/.uv/bin
[2026-05-16 15:14:59]   uv
[2026-05-16 15:14:59]   uvx
[2026-05-16 15:14:59] everything's installed!
[2026-05-16 15:14:59] 
[2026-05-16 15:14:59] To add /mnt/workspace/.uv/bin to your PATH, either restart your shell or run:
[2026-05-16 15:14:59] 
[2026-05-16 15:14:59]     source /mnt/workspace/.uv/bin/env (sh, bash, zsh)
[2026-05-16 15:14:59]     source /mnt/workspace/.uv/bin/env.fish (fish)
[2026-05-16 15:14:59] 
[2026-05-16 15:14:59] [15:14:59] Creating virtualenv at /mnt/workspace/venvs/.venv (python 3.12.12)
[2026-05-16 15:14:59] Using CPython 3.12.12 interpreter at: /usr/local/bin/python3.12
[2026-05-16 15:14:59] Creating virtual environment with seed packages at: /mnt/workspace/venvs/.venv
[2026-05-16 15:15:27] [2026-05-16 15:15:27,165 AIMaster] (job_monitor_controller_k8s.py 1099) INFO: All workers: 2, running: 2, failed: 0, pending: 0
[2026-05-16 15:15:41] [2026-05-16 15:15:40,924 AIMaster] (config.py 347) INFO: Try loading config from pai-aimaster-new configmap.
[2026-05-16 15:15:58] [2026-05-16 15:15:57,280 AIMaster] (job_monitor_controller_k8s.py 1099) INFO: All workers: 2, running: 2, failed: 0, pending: 0
[2026-05-16 15:15:58] [2026-05-16 15:15:57,281 AIMaster] (ops_reported_error_detector.py 103) INFO: Detecting whether the job is affected by errors reported by ops platform.
[2026-05-16 15:16:15] [2026-05-16 15:16:14,244 AIMaster] (job_event_collector.py 135) WARNING: Failed to watch pods, exception: ("Connection broken: ConnectionResetError(104, 'Connection reset by peer')", ConnectionResetError(104, 'Connection reset by peer'))
[2026-05-16 15:16:23] [2026-05-16 15:16:22,408 AIMaster] (aimaster_failover_controller.py 81) INFO: Detecting whether aimaster should be migrated.
[2026-05-16 15:16:28] [2026-05-16 15:16:27,468 AIMaster] (job_monitor_controller_k8s.py 1099) INFO: All workers: 2, running: 2, failed: 0, pending: 0
[2026-05-16 15:16:41] [2026-05-16 15:16:40,959 AIMaster] (config.py 347) INFO: Try loading config from pai-aimaster-new configmap.
[2026-05-16 15:16:58] [2026-05-16 15:16:57,605 AIMaster] (job_monitor_controller_k8s.py 1099) INFO: All workers: 2, running: 2, failed: 0, pending: 0
[2026-05-16 15:16:58] [2026-05-16 15:16:57,605 AIMaster] (ops_reported_error_detector.py 103) INFO: Detecting whether the job is affected by errors reported by ops platform.
[2026-05-16 15:17:22]  + pip==26.1.1
[2026-05-16 15:17:22] Activate with: source /mnt/workspace/venvs/.venv/bin/activate
[2026-05-16 15:17:23] Looking in indexes: https://mirrors.aliyun.com/pypi/simple/
[2026-05-16 15:17:23] Looking in links: /mnt/data/ebft-distribution-new/caches/wheels
[2026-05-16 15:17:23] Requirement already satisfied: pip in /mnt/workspace/venvs/.venv/lib/python3.12/site-packages (26.1.1)
[2026-05-16 15:17:23] Collecting setuptools==82.0.1
[2026-05-16 15:17:23]   Downloading setuptools-82.0.1-py3-none-any.whl (1.0 MB)
[2026-05-16 15:17:24]      ━━━━━━━━━━━━━━━━━━━━━━━━━━━━━━━━━━━━━━━━ 1.0/1.0 MB 1.8 MB/s  0:00:00
[2026-05-16 15:17:24] Collecting wheel==0.46.3
[2026-05-16 15:17:24]   Downloading wheel-0.46.3-py3-none-any.whl (30 kB)
[2026-05-16 15:17:24] Collecting packaging>=24.0 (from wheel==0.46.3)
[2026-05-16 15:17:24]   Downloading packaging-26.2-py3-none-any.whl (100 kB)
[2026-05-16 15:17:24] Installing collected packages: setuptools, packaging, wheel
[2026-05-16 15:17:25] 
[2026-05-16 15:17:25] Successfully installed packaging-26.2 setuptools-82.0.1 wheel-0.46.3
[2026-05-16 15:17:25] 
[2026-05-16 15:17:25] [15:17:24] Installing student PyTorch CUDA 12.4 stack (via https://mirrors.aliyun.com/pytorch-wheels/cu124/)
[2026-05-16 15:17:26] Looking in indexes: https://mirrors.aliyun.com/pypi/simple/
[2026-05-16 15:17:26] Looking in links: /mnt/data/ebft-distribution-new/caches/wheels, https://mirrors.aliyun.com/pytorch-wheels/cu124/
[2026-05-16 15:17:26] Collecting torch==2.5.1+cu124
[2026-05-16 15:17:27]   Downloading torch-2.5.1%2Bcu124-cp312-cp312-linux_x86_64.whl (908.2 MB)
[2026-05-16 15:17:28] [2026-05-16 15:17:27,763 AIMaster] (job_monitor_controller_k8s.py 1099) INFO: All workers: 2, running: 2, failed: 0, pending: 0
[2026-05-16 15:17:41] [2026-05-16 15:17:40,996 AIMaster] (config.py 347) INFO: Try loading config from pai-aimaster-new configmap.
[2026-05-16 15:17:46] [2026-05-16 15:17:45,643 AIMaster] (job_event_collector.py 135) WARNING: Failed to watch pods, exception: ("Connection broken: ConnectionResetError(104, 'Connection reset by peer')", ConnectionResetError(104, 'Connection reset by peer'))
[2026-05-16 15:17:47]  + pip==26.1.1
[2026-05-16 15:17:47] Activate with: source /mnt/workspace/venvs/.venv/bin/activate
[2026-05-16 15:17:48] Looking in indexes: https://mirrors.aliyun.com/pypi/simple/
[2026-05-16 15:17:48] Looking in links: /mnt/data/ebft-distribution-new/caches/wheels
[2026-05-16 15:17:48] Requirement already satisfied: pip in /mnt/workspace/venvs/.venv/lib/python3.12/site-packages (26.1.1)
[2026-05-16 15:17:48] Collecting setuptools==82.0.1
[2026-05-16 15:17:48]   Downloading setuptools-82.0.1-py3-none-any.whl (1.0 MB)
[2026-05-16 15:17:48]      ━━━━━━━━━━━━━━━━━━━━━━━━━━━━━━━━━━━━━━━━ 1.0/1.0 MB 19.4 MB/s  0:00:00
[2026-05-16 15:17:48] Collecting wheel==0.46.3
[2026-05-16 15:17:48]   Downloading wheel-0.46.3-py3-none-any.whl (30 kB)
[2026-05-16 15:17:48] Collecting packaging>=24.0 (from wheel==0.46.3)
[2026-05-16 15:17:48]   Downloading packaging-26.2-py3-none-any.whl (100 kB)
[2026-05-16 15:17:48] Installing collected packages: setuptools, packaging, wheel
[2026-05-16 15:17:49] 
[2026-05-16 15:17:49] Successfully installed packaging-26.2 setuptools-82.0.1 wheel-0.46.3
[2026-05-16 15:17:49] 
[2026-05-16 15:17:49] [15:17:48] Installing student PyTorch CUDA 12.4 stack (via https://mirrors.aliyun.com/pytorch-wheels/cu124/)
[2026-05-16 15:17:50] Looking in indexes: https://mirrors.aliyun.com/pypi/simple/
[2026-05-16 15:17:50] Looking in links: /mnt/data/ebft-distribution-new/caches/wheels, https://mirrors.aliyun.com/pytorch-wheels/cu124/
[2026-05-16 15:17:50] Collecting torch==2.5.1+cu124
[2026-05-16 15:17:50]   Downloading torch-2.5.1%2Bcu124-cp312-cp312-linux_x86_64.whl (908.2 MB)
[2026-05-16 15:17:58] [2026-05-16 15:17:57,883 AIMaster] (job_monitor_controller_k8s.py 1099) INFO: All workers: 2, running: 2, failed: 0, pending: 0
[2026-05-16 15:17:58] [2026-05-16 15:17:57,884 AIMaster] (ops_reported_error_detector.py 103) INFO: Detecting whether the job is affected by errors reported by ops platform.
[2026-05-16 15:18:23] [2026-05-16 15:18:22,982 AIMaster] (aimaster_failover_controller.py 81) INFO: Detecting whether aimaster should be migrated.
[2026-05-16 15:18:29] [2026-05-16 15:18:28,512 AIMaster] (job_monitor_controller_k8s.py 1099) INFO: All workers: 2, running: 2, failed: 0, pending: 0
[2026-05-16 15:18:41] [2026-05-16 15:18:41,033 AIMaster] (config.py 347) INFO: Try loading config from pai-aimaster-new configmap.
[2026-05-16 15:18:59] [2026-05-16 15:18:58,633 AIMaster] (job_monitor_controller_k8s.py 1099) INFO: All workers: 2, running: 2, failed: 0, pending: 0
[2026-05-16 15:18:59] [2026-05-16 15:18:58,634 AIMaster] (ops_reported_error_detector.py 103) INFO: Detecting whether the job is affected by errors reported by ops platform.
[2026-05-16 15:19:18] [2026-05-16 15:19:17,740 AIMaster] (job_event_collector.py 135) WARNING: Failed to watch pods, exception: ("Connection broken: ConnectionResetError(104, 'Connection reset by peer')", ConnectionResetError(104, 'Connection reset by peer'))
[2026-05-16 15:19:29] [2026-05-16 15:19:28,789 AIMaster] (job_monitor_controller_k8s.py 1099) INFO: All workers: 2, running: 2, failed: 0, pending: 0
[2026-05-16 15:19:41] [2026-05-16 15:19:41,072 AIMaster] (config.py 347) INFO: Try loading config from pai-aimaster-new configmap.
[2026-05-16 15:19:55]   WARNING: Connection timed out while downloading.
[2026-05-16 15:19:55]      ━━━╸                                    83.9/908.2 MB 17.2 MB/s eta 0:00:49
[2026-05-16 15:19:55]   WARNING: Attempting to resume incomplete download (83.9 MB/908.2 MB, attempt 1)
[2026-05-16 15:19:55]   Resuming download torch-2.5.1%2Bcu124-cp312-cp312-linux_x86_64.whl (83.9 MB/908.2 MB)
[2026-05-16 15:19:59] [2026-05-16 15:19:58,908 AIMaster] (pod_manager.py 415) INFO: Pod Category Summary (Total pods: 2)
[2026-05-16 15:19:59] | Category           |   Count | Percentage   | Pods                                                   |
[2026-05-16 15:19:59] |--------------------|---------|--------------|--------------------------------------------------------|
[2026-05-16 15:19:59] | Running            |       2 | 100.0%       | [dlc1t5kb9mnrnjda-master-0, dlc1t5kb9mnrnjda-worker-0] |
[2026-05-16 15:19:59] | Pending            |       0 | 0.0%         |                                                        |
[2026-05-16 15:19:59] | Succeeded          |       0 | 0.0%         |                                                        |
[2026-05-16 15:19:59] | Failed             |       0 | 0.0%         |                                                        |
[2026-05-16 15:19:59] | Terminating        |       0 | 0.0%         |                                                        |
[2026-05-16 15:19:59] | Scheduler_evicting |       0 | 0.0%         |                                                        |
[2026-05-16 15:19:59] | Aiph_node_error    |       0 | 0.0%         |                                                        |
[2026-05-16 15:19:59] | Unknown            |       0 | 0.0%         |                                                        |
[2026-05-16 15:19:59] 
[2026-05-16 15:19:59] [2026-05-16 15:19:58,908 AIMaster] (job_monitor_controller_k8s.py 1099) INFO: All workers: 2, running: 2, failed: 0, pending: 0
[2026-05-16 15:19:59] [2026-05-16 15:19:58,908 AIMaster] (ops_reported_error_detector.py 103) INFO: Detecting whether the job is affected by errors reported by ops platform.
[2026-05-16 15:20:24] [2026-05-16 15:20:24,010 AIMaster] (aimaster_failover_controller.py 81) INFO: Detecting whether aimaster should be migrated.
[2026-05-16 15:20:29] [2026-05-16 15:20:29,075 AIMaster] (job_monitor_controller_k8s.py 1099) INFO: All workers: 2, running: 2, failed: 0, pending: 0
[2026-05-16 15:20:41] [2026-05-16 15:20:41,109 AIMaster] (config.py 347) INFO: Try loading config from pai-aimaster-new configmap.
[2026-05-16 15:20:49] [2026-05-16 15:20:49,247 AIMaster] (job_event_collector.py 135) WARNING: Failed to watch pods, exception: ("Connection broken: ConnectionResetError(104, 'Connection reset by peer')", ConnectionResetError(104, 'Connection reset by peer'))
[2026-05-16 15:20:59] [2026-05-16 15:20:59,234 AIMaster] (job_monitor_controller_k8s.py 1099) INFO: All workers: 2, running: 2, failed: 0, pending: 0
[2026-05-16 15:20:59] [2026-05-16 15:20:59,235 AIMaster] (ops_reported_error_detector.py 103) INFO: Detecting whether the job is affected by errors reported by ops platform.
[2026-05-16 15:21:29] [2026-05-16 15:21:29,396 AIMaster] (job_monitor_controller_k8s.py 1099) INFO: All workers: 2, running: 2, failed: 0, pending: 0
[2026-05-16 15:21:41] [2026-05-16 15:21:41,145 AIMaster] (config.py 347) INFO: Try loading config from pai-aimaster-new configmap.
[2026-05-16 15:22:00] [2026-05-16 15:21:59,560 AIMaster] (job_monitor_controller_k8s.py 1099) INFO: All workers: 2, running: 2, failed: 0, pending: 0
[2026-05-16 15:22:00] [2026-05-16 15:21:59,561 AIMaster] (ops_reported_error_detector.py 103) INFO: Detecting whether the job is affected by errors reported by ops platform.
[2026-05-16 15:22:22] [2026-05-16 15:22:21,599 AIMaster] (job_event_collector.py 135) WARNING: Failed to watch pods, exception: ("Connection broken: ConnectionResetError(104, 'Connection reset by peer')", ConnectionResetError(104, 'Connection reset by peer'))
[2026-05-16 15:22:25] [2026-05-16 15:22:24,682 AIMaster] (aimaster_failover_controller.py 81) INFO: Detecting whether aimaster should be migrated.
[2026-05-16 15:22:30] [2026-05-16 15:22:29,748 AIMaster] (job_monitor_controller_k8s.py 1099) INFO: All workers: 2, running: 2, failed: 0, pending: 0
[2026-05-16 15:22:41] [2026-05-16 15:22:41,181 AIMaster] (config.py 347) INFO: Try loading config from pai-aimaster-new configmap.
[2026-05-16 15:23:00] [2026-05-16 15:22:59,878 AIMaster] (job_monitor_controller_k8s.py 1099) INFO: All workers: 2, running: 2, failed: 0, pending: 0
[2026-05-16 15:23:00] [2026-05-16 15:22:59,878 AIMaster] (ops_reported_error_detector.py 103) INFO: Detecting whether the job is affected by errors reported by ops platform.
[2026-05-16 15:23:30] [2026-05-16 15:23:30,041 AIMaster] (job_monitor_controller_k8s.py 1099) INFO: All workers: 2, running: 2, failed: 0, pending: 0
[2026-05-16 15:23:41] [2026-05-16 15:23:41,218 AIMaster] (config.py 347) INFO: Try loading config from pai-aimaster-new configmap.
[2026-05-16 15:23:53] [2026-05-16 15:23:53,015 AIMaster] (job_event_collector.py 135) WARNING: Failed to watch pods, exception: ("Connection broken: ConnectionResetError(104, 'Connection reset by peer')", ConnectionResetError(104, 'Connection reset by peer'))
[2026-05-16 15:24:00] [2026-05-16 15:24:00,156 AIMaster] (job_monitor_controller_k8s.py 1099) INFO: All workers: 2, running: 2, failed: 0, pending: 0
[2026-05-16 15:24:00] [2026-05-16 15:24:00,156 AIMaster] (ops_reported_error_detector.py 103) INFO: Detecting whether the job is affected by errors reported by ops platform.
[2026-05-16 15:24:13]      ━━━━━━━━━━━━━━━━━━━━━━━━━━━━━━━━━━━━━━━━ 908.2/908.2 MB 5.7 MB/s  0:06:46
[2026-05-16 15:24:14] Collecting torchvision==0.20.1+cu124
[2026-05-16 15:24:14]   Downloading torchvision-0.20.1%2Bcu124-cp312-cp312-linux_x86_64.whl (7.3 MB)
[2026-05-16 15:24:14]      ━━━━━━━━━━━━━━━━━━━━━━━━━━━━━━━━━━━━━━━━ 7.3/7.3 MB 19.5 MB/s  0:00:00
[2026-05-16 15:24:15] Collecting torchaudio==2.5.1+cu124
[2026-05-16 15:24:15]   Downloading torchaudio-2.5.1%2Bcu124-cp312-cp312-linux_x86_64.whl (3.4 MB)
[2026-05-16 15:24:15]      ━━━━━━━━━━━━━━━━━━━━━━━━━━━━━━━━━━━━━━━━ 3.4/3.4 MB 20.9 MB/s  0:00:00
[2026-05-16 15:24:15] Collecting filelock (from torch==2.5.1+cu124)
[2026-05-16 15:24:15]   Downloading filelock-3.29.0-py3-none-any.whl (39 kB)
[2026-05-16 15:24:15] Collecting typing-extensions>=4.8.0 (from torch==2.5.1+cu124)
[2026-05-16 15:24:15]   Downloading typing_extensions-4.15.0-py3-none-any.whl (44 kB)
[2026-05-16 15:24:15] Collecting networkx (from torch==2.5.1+cu124)
[2026-05-16 15:24:15]   Downloading networkx-3.6.1-py3-none-any.whl (2.1 MB)
[2026-05-16 15:24:15]      ━━━━━━━━━━━━━━━━━━━━━━━━━━━━━━━━━━━━━━━━ 2.1/2.1 MB 18.0 MB/s  0:00:00
[2026-05-16 15:24:16] Collecting jinja2 (from torch==2.5.1+cu124)
[2026-05-16 15:24:16]   Downloading jinja2-3.1.6-py3-none-any.whl (134 kB)
[2026-05-16 15:24:16] Collecting fsspec (from torch==2.5.1+cu124)
[2026-05-16 15:24:16]   Downloading fsspec-2026.4.0-py3-none-any.whl (203 kB)
[2026-05-16 15:24:16] Collecting nvidia-cuda-nvrtc-cu12==12.4.127 (from torch==2.5.1+cu124)
[2026-05-16 15:24:16]   Downloading nvidia_cuda_nvrtc_cu12-12.4.127-py3-none-manylinux2014_x86_64.whl (24.6 MB)
[2026-05-16 15:24:25] [2026-05-16 15:24:25,259 AIMaster] (aimaster_failover_controller.py 81) INFO: Detecting whether aimaster should be migrated.
[2026-05-16 15:24:30] [2026-05-16 15:24:30,329 AIMaster] (job_monitor_controller_k8s.py 1099) INFO: All workers: 2, running: 2, failed: 0, pending: 0
[2026-05-16 15:24:41] [2026-05-16 15:24:41,256 AIMaster] (config.py 347) INFO: Try loading config from pai-aimaster-new configmap.
[2026-05-16 15:25:00] [2026-05-16 15:25:00,460 AIMaster] (pod_manager.py 415) INFO: Pod Category Summary (Total pods: 2)
[2026-05-16 15:25:00] | Category           |   Count | Percentage   | Pods                                                   |
[2026-05-16 15:25:00] |--------------------|---------|--------------|--------------------------------------------------------|
[2026-05-16 15:25:00] | Running            |       2 | 100.0%       | [dlc1t5kb9mnrnjda-master-0, dlc1t5kb9mnrnjda-worker-0] |
[2026-05-16 15:25:00] | Pending            |       0 | 0.0%         |                                                        |
[2026-05-16 15:25:00] | Succeeded          |       0 | 0.0%         |                                                        |
[2026-05-16 15:25:00] | Failed             |       0 | 0.0%         |                                                        |
[2026-05-16 15:25:00] | Terminating        |       0 | 0.0%         |                                                        |
[2026-05-16 15:25:00] | Scheduler_evicting |       0 | 0.0%         |                                                        |
[2026-05-16 15:25:00] | Aiph_node_error    |       0 | 0.0%         |                                                        |
[2026-05-16 15:25:00] | Unknown            |       0 | 0.0%         |                                                        |
[2026-05-16 15:25:00] 
[2026-05-16 15:25:00] [2026-05-16 15:25:00,460 AIMaster] (job_monitor_controller_k8s.py 1099) INFO: All workers: 2, running: 2, failed: 0, pending: 0
[2026-05-16 15:25:00] [2026-05-16 15:25:00,460 AIMaster] (ops_reported_error_detector.py 103) INFO: Detecting whether the job is affected by errors reported by ops platform.
[2026-05-16 15:25:25] [2026-05-16 15:25:24,768 AIMaster] (job_event_collector.py 135) WARNING: Failed to watch pods, exception: ("Connection broken: ConnectionResetError(104, 'Connection reset by peer')", ConnectionResetError(104, 'Connection reset by peer'))
[2026-05-16 15:25:31] [2026-05-16 15:25:30,650 AIMaster] (job_monitor_controller_k8s.py 1099) INFO: All workers: 2, running: 2, failed: 0, pending: 0
[2026-05-16 15:25:41] [2026-05-16 15:25:41,293 AIMaster] (config.py 347) INFO: Try loading config from pai-aimaster-new configmap.
[2026-05-16 15:26:01] [2026-05-16 15:26:00,776 AIMaster] (job_monitor_controller_k8s.py 1099) INFO: All workers: 2, running: 2, failed: 0, pending: 0
[2026-05-16 15:26:01] [2026-05-16 15:26:00,776 AIMaster] (ops_reported_error_detector.py 103) INFO: Detecting whether the job is affected by errors reported by ops platform.
[2026-05-16 15:26:16]   WARNING: Connection timed out while downloading.
[2026-05-16 15:26:16]      ━━━━━━━━╸                                5.5/24.6 MB 19.6 MB/s eta 0:00:01
[2026-05-16 15:26:16]   WARNING: Attempting to resume incomplete download (5.5 MB/24.6 MB, attempt 1)
[2026-05-16 15:26:16]   Resuming download nvidia_cuda_nvrtc_cu12-12.4.127-py3-none-manylinux2014_x86_64.whl (5.5 MB/24.6 MB)
[2026-05-16 15:26:26] [2026-05-16 15:26:25,876 AIMaster] (aimaster_failover_controller.py 81) INFO: Detecting whether aimaster should be migrated.
[2026-05-16 15:26:29]      ━━━━━━━━━━━━━━━━━━━━━━━━━━━━━━━━━━━━━━━━ 24.6/24.6 MB 1.6 MB/s  0:00:12
[2026-05-16 15:26:29] Collecting nvidia-cuda-runtime-cu12==12.4.127 (from torch==2.5.1+cu124)
[2026-05-16 15:26:29]   Downloading nvidia_cuda_runtime_cu12-12.4.127-py3-none-manylinux2014_x86_64.whl (883 kB)
[2026-05-16 15:26:30]      ━━━━━━━━━━━━━━━━━━━━━━━━━━━━━━━━━━━━━━━━ 883.7/883.7 kB 1.5 MB/s  0:00:00
[2026-05-16 15:26:30] Collecting nvidia-cuda-cupti-cu12==12.4.127 (from torch==2.5.1+cu124)
[2026-05-16 15:26:30]   Downloading nvidia_cuda_cupti_cu12-12.4.127-py3-none-manylinux2014_x86_64.whl (13.8 MB)
[2026-05-16 15:26:31] [2026-05-16 15:26:30,938 AIMaster] (job_monitor_controller_k8s.py 1099) INFO: All workers: 2, running: 2, failed: 0, pending: 0
[2026-05-16 15:26:37]      ━━━━━━━━━━━━━━━━━━━━━━━━━━━━━━━━━━━━━━━━ 13.8/13.8 MB 1.9 MB/s  0:00:07
[2026-05-16 15:26:38] Collecting nvidia-cudnn-cu12==9.1.0.70 (from torch==2.5.1+cu124)
[2026-05-16 15:26:38]   Downloading nvidia_cudnn_cu12-9.1.0.70-py3-none-manylinux2014_x86_64.whl (664.8 MB)
[2026-05-16 15:26:41] [2026-05-16 15:26:41,329 AIMaster] (config.py 347) INFO: Try loading config from pai-aimaster-new configmap.
[2026-05-16 15:26:57] [2026-05-16 15:26:56,640 AIMaster] (job_event_collector.py 135) WARNING: Failed to watch pods, exception: ("Connection broken: ConnectionResetError(104, 'Connection reset by peer')", ConnectionResetError(104, 'Connection reset by peer'))
[2026-05-16 15:27:01] [2026-05-16 15:27:01,077 AIMaster] (job_monitor_controller_k8s.py 1099) INFO: All workers: 2, running: 2, failed: 0, pending: 0
[2026-05-16 15:27:01] [2026-05-16 15:27:01,077 AIMaster] (ops_reported_error_detector.py 103) INFO: Detecting whether the job is affected by errors reported by ops platform.
[2026-05-16 15:27:27]      ━━━━━━━━━━━━━━━━━━━━━━━━━━━━━━━━━━━━━━━━ 664.8/664.8 MB 33.4 MB/s  0:00:49
[2026-05-16 15:27:28] Collecting nvidia-cublas-cu12==12.4.5.8 (from torch==2.5.1+cu124)
[2026-05-16 15:27:28]   Downloading nvidia_cublas_cu12-12.4.5.8-py3-none-manylinux2014_x86_64.whl (363.4 MB)
[2026-05-16 15:27:31] [2026-05-16 15:27:31,232 AIMaster] (job_monitor_controller_k8s.py 1099) INFO: All workers: 2, running: 2, failed: 0, pending: 0
[2026-05-16 15:27:41] [2026-05-16 15:27:41,364 AIMaster] (config.py 347) INFO: Try loading config from pai-aimaster-new configmap.
[2026-05-16 15:28:01] [2026-05-16 15:28:01,365 AIMaster] (job_monitor_controller_k8s.py 1099) INFO: All workers: 2, running: 2, failed: 0, pending: 0
[2026-05-16 15:28:01] [2026-05-16 15:28:01,365 AIMaster] (ops_reported_error_detector.py 103) INFO: Detecting whether the job is affected by errors reported by ops platform.
[2026-05-16 15:28:26] [2026-05-16 15:28:26,461 AIMaster] (aimaster_failover_controller.py 81) INFO: Detecting whether aimaster should be migrated.
[2026-05-16 15:28:29] [2026-05-16 15:28:28,733 AIMaster] (job_event_collector.py 135) WARNING: Failed to watch pods, exception: ("Connection broken: ConnectionResetError(104, 'Connection reset by peer')", ConnectionResetError(104, 'Connection reset by peer'))
[2026-05-16 15:28:31] [2026-05-16 15:28:31,537 AIMaster] (job_monitor_controller_k8s.py 1099) INFO: All workers: 2, running: 2, failed: 0, pending: 0
[2026-05-16 15:28:41] [2026-05-16 15:28:41,402 AIMaster] (config.py 347) INFO: Try loading config from pai-aimaster-new configmap.
[2026-05-16 15:29:01] [2026-05-16 15:29:01,667 AIMaster] (job_monitor_controller_k8s.py 1099) INFO: All workers: 2, running: 2, failed: 0, pending: 0
[2026-05-16 15:29:01] [2026-05-16 15:29:01,667 AIMaster] (ops_reported_error_detector.py 103) INFO: Detecting whether the job is affected by errors reported by ops platform.
[2026-05-16 15:29:30]      ━━━━━━━━                                78.6/363.4 MB 27.9 MB/s eta 0:00:11
[2026-05-16 15:29:30]   WARNING: Connection timed out while downloading.
[2026-05-16 15:29:30]   WARNING: Attempting to resume incomplete download (78.6 MB/363.4 MB, attempt 1)
[2026-05-16 15:29:31]   Resuming download nvidia_cublas_cu12-12.4.5.8-py3-none-manylinux2014_x86_64.whl (78.6 MB/363.4 MB)
[2026-05-16 15:29:32] [2026-05-16 15:29:31,825 AIMaster] (job_monitor_controller_k8s.py 1099) INFO: All workers: 2, running: 2, failed: 0, pending: 0
[2026-05-16 15:29:41] [2026-05-16 15:29:41,439 AIMaster] (config.py 347) INFO: Try loading config from pai-aimaster-new configmap.
[2026-05-16 15:30:00] [2026-05-16 15:30:00,244 AIMaster] (job_event_collector.py 135) WARNING: Failed to watch pods, exception: ("Connection broken: ConnectionResetError(104, 'Connection reset by peer')", ConnectionResetError(104, 'Connection reset by peer'))
[2026-05-16 15:30:02] [2026-05-16 15:30:01,940 AIMaster] (pod_manager.py 415) INFO: Pod Category Summary (Total pods: 2)
[2026-05-16 15:30:02] | Category           |   Count | Percentage   | Pods                                                   |
[2026-05-16 15:30:02] |--------------------|---------|--------------|--------------------------------------------------------|
[2026-05-16 15:30:02] | Running            |       2 | 100.0%       | [dlc1t5kb9mnrnjda-master-0, dlc1t5kb9mnrnjda-worker-0] |
[2026-05-16 15:30:02] | Pending            |       0 | 0.0%         |                                                        |
[2026-05-16 15:30:02] | Succeeded          |       0 | 0.0%         |                                                        |
[2026-05-16 15:30:02] | Failed             |       0 | 0.0%         |                                                        |
[2026-05-16 15:30:02] | Terminating        |       0 | 0.0%         |                                                        |
[2026-05-16 15:30:02] | Scheduler_evicting |       0 | 0.0%         |                                                        |
[2026-05-16 15:30:02] | Aiph_node_error    |       0 | 0.0%         |                                                        |
[2026-05-16 15:30:02] | Unknown            |       0 | 0.0%         |                                                        |
[2026-05-16 15:30:02] 
[2026-05-16 15:30:02] [2026-05-16 15:30:01,940 AIMaster] (job_monitor_controller_k8s.py 1099) INFO: All workers: 2, running: 2, failed: 0, pending: 0
[2026-05-16 15:30:02] [2026-05-16 15:30:01,940 AIMaster] (ops_reported_error_detector.py 103) INFO: Detecting whether the job is affected by errors reported by ops platform.
[2026-05-16 15:30:27] [2026-05-16 15:30:27,041 AIMaster] (aimaster_failover_controller.py 81) INFO: Detecting whether aimaster should be migrated.
[2026-05-16 15:30:32] [2026-05-16 15:30:32,106 AIMaster] (job_monitor_controller_k8s.py 1099) INFO: All workers: 2, running: 2, failed: 0, pending: 0
[2026-05-16 15:30:41] [2026-05-16 15:30:41,475 AIMaster] (config.py 347) INFO: Try loading config from pai-aimaster-new configmap.
[2026-05-16 15:30:46]      ━━━━━━━━━━━━━━━━━━━━━━━━━━━━━━━━━━━━━━━━ 363.4/363.4 MB 6.2 MB/s  0:01:15
[2026-05-16 15:30:47] Collecting nvidia-cufft-cu12==11.2.1.3 (from torch==2.5.1+cu124)
[2026-05-16 15:30:47]   Downloading nvidia_cufft_cu12-11.2.1.3-py3-none-manylinux2014_x86_64.whl (211.5 MB)
[2026-05-16 15:31:02] [2026-05-16 15:31:02,236 AIMaster] (job_monitor_controller_k8s.py 1099) INFO: All workers: 2, running: 2, failed: 0, pending: 0
[2026-05-16 15:31:02] [2026-05-16 15:31:02,236 AIMaster] (ops_reported_error_detector.py 103) INFO: Detecting whether the job is affected by errors reported by ops platform.
[2026-05-16 15:31:32] [2026-05-16 15:31:32,220 AIMaster] (job_event_collector.py 135) WARNING: Failed to watch pods, exception: ("Connection broken: ConnectionResetError(104, 'Connection reset by peer')", ConnectionResetError(104, 'Connection reset by peer'))
[2026-05-16 15:31:32] [2026-05-16 15:31:32,412 AIMaster] (job_monitor_controller_k8s.py 1099) INFO: All workers: 2, running: 2, failed: 0, pending: 0
[2026-05-16 15:31:41] [2026-05-16 15:31:41,510 AIMaster] (config.py 347) INFO: Try loading config from pai-aimaster-new configmap.
[2026-05-16 15:32:02] [2026-05-16 15:32:02,536 AIMaster] (job_monitor_controller_k8s.py 1099) INFO: All workers: 2, running: 2, failed: 0, pending: 0
[2026-05-16 15:32:02] [2026-05-16 15:32:02,536 AIMaster] (ops_reported_error_detector.py 103) INFO: Detecting whether the job is affected by errors reported by ops platform.
[2026-05-16 15:32:27] [2026-05-16 15:32:27,631 AIMaster] (aimaster_failover_controller.py 81) INFO: Detecting whether aimaster should be migrated.
[2026-05-16 15:32:32] [2026-05-16 15:32:32,695 AIMaster] (job_monitor_controller_k8s.py 1099) INFO: All workers: 2, running: 2, failed: 0, pending: 0
[2026-05-16 15:32:41] [2026-05-16 15:32:41,545 AIMaster] (config.py 347) INFO: Try loading config from pai-aimaster-new configmap.
[2026-05-16 15:32:57]   WARNING: Connection timed out while downloading.
[2026-05-16 15:32:57]      ━━━━━━━━━━━━━━━━━━━━━━━━━╸             144.4/211.5 MB 14.2 MB/s eta 0:00:05
[2026-05-16 15:32:57]   WARNING: Attempting to resume incomplete download (144.4 MB/211.5 MB, attempt 1)
[2026-05-16 15:32:57]   Resuming download nvidia_cufft_cu12-11.2.1.3-py3-none-manylinux2014_x86_64.whl (144.4 MB/211.5 MB)
[2026-05-16 15:33:02] [2026-05-16 15:33:02,822 AIMaster] (job_monitor_controller_k8s.py 1099) INFO: All workers: 2, running: 2, failed: 0, pending: 0
[2026-05-16 15:33:02] [2026-05-16 15:33:02,822 AIMaster] (ops_reported_error_detector.py 103) INFO: Detecting whether the job is affected by errors reported by ops platform.
[2026-05-16 15:33:04] [2026-05-16 15:33:04,047 AIMaster] (job_event_collector.py 135) WARNING: Failed to watch pods, exception: ("Connection broken: ConnectionResetError(104, 'Connection reset by peer')", ConnectionResetError(104, 'Connection reset by peer'))
[2026-05-16 15:33:31]      ━━━━━━━━━━━━━━━━━━━━━━━━━━━━━━━━━━━━━━━━ 211.5/211.5 MB 2.0 MB/s  0:00:34
[2026-05-16 15:33:32] Collecting nvidia-curand-cu12==10.3.5.147 (from torch==2.5.1+cu124)
[2026-05-16 15:33:32]   Downloading nvidia_curand_cu12-10.3.5.147-py3-none-manylinux2014_x86_64.whl (56.3 MB)
[2026-05-16 15:33:33] [2026-05-16 15:33:32,987 AIMaster] (job_monitor_controller_k8s.py 1099) INFO: All workers: 2, running: 2, failed: 0, pending: 0
[2026-05-16 15:33:41] [2026-05-16 15:33:41,582 AIMaster] (config.py 347) INFO: Try loading config from pai-aimaster-new configmap.
[2026-05-16 15:33:50]      ━━━━━━━━━━━━━━━━━━━━━━━━━━━━━━━━━━━━━━━━ 56.3/56.3 MB 3.3 MB/s  0:00:16
[2026-05-16 15:33:50] Collecting nvidia-cusolver-cu12==11.6.1.9 (from torch==2.5.1+cu124)
[2026-05-16 15:33:50]   Downloading nvidia_cusolver_cu12-11.6.1.9-py3-none-manylinux2014_x86_64.whl (127.9 MB)
[2026-05-16 15:33:53]      ━━━━━━━━━━━━━━━━━━━━━━━━━━━━━━━━━━━━━━━━ 127.9/127.9 MB 45.2 MB/s  0:00:02
[2026-05-16 15:33:53] Collecting nvidia-cusparse-cu12==12.3.1.170 (from torch==2.5.1+cu124)
[2026-05-16 15:33:53]   Downloading nvidia_cusparse_cu12-12.3.1.170-py3-none-manylinux2014_x86_64.whl (207.5 MB)
[2026-05-16 15:33:58]      ━━━━━━━━━━━━━━━━━━━━━━━━━━━━━━━━━━━━━━━━ 207.5/207.5 MB 39.7 MB/s  0:00:05
[2026-05-16 15:33:59] Collecting nvidia-nccl-cu12==2.21.5 (from torch==2.5.1+cu124)
[2026-05-16 15:33:59]   Downloading nvidia_nccl_cu12-2.21.5-py3-none-manylinux2014_x86_64.whl (188.7 MB)
[2026-05-16 15:34:03] [2026-05-16 15:34:03,116 AIMaster] (job_monitor_controller_k8s.py 1099) INFO: All workers: 2, running: 2, failed: 0, pending: 0
[2026-05-16 15:34:03] [2026-05-16 15:34:03,116 AIMaster] (ops_reported_error_detector.py 103) INFO: Detecting whether the job is affected by errors reported by ops platform.
[2026-05-16 15:34:04]      ━━━━━━━━━━━━━━━━━━━━━━━━━━━━━━━━━━━━━━━━ 188.7/188.7 MB 39.1 MB/s  0:00:04
[2026-05-16 15:34:04] Collecting nvidia-nvtx-cu12==12.4.127 (from torch==2.5.1+cu124)
[2026-05-16 15:34:04]   Downloading nvidia_nvtx_cu12-12.4.127-py3-none-manylinux2014_x86_64.whl (99 kB)
[2026-05-16 15:34:04] Collecting nvidia-nvjitlink-cu12==12.4.127 (from torch==2.5.1+cu124)
[2026-05-16 15:34:04]   Downloading nvidia_nvjitlink_cu12-12.4.127-py3-none-manylinux2014_x86_64.whl (21.1 MB)
[2026-05-16 15:34:05]      ━━━━━━━━━━━━━━━━━━━━━━━━━━━━━━━━━━━━━━━━ 21.1/21.1 MB 19.5 MB/s  0:00:01
[2026-05-16 15:34:05] Collecting triton==3.1.0 (from torch==2.5.1+cu124)
[2026-05-16 15:34:05]   Downloading triton-3.1.0-cp312-cp312-manylinux_2_17_x86_64.manylinux2014_x86_64.whl (209.6 MB)
[2026-05-16 15:34:28] [2026-05-16 15:34:28,215 AIMaster] (aimaster_failover_controller.py 81) INFO: Detecting whether aimaster should be migrated.
[2026-05-16 15:34:33] [2026-05-16 15:34:33,277 AIMaster] (job_monitor_controller_k8s.py 1099) INFO: All workers: 2, running: 2, failed: 0, pending: 0
[2026-05-16 15:34:35] [2026-05-16 15:34:35,742 AIMaster] (job_event_collector.py 135) WARNING: Failed to watch pods, exception: ("Connection broken: ConnectionResetError(104, 'Connection reset by peer')", ConnectionResetError(104, 'Connection reset by peer'))
[2026-05-16 15:34:41] [2026-05-16 15:34:41,618 AIMaster] (config.py 347) INFO: Try loading config from pai-aimaster-new configmap.
[2026-05-16 15:35:03] [2026-05-16 15:35:03,402 AIMaster] (pod_manager.py 415) INFO: Pod Category Summary (Total pods: 2)
[2026-05-16 15:35:03] | Category           |   Count | Percentage   | Pods                                                   |
[2026-05-16 15:35:03] |--------------------|---------|--------------|--------------------------------------------------------|
[2026-05-16 15:35:03] | Running            |       2 | 100.0%       | [dlc1t5kb9mnrnjda-master-0, dlc1t5kb9mnrnjda-worker-0] |
[2026-05-16 15:35:03] | Pending            |       0 | 0.0%         |                                                        |
[2026-05-16 15:35:03] | Succeeded          |       0 | 0.0%         |                                                        |
[2026-05-16 15:35:03] | Failed             |       0 | 0.0%         |                                                        |
[2026-05-16 15:35:03] | Terminating        |       0 | 0.0%         |                                                        |
[2026-05-16 15:35:03] | Scheduler_evicting |       0 | 0.0%         |                                                        |
[2026-05-16 15:35:03] | Aiph_node_error    |       0 | 0.0%         |                                                        |
[2026-05-16 15:35:03] | Unknown            |       0 | 0.0%         |                                                        |
[2026-05-16 15:35:03] 
[2026-05-16 15:35:03] [2026-05-16 15:35:03,403 AIMaster] (job_monitor_controller_k8s.py 1099) INFO: All workers: 2, running: 2, failed: 0, pending: 0
[2026-05-16 15:35:03] [2026-05-16 15:35:03,403 AIMaster] (ops_reported_error_detector.py 103) INFO: Detecting whether the job is affected by errors reported by ops platform.
[2026-05-16 15:35:33] [2026-05-16 15:35:33,557 AIMaster] (job_monitor_controller_k8s.py 1099) INFO: All workers: 2, running: 2, failed: 0, pending: 0
[2026-05-16 15:35:41] [2026-05-16 15:35:41,654 AIMaster] (config.py 347) INFO: Try loading config from pai-aimaster-new configmap.
[2026-05-16 15:35:51]      ━━━━━━━━━━━━━━━━━━━━━━━━━━━━━━━━━━━━━━━━ 908.2/908.2 MB 773.8 kB/s  0:15:55
[2026-05-16 15:35:54] Collecting torchvision==0.20.1+cu124
[2026-05-16 15:35:54]   Downloading torchvision-0.20.1%2Bcu124-cp312-cp312-linux_x86_64.whl (7.3 MB)
[2026-05-16 15:36:00]      ━━━━━━━━━━━━━━━━━━━━━━━━━━━━━━━━━━━━━━━━ 7.3/7.3 MB 1.1 MB/s  0:00:06
[2026-05-16 15:36:00] Collecting torchaudio==2.5.1+cu124
[2026-05-16 15:36:00]   Downloading torchaudio-2.5.1%2Bcu124-cp312-cp312-linux_x86_64.whl (3.4 MB)
[2026-05-16 15:36:03] [2026-05-16 15:36:03,677 AIMaster] (job_monitor_controller_k8s.py 1099) INFO: All workers: 2, running: 2, failed: 0, pending: 0
[2026-05-16 15:36:03] [2026-05-16 15:36:03,677 AIMaster] (ops_reported_error_detector.py 103) INFO: Detecting whether the job is affected by errors reported by ops platform.
[2026-05-16 15:36:03]      ━━━━━━━━━━━━━━━━━━━━━━━━━━━━━━━━━━━━━━━━ 3.4/3.4 MB 1.1 MB/s  0:00:03
[2026-05-16 15:36:04] Collecting filelock (from torch==2.5.1+cu124)
[2026-05-16 15:36:04]   Downloading filelock-3.29.0-py3-none-any.whl (39 kB)
[2026-05-16 15:36:04] Collecting typing-extensions>=4.8.0 (from torch==2.5.1+cu124)
[2026-05-16 15:36:04]   Downloading typing_extensions-4.15.0-py3-none-any.whl (44 kB)
[2026-05-16 15:36:05] Collecting networkx (from torch==2.5.1+cu124)
[2026-05-16 15:36:05]   Downloading networkx-3.6.1-py3-none-any.whl (2.1 MB)
[2026-05-16 15:36:07] [2026-05-16 15:36:07,439 AIMaster] (job_event_collector.py 135) WARNING: Failed to watch pods, exception: ("Connection broken: ConnectionResetError(104, 'Connection reset by peer')", ConnectionResetError(104, 'Connection reset by peer'))
[2026-05-16 15:36:07]      ━━━━━━━━━━━━━━━━━━━━━━━━━━━━━━━━━━━━━━━━ 2.1/2.1 MB 1.3 MB/s  0:00:01
[2026-05-16 15:36:07] Collecting jinja2 (from torch==2.5.1+cu124)
[2026-05-16 15:36:07]   Downloading jinja2-3.1.6-py3-none-any.whl (134 kB)
[2026-05-16 15:36:08] Collecting fsspec (from torch==2.5.1+cu124)
[2026-05-16 15:36:08]   Downloading fsspec-2026.4.0-py3-none-any.whl (203 kB)
[2026-05-16 15:36:08] Collecting nvidia-cuda-nvrtc-cu12==12.4.127 (from torch==2.5.1+cu124)
[2026-05-16 15:36:08]   Downloading nvidia_cuda_nvrtc_cu12-12.4.127-py3-none-manylinux2014_x86_64.whl (24.6 MB)
[2026-05-16 15:36:10]   WARNING: Connection timed out while downloading.
[2026-05-16 15:36:10]      ━━━━━━━━━━━━━━━━━━━━━━━━               134.2/209.6 MB 30.8 MB/s eta 0:00:03
[2026-05-16 15:36:10]   WARNING: Attempting to resume incomplete download (134.2 MB/209.6 MB, attempt 1)
[2026-05-16 15:36:13]   Resuming download triton-3.1.0-cp312-cp312-manylinux_2_17_x86_64.manylinux2014_x86_64.whl (134.2 MB/209.6 MB)
[2026-05-16 15:36:28]      ━━━━━━━━━━━━━━━━━━━━━━━━━━━━━━━━━━━━━━━━ 24.6/24.6 MB 1.3 MB/s  0:00:19
[2026-05-16 15:36:28] [2026-05-16 15:36:28,774 AIMaster] (aimaster_failover_controller.py 81) INFO: Detecting whether aimaster should be migrated.
[2026-05-16 15:36:29] Collecting nvidia-cuda-runtime-cu12==12.4.127 (from torch==2.5.1+cu124)
[2026-05-16 15:36:31]   Downloading nvidia_cuda_runtime_cu12-12.4.127-py3-none-manylinux2014_x86_64.whl (883 kB)
[2026-05-16 15:36:31]      ━━━━━━━━━━━━━━━━━━━━━━━━━━━━━━━━━━━━━━━━ 883.7/883.7 kB 1.7 MB/s  0:00:00
[2026-05-16 15:36:33] [2026-05-16 15:36:33,835 AIMaster] (job_monitor_controller_k8s.py 1099) INFO: All workers: 2, running: 2, failed: 0, pending: 0
[2026-05-16 15:36:40] Collecting nvidia-cuda-cupti-cu12==12.4.127 (from torch==2.5.1+cu124)
[2026-05-16 15:36:40]   Downloading nvidia_cuda_cupti_cu12-12.4.127-py3-none-manylinux2014_x86_64.whl (13.8 MB)
[2026-05-16 15:36:41] [2026-05-16 15:36:41,689 AIMaster] (config.py 347) INFO: Try loading config from pai-aimaster-new configmap.
[2026-05-16 15:36:46]      ━━━━━━━━━━━━━━━━━━━━━━━━━━━━━━━━━━━━━━━━ 209.6/209.6 MB 2.4 MB/s  0:00:32
[2026-05-16 15:36:47] Requirement already satisfied: setuptools in /mnt/workspace/venvs/.venv/lib/python3.12/site-packages (from torch==2.5.1+cu124) (82.0.1)
[2026-05-16 15:36:47] Collecting sympy==1.13.1 (from torch==2.5.1+cu124)
[2026-05-16 15:36:47]   Downloading sympy-1.13.1-py3-none-any.whl (6.2 MB)
[2026-05-16 15:36:50]      ━━━━━━━━━━━━━━━━━━━━━━━━━━━━━━━━━━━━━━━━ 6.2/6.2 MB 2.6 MB/s  0:00:02
[2026-05-16 15:36:50] Collecting numpy (from torchvision==0.20.1+cu124)
[2026-05-16 15:36:50]   Downloading numpy-2.4.5-cp312-cp312-manylinux_2_27_x86_64.manylinux_2_28_x86_64.whl (16.6 MB)
[2026-05-16 15:36:50]      ━━━━━━━━━━━━━━━━━━━━━━━━━━━━━━━━━━━━━━━━ 13.8/13.8 MB 1.4 MB/s  0:00:09
[2026-05-16 15:36:56]      ━━━━━━━━━━━━━━━━━━━━━━━━━━━━━━━━━━━━━━━━ 16.6/16.6 MB 2.9 MB/s  0:00:05
[2026-05-16 15:36:56] Collecting pillow!=8.3.*,>=5.3.0 (from torchvision==0.20.1+cu124)
[2026-05-16 15:36:56]   Downloading pillow-12.2.0-cp312-cp312-manylinux_2_27_x86_64.manylinux_2_28_x86_64.whl (7.1 MB)
[2026-05-16 15:36:57] Collecting nvidia-cudnn-cu12==9.1.0.70 (from torch==2.5.1+cu124)
[2026-05-16 15:36:57]   Downloading nvidia_cudnn_cu12-9.1.0.70-py3-none-manylinux2014_x86_64.whl (664.8 MB)
[2026-05-16 15:36:59]      ━━━━━━━━━━━━━━━━━━━━━━━━━━━━━━━━━━━━━━━━ 7.1/7.1 MB 2.8 MB/s  0:00:02
[2026-05-16 15:36:59] Collecting mpmath<1.4,>=1.1.0 (from sympy==1.13.1->torch==2.5.1+cu124)
[2026-05-16 15:36:59]   Downloading mpmath-1.3.0-py3-none-any.whl (536 kB)
[2026-05-16 15:36:59]      ━━━━━━━━━━━━━━━━━━━━━━━━━━━━━━━━━━━━━━━━ 536.2/536.2 kB 14.2 MB/s  0:00:00
[2026-05-16 15:37:00] Collecting MarkupSafe>=2.0 (from jinja2->torch==2.5.1+cu124)
[2026-05-16 15:37:00]   Downloading markupsafe-3.0.3-cp312-cp312-manylinux2014_x86_64.manylinux_2_17_x86_64.manylinux_2_28_x86_64.whl (22 kB)
[2026-05-16 15:37:00] Installing collected packages: mpmath, typing-extensions, sympy, pillow, nvidia-nvtx-cu12, nvidia-nvjitlink-cu12, nvidia-nccl-cu12, nvidia-curand-cu12, nvidia-cufft-cu12, nvidia-cuda-runtime-cu12, nvidia-cuda-nvrtc-cu12, nvidia-cuda-cupti-cu12, nvidia-cublas-cu12, numpy, networkx, MarkupSafe, fsspec, filelock, triton, nvidia-cusparse-cu12, nvidia-cudnn-cu12, jinja2, nvidia-cusolver-cu12, torch, torchvision, torchaudio
[2026-05-16 15:37:03] [2026-05-16 15:37:03,959 AIMaster] (job_monitor_controller_k8s.py 1099) INFO: All workers: 2, running: 2, failed: 0, pending: 0
[2026-05-16 15:37:03] [2026-05-16 15:37:03,959 AIMaster] (ops_reported_error_detector.py 103) INFO: Detecting whether the job is affected by errors reported by ops platform.
[2026-05-16 15:37:34] [2026-05-16 15:37:34,125 AIMaster] (job_monitor_controller_k8s.py 1099) INFO: All workers: 2, running: 2, failed: 0, pending: 0
[2026-05-16 15:37:39] [2026-05-16 15:37:39,196 AIMaster] (job_event_collector.py 135) WARNING: Failed to watch pods, exception: ("Connection broken: ConnectionResetError(104, 'Connection reset by peer')", ConnectionResetError(104, 'Connection reset by peer'))
[2026-05-16 15:37:41] [2026-05-16 15:37:41,724 AIMaster] (config.py 347) INFO: Try loading config from pai-aimaster-new configmap.
[2026-05-16 15:37:45] 
[2026-05-16 15:37:45] Successfully installed MarkupSafe-3.0.3 filelock-3.29.0 fsspec-2026.4.0 jinja2-3.1.6 mpmath-1.3.0 networkx-3.6.1 numpy-2.4.5 nvidia-cublas-cu12-12.4.5.8 nvidia-cuda-cupti-cu12-12.4.127 nvidia-cuda-nvrtc-cu12-12.4.127 nvidia-cuda-runtime-cu12-12.4.127 nvidia-cudnn-cu12-9.1.0.70 nvidia-cufft-cu12-11.2.1.3 nvidia-curand-cu12-10.3.5.147 nvidia-cusolver-cu12-11.6.1.9 nvidia-cusparse-cu12-12.3.1.170 nvidia-nccl-cu12-2.21.5 nvidia-nvjitlink-cu12-12.4.127 nvidia-nvtx-cu12-12.4.127 pillow-12.2.0 sympy-1.13.1 torch-2.5.1+cu124 torchaudio-2.5.1+cu124 torchvision-0.20.1+cu124 triton-3.1.0 typing-extensions-4.15.0
[2026-05-16 15:37:46] 
[2026-05-16 15:37:46] [15:37:45] Installing student training stack
[2026-05-16 15:37:46] Looking in indexes: https://mirrors.aliyun.com/pypi/simple/
[2026-05-16 15:37:46] Looking in links: /mnt/data/ebft-distribution-new/caches/wheels
[2026-05-16 15:37:46] Collecting accelerate==1.13.0
[2026-05-16 15:37:46]   Downloading accelerate-1.13.0-py3-none-any.whl (383 kB)
[2026-05-16 15:37:50] Collecting bitsandbytes==0.49.2
[2026-05-16 15:37:50]   Downloading bitsandbytes-0.49.2-py3-none-manylinux_2_24_x86_64.whl (60.7 MB)
[2026-05-16 15:38:05] [2026-05-16 15:38:04,256 AIMaster] (job_monitor_controller_k8s.py 1099) INFO: All workers: 2, running: 2, failed: 0, pending: 0
[2026-05-16 15:38:05] [2026-05-16 15:38:04,256 AIMaster] (ops_reported_error_detector.py 103) INFO: Detecting whether the job is affected by errors reported by ops platform.
[2026-05-16 15:38:30] [2026-05-16 15:38:29,355 AIMaster] (aimaster_failover_controller.py 81) INFO: Detecting whether aimaster should be migrated.
[2026-05-16 15:38:35] [2026-05-16 15:38:34,416 AIMaster] (job_monitor_controller_k8s.py 1099) INFO: All workers: 2, running: 2, failed: 0, pending: 0
[2026-05-16 15:38:42] [2026-05-16 15:38:41,761 AIMaster] (config.py 347) INFO: Try loading config from pai-aimaster-new configmap.
[2026-05-16 15:39:05] [2026-05-16 15:39:04,540 AIMaster] (job_monitor_controller_k8s.py 1099) INFO: All workers: 2, running: 2, failed: 0, pending: 0
[2026-05-16 15:39:05] [2026-05-16 15:39:04,540 AIMaster] (ops_reported_error_detector.py 103) INFO: Detecting whether the job is affected by errors reported by ops platform.
[2026-05-16 15:39:12] [2026-05-16 15:39:11,257 AIMaster] (job_event_collector.py 135) WARNING: Failed to watch pods, exception: ("Connection broken: ConnectionResetError(104, 'Connection reset by peer')", ConnectionResetError(104, 'Connection reset by peer'))
[2026-05-16 15:39:17]      ━━                                       36.4/664.8 MB 1.9 MB/s eta 0:05:31
[2026-05-16 15:39:17]   WARNING: Connection timed out while downloading.
[2026-05-16 15:39:17]   WARNING: Attempting to resume incomplete download (36.4 MB/664.8 MB, attempt 1)
[2026-05-16 15:39:17]   Resuming download nvidia_cudnn_cu12-9.1.0.70-py3-none-manylinux2014_x86_64.whl (36.4 MB/664.8 MB)
[2026-05-16 15:39:29]      ━━━━━━━━━━━━━━━━━━━━━━━━━━━━━━━━━━━━━━━━ 60.7/60.7 MB 1.1 MB/s  0:01:39
[2026-05-16 15:39:30] Collecting datasets==4.8.4
[2026-05-16 15:39:30]   Downloading datasets-4.8.4-py3-none-any.whl (526 kB)
[2026-05-16 15:39:30]      ━━━━━━━━━━━━━━━━━━━━━━━━━━━━━━━━━━━━━━━━ 527.0/527.0 kB 1.3 MB/s  0:00:00
[2026-05-16 15:39:30] Processing /mnt/data/ebft-distribution-new/caches/wheels/deepspeed-0.18.9-py3-none-any.whl
[2026-05-16 15:39:30] Collecting einops==0.8.2
[2026-05-16 15:39:31]   Downloading einops-0.8.2-py3-none-any.whl (65 kB)
[2026-05-16 15:39:32] Collecting grpcio==1.80.0
[2026-05-16 15:39:32]   Downloading grpcio-1.80.0-cp312-cp312-manylinux2014_x86_64.manylinux_2_17_x86_64.whl (6.8 MB)
[2026-05-16 15:39:35] [2026-05-16 15:39:34,695 AIMaster] (job_monitor_controller_k8s.py 1099) INFO: All workers: 2, running: 2, failed: 0, pending: 0
[2026-05-16 15:39:35]      ━━━━━━━━━━━━━━━━━━━━━━━━━━━━━━━━━━━━━━━━ 6.8/6.8 MB 1.9 MB/s  0:00:03
[2026-05-16 15:39:35] Collecting huggingface_hub==1.10.1
[2026-05-16 15:39:35]   Downloading huggingface_hub-1.10.1-py3-none-any.whl (642 kB)
[2026-05-16 15:39:35]      ━━━━━━━━━━━━━━━━━━━━━━━━━━━━━━━━━━━━━━━━ 642.6/642.6 kB 1.7 MB/s  0:00:00
[2026-05-16 15:39:36] Collecting jsonlines==4.0.0
[2026-05-16 15:39:36]   Downloading jsonlines-4.0.0-py3-none-any.whl (8.7 kB)
[2026-05-16 15:39:36] Collecting loralib==0.1.2
[2026-05-16 15:39:37]   Downloading loralib-0.1.2-py3-none-any.whl (10 kB)
[2026-05-16 15:39:37] Collecting matplotlib==3.10.8
[2026-05-16 15:39:37]   Downloading matplotlib-3.10.8-cp312-cp312-manylinux2014_x86_64.manylinux_2_17_x86_64.whl (8.7 MB)
[2026-05-16 15:39:41]      ━━━━━━━━━━━━━━━━━━━━━━━━━━━━━━━━━━━━━━━━ 8.7/8.7 MB 2.0 MB/s  0:00:04
[2026-05-16 15:39:42] Collecting numpy==2.2.6
[2026-05-16 15:39:42]   Downloading numpy-2.2.6-cp312-cp312-manylinux_2_17_x86_64.manylinux2014_x86_64.whl (16.5 MB)
[2026-05-16 15:39:42] [2026-05-16 15:39:41,800 AIMaster] (config.py 347) INFO: Try loading config from pai-aimaster-new configmap.
[2026-05-16 15:39:50]      ━━━━━━━━━━━━━━━━━━━━━━━━━━━━━━━━━━━━━━━━ 16.5/16.5 MB 1.8 MB/s  0:00:08
[2026-05-16 15:39:51] Collecting nvitop==1.6.2
[2026-05-16 15:39:51]   Downloading nvitop-1.6.2-py3-none-any.whl (215 kB)
[2026-05-16 15:39:51] Collecting optimum==2.1.0
[2026-05-16 15:39:51]   Downloading optimum-2.1.0-py3-none-any.whl (161 kB)
[2026-05-16 15:39:51] Collecting optree==0.19.0
[2026-05-16 15:39:52]   Downloading optree-0.19.0-cp312-cp312-manylinux_2_27_x86_64.manylinux_2_28_x86_64.whl (451 kB)
[2026-05-16 15:39:52] Collecting packaging==26.0
[2026-05-16 15:39:52]   Downloading packaging-26.0-py3-none-any.whl (74 kB)
[2026-05-16 15:39:52] Collecting pandas==3.0.2
[2026-05-16 15:39:52]   Downloading pandas-3.0.2-cp312-cp312-manylinux_2_24_x86_64.manylinux_2_28_x86_64.whl (10.9 MB)
[2026-05-16 15:39:57]      ━━━━━━━━━━━━━━━━━━━━━━━━━━━━━━━━━━━━━━━━ 10.9/10.9 MB 2.3 MB/s  0:00:04
[2026-05-16 15:39:57] Collecting peft==0.18.1
[2026-05-16 15:39:57]   Downloading peft-0.18.1-py3-none-any.whl (556 kB)
[2026-05-16 15:39:57]      ━━━━━━━━━━━━━━━━━━━━━━━━━━━━━━━━━━━━━━━━ 557.0/557.0 kB 3.8 MB/s  0:00:00
[2026-05-16 15:39:57] Collecting psutil==7.2.2
[2026-05-16 15:39:57]   Downloading psutil-7.2.2-cp36-abi3-manylinux2010_x86_64.manylinux_2_12_x86_64.manylinux_2_28_x86_64.whl (155 kB)
[2026-05-16 15:39:57] Collecting pyarrow==23.0.1
[2026-05-16 15:39:58]   Downloading pyarrow-23.0.1-cp312-cp312-manylinux_2_28_x86_64.whl (47.6 MB)
[2026-05-16 15:40:05] [2026-05-16 15:40:04,861 AIMaster] (pod_manager.py 415) INFO: Pod Category Summary (Total pods: 2)
[2026-05-16 15:40:05] | Category           |   Count | Percentage   | Pods                                                   |
[2026-05-16 15:40:05] |--------------------|---------|--------------|--------------------------------------------------------|
[2026-05-16 15:40:05] | Running            |       2 | 100.0%       | [dlc1t5kb9mnrnjda-master-0, dlc1t5kb9mnrnjda-worker-0] |
[2026-05-16 15:40:05] | Pending            |       0 | 0.0%         |                                                        |
[2026-05-16 15:40:05] | Succeeded          |       0 | 0.0%         |                                                        |
[2026-05-16 15:40:05] | Failed             |       0 | 0.0%         |                                                        |
[2026-05-16 15:40:05] | Terminating        |       0 | 0.0%         |                                                        |
[2026-05-16 15:40:05] | Scheduler_evicting |       0 | 0.0%         |                                                        |
[2026-05-16 15:40:05] | Aiph_node_error    |       0 | 0.0%         |                                                        |
[2026-05-16 15:40:05] | Unknown            |       0 | 0.0%         |                                                        |
[2026-05-16 15:40:05] 
[2026-05-16 15:40:05] [2026-05-16 15:40:04,861 AIMaster] (job_monitor_controller_k8s.py 1099) INFO: All workers: 2, running: 2, failed: 0, pending: 0
[2026-05-16 15:40:05] [2026-05-16 15:40:04,861 AIMaster] (ops_reported_error_detector.py 103) INFO: Detecting whether the job is affected by errors reported by ops platform.
[2026-05-16 15:40:17]      ━━━━━━━━━━━━━━━━━━━━━━━━━━━━━━━━━━━━━━━━ 47.6/47.6 MB 2.5 MB/s  0:00:19
[2026-05-16 15:40:17] Collecting pynvml==13.0.1
[2026-05-16 15:40:17]   Downloading pynvml-13.0.1-py3-none-any.whl (28 kB)
[2026-05-16 15:40:17] Collecting pyyaml==6.0.3
[2026-05-16 15:40:17]   Downloading pyyaml-6.0.3-cp312-cp312-manylinux2014_x86_64.manylinux_2_17_x86_64.manylinux_2_28_x86_64.whl (807 kB)
[2026-05-16 15:40:17]      ━━━━━━━━━━━━━━━━━━━━━━━━━━━━━━━━━━━━━━━━ 807.9/807.9 kB 31.0 MB/s  0:00:00
[2026-05-16 15:40:17] Collecting ray==2.48.0 (from ray[default]==2.48.0)
[2026-05-16 15:40:18]   Downloading ray-2.48.0-cp312-cp312-manylinux2014_x86_64.whl (70.1 MB)
[2026-05-16 15:40:30] [2026-05-16 15:40:29,957 AIMaster] (aimaster_failover_controller.py 81) INFO: Detecting whether aimaster should be migrated.
[2026-05-16 15:40:34]      ━━━━━━━━━━━━━━━━━━━━━━━━━━━━━━━━━━━━━━━━ 70.1/70.1 MB 4.4 MB/s  0:00:15
[2026-05-16 15:40:34] Collecting safetensors==0.7.0
[2026-05-16 15:40:34]   Downloading safetensors-0.7.0-cp38-abi3-manylinux_2_17_x86_64.manylinux2014_x86_64.whl (507 kB)
[2026-05-16 15:40:34] Collecting sentencepiece==0.2.1
[2026-05-16 15:40:34]   Downloading sentencepiece-0.2.1-cp312-cp312-manylinux_2_27_x86_64.manylinux_2_28_x86_64.whl (1.4 MB)
[2026-05-16 15:40:34]      ━━━━━━━━━━━━━━━━━━━━━━━━━━━━━━━━━━━━━━━━ 1.4/1.4 MB 17.4 MB/s  0:00:00
[2026-05-16 15:40:34] Collecting tensorboard==2.20.0
[2026-05-16 15:40:34]   Downloading tensorboard-2.20.0-py3-none-any.whl (5.5 MB)
[2026-05-16 15:40:35] [2026-05-16 15:40:35,017 AIMaster] (job_monitor_controller_k8s.py 1099) INFO: All workers: 2, running: 2, failed: 0, pending: 0
[2026-05-16 15:40:35]      ━━━━━━━━━━━━━━━━━━━━━━━━━━━━━━━━━━━━━━━━ 5.5/5.5 MB 19.8 MB/s  0:00:00
[2026-05-16 15:40:35] Collecting tokenizers==0.22.2
[2026-05-16 15:40:35]   Downloading tokenizers-0.22.2-cp39-abi3-manylinux_2_17_x86_64.manylinux2014_x86_64.whl (3.3 MB)
[2026-05-16 15:40:35]      ━━━━━━━━━━━━━━━━━━━━━━━━━━━━━━━━━━━━━━━━ 3.3/3.3 MB 32.2 MB/s  0:00:00
[2026-05-16 15:40:35] Collecting torchdata==0.11.0
[2026-05-16 15:40:35]   Downloading torchdata-0.11.0-py3-none-any.whl (61 kB)
[2026-05-16 15:40:35] Collecting torchmetrics==1.9.0
[2026-05-16 15:40:35]   Downloading torchmetrics-1.9.0-py3-none-any.whl (983 kB)
[2026-05-16 15:40:35]      ━━━━━━━━━━━━━━━━━━━━━━━━━━━━━━━━━━━━━━━━ 983.4/983.4 kB 30.6 MB/s  0:00:00
[2026-05-16 15:40:36] Collecting tqdm==4.67.3
[2026-05-16 15:40:36]   Downloading tqdm-4.67.3-py3-none-any.whl (78 kB)
[2026-05-16 15:40:36] Processing /mnt/data/ebft-distribution-new/caches/wheels/transformers_stream_generator-0.0.5-py3-none-any.whl
[2026-05-16 15:40:36] Collecting wandb==0.25.1
[2026-05-16 15:40:36]   Downloading wandb-0.25.1-py3-none-manylinux_2_28_x86_64.whl (25.6 MB)
[2026-05-16 15:40:38]      ━━━━━━━━━━━━━━━━━━━━━━━━━━━━━━━━━━━━━━━━ 25.6/25.6 MB 11.8 MB/s  0:00:02
[2026-05-16 15:40:38] Requirement already satisfied: torch>=2.0.0 in /mnt/workspace/venvs/.venv/lib/python3.12/site-packages (from accelerate==1.13.0) (2.5.1+cu124)
[2026-05-16 15:40:38] Requirement already satisfied: filelock in /mnt/workspace/venvs/.venv/lib/python3.12/site-packages (from datasets==4.8.4) (3.29.0)
[2026-05-16 15:40:38] Collecting dill<0.4.2,>=0.3.0 (from datasets==4.8.4)
[2026-05-16 15:40:38]   Downloading dill-0.4.1-py3-none-any.whl (120 kB)
[2026-05-16 15:40:38] Collecting requests>=2.32.2 (from datasets==4.8.4)
[2026-05-16 15:40:38]   Downloading requests-2.34.2-py3-none-any.whl (73 kB)
[2026-05-16 15:40:38] Collecting httpx<1.0.0 (from datasets==4.8.4)
[2026-05-16 15:40:38]   Downloading httpx-0.28.1-py3-none-any.whl (73 kB)
[2026-05-16 15:40:38] Collecting xxhash (from datasets==4.8.4)
[2026-05-16 15:40:38]   Downloading xxhash-3.7.0-cp312-cp312-manylinux2014_x86_64.manylinux_2_17_x86_64.manylinux_2_28_x86_64.whl (193 kB)
[2026-05-16 15:40:38] Collecting multiprocess<0.70.20 (from datasets==4.8.4)
[2026-05-16 15:40:39]   Downloading multiprocess-0.70.19-py312-none-any.whl (150 kB)
[2026-05-16 15:40:39] Collecting fsspec<=2026.2.0,>=2023.1.0 (from fsspec[http]<=2026.2.0,>=2023.1.0->datasets==4.8.4)
[2026-05-16 15:40:39]   Downloading fsspec-2026.2.0-py3-none-any.whl (202 kB)
[2026-05-16 15:40:39] Collecting hf-xet<2.0.0,>=1.4.3 (from huggingface_hub==1.10.1)
[2026-05-16 15:40:39]   Downloading hf_xet-1.5.0-cp37-abi3-manylinux2014_x86_64.manylinux_2_17_x86_64.whl (4.5 MB)
[2026-05-16 15:40:39]      ━━━━━━━━━━━━━━━━━━━━━━━━━━━━━━━━━━━━━━━━ 4.5/4.5 MB 33.6 MB/s  0:00:00
[2026-05-16 15:40:39] Collecting typer (from huggingface_hub==1.10.1)
[2026-05-16 15:40:39]   Downloading typer-0.25.1-py3-none-any.whl (58 kB)
[2026-05-16 15:40:39] Requirement already satisfied: typing-extensions>=4.1.0 in /mnt/workspace/venvs/.venv/lib/python3.12/site-packages (from huggingface_hub==1.10.1) (4.15.0)
[2026-05-16 15:40:39] Collecting hjson (from deepspeed==0.18.9)
[2026-05-16 15:40:39]   Downloading hjson-3.1.0-py3-none-any.whl (54 kB)
[2026-05-16 15:40:39] Collecting msgpack (from deepspeed==0.18.9)
[2026-05-16 15:40:39]   Downloading msgpack-1.1.2-cp312-cp312-manylinux2014_x86_64.manylinux_2_17_x86_64.manylinux_2_28_x86_64.whl (427 kB)
[2026-05-16 15:40:39] Collecting ninja (from deepspeed==0.18.9)
[2026-05-16 15:40:39]   Downloading ninja-1.13.0-py3-none-manylinux2014_x86_64.manylinux_2_17_x86_64.whl (180 kB)
[2026-05-16 15:40:40] Collecting py-cpuinfo (from deepspeed==0.18.9)
[2026-05-16 15:40:40]   Downloading py_cpuinfo-9.0.0-py3-none-any.whl (22 kB)
[2026-05-16 15:40:40] Collecting pydantic>=2.0.0 (from deepspeed==0.18.9)
[2026-05-16 15:40:40]   Downloading pydantic-2.13.4-py3-none-any.whl (472 kB)
[2026-05-16 15:40:40] Collecting attrs>=19.2.0 (from jsonlines==4.0.0)
[2026-05-16 15:40:40]   Downloading attrs-26.1.0-py3-none-any.whl (67 kB)
[2026-05-16 15:40:40] Collecting contourpy>=1.0.1 (from matplotlib==3.10.8)
[2026-05-16 15:40:40]   Downloading contourpy-1.3.3-cp312-cp312-manylinux_2_27_x86_64.manylinux_2_28_x86_64.whl (362 kB)
[2026-05-16 15:40:40] Collecting cycler>=0.10 (from matplotlib==3.10.8)
[2026-05-16 15:40:40]   Downloading cycler-0.12.1-py3-none-any.whl (8.3 kB)
[2026-05-16 15:40:40] Collecting fonttools>=4.22.0 (from matplotlib==3.10.8)
[2026-05-16 15:40:40]   Downloading fonttools-4.63.0-cp312-cp312-manylinux2014_x86_64.manylinux_2_17_x86_64.whl (5.0 MB)
[2026-05-16 15:40:41]      ━━━━━━━━━━━━━━━━━━━━━━━━━━━━━━━━━━━━━━━━ 5.0/5.0 MB 13.8 MB/s  0:00:00
[2026-05-16 15:40:41] Collecting kiwisolver>=1.3.1 (from matplotlib==3.10.8)
[2026-05-16 15:40:41]   Downloading kiwisolver-1.5.0-cp312-cp312-manylinux2014_x86_64.manylinux_2_17_x86_64.whl (1.5 MB)
[2026-05-16 15:40:41]      ━━━━━━━━━━━━━━━━━━━━━━━━━━━━━━━━━━━━━━━━ 1.5/1.5 MB 26.5 MB/s  0:00:00
[2026-05-16 15:40:41] Requirement already satisfied: pillow>=8 in /mnt/workspace/venvs/.venv/lib/python3.12/site-packages (from matplotlib==3.10.8) (12.2.0)
[2026-05-16 15:40:41] Collecting pyparsing>=3 (from matplotlib==3.10.8)
[2026-05-16 15:40:41]   Downloading pyparsing-3.3.2-py3-none-any.whl (122 kB)
[2026-05-16 15:40:41] Collecting python-dateutil>=2.7 (from matplotlib==3.10.8)
[2026-05-16 15:40:41]   Downloading python_dateutil-2.9.0.post0-py2.py3-none-any.whl (229 kB)
[2026-05-16 15:40:41] Collecting nvidia-ml-py<13.591.0a0,>=11.450.51 (from nvitop==1.6.2)
[2026-05-16 15:40:41]   Downloading nvidia_ml_py-13.590.48-py3-none-any.whl (50 kB)
[2026-05-16 15:40:41] Collecting transformers>=4.29 (from optimum==2.1.0)
[2026-05-16 15:40:41]   Downloading transformers-5.8.1-py3-none-any.whl (10.6 MB)
[2026-05-16 15:40:42]      ━━━━━━━━━━━━━━━━━━━━━━━━━━━━━━━━━━━━━━━━ 10.6/10.6 MB 32.6 MB/s  0:00:00
[2026-05-16 15:40:42] Collecting click>=7.0 (from ray==2.48.0->ray[default]==2.48.0)
[2026-05-16 15:40:42]   Downloading click-8.3.3-py3-none-any.whl (110 kB)
[2026-05-16 15:40:42] Collecting jsonschema (from ray==2.48.0->ray[default]==2.48.0)
[2026-05-16 15:40:42]   Downloading jsonschema-4.26.0-py3-none-any.whl (90 kB)
[2026-05-16 15:40:42] Collecting protobuf!=3.19.5,>=3.15.3 (from ray==2.48.0->ray[default]==2.48.0)
[2026-05-16 15:40:42]   Downloading protobuf-7.34.1-cp310-abi3-manylinux2014_x86_64.whl (324 kB)
[2026-05-16 15:40:42] Collecting absl-py>=0.4 (from tensorboard==2.20.0)
[2026-05-16 15:40:42]   Downloading absl_py-2.4.0-py3-none-any.whl (135 kB)
[2026-05-16 15:40:42] Collecting markdown>=2.6.8 (from tensorboard==2.20.0)
[2026-05-16 15:40:42]   Downloading markdown-3.10.2-py3-none-any.whl (108 kB)
[2026-05-16 15:40:42] Requirement already satisfied: setuptools>=41.0.0 in /mnt/workspace/venvs/.venv/lib/python3.12/site-packages (from tensorboard==2.20.0) (82.0.1)
[2026-05-16 15:40:42] Collecting tensorboard-data-server<0.8.0,>=0.7.0 (from tensorboard==2.20.0)
[2026-05-16 15:40:42]   Downloading tensorboard_data_server-0.7.2-py3-none-manylinux_2_31_x86_64.whl (6.6 MB)
[2026-05-16 15:40:42] [2026-05-16 15:40:41,835 AIMaster] (config.py 347) INFO: Try loading config from pai-aimaster-new configmap.
[2026-05-16 15:40:43] [2026-05-16 15:40:42,613 AIMaster] (job_event_collector.py 135) WARNING: Failed to watch pods, exception: ("Connection broken: ConnectionResetError(104, 'Connection reset by peer')", ConnectionResetError(104, 'Connection reset by peer'))
[2026-05-16 15:41:06] [2026-05-16 15:41:05,144 AIMaster] (job_monitor_controller_k8s.py 1099) INFO: All workers: 2, running: 2, failed: 0, pending: 0
[2026-05-16 15:41:06] [2026-05-16 15:41:05,144 AIMaster] (ops_reported_error_detector.py 103) INFO: Detecting whether the job is affected by errors reported by ops platform.
[2026-05-16 15:41:36] [2026-05-16 15:41:35,374 AIMaster] (job_monitor_controller_k8s.py 1099) INFO: All workers: 2, running: 2, failed: 0, pending: 0
[2026-05-16 15:41:42] [2026-05-16 15:41:41,905 AIMaster] (config.py 347) INFO: Try loading config from pai-aimaster-new configmap.
[2026-05-16 15:42:06] [2026-05-16 15:42:05,507 AIMaster] (job_monitor_controller_k8s.py 1099) INFO: All workers: 2, running: 2, failed: 0, pending: 0
[2026-05-16 15:42:06] [2026-05-16 15:42:05,507 AIMaster] (ops_reported_error_detector.py 103) INFO: Detecting whether the job is affected by errors reported by ops platform.
[2026-05-16 15:42:15] [2026-05-16 15:42:14,236 AIMaster] (job_event_collector.py 135) WARNING: Failed to watch pods, exception: ("Connection broken: ConnectionResetError(104, 'Connection reset by peer')", ConnectionResetError(104, 'Connection reset by peer'))
[2026-05-16 15:42:31] [2026-05-16 15:42:30,643 AIMaster] (aimaster_failover_controller.py 81) INFO: Detecting whether aimaster should be migrated.
[2026-05-16 15:42:36] [2026-05-16 15:42:35,710 AIMaster] (job_monitor_controller_k8s.py 1099) INFO: All workers: 2, running: 2, failed: 0, pending: 0
[2026-05-16 15:42:42] [2026-05-16 15:42:41,941 AIMaster] (config.py 347) INFO: Try loading config from pai-aimaster-new configmap.
[2026-05-16 15:42:43]      ━━━━━━━━━╸                               1.6/6.6 MB 14.3 MB/s eta 0:00:01
[2026-05-16 15:42:43]   WARNING: Connection timed out while downloading.
[2026-05-16 15:42:43]   WARNING: Attempting to resume incomplete download (1.6 MB/6.6 MB, attempt 1)
[2026-05-16 15:42:43]   Resuming download tensorboard_data_server-0.7.2-py3-none-manylinux_2_31_x86_64.whl (1.6 MB/6.6 MB)
[2026-05-16 15:42:45]      ━━━━━━━━━━━━━━━━━━━━━━━━━━━━━━━━━━━━━━━━ 6.6/6.6 MB 2.3 MB/s  0:00:02
[2026-05-16 15:42:45] Collecting werkzeug>=1.0.1 (from tensorboard==2.20.0)
[2026-05-16 15:42:45]   Downloading werkzeug-3.1.8-py3-none-any.whl (226 kB)
[2026-05-16 15:42:45] Collecting urllib3>=1.25 (from torchdata==0.11.0)
[2026-05-16 15:42:45]   Downloading urllib3-2.7.0-py3-none-any.whl (131 kB)
[2026-05-16 15:42:45] Collecting lightning-utilities>=0.15.3 (from torchmetrics==1.9.0)
[2026-05-16 15:42:45]   Downloading lightning_utilities-0.15.3-py3-none-any.whl (31 kB)
[2026-05-16 15:42:45] Collecting gitpython!=3.1.29,>=1.0.0 (from wandb==0.25.1)
[2026-05-16 15:42:45]   Downloading gitpython-3.1.50-py3-none-any.whl (212 kB)
[2026-05-16 15:42:46] Collecting platformdirs (from wandb==0.25.1)
[2026-05-16 15:42:46]   Downloading platformdirs-4.9.6-py3-none-any.whl (21 kB)
[2026-05-16 15:42:46] Collecting protobuf!=3.19.5,>=3.15.3 (from ray==2.48.0->ray[default]==2.48.0)
[2026-05-16 15:42:46]   Downloading protobuf-6.33.6-cp39-abi3-manylinux2014_x86_64.whl (323 kB)
[2026-05-16 15:42:46] Collecting sentry-sdk>=2.0.0 (from wandb==0.25.1)
[2026-05-16 15:42:46]   Downloading sentry_sdk-2.60.0-py3-none-any.whl (475 kB)
[2026-05-16 15:42:47] Collecting aiohttp>=3.7 (from ray[default]==2.48.0)
[2026-05-16 15:42:47]   Downloading aiohttp-3.13.5-cp312-cp312-manylinux2014_x86_64.manylinux_2_17_x86_64.manylinux_2_28_x86_64.whl (1.8 MB)
[2026-05-16 15:42:48]      ━━━━━━━━━━━━━━━━━━━━━━━━━━━━━━━━━━━━━━━━ 1.8/1.8 MB 1.9 MB/s  0:00:00
[2026-05-16 15:42:48] Collecting aiohttp_cors (from ray[default]==2.48.0)
[2026-05-16 15:42:48]   Downloading aiohttp_cors-0.8.1-py3-none-any.whl (25 kB)
[2026-05-16 15:42:48] Collecting colorful (from ray[default]==2.48.0)
[2026-05-16 15:42:48]   Downloading colorful-0.5.8-py2.py3-none-any.whl (201 kB)
[2026-05-16 15:42:49] Collecting py-spy>=0.4.0 (from ray[default]==2.48.0)
[2026-05-16 15:42:49]   Downloading py_spy-0.4.2-py2.py3-none-manylinux_2_5_x86_64.manylinux1_x86_64.whl (2.9 MB)
[2026-05-16 15:42:50]      ━━━━━━━━━━━━━━━━━━━━━━━━━━━━━━━━━━━━━━━━ 2.9/2.9 MB 2.6 MB/s  0:00:01
[2026-05-16 15:42:50] Collecting opencensus (from ray[default]==2.48.0)
[2026-05-16 15:42:50]   Downloading opencensus-0.11.4-py2.py3-none-any.whl (128 kB)
[2026-05-16 15:42:50] Collecting opentelemetry-sdk>=1.30.0 (from ray[default]==2.48.0)
[2026-05-16 15:42:50]   Downloading opentelemetry_sdk-1.41.1-py3-none-any.whl (180 kB)
[2026-05-16 15:42:50] Collecting opentelemetry-exporter-prometheus (from ray[default]==2.48.0)
[2026-05-16 15:42:51]   Downloading opentelemetry_exporter_prometheus-0.62b1-py3-none-any.whl (13 kB)
[2026-05-16 15:42:51] Collecting opentelemetry-proto (from ray[default]==2.48.0)
[2026-05-16 15:42:51]   Downloading opentelemetry_proto-1.41.1-py3-none-any.whl (72 kB)
[2026-05-16 15:42:51] Collecting prometheus_client>=0.7.1 (from ray[default]==2.48.0)
[2026-05-16 15:42:51]   Downloading prometheus_client-0.25.0-py3-none-any.whl (64 kB)
[2026-05-16 15:42:51] Collecting smart_open (from ray[default]==2.48.0)
[2026-05-16 15:42:51]   Downloading smart_open-7.6.1-py3-none-any.whl (64 kB)
[2026-05-16 15:42:51] Collecting virtualenv!=20.21.1,>=20.0.24 (from ray[default]==2.48.0)
[2026-05-16 15:42:52]   Downloading virtualenv-21.3.3-py3-none-any.whl (7.6 MB)
[2026-05-16 15:42:55]      ━━━━━━━━━━━━━━━━━━━━━━━━━━━━━━━━━━━━━━━━ 7.6/7.6 MB 2.4 MB/s  0:00:03
[2026-05-16 15:42:55] Collecting anyio (from httpx<1.0.0->datasets==4.8.4)
[2026-05-16 15:42:55]   Downloading anyio-4.13.0-py3-none-any.whl (114 kB)
[2026-05-16 15:42:55] Collecting certifi (from httpx<1.0.0->datasets==4.8.4)
[2026-05-16 15:42:55]   Downloading certifi-2026.4.22-py3-none-any.whl (135 kB)
[2026-05-16 15:42:55] Collecting httpcore==1.* (from httpx<1.0.0->datasets==4.8.4)
[2026-05-16 15:42:55]   Downloading httpcore-1.0.9-py3-none-any.whl (78 kB)
[2026-05-16 15:42:56] Collecting idna (from httpx<1.0.0->datasets==4.8.4)
[2026-05-16 15:42:56]   Downloading idna-3.15-py3-none-any.whl (72 kB)
[2026-05-16 15:42:56] Collecting h11>=0.16 (from httpcore==1.*->httpx<1.0.0->datasets==4.8.4)
[2026-05-16 15:42:56]   Downloading h11-0.16.0-py3-none-any.whl (37 kB)
[2026-05-16 15:42:56] Collecting annotated-types>=0.6.0 (from pydantic>=2.0.0->deepspeed==0.18.9)
[2026-05-16 15:42:56]   Downloading annotated_types-0.7.0-py3-none-any.whl (13 kB)
[2026-05-16 15:42:58] Collecting pydantic-core==2.46.4 (from pydantic>=2.0.0->deepspeed==0.18.9)
[2026-05-16 15:42:58]   Downloading pydantic_core-2.46.4-cp312-cp312-manylinux_2_17_x86_64.manylinux2014_x86_64.whl (2.1 MB)
[2026-05-16 15:42:59]      ━━━━━━━━━━━━━━━━━━━━━━━━━━━━━━━━━━━━━━━━ 2.1/2.1 MB 2.3 MB/s  0:00:00
[2026-05-16 15:42:59] Collecting typing-inspection>=0.4.2 (from pydantic>=2.0.0->deepspeed==0.18.9)
[2026-05-16 15:42:59]   Downloading typing_inspection-0.4.2-py3-none-any.whl (14 kB)
[2026-05-16 15:42:59] Collecting charset_normalizer<4,>=2 (from requests>=2.32.2->datasets==4.8.4)
[2026-05-16 15:42:59]   Downloading charset_normalizer-3.4.7-cp312-cp312-manylinux2014_x86_64.manylinux_2_17_x86_64.manylinux_2_28_x86_64.whl (216 kB)
[2026-05-16 15:42:59] Requirement already satisfied: networkx in /mnt/workspace/venvs/.venv/lib/python3.12/site-packages (from torch>=2.0.0->accelerate==1.13.0) (3.6.1)
[2026-05-16 15:42:59] Requirement already satisfied: jinja2 in /mnt/workspace/venvs/.venv/lib/python3.12/site-packages (from torch>=2.0.0->accelerate==1.13.0) (3.1.6)
[2026-05-16 15:42:59] Requirement already satisfied: nvidia-cuda-nvrtc-cu12==12.4.127 in /mnt/workspace/venvs/.venv/lib/python3.12/site-packages (from torch>=2.0.0->accelerate==1.13.0) (12.4.127)
[2026-05-16 15:42:59] Requirement already satisfied: nvidia-cuda-runtime-cu12==12.4.127 in /mnt/workspace/venvs/.venv/lib/python3.12/site-packages (from torch>=2.0.0->accelerate==1.13.0) (12.4.127)
[2026-05-16 15:42:59] Requirement already satisfied: nvidia-cuda-cupti-cu12==12.4.127 in /mnt/workspace/venvs/.venv/lib/python3.12/site-packages (from torch>=2.0.0->accelerate==1.13.0) (12.4.127)
[2026-05-16 15:42:59] Requirement already satisfied: nvidia-cudnn-cu12==9.1.0.70 in /mnt/workspace/venvs/.venv/lib/python3.12/site-packages (from torch>=2.0.0->accelerate==1.13.0) (9.1.0.70)
[2026-05-16 15:42:59] Requirement already satisfied: nvidia-cublas-cu12==12.4.5.8 in /mnt/workspace/venvs/.venv/lib/python3.12/site-packages (from torch>=2.0.0->accelerate==1.13.0) (12.4.5.8)
[2026-05-16 15:42:59] Requirement already satisfied: nvidia-cufft-cu12==11.2.1.3 in /mnt/workspace/venvs/.venv/lib/python3.12/site-packages (from torch>=2.0.0->accelerate==1.13.0) (11.2.1.3)
[2026-05-16 15:42:59] Requirement already satisfied: nvidia-curand-cu12==10.3.5.147 in /mnt/workspace/venvs/.venv/lib/python3.12/site-packages (from torch>=2.0.0->accelerate==1.13.0) (10.3.5.147)
[2026-05-16 15:42:59] Requirement already satisfied: nvidia-cusolver-cu12==11.6.1.9 in /mnt/workspace/venvs/.venv/lib/python3.12/site-packages (from torch>=2.0.0->accelerate==1.13.0) (11.6.1.9)
[2026-05-16 15:42:59] Requirement already satisfied: nvidia-cusparse-cu12==12.3.1.170 in /mnt/workspace/venvs/.venv/lib/python3.12/site-packages (from torch>=2.0.0->accelerate==1.13.0) (12.3.1.170)
[2026-05-16 15:42:59] Requirement already satisfied: nvidia-nccl-cu12==2.21.5 in /mnt/workspace/venvs/.venv/lib/python3.12/site-packages (from torch>=2.0.0->accelerate==1.13.0) (2.21.5)
[2026-05-16 15:42:59] Requirement already satisfied: nvidia-nvtx-cu12==12.4.127 in /mnt/workspace/venvs/.venv/lib/python3.12/site-packages (from torch>=2.0.0->accelerate==1.13.0) (12.4.127)
[2026-05-16 15:42:59] Requirement already satisfied: nvidia-nvjitlink-cu12==12.4.127 in /mnt/workspace/venvs/.venv/lib/python3.12/site-packages (from torch>=2.0.0->accelerate==1.13.0) (12.4.127)
[2026-05-16 15:42:59] Requirement already satisfied: triton==3.1.0 in /mnt/workspace/venvs/.venv/lib/python3.12/site-packages (from torch>=2.0.0->accelerate==1.13.0) (3.1.0)
[2026-05-16 15:42:59] Requirement already satisfied: sympy==1.13.1 in /mnt/workspace/venvs/.venv/lib/python3.12/site-packages (from torch>=2.0.0->accelerate==1.13.0) (1.13.1)
[2026-05-16 15:42:59] Requirement already satisfied: mpmath<1.4,>=1.1.0 in /mnt/workspace/venvs/.venv/lib/python3.12/site-packages (from sympy==1.13.1->torch>=2.0.0->accelerate==1.13.0) (1.3.0)
[2026-05-16 15:42:59] Collecting aiohappyeyeballs>=2.5.0 (from aiohttp>=3.7->ray[default]==2.48.0)
[2026-05-16 15:43:00]   Downloading aiohappyeyeballs-2.6.1-py3-none-any.whl (15 kB)
[2026-05-16 15:43:00] Collecting aiosignal>=1.4.0 (from aiohttp>=3.7->ray[default]==2.48.0)
[2026-05-16 15:43:00]   Downloading aiosignal-1.4.0-py3-none-any.whl (7.5 kB)
[2026-05-16 15:43:00] Collecting frozenlist>=1.1.1 (from aiohttp>=3.7->ray[default]==2.48.0)
[2026-05-16 15:43:00]   Downloading frozenlist-1.8.0-cp312-cp312-manylinux1_x86_64.manylinux_2_28_x86_64.manylinux_2_5_x86_64.whl (242 kB)
[2026-05-16 15:43:01] Collecting multidict<7.0,>=4.5 (from aiohttp>=3.7->ray[default]==2.48.0)
[2026-05-16 15:43:01]   Downloading multidict-6.7.1-cp312-cp312-manylinux2014_x86_64.manylinux_2_17_x86_64.manylinux_2_28_x86_64.whl (256 kB)
[2026-05-16 15:43:01] Collecting propcache>=0.2.0 (from aiohttp>=3.7->ray[default]==2.48.0)
[2026-05-16 15:43:01]   Downloading propcache-0.5.2-cp312-cp312-manylinux2014_x86_64.manylinux_2_17_x86_64.manylinux_2_28_x86_64.whl (61 kB)
[2026-05-16 15:43:01] Collecting yarl<2.0,>=1.17.0 (from aiohttp>=3.7->ray[default]==2.48.0)
[2026-05-16 15:43:01]   Downloading yarl-1.23.0-cp312-cp312-manylinux2014_x86_64.manylinux_2_17_x86_64.manylinux_2_28_x86_64.whl (100 kB)
[2026-05-16 15:43:01] Collecting gitdb<5,>=4.0.1 (from gitpython!=3.1.29,>=1.0.0->wandb==0.25.1)
[2026-05-16 15:43:01]   Downloading gitdb-4.0.12-py3-none-any.whl (62 kB)
[2026-05-16 15:43:02] Collecting smmap<6,>=3.0.1 (from gitdb<5,>=4.0.1->gitpython!=3.1.29,>=1.0.0->wandb==0.25.1)
[2026-05-16 15:43:02]   Downloading smmap-5.0.3-py3-none-any.whl (24 kB)
[2026-05-16 15:43:02] Collecting opentelemetry-api==1.41.1 (from opentelemetry-sdk>=1.30.0->ray[default]==2.48.0)
[2026-05-16 15:43:02]   Downloading opentelemetry_api-1.41.1-py3-none-any.whl (69 kB)
[2026-05-16 15:43:02] Collecting opentelemetry-semantic-conventions==0.62b1 (from opentelemetry-sdk>=1.30.0->ray[default]==2.48.0)
[2026-05-16 15:43:02]   Downloading opentelemetry_semantic_conventions-0.62b1-py3-none-any.whl (231 kB)
[2026-05-16 15:43:02] Collecting importlib-metadata<8.8.0,>=6.0 (from opentelemetry-api==1.41.1->opentelemetry-sdk>=1.30.0->ray[default]==2.48.0)
[2026-05-16 15:43:02]   Downloading importlib_metadata-8.7.1-py3-none-any.whl (27 kB)
[2026-05-16 15:43:02] Collecting zipp>=3.20 (from importlib-metadata<8.8.0,>=6.0->opentelemetry-api==1.41.1->opentelemetry-sdk>=1.30.0->ray[default]==2.48.0)
[2026-05-16 15:43:03]   Downloading zipp-3.23.1-py3-none-any.whl (10 kB)
[2026-05-16 15:43:03] Collecting six>=1.5 (from python-dateutil>=2.7->matplotlib==3.10.8)
[2026-05-16 15:43:03]   Downloading six-1.17.0-py2.py3-none-any.whl (11 kB)
[2026-05-16 15:43:04] Collecting regex>=2025.10.22 (from transformers>=4.29->optimum==2.1.0)
[2026-05-16 15:43:04]   Downloading regex-2026.5.9-cp312-cp312-manylinux2014_x86_64.manylinux_2_17_x86_64.manylinux_2_28_x86_64.whl (801 kB)
[2026-05-16 15:43:04]      ━━━━━━━━━━━━━━━━━━━━━━━━━━━━━━━━━━━━━━━━ 801.2/801.2 kB 1.3 MB/s  0:00:00
[2026-05-16 15:43:05] Collecting distlib<1,>=0.3.7 (from virtualenv!=20.21.1,>=20.0.24->ray[default]==2.48.0)
[2026-05-16 15:43:05]   Downloading distlib-0.4.0-py2.py3-none-any.whl (469 kB)
[2026-05-16 15:43:05] Collecting python-discovery>=1.3.1 (from virtualenv!=20.21.1,>=20.0.24->ray[default]==2.48.0)
[2026-05-16 15:43:05]   Downloading python_discovery-1.3.1-py3-none-any.whl (33 kB)
[2026-05-16 15:43:05] Requirement already satisfied: markupsafe>=2.1.1 in /mnt/workspace/venvs/.venv/lib/python3.12/site-packages (from werkzeug>=1.0.1->tensorboard==2.20.0) (3.0.3)
[2026-05-16 15:43:05] Collecting jsonschema-specifications>=2023.03.6 (from jsonschema->ray==2.48.0->ray[default]==2.48.0)
[2026-05-16 15:43:05]   Downloading jsonschema_specifications-2025.9.1-py3-none-any.whl (18 kB)
[2026-05-16 15:43:05] Collecting referencing>=0.28.4 (from jsonschema->ray==2.48.0->ray[default]==2.48.0)
[2026-05-16 15:43:05]   Downloading referencing-0.37.0-py3-none-any.whl (26 kB)
[2026-05-16 15:43:05] Collecting rpds-py>=0.25.0 (from jsonschema->ray==2.48.0->ray[default]==2.48.0)
[2026-05-16 15:43:05]   Downloading rpds_py-0.30.0-cp312-cp312-manylinux_2_17_x86_64.manylinux2014_x86_64.whl (394 kB)
[2026-05-16 15:43:06] Collecting opencensus-context>=0.1.3 (from opencensus->ray[default]==2.48.0)
[2026-05-16 15:43:06]   Downloading opencensus_context-0.1.3-py2.py3-none-any.whl (5.1 kB)
[2026-05-16 15:43:06] Collecting google-api-core<3.0.0,>=1.0.0 (from opencensus->ray[default]==2.48.0)
[2026-05-16 15:43:06]   Downloading google_api_core-2.30.3-py3-none-any.whl (173 kB)
[2026-05-16 15:43:06] Collecting googleapis-common-protos<2.0.0,>=1.63.2 (from google-api-core<3.0.0,>=1.0.0->opencensus->ray[default]==2.48.0)
[2026-05-16 15:43:06]   Downloading googleapis_common_protos-1.75.0-py3-none-any.whl (300 kB)
[2026-05-16 15:43:06] [2026-05-16 15:43:05,873 AIMaster] (job_monitor_controller_k8s.py 1099) INFO: All workers: 2, running: 2, failed: 0, pending: 0
[2026-05-16 15:43:06] [2026-05-16 15:43:05,874 AIMaster] (ops_reported_error_detector.py 103) INFO: Detecting whether the job is affected by errors reported by ops platform.
[2026-05-16 15:43:07] Collecting proto-plus<2.0.0,>=1.22.3 (from google-api-core<3.0.0,>=1.0.0->opencensus->ray[default]==2.48.0)
[2026-05-16 15:43:07]   Downloading proto_plus-1.28.0-py3-none-any.whl (50 kB)
[2026-05-16 15:43:07] Collecting google-auth<3.0.0,>=2.14.1 (from google-api-core<3.0.0,>=1.0.0->opencensus->ray[default]==2.48.0)
[2026-05-16 15:43:07]   Downloading google_auth-2.53.0-py3-none-any.whl (246 kB)
[2026-05-16 15:43:07] Collecting pyasn1-modules>=0.2.1 (from google-auth<3.0.0,>=2.14.1->google-api-core<3.0.0,>=1.0.0->opencensus->ray[default]==2.48.0)
[2026-05-16 15:43:07]   Downloading pyasn1_modules-0.4.2-py3-none-any.whl (181 kB)
[2026-05-16 15:43:07] Collecting cryptography>=38.0.3 (from google-auth<3.0.0,>=2.14.1->google-api-core<3.0.0,>=1.0.0->opencensus->ray[default]==2.48.0)
[2026-05-16 15:43:07]   Downloading cryptography-48.0.0-cp311-abi3-manylinux_2_34_x86_64.whl (4.7 MB)
[2026-05-16 15:43:09]      ━━━━━━━━━━━━━━━━━━━━━━━━━━━━━━━━━━━━━━━━ 4.7/4.7 MB 2.1 MB/s  0:00:02
[2026-05-16 15:43:09] Collecting cffi>=2.0.0 (from cryptography>=38.0.3->google-auth<3.0.0,>=2.14.1->google-api-core<3.0.0,>=1.0.0->opencensus->ray[default]==2.48.0)
[2026-05-16 15:43:09]   Downloading cffi-2.0.0-cp312-cp312-manylinux2014_x86_64.manylinux_2_17_x86_64.whl (219 kB)
[2026-05-16 15:43:10] Collecting pycparser (from cffi>=2.0.0->cryptography>=38.0.3->google-auth<3.0.0,>=2.14.1->google-api-core<3.0.0,>=1.0.0->opencensus->ray[default]==2.48.0)
[2026-05-16 15:43:10]   Downloading pycparser-3.0-py3-none-any.whl (48 kB)
[2026-05-16 15:43:10] Collecting pyasn1<0.7.0,>=0.6.1 (from pyasn1-modules>=0.2.1->google-auth<3.0.0,>=2.14.1->google-api-core<3.0.0,>=1.0.0->opencensus->ray[default]==2.48.0)
[2026-05-16 15:43:10]   Downloading pyasn1-0.6.3-py3-none-any.whl (83 kB)
[2026-05-16 15:43:10] Collecting wrapt (from smart_open->ray[default]==2.48.0)
[2026-05-16 15:43:10]   Downloading wrapt-2.1.2-cp312-cp312-manylinux1_x86_64.manylinux_2_28_x86_64.manylinux_2_5_x86_64.whl (121 kB)
[2026-05-16 15:43:10] Collecting shellingham>=1.3.0 (from typer->huggingface_hub==1.10.1)
[2026-05-16 15:43:11]   Downloading shellingham-1.5.4-py2.py3-none-any.whl (9.8 kB)
[2026-05-16 15:43:11] Collecting rich>=13.8.0 (from typer->huggingface_hub==1.10.1)
[2026-05-16 15:43:11]   Downloading rich-15.0.0-py3-none-any.whl (310 kB)
[2026-05-16 15:43:11] Collecting annotated-doc>=0.0.2 (from typer->huggingface_hub==1.10.1)
[2026-05-16 15:43:11]   Downloading annotated_doc-0.0.4-py3-none-any.whl (5.3 kB)
[2026-05-16 15:43:11] Collecting markdown-it-py>=2.2.0 (from rich>=13.8.0->typer->huggingface_hub==1.10.1)
[2026-05-16 15:43:11]   Downloading markdown_it_py-4.2.0-py3-none-any.whl (91 kB)
[2026-05-16 15:43:12] Collecting pygments<3.0.0,>=2.13.0 (from rich>=13.8.0->typer->huggingface_hub==1.10.1)
[2026-05-16 15:43:12]   Downloading pygments-2.20.0-py3-none-any.whl (1.2 MB)
[2026-05-16 15:43:12]      ━━━━━━━━━━━━━━━━━━━━━━━━━━━━━━━━━━━━━━━━ 1.2/1.2 MB 2.3 MB/s  0:00:00
[2026-05-16 15:43:12] Collecting mdurl~=0.1 (from markdown-it-py>=2.2.0->rich>=13.8.0->typer->huggingface_hub==1.10.1)
[2026-05-16 15:43:12]   Downloading mdurl-0.1.2-py3-none-any.whl (10.0 kB)
[2026-05-16 15:43:13] Installing collected packages: py-spy, py-cpuinfo, opencensus-context, nvidia-ml-py, hjson, distlib, colorful, zipp, xxhash, wrapt, werkzeug, urllib3, typing-inspection, tqdm, tensorboard-data-server, smmap, six, shellingham, sentencepiece, safetensors, rpds-py, regex, pyyaml, pyparsing, pynvml, pygments, pydantic-core, pycparser, pyasn1, pyarrow, psutil, protobuf, propcache, prometheus_client, platformdirs, packaging, optree, numpy, ninja, multidict, msgpack, mdurl, markdown, loralib, kiwisolver, idna, hf-xet, h11, grpcio, fsspec, frozenlist, fonttools, einops, dill, cycler, click, charset_normalizer, certifi, attrs, annotated-types, annotated-doc, aiohappyeyeballs, absl-py, yarl, tensorboard, smart_open, sentry-sdk, requests, referencing, python-discovery, python-dateutil, pydantic, pyasn1-modules, proto-plus, opentelemetry-proto, nvitop, multiprocess, markdown-it-py, lightning-utilities, jsonlines, importlib-metadata, httpcore, googleapis-common-protos, gitdb, contourpy, cffi, anyio, aiosignal, virtualenv, rich, pandas, opentelemetry-api, matplotlib, jsonschema-specifications, httpx, gitpython, cryptography, aiohttp, wandb, typer, torchmetrics, torchdata, opentelemetry-semantic-conventions, jsonschema, google-auth, deepspeed, bitsandbytes, aiohttp_cors, ray, opentelemetry-sdk, huggingface_hub, google-api-core, tokenizers, opentelemetry-exporter-prometheus, opencensus, datasets, accelerate, transformers, transformers-stream-generator, peft, optimum
[2026-05-16 15:43:16]   Attempting uninstall: packaging
[2026-05-16 15:43:16]     Found existing installation: packaging 26.2
[2026-05-16 15:43:16]     Uninstalling packaging-26.2:
[2026-05-16 15:43:16]       Successfully uninstalled packaging-26.2
[2026-05-16 15:43:16]   Attempting uninstall: numpy
[2026-05-16 15:43:16]     Found existing installation: numpy 2.4.5
[2026-05-16 15:43:16]     Uninstalling numpy-2.4.5:
[2026-05-16 15:43:16]       Successfully uninstalled numpy-2.4.5
[2026-05-16 15:43:18]   Attempting uninstall: fsspec
[2026-05-16 15:43:18]     Found existing installation: fsspec 2026.4.0
[2026-05-16 15:43:18]     Uninstalling fsspec-2026.4.0:
[2026-05-16 15:43:18]       Successfully uninstalled fsspec-2026.4.0
[2026-05-16 15:43:36] [2026-05-16 15:43:36,024 AIMaster] (job_monitor_controller_k8s.py 1099) INFO: All workers: 2, running: 2, failed: 0, pending: 0
[2026-05-16 15:43:42] [2026-05-16 15:43:41,977 AIMaster] (config.py 347) INFO: Try loading config from pai-aimaster-new configmap.
[2026-05-16 15:43:44] 
[2026-05-16 15:43:44] Successfully installed absl-py-2.4.0 accelerate-1.13.0 aiohappyeyeballs-2.6.1 aiohttp-3.13.5 aiohttp_cors-0.8.1 aiosignal-1.4.0 annotated-doc-0.0.4 annotated-types-0.7.0 anyio-4.13.0 attrs-26.1.0 bitsandbytes-0.49.2 certifi-2026.4.22 cffi-2.0.0 charset_normalizer-3.4.7 click-8.3.3 colorful-0.5.8 contourpy-1.3.3 cryptography-48.0.0 cycler-0.12.1 datasets-4.8.4 deepspeed-0.18.9 dill-0.4.1 distlib-0.4.0 einops-0.8.2 fonttools-4.63.0 frozenlist-1.8.0 fsspec-2026.2.0 gitdb-4.0.12 gitpython-3.1.50 google-api-core-2.30.3 google-auth-2.53.0 googleapis-common-protos-1.75.0 grpcio-1.80.0 h11-0.16.0 hf-xet-1.5.0 hjson-3.1.0 httpcore-1.0.9 httpx-0.28.1 huggingface_hub-1.10.1 idna-3.15 importlib-metadata-8.7.1 jsonlines-4.0.0 jsonschema-4.26.0 jsonschema-specifications-2025.9.1 kiwisolver-1.5.0 lightning-utilities-0.15.3 loralib-0.1.2 markdown-3.10.2 markdown-it-py-4.2.0 matplotlib-3.10.8 mdurl-0.1.2 msgpack-1.1.2 multidict-6.7.1 multiprocess-0.70.19 ninja-1.13.0 numpy-2.2.6 nvidia-ml-py-13.590.48 nvitop-1.6.2 opencensus-0.11.4 opencensus-context-0.1.3 opentelemetry-api-1.41.1 opentelemetry-exporter-prometheus-0.62b1 opentelemetry-proto-1.41.1 opentelemetry-sdk-1.41.1 opentelemetry-semantic-conventions-0.62b1 optimum-2.1.0 optree-0.19.0 packaging-26.0 pandas-3.0.2 peft-0.18.1 platformdirs-4.9.6 prometheus_client-0.25.0 propcache-0.5.2 proto-plus-1.28.0 protobuf-6.33.6 psutil-7.2.2 py-cpuinfo-9.0.0 py-spy-0.4.2 pyarrow-23.0.1 pyasn1-0.6.3 pyasn1-modules-0.4.2 pycparser-3.0 pydantic-2.13.4 pydantic-core-2.46.4 pygments-2.20.0 pynvml-13.0.1 pyparsing-3.3.2 python-dateutil-2.9.0.post0 python-discovery-1.3.1 pyyaml-6.0.3 ray-2.48.0 referencing-0.37.0 regex-2026.5.9 requests-2.34.2 rich-15.0.0 rpds-py-0.30.0 safetensors-0.7.0 sentencepiece-0.2.1 sentry-sdk-2.60.0 shellingham-1.5.4 six-1.17.0 smart_open-7.6.1 smmap-5.0.3 tensorboard-2.20.0 tensorboard-data-server-0.7.2 tokenizers-0.22.2 torchdata-0.11.0 torchmetrics-1.9.0 tqdm-4.67.3 transformers-5.8.1 transformers-stream-generator-0.0.5 typer-0.25.1 typing-inspection-0.4.2 urllib3-2.7.0 virtualenv-21.3.3 wandb-0.25.1 werkzeug-3.1.8 wrapt-2.1.2 xxhash-3.7.0 yarl-1.23.0 zipp-3.23.1
[2026-05-16 15:43:44] 
[2026-05-16 15:43:44] [15:43:44] Installing student transformers from git ref db9f18c370c92e971172e69bc9a88854947d9fc5
[2026-05-16 15:43:44] Looking in indexes: https://mirrors.aliyun.com/pypi/simple/
[2026-05-16 15:43:44] Looking in links: /mnt/data/ebft-distribution-new/caches/wheels
[2026-05-16 15:43:44] Collecting git+https://github.com/huggingface/transformers.git@db9f18c370c92e971172e69bc9a88854947d9fc5
[2026-05-16 15:43:44]   Cloning https://github.com/huggingface/transformers.git (to revision db9f18c370c92e971172e69bc9a88854947d9fc5) to /tmp/pip-req-build-vu1hh1u1
[2026-05-16 15:43:44]   Running command git clone --filter=blob:none --quiet https://github.com/huggingface/transformers.git /tmp/pip-req-build-vu1hh1u1
[2026-05-16 15:43:45]      ━━━━━━━━━━━━━━━━━━━━━━━━━━━━━━━━━━━━━━━━ 664.8/664.8 MB 2.4 MB/s  0:04:28
[2026-05-16 15:43:47] Collecting nvidia-cublas-cu12==12.4.5.8 (from torch==2.5.1+cu124)
[2026-05-16 15:43:47]   Downloading nvidia_cublas_cu12-12.4.5.8-py3-none-manylinux2014_x86_64.whl (363.4 MB)
[2026-05-16 15:43:47] [2026-05-16 15:43:46,273 AIMaster] (job_event_collector.py 135) WARNING: Failed to watch pods, exception: ("Connection broken: ConnectionResetError(104, 'Connection reset by peer')", ConnectionResetError(104, 'Connection reset by peer'))
[2026-05-16 15:43:56]   Running command git rev-parse -q --verify 'sha^db9f18c370c92e971172e69bc9a88854947d9fc5'
[2026-05-16 15:43:56]   Running command git fetch -q https://github.com/huggingface/transformers.git db9f18c370c92e971172e69bc9a88854947d9fc5
[2026-05-16 15:44:01]   Running command git checkout -q db9f18c370c92e971172e69bc9a88854947d9fc5
[2026-05-16 15:44:05]   Resolved https://github.com/huggingface/transformers.git to commit db9f18c370c92e971172e69bc9a88854947d9fc5
[2026-05-16 15:44:05]   Installing build dependencies: started
[2026-05-16 15:44:06]   Installing build dependencies: finished with status 'done'
[2026-05-16 15:44:06]   Getting requirements to build wheel: started
[2026-05-16 15:44:06] [2026-05-16 15:44:06,159 AIMaster] (job_monitor_controller_k8s.py 1099) INFO: All workers: 2, running: 2, failed: 0, pending: 0
[2026-05-16 15:44:06] [2026-05-16 15:44:06,159 AIMaster] (ops_reported_error_detector.py 103) INFO: Detecting whether the job is affected by errors reported by ops platform.
[2026-05-16 15:44:07]   Getting requirements to build wheel: finished with status 'done'
[2026-05-16 15:44:07]   Preparing metadata (pyproject.toml): started
[2026-05-16 15:44:07]   Preparing metadata (pyproject.toml): finished with status 'done'
[2026-05-16 15:44:07] Requirement already satisfied: huggingface-hub<2.0,>=1.5.0 in /mnt/workspace/venvs/.venv/lib/python3.12/site-packages (from transformers==5.6.0.dev0) (1.10.1)
[2026-05-16 15:44:07] Requirement already satisfied: numpy>=1.17 in /mnt/workspace/venvs/.venv/lib/python3.12/site-packages (from transformers==5.6.0.dev0) (2.2.6)
[2026-05-16 15:44:07] Requirement already satisfied: packaging>=20.0 in /mnt/workspace/venvs/.venv/lib/python3.12/site-packages (from transformers==5.6.0.dev0) (26.0)
[2026-05-16 15:44:07] Requirement already satisfied: pyyaml>=5.1 in /mnt/workspace/venvs/.venv/lib/python3.12/site-packages (from transformers==5.6.0.dev0) (6.0.3)
[2026-05-16 15:44:07] Requirement already satisfied: regex>=2025.10.22 in /mnt/workspace/venvs/.venv/lib/python3.12/site-packages (from transformers==5.6.0.dev0) (2026.5.9)
[2026-05-16 15:44:07] Requirement already satisfied: tokenizers<=0.23.0,>=0.22.0 in /mnt/workspace/venvs/.venv/lib/python3.12/site-packages (from transformers==5.6.0.dev0) (0.22.2)
[2026-05-16 15:44:07] Requirement already satisfied: typer in /mnt/workspace/venvs/.venv/lib/python3.12/site-packages (from transformers==5.6.0.dev0) (0.25.1)
[2026-05-16 15:44:07] Requirement already satisfied: safetensors>=0.4.3 in /mnt/workspace/venvs/.venv/lib/python3.12/site-packages (from transformers==5.6.0.dev0) (0.7.0)
[2026-05-16 15:44:07] Requirement already satisfied: tqdm>=4.27 in /mnt/workspace/venvs/.venv/lib/python3.12/site-packages (from transformers==5.6.0.dev0) (4.67.3)
[2026-05-16 15:44:07] Requirement already satisfied: filelock>=3.10.0 in /mnt/workspace/venvs/.venv/lib/python3.12/site-packages (from huggingface-hub<2.0,>=1.5.0->transformers==5.6.0.dev0) (3.29.0)
[2026-05-16 15:44:07] Requirement already satisfied: fsspec>=2023.5.0 in /mnt/workspace/venvs/.venv/lib/python3.12/site-packages (from huggingface-hub<2.0,>=1.5.0->transformers==5.6.0.dev0) (2026.2.0)
[2026-05-16 15:44:07] Requirement already satisfied: hf-xet<2.0.0,>=1.4.3 in /mnt/workspace/venvs/.venv/lib/python3.12/site-packages (from huggingface-hub<2.0,>=1.5.0->transformers==5.6.0.dev0) (1.5.0)
[2026-05-16 15:44:07] Requirement already satisfied: httpx<1,>=0.23.0 in /mnt/workspace/venvs/.venv/lib/python3.12/site-packages (from huggingface-hub<2.0,>=1.5.0->transformers==5.6.0.dev0) (0.28.1)
[2026-05-16 15:44:07] Requirement already satisfied: typing-extensions>=4.1.0 in /mnt/workspace/venvs/.venv/lib/python3.12/site-packages (from huggingface-hub<2.0,>=1.5.0->transformers==5.6.0.dev0) (4.15.0)
[2026-05-16 15:44:07] Requirement already satisfied: anyio in /mnt/workspace/venvs/.venv/lib/python3.12/site-packages (from httpx<1,>=0.23.0->huggingface-hub<2.0,>=1.5.0->transformers==5.6.0.dev0) (4.13.0)
[2026-05-16 15:44:07] Requirement already satisfied: certifi in /mnt/workspace/venvs/.venv/lib/python3.12/site-packages (from httpx<1,>=0.23.0->huggingface-hub<2.0,>=1.5.0->transformers==5.6.0.dev0) (2026.4.22)
[2026-05-16 15:44:07] Requirement already satisfied: httpcore==1.* in /mnt/workspace/venvs/.venv/lib/python3.12/site-packages (from httpx<1,>=0.23.0->huggingface-hub<2.0,>=1.5.0->transformers==5.6.0.dev0) (1.0.9)
[2026-05-16 15:44:07] Requirement already satisfied: idna in /mnt/workspace/venvs/.venv/lib/python3.12/site-packages (from httpx<1,>=0.23.0->huggingface-hub<2.0,>=1.5.0->transformers==5.6.0.dev0) (3.15)
[2026-05-16 15:44:07] Requirement already satisfied: h11>=0.16 in /mnt/workspace/venvs/.venv/lib/python3.12/site-packages (from httpcore==1.*->httpx<1,>=0.23.0->huggingface-hub<2.0,>=1.5.0->transformers==5.6.0.dev0) (0.16.0)
[2026-05-16 15:44:07] Requirement already satisfied: click>=8.2.1 in /mnt/workspace/venvs/.venv/lib/python3.12/site-packages (from typer->transformers==5.6.0.dev0) (8.3.3)
[2026-05-16 15:44:07] Requirement already satisfied: shellingham>=1.3.0 in /mnt/workspace/venvs/.venv/lib/python3.12/site-packages (from typer->transformers==5.6.0.dev0) (1.5.4)
[2026-05-16 15:44:07] Requirement already satisfied: rich>=13.8.0 in /mnt/workspace/venvs/.venv/lib/python3.12/site-packages (from typer->transformers==5.6.0.dev0) (15.0.0)
[2026-05-16 15:44:07] Requirement already satisfied: annotated-doc>=0.0.2 in /mnt/workspace/venvs/.venv/lib/python3.12/site-packages (from typer->transformers==5.6.0.dev0) (0.0.4)
[2026-05-16 15:44:07] Requirement already satisfied: markdown-it-py>=2.2.0 in /mnt/workspace/venvs/.venv/lib/python3.12/site-packages (from rich>=13.8.0->typer->transformers==5.6.0.dev0) (4.2.0)
[2026-05-16 15:44:07] Requirement already satisfied: pygments<3.0.0,>=2.13.0 in /mnt/workspace/venvs/.venv/lib/python3.12/site-packages (from rich>=13.8.0->typer->transformers==5.6.0.dev0) (2.20.0)
[2026-05-16 15:44:07] Requirement already satisfied: mdurl~=0.1 in /mnt/workspace/venvs/.venv/lib/python3.12/site-packages (from markdown-it-py>=2.2.0->rich>=13.8.0->typer->transformers==5.6.0.dev0) (0.1.2)
[2026-05-16 15:44:07] Building wheels for collected packages: transformers
[2026-05-16 15:44:07]   Building wheel for transformers (pyproject.toml): started
[2026-05-16 15:44:10]   Building wheel for transformers (pyproject.toml): finished with status 'done'
[2026-05-16 15:44:10]   Created wheel for transformers: filename=transformers-5.6.0.dev0-py3-none-any.whl size=11353921 sha256=18198d45233b913d5ce4f8d6ee6759be345eaa69e16967316a093de51cf4d7af
[2026-05-16 15:44:10]   Stored in directory: /root/.cache/pip/wheels/96/a0/0a/65fe9775eed2664c721510a616fa31feb2014a6e8188a703c6
[2026-05-16 15:44:10] Successfully built transformers
[2026-05-16 15:44:10] Installing collected packages: transformers
[2026-05-16 15:44:10]   Attempting uninstall: transformers
[2026-05-16 15:44:10]     Found existing installation: transformers 5.8.1
[2026-05-16 15:44:10]     Uninstalling transformers-5.8.1:
[2026-05-16 15:44:10]       Successfully uninstalled transformers-5.8.1
[2026-05-16 15:44:17] Successfully installed transformers-5.6.0.dev0
[2026-05-16 15:44:17] 
[2026-05-16 15:44:17] [15:44:17] Installing student flash-attn==2.8.3
[2026-05-16 15:44:17] 
[2026-05-16 15:44:17] [15:44:17] Installing flash-attn from local wheel /mnt/data/ebft-distribution-new/code/flash_attn-2.8.3+cu124torch2.5-cp312-cp312-linux_x86_64.whl
[2026-05-16 15:44:17] Looking in indexes: https://mirrors.aliyun.com/pypi/simple/
[2026-05-16 15:44:17] Looking in links: /mnt/data/ebft-distribution-new/caches/wheels
[2026-05-16 15:44:17] Processing /mnt/data/ebft-distribution-new/code/flash_attn-2.8.3+cu124torch2.5-cp312-cp312-linux_x86_64.whl
[2026-05-16 15:44:18] Requirement already satisfied: torch in /mnt/workspace/venvs/.venv/lib/python3.12/site-packages (from flash-attn==2.8.3+cu124torch2.5) (2.5.1+cu124)
[2026-05-16 15:44:18] Requirement already satisfied: einops in /mnt/workspace/venvs/.venv/lib/python3.12/site-packages (from flash-attn==2.8.3+cu124torch2.5) (0.8.2)
[2026-05-16 15:44:18] Requirement already satisfied: filelock in /mnt/workspace/venvs/.venv/lib/python3.12/site-packages (from torch->flash-attn==2.8.3+cu124torch2.5) (3.29.0)
[2026-05-16 15:44:18] Requirement already satisfied: typing-extensions>=4.8.0 in /mnt/workspace/venvs/.venv/lib/python3.12/site-packages (from torch->flash-attn==2.8.3+cu124torch2.5) (4.15.0)
[2026-05-16 15:44:18] Requirement already satisfied: networkx in /mnt/workspace/venvs/.venv/lib/python3.12/site-packages (from torch->flash-attn==2.8.3+cu124torch2.5) (3.6.1)
[2026-05-16 15:44:18] Requirement already satisfied: jinja2 in /mnt/workspace/venvs/.venv/lib/python3.12/site-packages (from torch->flash-attn==2.8.3+cu124torch2.5) (3.1.6)
[2026-05-16 15:44:18] Requirement already satisfied: fsspec in /mnt/workspace/venvs/.venv/lib/python3.12/site-packages (from torch->flash-attn==2.8.3+cu124torch2.5) (2026.2.0)
[2026-05-16 15:44:18] Requirement already satisfied: nvidia-cuda-nvrtc-cu12==12.4.127 in /mnt/workspace/venvs/.venv/lib/python3.12/site-packages (from torch->flash-attn==2.8.3+cu124torch2.5) (12.4.127)
[2026-05-16 15:44:18] Requirement already satisfied: nvidia-cuda-runtime-cu12==12.4.127 in /mnt/workspace/venvs/.venv/lib/python3.12/site-packages (from torch->flash-attn==2.8.3+cu124torch2.5) (12.4.127)
[2026-05-16 15:44:18] Requirement already satisfied: nvidia-cuda-cupti-cu12==12.4.127 in /mnt/workspace/venvs/.venv/lib/python3.12/site-packages (from torch->flash-attn==2.8.3+cu124torch2.5) (12.4.127)
[2026-05-16 15:44:18] Requirement already satisfied: nvidia-cudnn-cu12==9.1.0.70 in /mnt/workspace/venvs/.venv/lib/python3.12/site-packages (from torch->flash-attn==2.8.3+cu124torch2.5) (9.1.0.70)
[2026-05-16 15:44:18] Requirement already satisfied: nvidia-cublas-cu12==12.4.5.8 in /mnt/workspace/venvs/.venv/lib/python3.12/site-packages (from torch->flash-attn==2.8.3+cu124torch2.5) (12.4.5.8)
[2026-05-16 15:44:18] Requirement already satisfied: nvidia-cufft-cu12==11.2.1.3 in /mnt/workspace/venvs/.venv/lib/python3.12/site-packages (from torch->flash-attn==2.8.3+cu124torch2.5) (11.2.1.3)
[2026-05-16 15:44:18] Requirement already satisfied: nvidia-curand-cu12==10.3.5.147 in /mnt/workspace/venvs/.venv/lib/python3.12/site-packages (from torch->flash-attn==2.8.3+cu124torch2.5) (10.3.5.147)
[2026-05-16 15:44:18] Requirement already satisfied: nvidia-cusolver-cu12==11.6.1.9 in /mnt/workspace/venvs/.venv/lib/python3.12/site-packages (from torch->flash-attn==2.8.3+cu124torch2.5) (11.6.1.9)
[2026-05-16 15:44:18] Requirement already satisfied: nvidia-cusparse-cu12==12.3.1.170 in /mnt/workspace/venvs/.venv/lib/python3.12/site-packages (from torch->flash-attn==2.8.3+cu124torch2.5) (12.3.1.170)
[2026-05-16 15:44:18] Requirement already satisfied: nvidia-nccl-cu12==2.21.5 in /mnt/workspace/venvs/.venv/lib/python3.12/site-packages (from torch->flash-attn==2.8.3+cu124torch2.5) (2.21.5)
[2026-05-16 15:44:18] Requirement already satisfied: nvidia-nvtx-cu12==12.4.127 in /mnt/workspace/venvs/.venv/lib/python3.12/site-packages (from torch->flash-attn==2.8.3+cu124torch2.5) (12.4.127)
[2026-05-16 15:44:18] Requirement already satisfied: nvidia-nvjitlink-cu12==12.4.127 in /mnt/workspace/venvs/.venv/lib/python3.12/site-packages (from torch->flash-attn==2.8.3+cu124torch2.5) (12.4.127)
[2026-05-16 15:44:18] Requirement already satisfied: triton==3.1.0 in /mnt/workspace/venvs/.venv/lib/python3.12/site-packages (from torch->flash-attn==2.8.3+cu124torch2.5) (3.1.0)
[2026-05-16 15:44:18] Requirement already satisfied: setuptools in /mnt/workspace/venvs/.venv/lib/python3.12/site-packages (from torch->flash-attn==2.8.3+cu124torch2.5) (82.0.1)
[2026-05-16 15:44:18] Requirement already satisfied: sympy==1.13.1 in /mnt/workspace/venvs/.venv/lib/python3.12/site-packages (from torch->flash-attn==2.8.3+cu124torch2.5) (1.13.1)
[2026-05-16 15:44:18] Requirement already satisfied: mpmath<1.4,>=1.1.0 in /mnt/workspace/venvs/.venv/lib/python3.12/site-packages (from sympy==1.13.1->torch->flash-attn==2.8.3+cu124torch2.5) (1.3.0)
[2026-05-16 15:44:18] Requirement already satisfied: MarkupSafe>=2.0 in /mnt/workspace/venvs/.venv/lib/python3.12/site-packages (from jinja2->torch->flash-attn==2.8.3+cu124torch2.5) (3.0.3)
[2026-05-16 15:44:18] Installing collected packages: flash-attn
[2026-05-16 15:44:20] Successfully installed flash-attn-2.8.3+cu124torch2.5
[2026-05-16 15:44:20] 
[2026-05-16 15:44:20] [15:44:20] Installing this repo (editable) into /mnt/workspace/venvs/.venv
[2026-05-16 15:44:21] Looking in indexes: https://mirrors.aliyun.com/pypi/simple/
[2026-05-16 15:44:21] Looking in links: /mnt/data/ebft-distribution-new/caches/wheels
[2026-05-16 15:44:21] Obtaining file:///mnt/data/ebft-distribution-new/code
[2026-05-16 15:44:21]   Installing build dependencies: started
[2026-05-16 15:44:24]   Installing build dependencies: finished with status 'done'
[2026-05-16 15:44:24]   Checking if build backend supports build_editable: started
[2026-05-16 15:44:24]   Checking if build backend supports build_editable: finished with status 'done'
[2026-05-16 15:44:24]   Getting requirements to build editable: started
[2026-05-16 15:44:25]   Getting requirements to build editable: finished with status 'done'
[2026-05-16 15:44:25]   Preparing editable metadata (pyproject.toml): started
[2026-05-16 15:44:26]   Preparing editable metadata (pyproject.toml): finished with status 'done'
[2026-05-16 15:44:26] Requirement already satisfied: accelerate in /mnt/workspace/venvs/.venv/lib/python3.12/site-packages (from openrlhf==0.8.9) (1.13.0)
[2026-05-16 15:44:26] Collecting autopep8 (from openrlhf==0.8.9)
[2026-05-16 15:44:26]   Downloading autopep8-2.3.2-py2.py3-none-any.whl (45 kB)
[2026-05-16 15:44:27] Collecting black (from openrlhf==0.8.9)
[2026-05-16 15:44:27]   Downloading black-26.3.1-cp312-cp312-manylinux2014_x86_64.manylinux_2_17_x86_64.manylinux_2_28_x86_64.whl (1.8 MB)
[2026-05-16 15:44:32] [2026-05-16 15:44:31,248 AIMaster] (aimaster_failover_controller.py 81) INFO: Detecting whether aimaster should be migrated.
[2026-05-16 15:44:37] [2026-05-16 15:44:36,320 AIMaster] (job_monitor_controller_k8s.py 1099) INFO: All workers: 2, running: 2, failed: 0, pending: 0
[2026-05-16 15:44:42] [2026-05-16 15:44:42,013 AIMaster] (config.py 347) INFO: Try loading config from pai-aimaster-new configmap.
[2026-05-16 15:44:47]      ━━━━━━━━━━━━━━━━━━━━━━━━━━━━━━━━━━━━━━━━ 1.8/1.8 MB 87.6 kB/s  0:00:20
[2026-05-16 15:44:47] Requirement already satisfied: bitsandbytes in /mnt/workspace/venvs/.venv/lib/python3.12/site-packages (from openrlhf==0.8.9) (0.49.2)
[2026-05-16 15:44:47] Requirement already satisfied: datasets in /mnt/workspace/venvs/.venv/lib/python3.12/site-packages (from openrlhf==0.8.9) (4.8.4)
[2026-05-16 15:44:47] Requirement already satisfied: deepspeed in /mnt/workspace/venvs/.venv/lib/python3.12/site-packages (from openrlhf==0.8.9) (0.18.9)
[2026-05-16 15:44:47] Requirement already satisfied: einops in /mnt/workspace/venvs/.venv/lib/python3.12/site-packages (from openrlhf==0.8.9) (0.8.2)
[2026-05-16 15:44:47] Requirement already satisfied: grpcio in /mnt/workspace/venvs/.venv/lib/python3.12/site-packages (from openrlhf==0.8.9) (1.80.0)
[2026-05-16 15:44:48] Collecting isort (from openrlhf==0.8.9)
[2026-05-16 15:44:48]   Downloading isort-8.0.1-py3-none-any.whl (89 kB)
[2026-05-16 15:44:48] Requirement already satisfied: jsonlines in /mnt/workspace/venvs/.venv/lib/python3.12/site-packages (from openrlhf==0.8.9) (4.0.0)
[2026-05-16 15:44:48] Requirement already satisfied: loralib in /mnt/workspace/venvs/.venv/lib/python3.12/site-packages (from openrlhf==0.8.9) (0.1.2)
[2026-05-16 15:44:48] Requirement already satisfied: optimum in /mnt/workspace/venvs/.venv/lib/python3.12/site-packages (from openrlhf==0.8.9) (2.1.0)
[2026-05-16 15:44:48] Requirement already satisfied: optree in /mnt/workspace/venvs/.venv/lib/python3.12/site-packages (from openrlhf==0.8.9) (0.19.0)
[2026-05-16 15:44:48] Requirement already satisfied: packaging in /mnt/workspace/venvs/.venv/lib/python3.12/site-packages (from openrlhf==0.8.9) (26.0)
[2026-05-16 15:44:48] Requirement already satisfied: peft in /mnt/workspace/venvs/.venv/lib/python3.12/site-packages (from openrlhf==0.8.9) (0.18.1)
[2026-05-16 15:44:48] Requirement already satisfied: pynvml in /mnt/workspace/venvs/.venv/lib/python3.12/site-packages (from openrlhf==0.8.9) (13.0.1)
[2026-05-16 15:44:48] Requirement already satisfied: ray==2.48.0 in /mnt/workspace/venvs/.venv/lib/python3.12/site-packages (from ray[default]==2.48.0->openrlhf==0.8.9) (2.48.0)
[2026-05-16 15:44:48] Requirement already satisfied: tensorboard in /mnt/workspace/venvs/.venv/lib/python3.12/site-packages (from openrlhf==0.8.9) (2.20.0)
[2026-05-16 15:44:48] Requirement already satisfied: torch in /mnt/workspace/venvs/.venv/lib/python3.12/site-packages (from openrlhf==0.8.9) (2.5.1+cu124)
[2026-05-16 15:44:48] Requirement already satisfied: torchdata in /mnt/workspace/venvs/.venv/lib/python3.12/site-packages (from openrlhf==0.8.9) (0.11.0)
[2026-05-16 15:44:48] Requirement already satisfied: torchmetrics in /mnt/workspace/venvs/.venv/lib/python3.12/site-packages (from openrlhf==0.8.9) (1.9.0)
[2026-05-16 15:44:48] Requirement already satisfied: tqdm in /mnt/workspace/venvs/.venv/lib/python3.12/site-packages (from openrlhf==0.8.9) (4.67.3)
[2026-05-16 15:44:48] Requirement already satisfied: transformers in /mnt/workspace/venvs/.venv/lib/python3.12/site-packages (from openrlhf==0.8.9) (5.6.0.dev0)
[2026-05-16 15:44:48] Requirement already satisfied: transformers_stream_generator in /mnt/workspace/venvs/.venv/lib/python3.12/site-packages (from openrlhf==0.8.9) (0.0.5)
[2026-05-16 15:44:48] Requirement already satisfied: matplotlib in /mnt/workspace/venvs/.venv/lib/python3.12/site-packages (from openrlhf==0.8.9) (3.10.8)
[2026-05-16 15:44:48] Requirement already satisfied: pyyaml in /mnt/workspace/venvs/.venv/lib/python3.12/site-packages (from openrlhf==0.8.9) (6.0.3)
[2026-05-16 15:44:48] Requirement already satisfied: wandb in /mnt/workspace/venvs/.venv/lib/python3.12/site-packages (from openrlhf==0.8.9) (0.25.1)
[2026-05-16 15:44:48] Requirement already satisfied: wheel in /mnt/workspace/venvs/.venv/lib/python3.12/site-packages (from openrlhf==0.8.9) (0.46.3)
[2026-05-16 15:44:48] Requirement already satisfied: nvitop in /mnt/workspace/venvs/.venv/lib/python3.12/site-packages (from openrlhf==0.8.9) (1.6.2)
[2026-05-16 15:44:48] Requirement already satisfied: click>=7.0 in /mnt/workspace/venvs/.venv/lib/python3.12/site-packages (from ray==2.48.0->ray[default]==2.48.0->openrlhf==0.8.9) (8.3.3)
[2026-05-16 15:44:48] Requirement already satisfied: filelock in /mnt/workspace/venvs/.venv/lib/python3.12/site-packages (from ray==2.48.0->ray[default]==2.48.0->openrlhf==0.8.9) (3.29.0)
[2026-05-16 15:44:48] Requirement already satisfied: jsonschema in /mnt/workspace/venvs/.venv/lib/python3.12/site-packages (from ray==2.48.0->ray[default]==2.48.0->openrlhf==0.8.9) (4.26.0)
[2026-05-16 15:44:48] Requirement already satisfied: msgpack<2.0.0,>=1.0.0 in /mnt/workspace/venvs/.venv/lib/python3.12/site-packages (from ray==2.48.0->ray[default]==2.48.0->openrlhf==0.8.9) (1.1.2)
[2026-05-16 15:44:48] Requirement already satisfied: protobuf!=3.19.5,>=3.15.3 in /mnt/workspace/venvs/.venv/lib/python3.12/site-packages (from ray==2.48.0->ray[default]==2.48.0->openrlhf==0.8.9) (6.33.6)
[2026-05-16 15:44:48] Requirement already satisfied: requests in /mnt/workspace/venvs/.venv/lib/python3.12/site-packages (from ray==2.48.0->ray[default]==2.48.0->openrlhf==0.8.9) (2.34.2)
[2026-05-16 15:44:48] Requirement already satisfied: aiohttp>=3.7 in /mnt/workspace/venvs/.venv/lib/python3.12/site-packages (from ray[default]==2.48.0->openrlhf==0.8.9) (3.13.5)
[2026-05-16 15:44:48] Requirement already satisfied: aiohttp_cors in /mnt/workspace/venvs/.venv/lib/python3.12/site-packages (from ray[default]==2.48.0->openrlhf==0.8.9) (0.8.1)
[2026-05-16 15:44:48] Requirement already satisfied: colorful in /mnt/workspace/venvs/.venv/lib/python3.12/site-packages (from ray[default]==2.48.0->openrlhf==0.8.9) (0.5.8)
[2026-05-16 15:44:48] Requirement already satisfied: py-spy>=0.4.0 in /mnt/workspace/venvs/.venv/lib/python3.12/site-packages (from ray[default]==2.48.0->openrlhf==0.8.9) (0.4.2)
[2026-05-16 15:44:48] Requirement already satisfied: opencensus in /mnt/workspace/venvs/.venv/lib/python3.12/site-packages (from ray[default]==2.48.0->openrlhf==0.8.9) (0.11.4)
[2026-05-16 15:44:48] Requirement already satisfied: opentelemetry-sdk>=1.30.0 in /mnt/workspace/venvs/.venv/lib/python3.12/site-packages (from ray[default]==2.48.0->openrlhf==0.8.9) (1.41.1)
[2026-05-16 15:44:48] Requirement already satisfied: opentelemetry-exporter-prometheus in /mnt/workspace/venvs/.venv/lib/python3.12/site-packages (from ray[default]==2.48.0->openrlhf==0.8.9) (0.62b1)
[2026-05-16 15:44:48] Requirement already satisfied: opentelemetry-proto in /mnt/workspace/venvs/.venv/lib/python3.12/site-packages (from ray[default]==2.48.0->openrlhf==0.8.9) (1.41.1)
[2026-05-16 15:44:48] Requirement already satisfied: pydantic!=2.0.*,!=2.1.*,!=2.2.*,!=2.3.*,!=2.4.*,<3 in /mnt/workspace/venvs/.venv/lib/python3.12/site-packages (from ray[default]==2.48.0->openrlhf==0.8.9) (2.13.4)
[2026-05-16 15:44:48] Requirement already satisfied: prometheus_client>=0.7.1 in /mnt/workspace/venvs/.venv/lib/python3.12/site-packages (from ray[default]==2.48.0->openrlhf==0.8.9) (0.25.0)
[2026-05-16 15:44:48] Requirement already satisfied: smart_open in /mnt/workspace/venvs/.venv/lib/python3.12/site-packages (from ray[default]==2.48.0->openrlhf==0.8.9) (7.6.1)
[2026-05-16 15:44:48] Requirement already satisfied: virtualenv!=20.21.1,>=20.0.24 in /mnt/workspace/venvs/.venv/lib/python3.12/site-packages (from ray[default]==2.48.0->openrlhf==0.8.9) (21.3.3)
[2026-05-16 15:44:48] Requirement already satisfied: annotated-types>=0.6.0 in /mnt/workspace/venvs/.venv/lib/python3.12/site-packages (from pydantic!=2.0.*,!=2.1.*,!=2.2.*,!=2.3.*,!=2.4.*,<3->ray[default]==2.48.0->openrlhf==0.8.9) (0.7.0)
[2026-05-16 15:44:48] Requirement already satisfied: pydantic-core==2.46.4 in /mnt/workspace/venvs/.venv/lib/python3.12/site-packages (from pydantic!=2.0.*,!=2.1.*,!=2.2.*,!=2.3.*,!=2.4.*,<3->ray[default]==2.48.0->openrlhf==0.8.9) (2.46.4)
[2026-05-16 15:44:48] Requirement already satisfied: typing-extensions>=4.14.1 in /mnt/workspace/venvs/.venv/lib/python3.12/site-packages (from pydantic!=2.0.*,!=2.1.*,!=2.2.*,!=2.3.*,!=2.4.*,<3->ray[default]==2.48.0->openrlhf==0.8.9) (4.15.0)
[2026-05-16 15:44:48] Requirement already satisfied: typing-inspection>=0.4.2 in /mnt/workspace/venvs/.venv/lib/python3.12/site-packages (from pydantic!=2.0.*,!=2.1.*,!=2.2.*,!=2.3.*,!=2.4.*,<3->ray[default]==2.48.0->openrlhf==0.8.9) (0.4.2)
[2026-05-16 15:44:48] Requirement already satisfied: aiohappyeyeballs>=2.5.0 in /mnt/workspace/venvs/.venv/lib/python3.12/site-packages (from aiohttp>=3.7->ray[default]==2.48.0->openrlhf==0.8.9) (2.6.1)
[2026-05-16 15:44:48] Requirement already satisfied: aiosignal>=1.4.0 in /mnt/workspace/venvs/.venv/lib/python3.12/site-packages (from aiohttp>=3.7->ray[default]==2.48.0->openrlhf==0.8.9) (1.4.0)
[2026-05-16 15:44:48] Requirement already satisfied: attrs>=17.3.0 in /mnt/workspace/venvs/.venv/lib/python3.12/site-packages (from aiohttp>=3.7->ray[default]==2.48.0->openrlhf==0.8.9) (26.1.0)
[2026-05-16 15:44:48] Requirement already satisfied: frozenlist>=1.1.1 in /mnt/workspace/venvs/.venv/lib/python3.12/site-packages (from aiohttp>=3.7->ray[default]==2.48.0->openrlhf==0.8.9) (1.8.0)
[2026-05-16 15:44:48] Requirement already satisfied: multidict<7.0,>=4.5 in /mnt/workspace/venvs/.venv/lib/python3.12/site-packages (from aiohttp>=3.7->ray[default]==2.48.0->openrlhf==0.8.9) (6.7.1)
[2026-05-16 15:44:48] Requirement already satisfied: propcache>=0.2.0 in /mnt/workspace/venvs/.venv/lib/python3.12/site-packages (from aiohttp>=3.7->ray[default]==2.48.0->openrlhf==0.8.9) (0.5.2)
[2026-05-16 15:44:48] Requirement already satisfied: yarl<2.0,>=1.17.0 in /mnt/workspace/venvs/.venv/lib/python3.12/site-packages (from aiohttp>=3.7->ray[default]==2.48.0->openrlhf==0.8.9) (1.23.0)
[2026-05-16 15:44:48] Requirement already satisfied: idna>=2.0 in /mnt/workspace/venvs/.venv/lib/python3.12/site-packages (from yarl<2.0,>=1.17.0->aiohttp>=3.7->ray[default]==2.48.0->openrlhf==0.8.9) (3.15)
[2026-05-16 15:44:48] Requirement already satisfied: opentelemetry-api==1.41.1 in /mnt/workspace/venvs/.venv/lib/python3.12/site-packages (from opentelemetry-sdk>=1.30.0->ray[default]==2.48.0->openrlhf==0.8.9) (1.41.1)
[2026-05-16 15:44:48] Requirement already satisfied: opentelemetry-semantic-conventions==0.62b1 in /mnt/workspace/venvs/.venv/lib/python3.12/site-packages (from opentelemetry-sdk>=1.30.0->ray[default]==2.48.0->openrlhf==0.8.9) (0.62b1)
[2026-05-16 15:44:48] Requirement already satisfied: importlib-metadata<8.8.0,>=6.0 in /mnt/workspace/venvs/.venv/lib/python3.12/site-packages (from opentelemetry-api==1.41.1->opentelemetry-sdk>=1.30.0->ray[default]==2.48.0->openrlhf==0.8.9) (8.7.1)
[2026-05-16 15:44:48] Requirement already satisfied: zipp>=3.20 in /mnt/workspace/venvs/.venv/lib/python3.12/site-packages (from importlib-metadata<8.8.0,>=6.0->opentelemetry-api==1.41.1->opentelemetry-sdk>=1.30.0->ray[default]==2.48.0->openrlhf==0.8.9) (3.23.1)
[2026-05-16 15:44:48] Requirement already satisfied: distlib<1,>=0.3.7 in /mnt/workspace/venvs/.venv/lib/python3.12/site-packages (from virtualenv!=20.21.1,>=20.0.24->ray[default]==2.48.0->openrlhf==0.8.9) (0.4.0)
[2026-05-16 15:44:48] Requirement already satisfied: platformdirs<5,>=3.9.1 in /mnt/workspace/venvs/.venv/lib/python3.12/site-packages (from virtualenv!=20.21.1,>=20.0.24->ray[default]==2.48.0->openrlhf==0.8.9) (4.9.6)
[2026-05-16 15:44:48] Requirement already satisfied: python-discovery>=1.3.1 in /mnt/workspace/venvs/.venv/lib/python3.12/site-packages (from virtualenv!=20.21.1,>=20.0.24->ray[default]==2.48.0->openrlhf==0.8.9) (1.3.1)
[2026-05-16 15:44:48] Requirement already satisfied: numpy>=1.17 in /mnt/workspace/venvs/.venv/lib/python3.12/site-packages (from accelerate->openrlhf==0.8.9) (2.2.6)
[2026-05-16 15:44:48] Requirement already satisfied: psutil in /mnt/workspace/venvs/.venv/lib/python3.12/site-packages (from accelerate->openrlhf==0.8.9) (7.2.2)
[2026-05-16 15:44:48] Requirement already satisfied: huggingface_hub>=0.21.0 in /mnt/workspace/venvs/.venv/lib/python3.12/site-packages (from accelerate->openrlhf==0.8.9) (1.10.1)
[2026-05-16 15:44:48] Requirement already satisfied: safetensors>=0.4.3 in /mnt/workspace/venvs/.venv/lib/python3.12/site-packages (from accelerate->openrlhf==0.8.9) (0.7.0)
[2026-05-16 15:44:48] Requirement already satisfied: fsspec>=2023.5.0 in /mnt/workspace/venvs/.venv/lib/python3.12/site-packages (from huggingface_hub>=0.21.0->accelerate->openrlhf==0.8.9) (2026.2.0)
[2026-05-16 15:44:48] Requirement already satisfied: hf-xet<2.0.0,>=1.4.3 in /mnt/workspace/venvs/.venv/lib/python3.12/site-packages (from huggingface_hub>=0.21.0->accelerate->openrlhf==0.8.9) (1.5.0)
[2026-05-16 15:44:48] Requirement already satisfied: httpx<1,>=0.23.0 in /mnt/workspace/venvs/.venv/lib/python3.12/site-packages (from huggingface_hub>=0.21.0->accelerate->openrlhf==0.8.9) (0.28.1)
[2026-05-16 15:44:48] Requirement already satisfied: typer in /mnt/workspace/venvs/.venv/lib/python3.12/site-packages (from huggingface_hub>=0.21.0->accelerate->openrlhf==0.8.9) (0.25.1)
[2026-05-16 15:44:48] Requirement already satisfied: anyio in /mnt/workspace/venvs/.venv/lib/python3.12/site-packages (from httpx<1,>=0.23.0->huggingface_hub>=0.21.0->accelerate->openrlhf==0.8.9) (4.13.0)
[2026-05-16 15:44:48] Requirement already satisfied: certifi in /mnt/workspace/venvs/.venv/lib/python3.12/site-packages (from httpx<1,>=0.23.0->huggingface_hub>=0.21.0->accelerate->openrlhf==0.8.9) (2026.4.22)
[2026-05-16 15:44:48] Requirement already satisfied: httpcore==1.* in /mnt/workspace/venvs/.venv/lib/python3.12/site-packages (from httpx<1,>=0.23.0->huggingface_hub>=0.21.0->accelerate->openrlhf==0.8.9) (1.0.9)
[2026-05-16 15:44:48] Requirement already satisfied: h11>=0.16 in /mnt/workspace/venvs/.venv/lib/python3.12/site-packages (from httpcore==1.*->httpx<1,>=0.23.0->huggingface_hub>=0.21.0->accelerate->openrlhf==0.8.9) (0.16.0)
[2026-05-16 15:44:48] Requirement already satisfied: networkx in /mnt/workspace/venvs/.venv/lib/python3.12/site-packages (from torch->openrlhf==0.8.9) (3.6.1)
[2026-05-16 15:44:48] Requirement already satisfied: jinja2 in /mnt/workspace/venvs/.venv/lib/python3.12/site-packages (from torch->openrlhf==0.8.9) (3.1.6)
[2026-05-16 15:44:48] Requirement already satisfied: nvidia-cuda-nvrtc-cu12==12.4.127 in /mnt/workspace/venvs/.venv/lib/python3.12/site-packages (from torch->openrlhf==0.8.9) (12.4.127)
[2026-05-16 15:44:48] Requirement already satisfied: nvidia-cuda-runtime-cu12==12.4.127 in /mnt/workspace/venvs/.venv/lib/python3.12/site-packages (from torch->openrlhf==0.8.9) (12.4.127)
[2026-05-16 15:44:48] Requirement already satisfied: nvidia-cuda-cupti-cu12==12.4.127 in /mnt/workspace/venvs/.venv/lib/python3.12/site-packages (from torch->openrlhf==0.8.9) (12.4.127)
[2026-05-16 15:44:48] Requirement already satisfied: nvidia-cudnn-cu12==9.1.0.70 in /mnt/workspace/venvs/.venv/lib/python3.12/site-packages (from torch->openrlhf==0.8.9) (9.1.0.70)
[2026-05-16 15:44:48] Requirement already satisfied: nvidia-cublas-cu12==12.4.5.8 in /mnt/workspace/venvs/.venv/lib/python3.12/site-packages (from torch->openrlhf==0.8.9) (12.4.5.8)
[2026-05-16 15:44:48] Requirement already satisfied: nvidia-cufft-cu12==11.2.1.3 in /mnt/workspace/venvs/.venv/lib/python3.12/site-packages (from torch->openrlhf==0.8.9) (11.2.1.3)
[2026-05-16 15:44:48] Requirement already satisfied: nvidia-curand-cu12==10.3.5.147 in /mnt/workspace/venvs/.venv/lib/python3.12/site-packages (from torch->openrlhf==0.8.9) (10.3.5.147)
[2026-05-16 15:44:48] Requirement already satisfied: nvidia-cusolver-cu12==11.6.1.9 in /mnt/workspace/venvs/.venv/lib/python3.12/site-packages (from torch->openrlhf==0.8.9) (11.6.1.9)
[2026-05-16 15:44:48] Requirement already satisfied: nvidia-cusparse-cu12==12.3.1.170 in /mnt/workspace/venvs/.venv/lib/python3.12/site-packages (from torch->openrlhf==0.8.9) (12.3.1.170)
[2026-05-16 15:44:48] Requirement already satisfied: nvidia-nccl-cu12==2.21.5 in /mnt/workspace/venvs/.venv/lib/python3.12/site-packages (from torch->openrlhf==0.8.9) (2.21.5)
[2026-05-16 15:44:48] Requirement already satisfied: nvidia-nvtx-cu12==12.4.127 in /mnt/workspace/venvs/.venv/lib/python3.12/site-packages (from torch->openrlhf==0.8.9) (12.4.127)
[2026-05-16 15:44:48] Requirement already satisfied: nvidia-nvjitlink-cu12==12.4.127 in /mnt/workspace/venvs/.venv/lib/python3.12/site-packages (from torch->openrlhf==0.8.9) (12.4.127)
[2026-05-16 15:44:48] Requirement already satisfied: triton==3.1.0 in /mnt/workspace/venvs/.venv/lib/python3.12/site-packages (from torch->openrlhf==0.8.9) (3.1.0)
[2026-05-16 15:44:48] Requirement already satisfied: setuptools in /mnt/workspace/venvs/.venv/lib/python3.12/site-packages (from torch->openrlhf==0.8.9) (82.0.1)
[2026-05-16 15:44:48] Requirement already satisfied: sympy==1.13.1 in /mnt/workspace/venvs/.venv/lib/python3.12/site-packages (from torch->openrlhf==0.8.9) (1.13.1)
[2026-05-16 15:44:48] Requirement already satisfied: mpmath<1.4,>=1.1.0 in /mnt/workspace/venvs/.venv/lib/python3.12/site-packages (from sympy==1.13.1->torch->openrlhf==0.8.9) (1.3.0)
[2026-05-16 15:44:49] Collecting pycodestyle>=2.12.0 (from autopep8->openrlhf==0.8.9)
[2026-05-16 15:44:49]   Downloading pycodestyle-2.14.0-py2.py3-none-any.whl (31 kB)
[2026-05-16 15:44:49] Collecting mypy-extensions>=0.4.3 (from black->openrlhf==0.8.9)
[2026-05-16 15:44:49]   Downloading mypy_extensions-1.1.0-py3-none-any.whl (5.0 kB)
[2026-05-16 15:44:50] Collecting pathspec>=1.0.0 (from black->openrlhf==0.8.9)
[2026-05-16 15:44:50]   Downloading pathspec-1.1.1-py3-none-any.whl (57 kB)
[2026-05-16 15:44:51] Collecting pytokens~=0.4.0 (from black->openrlhf==0.8.9)
[2026-05-16 15:44:51]   Downloading pytokens-0.4.1-cp312-cp312-manylinux2014_x86_64.manylinux_2_17_x86_64.manylinux_2_28_x86_64.whl (269 kB)
[2026-05-16 15:44:53] Requirement already satisfied: pyarrow>=21.0.0 in /mnt/workspace/venvs/.venv/lib/python3.12/site-packages (from datasets->openrlhf==0.8.9) (23.0.1)
[2026-05-16 15:44:53] Requirement already satisfied: dill<0.4.2,>=0.3.0 in /mnt/workspace/venvs/.venv/lib/python3.12/site-packages (from datasets->openrlhf==0.8.9) (0.4.1)
[2026-05-16 15:44:53] Requirement already satisfied: pandas in /mnt/workspace/venvs/.venv/lib/python3.12/site-packages (from datasets->openrlhf==0.8.9) (3.0.2)
[2026-05-16 15:44:53] Requirement already satisfied: xxhash in /mnt/workspace/venvs/.venv/lib/python3.12/site-packages (from datasets->openrlhf==0.8.9) (3.7.0)
[2026-05-16 15:44:53] Requirement already satisfied: multiprocess<0.70.20 in /mnt/workspace/venvs/.venv/lib/python3.12/site-packages (from datasets->openrlhf==0.8.9) (0.70.19)
[2026-05-16 15:44:53] Requirement already satisfied: charset_normalizer<4,>=2 in /mnt/workspace/venvs/.venv/lib/python3.12/site-packages (from requests->ray==2.48.0->ray[default]==2.48.0->openrlhf==0.8.9) (3.4.7)
[2026-05-16 15:44:53] Requirement already satisfied: urllib3<3,>=1.26 in /mnt/workspace/venvs/.venv/lib/python3.12/site-packages (from requests->ray==2.48.0->ray[default]==2.48.0->openrlhf==0.8.9) (2.7.0)
[2026-05-16 15:44:53] Requirement already satisfied: hjson in /mnt/workspace/venvs/.venv/lib/python3.12/site-packages (from deepspeed->openrlhf==0.8.9) (3.1.0)
[2026-05-16 15:44:53] Requirement already satisfied: ninja in /mnt/workspace/venvs/.venv/lib/python3.12/site-packages (from deepspeed->openrlhf==0.8.9) (1.13.0)
[2026-05-16 15:44:53] Requirement already satisfied: py-cpuinfo in /mnt/workspace/venvs/.venv/lib/python3.12/site-packages (from deepspeed->openrlhf==0.8.9) (9.0.0)
[2026-05-16 15:44:53] Requirement already satisfied: MarkupSafe>=2.0 in /mnt/workspace/venvs/.venv/lib/python3.12/site-packages (from jinja2->torch->openrlhf==0.8.9) (3.0.3)
[2026-05-16 15:44:53] Requirement already satisfied: jsonschema-specifications>=2023.03.6 in /mnt/workspace/venvs/.venv/lib/python3.12/site-packages (from jsonschema->ray==2.48.0->ray[default]==2.48.0->openrlhf==0.8.9) (2025.9.1)
[2026-05-16 15:44:53] Requirement already satisfied: referencing>=0.28.4 in /mnt/workspace/venvs/.venv/lib/python3.12/site-packages (from jsonschema->ray==2.48.0->ray[default]==2.48.0->openrlhf==0.8.9) (0.37.0)
[2026-05-16 15:44:53] Requirement already satisfied: rpds-py>=0.25.0 in /mnt/workspace/venvs/.venv/lib/python3.12/site-packages (from jsonschema->ray==2.48.0->ray[default]==2.48.0->openrlhf==0.8.9) (0.30.0)
[2026-05-16 15:44:53] Requirement already satisfied: contourpy>=1.0.1 in /mnt/workspace/venvs/.venv/lib/python3.12/site-packages (from matplotlib->openrlhf==0.8.9) (1.3.3)
[2026-05-16 15:44:53] Requirement already satisfied: cycler>=0.10 in /mnt/workspace/venvs/.venv/lib/python3.12/site-packages (from matplotlib->openrlhf==0.8.9) (0.12.1)
[2026-05-16 15:44:53] Requirement already satisfied: fonttools>=4.22.0 in /mnt/workspace/venvs/.venv/lib/python3.12/site-packages (from matplotlib->openrlhf==0.8.9) (4.63.0)
[2026-05-16 15:44:53] Requirement already satisfied: kiwisolver>=1.3.1 in /mnt/workspace/venvs/.venv/lib/python3.12/site-packages (from matplotlib->openrlhf==0.8.9) (1.5.0)
[2026-05-16 15:44:53] Requirement already satisfied: pillow>=8 in /mnt/workspace/venvs/.venv/lib/python3.12/site-packages (from matplotlib->openrlhf==0.8.9) (12.2.0)
[2026-05-16 15:44:53] Requirement already satisfied: pyparsing>=3 in /mnt/workspace/venvs/.venv/lib/python3.12/site-packages (from matplotlib->openrlhf==0.8.9) (3.3.2)
[2026-05-16 15:44:53] Requirement already satisfied: python-dateutil>=2.7 in /mnt/workspace/venvs/.venv/lib/python3.12/site-packages (from matplotlib->openrlhf==0.8.9) (2.9.0.post0)
[2026-05-16 15:44:53] Requirement already satisfied: six>=1.5 in /mnt/workspace/venvs/.venv/lib/python3.12/site-packages (from python-dateutil>=2.7->matplotlib->openrlhf==0.8.9) (1.17.0)
[2026-05-16 15:44:53] Requirement already satisfied: nvidia-ml-py<13.591.0a0,>=11.450.51 in /mnt/workspace/venvs/.venv/lib/python3.12/site-packages (from nvitop->openrlhf==0.8.9) (13.590.48)
[2026-05-16 15:44:53] Requirement already satisfied: opencensus-context>=0.1.3 in /mnt/workspace/venvs/.venv/lib/python3.12/site-packages (from opencensus->ray[default]==2.48.0->openrlhf==0.8.9) (0.1.3)
[2026-05-16 15:44:53] Requirement already satisfied: google-api-core<3.0.0,>=1.0.0 in /mnt/workspace/venvs/.venv/lib/python3.12/site-packages (from opencensus->ray[default]==2.48.0->openrlhf==0.8.9) (2.30.3)
[2026-05-16 15:44:53] Requirement already satisfied: googleapis-common-protos<2.0.0,>=1.63.2 in /mnt/workspace/venvs/.venv/lib/python3.12/site-packages (from google-api-core<3.0.0,>=1.0.0->opencensus->ray[default]==2.48.0->openrlhf==0.8.9) (1.75.0)
[2026-05-16 15:44:53] Requirement already satisfied: proto-plus<2.0.0,>=1.22.3 in /mnt/workspace/venvs/.venv/lib/python3.12/site-packages (from google-api-core<3.0.0,>=1.0.0->opencensus->ray[default]==2.48.0->openrlhf==0.8.9) (1.28.0)
[2026-05-16 15:44:53] Requirement already satisfied: google-auth<3.0.0,>=2.14.1 in /mnt/workspace/venvs/.venv/lib/python3.12/site-packages (from google-api-core<3.0.0,>=1.0.0->opencensus->ray[default]==2.48.0->openrlhf==0.8.9) (2.53.0)
[2026-05-16 15:44:53] Requirement already satisfied: pyasn1-modules>=0.2.1 in /mnt/workspace/venvs/.venv/lib/python3.12/site-packages (from google-auth<3.0.0,>=2.14.1->google-api-core<3.0.0,>=1.0.0->opencensus->ray[default]==2.48.0->openrlhf==0.8.9) (0.4.2)
[2026-05-16 15:44:53] Requirement already satisfied: cryptography>=38.0.3 in /mnt/workspace/venvs/.venv/lib/python3.12/site-packages (from google-auth<3.0.0,>=2.14.1->google-api-core<3.0.0,>=1.0.0->opencensus->ray[default]==2.48.0->openrlhf==0.8.9) (48.0.0)
[2026-05-16 15:44:53] Requirement already satisfied: cffi>=2.0.0 in /mnt/workspace/venvs/.venv/lib/python3.12/site-packages (from cryptography>=38.0.3->google-auth<3.0.0,>=2.14.1->google-api-core<3.0.0,>=1.0.0->opencensus->ray[default]==2.48.0->openrlhf==0.8.9) (2.0.0)
[2026-05-16 15:44:53] Requirement already satisfied: pycparser in /mnt/workspace/venvs/.venv/lib/python3.12/site-packages (from cffi>=2.0.0->cryptography>=38.0.3->google-auth<3.0.0,>=2.14.1->google-api-core<3.0.0,>=1.0.0->opencensus->ray[default]==2.48.0->openrlhf==0.8.9) (3.0)
[2026-05-16 15:44:53] Requirement already satisfied: pyasn1<0.7.0,>=0.6.1 in /mnt/workspace/venvs/.venv/lib/python3.12/site-packages (from pyasn1-modules>=0.2.1->google-auth<3.0.0,>=2.14.1->google-api-core<3.0.0,>=1.0.0->opencensus->ray[default]==2.48.0->openrlhf==0.8.9) (0.6.3)
[2026-05-16 15:44:53] Requirement already satisfied: regex>=2025.10.22 in /mnt/workspace/venvs/.venv/lib/python3.12/site-packages (from transformers->openrlhf==0.8.9) (2026.5.9)
[2026-05-16 15:44:53] Requirement already satisfied: tokenizers<=0.23.0,>=0.22.0 in /mnt/workspace/venvs/.venv/lib/python3.12/site-packages (from transformers->openrlhf==0.8.9) (0.22.2)
[2026-05-16 15:44:53] Requirement already satisfied: wrapt in /mnt/workspace/venvs/.venv/lib/python3.12/site-packages (from smart_open->ray[default]==2.48.0->openrlhf==0.8.9) (2.1.2)
[2026-05-16 15:44:53] Requirement already satisfied: absl-py>=0.4 in /mnt/workspace/venvs/.venv/lib/python3.12/site-packages (from tensorboard->openrlhf==0.8.9) (2.4.0)
[2026-05-16 15:44:53] Requirement already satisfied: markdown>=2.6.8 in /mnt/workspace/venvs/.venv/lib/python3.12/site-packages (from tensorboard->openrlhf==0.8.9) (3.10.2)
[2026-05-16 15:44:53] Requirement already satisfied: tensorboard-data-server<0.8.0,>=0.7.0 in /mnt/workspace/venvs/.venv/lib/python3.12/site-packages (from tensorboard->openrlhf==0.8.9) (0.7.2)
[2026-05-16 15:44:53] Requirement already satisfied: werkzeug>=1.0.1 in /mnt/workspace/venvs/.venv/lib/python3.12/site-packages (from tensorboard->openrlhf==0.8.9) (3.1.8)
[2026-05-16 15:44:53] Requirement already satisfied: lightning-utilities>=0.15.3 in /mnt/workspace/venvs/.venv/lib/python3.12/site-packages (from torchmetrics->openrlhf==0.8.9) (0.15.3)
[2026-05-16 15:44:53] Requirement already satisfied: shellingham>=1.3.0 in /mnt/workspace/venvs/.venv/lib/python3.12/site-packages (from typer->huggingface_hub>=0.21.0->accelerate->openrlhf==0.8.9) (1.5.4)
[2026-05-16 15:44:53] Requirement already satisfied: rich>=13.8.0 in /mnt/workspace/venvs/.venv/lib/python3.12/site-packages (from typer->huggingface_hub>=0.21.0->accelerate->openrlhf==0.8.9) (15.0.0)
[2026-05-16 15:44:53] Requirement already satisfied: annotated-doc>=0.0.2 in /mnt/workspace/venvs/.venv/lib/python3.12/site-packages (from typer->huggingface_hub>=0.21.0->accelerate->openrlhf==0.8.9) (0.0.4)
[2026-05-16 15:44:53] Requirement already satisfied: markdown-it-py>=2.2.0 in /mnt/workspace/venvs/.venv/lib/python3.12/site-packages (from rich>=13.8.0->typer->huggingface_hub>=0.21.0->accelerate->openrlhf==0.8.9) (4.2.0)
[2026-05-16 15:44:53] Requirement already satisfied: pygments<3.0.0,>=2.13.0 in /mnt/workspace/venvs/.venv/lib/python3.12/site-packages (from rich>=13.8.0->typer->huggingface_hub>=0.21.0->accelerate->openrlhf==0.8.9) (2.20.0)
[2026-05-16 15:44:53] Requirement already satisfied: mdurl~=0.1 in /mnt/workspace/venvs/.venv/lib/python3.12/site-packages (from markdown-it-py>=2.2.0->rich>=13.8.0->typer->huggingface_hub>=0.21.0->accelerate->openrlhf==0.8.9) (0.1.2)
[2026-05-16 15:44:54] Requirement already satisfied: gitpython!=3.1.29,>=1.0.0 in /mnt/workspace/venvs/.venv/lib/python3.12/site-packages (from wandb->openrlhf==0.8.9) (3.1.50)
[2026-05-16 15:44:54] Requirement already satisfied: sentry-sdk>=2.0.0 in /mnt/workspace/venvs/.venv/lib/python3.12/site-packages (from wandb->openrlhf==0.8.9) (2.60.0)
[2026-05-16 15:44:54] Requirement already satisfied: gitdb<5,>=4.0.1 in /mnt/workspace/venvs/.venv/lib/python3.12/site-packages (from gitpython!=3.1.29,>=1.0.0->wandb->openrlhf==0.8.9) (4.0.12)
[2026-05-16 15:44:54] Requirement already satisfied: smmap<6,>=3.0.1 in /mnt/workspace/venvs/.venv/lib/python3.12/site-packages (from gitdb<5,>=4.0.1->gitpython!=3.1.29,>=1.0.0->wandb->openrlhf==0.8.9) (5.0.3)
[2026-05-16 15:44:54] Building wheels for collected packages: openrlhf
[2026-05-16 15:44:54]   Building editable for openrlhf (pyproject.toml): started
[2026-05-16 15:44:54]   Building editable for openrlhf (pyproject.toml): finished with status 'done'
[2026-05-16 15:44:54]   Created wheel for openrlhf: filename=openrlhf-0.8.9-0.editable-cp312-cp312-manylinux1_x86_64.whl size=6458 sha256=385ec60630f14ebcf65f1114c37adf0bd3a89d3c6c23f7554d94f9deacffaee1
[2026-05-16 15:44:54]   Stored in directory: /tmp/pip-ephem-wheel-cache-mqi4l_ae/wheels/d4/f3/cc/bacfe9c43ade13e34d9eb488aa24a8dd8094bb696b13dce906
[2026-05-16 15:44:54] Successfully built openrlhf
[2026-05-16 15:44:55] Installing collected packages: pytokens, pycodestyle, pathspec, mypy-extensions, isort, black, autopep8, openrlhf
[2026-05-16 15:44:55] 
[2026-05-16 15:44:55] Successfully installed autopep8-2.3.2 black-26.3.1 isort-8.0.1 mypy-extensions-1.1.0 openrlhf-0.8.9 pathspec-1.1.1 pycodestyle-2.14.0 pytokens-0.4.1
[2026-05-16 15:44:55] 
[2026-05-16 15:44:55] [15:44:54] Installing analysis evaluation stack (math-verify + deps)
[2026-05-16 15:44:55] Looking in indexes: https://mirrors.aliyun.com/pypi/simple/
[2026-05-16 15:44:55] Looking in links: /mnt/data/ebft-distribution-new/caches/wheels
[2026-05-16 15:44:56] Collecting math-verify
[2026-05-16 15:44:56]   Downloading math_verify-0.9.0-py3-none-any.whl (29 kB)
[2026-05-16 15:44:56] Collecting pebble
[2026-05-16 15:44:56]   Downloading pebble-5.2.0-py3-none-any.whl (34 kB)
[2026-05-16 15:44:56] Processing /mnt/data/ebft-distribution-new/caches/wheels/word2number-1.1-py3-none-any.whl
[2026-05-16 15:44:57] Collecting latex2sympy2
[2026-05-16 15:44:57]   Downloading latex2sympy2-1.9.1-py3-none-any.whl (89 kB)
[2026-05-16 15:44:58] Collecting antlr4-python3-runtime
[2026-05-16 15:44:58]   Downloading antlr4_python3_runtime-4.13.2-py3-none-any.whl (144 kB)
[2026-05-16 15:44:59] Collecting latex2sympy2_extended==1.11.0 (from math-verify)
[2026-05-16 15:44:59]   Downloading latex2sympy2_extended-1.11.0-py3-none-any.whl (209 kB)
[2026-05-16 15:45:00] Requirement already satisfied: sympy in /mnt/workspace/venvs/.venv/lib/python3.12/site-packages (from latex2sympy2_extended==1.11.0->math-verify) (1.13.1)
[2026-05-16 15:45:00] INFO: pip is looking at multiple versions of latex2sympy2 to determine which version is compatible with other requirements. This could take a while.
[2026-05-16 15:45:00] Collecting latex2sympy2
[2026-05-16 15:45:00]   Downloading latex2sympy2-1.9.0-py3-none-any.whl (89 kB)
[2026-05-16 15:45:00]   Downloading latex2sympy2-1.8.6-py3-none-any.whl (88 kB)
[2026-05-16 15:45:01]   Downloading latex2sympy2-1.8.5-py3-none-any.whl (88 kB)
[2026-05-16 15:45:01]   Downloading latex2sympy2-1.8.3-py3-none-any.whl (86 kB)
[2026-05-16 15:45:01]   Downloading latex2sympy2-1.8.2-py3-none-any.whl (85 kB)
[2026-05-16 15:45:02]   Downloading latex2sympy2-1.8.0-py3-none-any.whl (84 kB)
[2026-05-16 15:45:02]   Downloading latex2sympy2-1.7.9-py3-none-any.whl (84 kB)
[2026-05-16 15:45:03] INFO: pip is still looking at multiple versions of latex2sympy2 to determine which version is compatible with other requirements. This could take a while.
[2026-05-16 15:45:03]   Downloading latex2sympy2-1.7.8-py3-none-any.whl (83 kB)
[2026-05-16 15:45:03]   Downloading latex2sympy2-1.7.7-py3-none-any.whl (83 kB)
[2026-05-16 15:45:04]   Downloading latex2sympy2-1.7.6-py3-none-any.whl (83 kB)
[2026-05-16 15:45:04]   Downloading latex2sympy2-1.7.4-py3-none-any.whl (83 kB)
[2026-05-16 15:45:04]   Downloading latex2sympy2-1.7.2-py3-none-any.whl (83 kB)
[2026-05-16 15:45:05] INFO: This is taking longer than usual. You might need to provide the dependency resolver with stricter constraints to reduce runtime. See https://pip.pypa.io/warnings/backtracking for guidance. If you want to abort this run, press Ctrl + C.
[2026-05-16 15:45:05]   Downloading latex2sympy2-1.6.20-py3-none-any.whl (76 kB)
[2026-05-16 15:45:05]   Downloading latex2sympy2-1.6.19-py3-none-any.whl (76 kB)
[2026-05-16 15:45:05]   Downloading latex2sympy2-1.6.18-py3-none-any.whl (76 kB)
[2026-05-16 15:45:06]   Downloading latex2sympy2-1.6.16-py3-none-any.whl (76 kB)
[2026-05-16 15:45:06]   Downloading latex2sympy2-1.6.14-py3-none-any.whl (75 kB)
[2026-05-16 15:45:07]   Downloading latex2sympy2-1.6.12-py3-none-any.whl (75 kB)
[2026-05-16 15:45:07]   Downloading latex2sympy2-1.6.11-py3-none-any.whl (75 kB)
[2026-05-16 15:45:07]   Downloading latex2sympy2-1.6.10-py3-none-any.whl (75 kB)
[2026-05-16 15:45:07] [2026-05-16 15:45:06,451 AIMaster] (pod_manager.py 415) INFO: Pod Category Summary (Total pods: 2)
[2026-05-16 15:45:07] | Category           |   Count | Percentage   | Pods                                                   |
[2026-05-16 15:45:07] |--------------------|---------|--------------|--------------------------------------------------------|
[2026-05-16 15:45:07] | Running            |       2 | 100.0%       | [dlc1t5kb9mnrnjda-master-0, dlc1t5kb9mnrnjda-worker-0] |
[2026-05-16 15:45:07] | Pending            |       0 | 0.0%         |                                                        |
[2026-05-16 15:45:07] | Succeeded          |       0 | 0.0%         |                                                        |
[2026-05-16 15:45:07] | Failed             |       0 | 0.0%         |                                                        |
[2026-05-16 15:45:07] | Terminating        |       0 | 0.0%         |                                                        |
[2026-05-16 15:45:07] | Scheduler_evicting |       0 | 0.0%         |                                                        |
[2026-05-16 15:45:07] | Aiph_node_error    |       0 | 0.0%         |                                                        |
[2026-05-16 15:45:07] | Unknown            |       0 | 0.0%         |                                                        |
[2026-05-16 15:45:07] 
[2026-05-16 15:45:07] [2026-05-16 15:45:06,451 AIMaster] (job_monitor_controller_k8s.py 1099) INFO: All workers: 2, running: 2, failed: 0, pending: 0
[2026-05-16 15:45:07] [2026-05-16 15:45:06,451 AIMaster] (ops_reported_error_detector.py 103) INFO: Detecting whether the job is affected by errors reported by ops platform.
[2026-05-16 15:45:08]   Downloading latex2sympy2-1.6.9-py3-none-any.whl (75 kB)
[2026-05-16 15:45:08]   Downloading latex2sympy2-1.6.8-py3-none-any.whl (74 kB)
[2026-05-16 15:45:09]   Downloading latex2sympy2-1.6.7-py3-none-any.whl (74 kB)
[2026-05-16 15:45:09]   Downloading latex2sympy2-1.6.6-py3-none-any.whl (74 kB)
[2026-05-16 15:45:09]   Downloading latex2sympy2-1.6.5-py3-none-any.whl (73 kB)
[2026-05-16 15:45:10]   Downloading latex2sympy2-1.6.4-py3-none-any.whl (73 kB)
[2026-05-16 15:45:10]   Downloading latex2sympy2-1.6.3-py3-none-any.whl (73 kB)
[2026-05-16 15:45:10]   Downloading latex2sympy2-1.6.2-py3-none-any.whl (73 kB)
[2026-05-16 15:45:11]   Downloading latex2sympy2-1.6.1-py3-none-any.whl (73 kB)
[2026-05-16 15:45:11]   Downloading latex2sympy2-1.6.0-py3-none-any.whl (73 kB)
[2026-05-16 15:45:12]   Downloading latex2sympy2-1.5.9-py3-none-any.whl (73 kB)
[2026-05-16 15:45:12]   Downloading latex2sympy2-1.5.8-py3-none-any.whl (73 kB)
[2026-05-16 15:45:12]   Downloading latex2sympy2-1.5.7-py3-none-any.whl (73 kB)
[2026-05-16 15:45:13]   Downloading latex2sympy2-1.5.6-py3-none-any.whl (73 kB)
[2026-05-16 15:45:13]   Downloading latex2sympy2-1.5.5-py3-none-any.whl (73 kB)
[2026-05-16 15:45:13]   Downloading latex2sympy2-1.5.4-py3-none-any.whl (73 kB)
[2026-05-16 15:45:14] Requirement already satisfied: mpmath<1.4,>=1.1.0 in /mnt/workspace/venvs/.venv/lib/python3.12/site-packages (from sympy->latex2sympy2_extended==1.11.0->math-verify) (1.3.0)
[2026-05-16 15:45:14] Installing collected packages: word2number, antlr4-python3-runtime, pebble, latex2sympy2_extended, latex2sympy2, math-verify
[2026-05-16 15:45:14] 
[2026-05-16 15:45:14] Successfully installed antlr4-python3-runtime-4.13.2 latex2sympy2-1.5.4 latex2sympy2_extended-1.11.0 math-verify-0.9.0 pebble-5.2.0 word2number-1.1
[2026-05-16 15:45:14] 
[2026-05-16 15:45:14] [15:45:14] Verifying student env
[2026-05-16 15:45:15] /mnt/workspace/venvs/.venv/lib/python3.12/site-packages/torch/cuda/__init__.py:61: FutureWarning: The pynvml package is deprecated. Please install nvidia-ml-py instead. If you did not install pynvml directly, please report this to the maintainers of the package that installed pynvml for you.
[2026-05-16 15:45:15]   import pynvml  # type: ignore[import]
[2026-05-16 15:45:19] /mnt/workspace/venvs/.venv/lib/python3.12/site-packages/torch/cuda/__init__.py:61: FutureWarning: The pynvml package is deprecated. Please install nvidia-ml-py instead. If you did not install pynvml directly, please report this to the maintainers of the package that installed pynvml for you.
[2026-05-16 15:45:19]   import pynvml  # type: ignore[import]
[2026-05-16 15:45:19] [2026-05-16 15:45:18,314 AIMaster] (job_event_collector.py 135) WARNING: Failed to watch pods, exception: ("Connection broken: ConnectionResetError(104, 'Connection reset by peer')", ConnectionResetError(104, 'Connection reset by peer'))
[2026-05-16 15:45:22] python 3.12.12
[2026-05-16 15:45:22] torch 2.5.1+cu124 cuda 12.4 available True
[2026-05-16 15:45:22] ray 2.48.0
[2026-05-16 15:45:22] deepspeed 0.18.9
[2026-05-16 15:45:22] transformers 5.6.0.dev0
[2026-05-16 15:45:22] openrlhf editable
[2026-05-16 15:45:22] math_verify ok
[2026-05-16 15:45:22] latex2sympy2_import_error attempted relative import with no known parent package
[2026-05-16 15:45:22] antlr4 ok
[2026-05-16 15:45:22] pebble 5.2.0
[2026-05-16 15:45:22] word2number ok
[2026-05-16 15:45:22] warning: zstd not on PATH; skipping snapshot of student venv
[2026-05-16 15:45:22] 
[2026-05-16 15:45:22] [15:45:22] Creating virtualenv at /mnt/workspace/venvs/.teacherVenv (python 3.12.12)
[2026-05-16 15:45:23] Using CPython 3.12.12 interpreter at: /usr/local/bin/python3.12
[2026-05-16 15:45:23] Creating virtual environment with seed packages at: /mnt/workspace/venvs/.teacherVenv
[2026-05-16 15:45:24]  + pip==26.1.1
[2026-05-16 15:45:24] Activate with: source /mnt/workspace/venvs/.teacherVenv/bin/activate
[2026-05-16 15:45:24] Looking in indexes: https://mirrors.aliyun.com/pypi/simple/
[2026-05-16 15:45:24] Looking in links: /mnt/data/ebft-distribution-new/caches/wheels
[2026-05-16 15:45:24] Requirement already satisfied: pip in /mnt/workspace/venvs/.teacherVenv/lib/python3.12/site-packages (26.1.1)
[2026-05-16 15:45:25] Collecting setuptools==82.0.1
[2026-05-16 15:45:25]   Using cached setuptools-82.0.1-py3-none-any.whl (1.0 MB)
[2026-05-16 15:45:25] Collecting wheel==0.46.3
[2026-05-16 15:45:25]   Using cached wheel-0.46.3-py3-none-any.whl (30 kB)
[2026-05-16 15:45:25] Collecting packaging>=24.0 (from wheel==0.46.3)
[2026-05-16 15:45:25]   Using cached packaging-26.2-py3-none-any.whl (100 kB)
[2026-05-16 15:45:25] Installing collected packages: setuptools, packaging, wheel
[2026-05-16 15:45:26] 
[2026-05-16 15:45:26] Successfully installed packaging-26.2 setuptools-82.0.1 wheel-0.46.3
[2026-05-16 15:45:26] 
[2026-05-16 15:45:26] [15:45:26] Installing teacher PyTorch stack
[2026-05-16 15:45:26] Looking in indexes: https://mirrors.aliyun.com/pypi/simple/
[2026-05-16 15:45:26] Looking in links: /mnt/data/ebft-distribution-new/caches/wheels
[2026-05-16 15:45:27] Collecting torch==2.10.0
[2026-05-16 15:45:27]   Downloading torch-2.10.0-3-cp312-cp312-manylinux_2_28_x86_64.whl (915.6 MB)
[2026-05-16 15:45:37] [2026-05-16 15:45:36,608 AIMaster] (job_monitor_controller_k8s.py 1099) INFO: All workers: 2, running: 2, failed: 0, pending: 0
[2026-05-16 15:45:42] [2026-05-16 15:45:42,048 AIMaster] (config.py 347) INFO: Try loading config from pai-aimaster-new configmap.
[2026-05-16 15:46:07] [2026-05-16 15:46:06,736 AIMaster] (job_monitor_controller_k8s.py 1099) INFO: All workers: 2, running: 2, failed: 0, pending: 0
[2026-05-16 15:46:07] [2026-05-16 15:46:06,736 AIMaster] (ops_reported_error_detector.py 103) INFO: Detecting whether the job is affected by errors reported by ops platform.
[2026-05-16 15:46:32] [2026-05-16 15:46:31,836 AIMaster] (aimaster_failover_controller.py 81) INFO: Detecting whether aimaster should be migrated.
[2026-05-16 15:46:37] [2026-05-16 15:46:36,907 AIMaster] (job_monitor_controller_k8s.py 1099) INFO: All workers: 2, running: 2, failed: 0, pending: 0
[2026-05-16 15:46:42] [2026-05-16 15:46:42,083 AIMaster] (config.py 347) INFO: Try loading config from pai-aimaster-new configmap.
[2026-05-16 15:46:50] [2026-05-16 15:46:49,496 AIMaster] (job_event_collector.py 135) WARNING: Failed to watch pods, exception: ("Connection broken: ConnectionResetError(104, 'Connection reset by peer')", ConnectionResetError(104, 'Connection reset by peer'))
[2026-05-16 15:47:01]      ━━━━━━━━━━━━━━━━━━━━━━━━━━━━━━━━━━━━━━━━ 363.4/363.4 MB 1.5 MB/s  0:03:13
[2026-05-16 15:47:01] Collecting nvidia-cufft-cu12==11.2.1.3 (from torch==2.5.1+cu124)
[2026-05-16 15:47:02]   Downloading nvidia_cufft_cu12-11.2.1.3-py3-none-manylinux2014_x86_64.whl (211.5 MB)
[2026-05-16 15:47:07] [2026-05-16 15:47:07,031 AIMaster] (job_monitor_controller_k8s.py 1099) INFO: All workers: 2, running: 2, failed: 0, pending: 0
[2026-05-16 15:47:07] [2026-05-16 15:47:07,031 AIMaster] (ops_reported_error_detector.py 103) INFO: Detecting whether the job is affected by errors reported by ops platform.
[2026-05-16 15:47:37] [2026-05-16 15:47:37,204 AIMaster] (job_monitor_controller_k8s.py 1099) INFO: All workers: 2, running: 2, failed: 0, pending: 0
[2026-05-16 15:47:42] [2026-05-16 15:47:42,119 AIMaster] (config.py 347) INFO: Try loading config from pai-aimaster-new configmap.
[2026-05-16 15:47:49]      ━━━━━━━━━━━━━━━━━━━━━━━━━━━━━━━━━━━━━━━━ 211.5/211.5 MB 5.6 MB/s  0:00:47
[2026-05-16 15:47:49] Collecting nvidia-curand-cu12==10.3.5.147 (from torch==2.5.1+cu124)
[2026-05-16 15:47:49]   Downloading nvidia_curand_cu12-10.3.5.147-py3-none-manylinux2014_x86_64.whl (56.3 MB)
[2026-05-16 15:47:52]      ━━━━━━━━━━━━━━━━━━━━━━━━━━━━━━━━━━━━━━━━ 56.3/56.3 MB 18.5 MB/s  0:00:03
[2026-05-16 15:47:52] Collecting nvidia-cusolver-cu12==11.6.1.9 (from torch==2.5.1+cu124)
[2026-05-16 15:47:52]   Downloading nvidia_cusolver_cu12-11.6.1.9-py3-none-manylinux2014_x86_64.whl (127.9 MB)
[2026-05-16 15:48:00]      ━━━━━━━━━━━━━━━━━━━━━━━━━━━━━━━━━━━━━━━━ 127.9/127.9 MB 17.6 MB/s  0:00:07
[2026-05-16 15:48:00] Collecting nvidia-cusparse-cu12==12.3.1.170 (from torch==2.5.1+cu124)
[2026-05-16 15:48:00]   Downloading nvidia_cusparse_cu12-12.3.1.170-py3-none-manylinux2014_x86_64.whl (207.5 MB)
[2026-05-16 15:48:07] [2026-05-16 15:48:07,331 AIMaster] (job_monitor_controller_k8s.py 1099) INFO: All workers: 2, running: 2, failed: 0, pending: 0
[2026-05-16 15:48:07] [2026-05-16 15:48:07,331 AIMaster] (ops_reported_error_detector.py 103) INFO: Detecting whether the job is affected by errors reported by ops platform.
[2026-05-16 15:48:22] [2026-05-16 15:48:21,466 AIMaster] (job_event_collector.py 135) WARNING: Failed to watch pods, exception: ("Connection broken: ConnectionResetError(104, 'Connection reset by peer')", ConnectionResetError(104, 'Connection reset by peer'))
[2026-05-16 15:48:33] [2026-05-16 15:48:32,438 AIMaster] (aimaster_failover_controller.py 81) INFO: Detecting whether aimaster should be migrated.
[2026-05-16 15:48:38] [2026-05-16 15:48:37,519 AIMaster] (job_monitor_controller_k8s.py 1099) INFO: All workers: 2, running: 2, failed: 0, pending: 0
[2026-05-16 15:48:42] [2026-05-16 15:48:42,153 AIMaster] (config.py 347) INFO: Try loading config from pai-aimaster-new configmap.
[2026-05-16 15:49:08] [2026-05-16 15:49:07,688 AIMaster] (job_monitor_controller_k8s.py 1099) INFO: All workers: 2, running: 2, failed: 0, pending: 0
[2026-05-16 15:49:08] [2026-05-16 15:49:07,688 AIMaster] (ops_reported_error_detector.py 103) INFO: Detecting whether the job is affected by errors reported by ops platform.
[2026-05-16 15:49:38] [2026-05-16 15:49:37,921 AIMaster] (job_monitor_controller_k8s.py 1099) INFO: All workers: 2, running: 2, failed: 0, pending: 0
[2026-05-16 15:49:42] [2026-05-16 15:49:42,190 AIMaster] (config.py 347) INFO: Try loading config from pai-aimaster-new configmap.
[2026-05-16 15:49:53] [2026-05-16 15:49:52,987 AIMaster] (job_event_collector.py 135) WARNING: Failed to watch pods, exception: ("Connection broken: ConnectionResetError(104, 'Connection reset by peer')", ConnectionResetError(104, 'Connection reset by peer'))
[2026-05-16 15:50:03]   WARNING: Connection timed out while downloading.
[2026-05-16 15:50:03]      ━━━━━━━━━━━━━━                          77.1/207.5 MB 32.5 MB/s eta 0:00:05
[2026-05-16 15:50:03]   WARNING: Attempting to resume incomplete download (77.1 MB/207.5 MB, attempt 1)
[2026-05-16 15:50:03]   Resuming download nvidia_cusparse_cu12-12.3.1.170-py3-none-manylinux2014_x86_64.whl (77.1 MB/207.5 MB)
[2026-05-16 15:50:08] [2026-05-16 15:50:08,050 AIMaster] (pod_manager.py 415) INFO: Pod Category Summary (Total pods: 2)
[2026-05-16 15:50:08] | Category           |   Count | Percentage   | Pods                                                   |
[2026-05-16 15:50:08] |--------------------|---------|--------------|--------------------------------------------------------|
[2026-05-16 15:50:08] | Running            |       2 | 100.0%       | [dlc1t5kb9mnrnjda-master-0, dlc1t5kb9mnrnjda-worker-0] |
[2026-05-16 15:50:08] | Pending            |       0 | 0.0%         |                                                        |
[2026-05-16 15:50:08] | Succeeded          |       0 | 0.0%         |                                                        |
[2026-05-16 15:50:08] | Failed             |       0 | 0.0%         |                                                        |
[2026-05-16 15:50:08] | Terminating        |       0 | 0.0%         |                                                        |
[2026-05-16 15:50:08] | Scheduler_evicting |       0 | 0.0%         |                                                        |
[2026-05-16 15:50:08] | Aiph_node_error    |       0 | 0.0%         |                                                        |
[2026-05-16 15:50:08] | Unknown            |       0 | 0.0%         |                                                        |
[2026-05-16 15:50:08] 
[2026-05-16 15:50:08] [2026-05-16 15:50:08,051 AIMaster] (job_monitor_controller_k8s.py 1099) INFO: All workers: 2, running: 2, failed: 0, pending: 0
[2026-05-16 15:50:08] [2026-05-16 15:50:08,051 AIMaster] (ops_reported_error_detector.py 103) INFO: Detecting whether the job is affected by errors reported by ops platform.
[2026-05-16 15:50:33] [2026-05-16 15:50:33,152 AIMaster] (aimaster_failover_controller.py 81) INFO: Detecting whether aimaster should be migrated.
[2026-05-16 15:50:38] [2026-05-16 15:50:38,214 AIMaster] (job_monitor_controller_k8s.py 1099) INFO: All workers: 2, running: 2, failed: 0, pending: 0
[2026-05-16 15:50:42] [2026-05-16 15:50:42,226 AIMaster] (config.py 347) INFO: Try loading config from pai-aimaster-new configmap.
[2026-05-16 15:51:06]      ━━━━━━━━━━━━━━━━━━━━━━━━━━━━━━━━━━━━━━━━ 207.5/207.5 MB 2.5 MB/s  0:01:03
[2026-05-16 15:51:07] Collecting nvidia-nccl-cu12==2.21.5 (from torch==2.5.1+cu124)
[2026-05-16 15:51:07]   Downloading nvidia_nccl_cu12-2.21.5-py3-none-manylinux2014_x86_64.whl (188.7 MB)
[2026-05-16 15:51:08] [2026-05-16 15:51:08,345 AIMaster] (job_monitor_controller_k8s.py 1099) INFO: All workers: 2, running: 2, failed: 0, pending: 0
[2026-05-16 15:51:08] [2026-05-16 15:51:08,345 AIMaster] (ops_reported_error_detector.py 103) INFO: Detecting whether the job is affected by errors reported by ops platform.
[2026-05-16 15:51:16]      ━━━━━━━━━━━━━━━━━━━━━━━━━━━━━━━━━━━━━━━━ 915.6/915.6 MB 4.4 MB/s  0:05:49
[2026-05-16 15:51:17] Collecting torchvision==0.25.0
[2026-05-16 15:51:17]   Downloading torchvision-0.25.0-cp312-cp312-manylinux_2_28_x86_64.whl (8.1 MB)
[2026-05-16 15:51:17]      ━━━━━━━━━━━━━━━━━━━━━━━━━━━━━━━━━━━━━━━━ 8.1/8.1 MB 24.9 MB/s  0:00:00
[2026-05-16 15:51:17] Collecting torchaudio==2.10.0
[2026-05-16 15:51:18]   Downloading torchaudio-2.10.0-cp312-cp312-manylinux_2_28_x86_64.whl (1.9 MB)
[2026-05-16 15:51:18]      ━━━━━━━━━━━━━━━━━━━━━━━━━━━━━━━━━━━━━━━━ 1.9/1.9 MB 20.9 MB/s  0:00:00
[2026-05-16 15:51:18] Collecting filelock (from torch==2.10.0)
[2026-05-16 15:51:18]   Using cached filelock-3.29.0-py3-none-any.whl (39 kB)
[2026-05-16 15:51:18] Collecting typing-extensions>=4.10.0 (from torch==2.10.0)
[2026-05-16 15:51:18]   Using cached typing_extensions-4.15.0-py3-none-any.whl (44 kB)
[2026-05-16 15:51:18] Requirement already satisfied: setuptools in /mnt/workspace/venvs/.teacherVenv/lib/python3.12/site-packages (from torch==2.10.0) (82.0.1)
[2026-05-16 15:51:18] Collecting sympy>=1.13.3 (from torch==2.10.0)
[2026-05-16 15:51:18]   Downloading sympy-1.14.0-py3-none-any.whl (6.3 MB)
[2026-05-16 15:51:18]      ━━━━━━━━━━━━━━━━━━━━━━━━━━━━━━━━━━━━━━━━ 6.3/6.3 MB 49.5 MB/s  0:00:00
[2026-05-16 15:51:18] Collecting networkx>=2.5.1 (from torch==2.10.0)
[2026-05-16 15:51:18]   Downloading networkx-3.6.1-py3-none-any.whl (2.1 MB)
[2026-05-16 15:51:18]      ━━━━━━━━━━━━━━━━━━━━━━━━━━━━━━━━━━━━━━━━ 2.1/2.1 MB 47.2 MB/s  0:00:00
[2026-05-16 15:51:18] Collecting jinja2 (from torch==2.10.0)
[2026-05-16 15:51:18]   Using cached jinja2-3.1.6-py3-none-any.whl (134 kB)
[2026-05-16 15:51:18] Collecting fsspec>=0.8.5 (from torch==2.10.0)
[2026-05-16 15:51:18]   Using cached fsspec-2026.4.0-py3-none-any.whl (203 kB)
[2026-05-16 15:51:18] Collecting cuda-bindings==12.9.4 (from torch==2.10.0)
[2026-05-16 15:51:18]   Downloading cuda_bindings-12.9.4-cp312-cp312-manylinux_2_24_x86_64.manylinux_2_28_x86_64.whl (12.2 MB)
[2026-05-16 15:51:19]      ━━━━━━━━━━━━━━━━━━━━━━━━━━━━━━━━━━━━━━━━ 12.2/12.2 MB 42.6 MB/s  0:00:00
[2026-05-16 15:51:19] Collecting nvidia-cuda-nvrtc-cu12==12.8.93 (from torch==2.10.0)
[2026-05-16 15:51:19]   Downloading nvidia_cuda_nvrtc_cu12-12.8.93-py3-none-manylinux2010_x86_64.manylinux_2_12_x86_64.whl (88.0 MB)
[2026-05-16 15:51:21]      ━━━━━━━━━━━━━━━━━━━━━━━━━━━━━━━━━━━━━━━━ 88.0/88.0 MB 38.4 MB/s  0:00:02
[2026-05-16 15:51:21] Collecting nvidia-cuda-runtime-cu12==12.8.90 (from torch==2.10.0)
[2026-05-16 15:51:21]   Downloading nvidia_cuda_runtime_cu12-12.8.90-py3-none-manylinux2014_x86_64.manylinux_2_17_x86_64.whl (954 kB)
[2026-05-16 15:51:21]      ━━━━━━━━━━━━━━━━━━━━━━━━━━━━━━━━━━━━━━━━ 954.8/954.8 kB 42.3 MB/s  0:00:00
[2026-05-16 15:51:22] Collecting nvidia-cuda-cupti-cu12==12.8.90 (from torch==2.10.0)
[2026-05-16 15:51:22]   Downloading nvidia_cuda_cupti_cu12-12.8.90-py3-none-manylinux2014_x86_64.manylinux_2_17_x86_64.whl (10.2 MB)
[2026-05-16 15:51:22]      ━━━━━━━━━━━━━━━━━━━━━━━━━━━━━━━━━━━━━━━━ 10.2/10.2 MB 33.2 MB/s  0:00:00
[2026-05-16 15:51:22] Collecting nvidia-cudnn-cu12==9.10.2.21 (from torch==2.10.0)
[2026-05-16 15:51:22]   Downloading nvidia_cudnn_cu12-9.10.2.21-py3-none-manylinux_2_27_x86_64.whl (706.8 MB)
[2026-05-16 15:51:25]      ━━━━━━━━━━━━━━━━━━━━━━━━━━━━━━━━━━━━━━━━ 188.7/188.7 MB 10.3 MB/s  0:00:18
[2026-05-16 15:51:25] [2026-05-16 15:51:25,022 AIMaster] (job_event_collector.py 135) WARNING: Failed to watch pods, exception: ("Connection broken: ConnectionResetError(104, 'Connection reset by peer')", ConnectionResetError(104, 'Connection reset by peer'))
[2026-05-16 15:51:26] Collecting nvidia-nvtx-cu12==12.4.127 (from torch==2.5.1+cu124)
[2026-05-16 15:51:26]   Downloading nvidia_nvtx_cu12-12.4.127-py3-none-manylinux2014_x86_64.whl (99 kB)
[2026-05-16 15:51:26] Collecting nvidia-nvjitlink-cu12==12.4.127 (from torch==2.5.1+cu124)
[2026-05-16 15:51:26]   Downloading nvidia_nvjitlink_cu12-12.4.127-py3-none-manylinux2014_x86_64.whl (21.1 MB)
[2026-05-16 15:51:27]      ━━━━━━━━━━━━━━━━━━━━━━━━━━━━━━━━━━━━━━━━ 21.1/21.1 MB 20.7 MB/s  0:00:01
[2026-05-16 15:51:27] Collecting triton==3.1.0 (from torch==2.5.1+cu124)
[2026-05-16 15:51:27]   Downloading triton-3.1.0-cp312-cp312-manylinux_2_17_x86_64.manylinux2014_x86_64.whl (209.6 MB)
[2026-05-16 15:51:39] [2026-05-16 15:51:38,532 AIMaster] (job_monitor_controller_k8s.py 1099) INFO: All workers: 2, running: 2, failed: 0, pending: 0
[2026-05-16 15:51:42] [2026-05-16 15:51:42,262 AIMaster] (config.py 347) INFO: Try loading config from pai-aimaster-new configmap.
[2026-05-16 15:52:09] [2026-05-16 15:52:08,660 AIMaster] (job_monitor_controller_k8s.py 1099) INFO: All workers: 2, running: 2, failed: 0, pending: 0
[2026-05-16 15:52:09] [2026-05-16 15:52:08,660 AIMaster] (ops_reported_error_detector.py 103) INFO: Detecting whether the job is affected by errors reported by ops platform.
[2026-05-16 15:52:34] [2026-05-16 15:52:33,761 AIMaster] (aimaster_failover_controller.py 81) INFO: Detecting whether aimaster should be migrated.
[2026-05-16 15:52:39] [2026-05-16 15:52:38,825 AIMaster] (job_monitor_controller_k8s.py 1099) INFO: All workers: 2, running: 2, failed: 0, pending: 0
[2026-05-16 15:52:42] [2026-05-16 15:52:42,298 AIMaster] (config.py 347) INFO: Try loading config from pai-aimaster-new configmap.
[2026-05-16 15:52:57] [2026-05-16 15:52:56,982 AIMaster] (job_event_collector.py 135) WARNING: Failed to watch pods, exception: ("Connection broken: ConnectionResetError(104, 'Connection reset by peer')", ConnectionResetError(104, 'Connection reset by peer'))
[2026-05-16 15:53:09] [2026-05-16 15:53:08,992 AIMaster] (job_monitor_controller_k8s.py 1099) INFO: All workers: 2, running: 2, failed: 0, pending: 0
[2026-05-16 15:53:09] [2026-05-16 15:53:08,992 AIMaster] (ops_reported_error_detector.py 103) INFO: Detecting whether the job is affected by errors reported by ops platform.
[2026-05-16 15:53:32]      ━━━━━━━━━━━━━━━━━━━━━━                 415.0/706.8 MB 43.8 MB/s eta 0:00:07
[2026-05-16 15:53:32]   WARNING: Connection timed out while downloading.
[2026-05-16 15:53:32]   WARNING: Attempting to resume incomplete download (415.0 MB/706.8 MB, attempt 1)
[2026-05-16 15:53:32]   Resuming download nvidia_cudnn_cu12-9.10.2.21-py3-none-manylinux_2_27_x86_64.whl (415.0 MB/706.8 MB)
[2026-05-16 15:53:37]      ━━━━━━━━━━━━━━━━━━━━━━━━━━━━━━━━━━━╸   197.7/209.6 MB 19.9 MB/s eta 0:00:01
[2026-05-16 15:53:37]   WARNING: Connection timed out while downloading.
[2026-05-16 15:53:37]   WARNING: Attempting to resume incomplete download (197.7 MB/209.6 MB, attempt 1)
[2026-05-16 15:53:37]   Resuming download triton-3.1.0-cp312-cp312-manylinux_2_17_x86_64.manylinux2014_x86_64.whl (197.7 MB/209.6 MB)
[2026-05-16 15:53:39] [2026-05-16 15:53:39,187 AIMaster] (job_monitor_controller_k8s.py 1099) INFO: All workers: 2, running: 2, failed: 0, pending: 0
[2026-05-16 15:53:42] [2026-05-16 15:53:42,332 AIMaster] (config.py 347) INFO: Try loading config from pai-aimaster-new configmap.
[2026-05-16 15:53:46]      ━━━━━━━━━━━━━━━━━━━━━━━━━━━━━━━━━━━━━━━━ 209.6/209.6 MB 1.4 MB/s  0:00:08
[2026-05-16 15:53:46] Requirement already satisfied: setuptools in /mnt/workspace/venvs/.venv/lib/python3.12/site-packages (from torch==2.5.1+cu124) (82.0.1)
[2026-05-16 15:53:47] Collecting sympy==1.13.1 (from torch==2.5.1+cu124)
[2026-05-16 15:53:47]   Downloading sympy-1.13.1-py3-none-any.whl (6.2 MB)
[2026-05-16 15:53:50]      ━━━━━━━━━━━━━━━━━━━━━━━━━━━━━━━━━━━━━━━━ 6.2/6.2 MB 2.0 MB/s  0:00:03
[2026-05-16 15:53:50] Collecting numpy (from torchvision==0.20.1+cu124)
[2026-05-16 15:53:50]   Downloading numpy-2.4.5-cp312-cp312-manylinux_2_27_x86_64.manylinux_2_28_x86_64.whl (16.6 MB)
[2026-05-16 15:54:00]      ━━━━━━━━━━━━━━━━━━━━━━━━━━━━━━━━━━━━━━━━ 16.6/16.6 MB 1.8 MB/s  0:00:09
[2026-05-16 15:54:00] Collecting pillow!=8.3.*,>=5.3.0 (from torchvision==0.20.1+cu124)
[2026-05-16 15:54:00]   Downloading pillow-12.2.0-cp312-cp312-manylinux_2_27_x86_64.manylinux_2_28_x86_64.whl (7.1 MB)
[2026-05-16 15:54:04]      ━━━━━━━━━━━━━━━━━━━━━━━━━━━━━━━━━━━━━━━━ 7.1/7.1 MB 1.8 MB/s  0:00:03
[2026-05-16 15:54:04] Collecting mpmath<1.4,>=1.1.0 (from sympy==1.13.1->torch==2.5.1+cu124)
[2026-05-16 15:54:04]   Downloading mpmath-1.3.0-py3-none-any.whl (536 kB)
[2026-05-16 15:54:04]      ━━━━━━━━━━━━━━━━━━━━━━━━━━━━━━━━━━━━━━━━ 536.2/536.2 kB 32.2 MB/s  0:00:00
[2026-05-16 15:54:05] Collecting MarkupSafe>=2.0 (from jinja2->torch==2.5.1+cu124)
[2026-05-16 15:54:05]   Downloading markupsafe-3.0.3-cp312-cp312-manylinux2014_x86_64.manylinux_2_17_x86_64.manylinux_2_28_x86_64.whl (22 kB)
[2026-05-16 15:54:05] Installing collected packages: mpmath, typing-extensions, sympy, pillow, nvidia-nvtx-cu12, nvidia-nvjitlink-cu12, nvidia-nccl-cu12, nvidia-curand-cu12, nvidia-cufft-cu12, nvidia-cuda-runtime-cu12, nvidia-cuda-nvrtc-cu12, nvidia-cuda-cupti-cu12, nvidia-cublas-cu12, numpy, networkx, MarkupSafe, fsspec, filelock, triton, nvidia-cusparse-cu12, nvidia-cudnn-cu12, jinja2, nvidia-cusolver-cu12, torch, torchvision, torchaudio
[2026-05-16 15:54:09] [2026-05-16 15:54:09,313 AIMaster] (job_monitor_controller_k8s.py 1099) INFO: All workers: 2, running: 2, failed: 0, pending: 0
[2026-05-16 15:54:09] [2026-05-16 15:54:09,313 AIMaster] (ops_reported_error_detector.py 103) INFO: Detecting whether the job is affected by errors reported by ops platform.
[2026-05-16 15:54:29] [2026-05-16 15:54:29,123 AIMaster] (job_event_collector.py 135) WARNING: Failed to watch pods, exception: ("Connection broken: ConnectionResetError(104, 'Connection reset by peer')", ConnectionResetError(104, 'Connection reset by peer'))
[2026-05-16 15:54:34] [2026-05-16 15:54:34,425 AIMaster] (aimaster_failover_controller.py 81) INFO: Detecting whether aimaster should be migrated.
[2026-05-16 15:54:39] [2026-05-16 15:54:39,486 AIMaster] (job_monitor_controller_k8s.py 1099) INFO: All workers: 2, running: 2, failed: 0, pending: 0
[2026-05-16 15:54:42] [2026-05-16 15:54:42,368 AIMaster] (config.py 347) INFO: Try loading config from pai-aimaster-new configmap.
[2026-05-16 15:54:50] 
[2026-05-16 15:54:50] Successfully installed MarkupSafe-3.0.3 filelock-3.29.0 fsspec-2026.4.0 jinja2-3.1.6 mpmath-1.3.0 networkx-3.6.1 numpy-2.4.5 nvidia-cublas-cu12-12.4.5.8 nvidia-cuda-cupti-cu12-12.4.127 nvidia-cuda-nvrtc-cu12-12.4.127 nvidia-cuda-runtime-cu12-12.4.127 nvidia-cudnn-cu12-9.1.0.70 nvidia-cufft-cu12-11.2.1.3 nvidia-curand-cu12-10.3.5.147 nvidia-cusolver-cu12-11.6.1.9 nvidia-cusparse-cu12-12.3.1.170 nvidia-nccl-cu12-2.21.5 nvidia-nvjitlink-cu12-12.4.127 nvidia-nvtx-cu12-12.4.127 pillow-12.2.0 sympy-1.13.1 torch-2.5.1+cu124 torchaudio-2.5.1+cu124 torchvision-0.20.1+cu124 triton-3.1.0 typing-extensions-4.15.0
[2026-05-16 15:54:51] 
[2026-05-16 15:54:51] [15:54:50] Installing student training stack
[2026-05-16 15:54:51] Looking in indexes: https://mirrors.aliyun.com/pypi/simple/
[2026-05-16 15:54:51] Looking in links: /mnt/data/ebft-distribution-new/caches/wheels
[2026-05-16 15:54:51] Collecting accelerate==1.13.0
[2026-05-16 15:54:51]   Downloading accelerate-1.13.0-py3-none-any.whl (383 kB)
[2026-05-16 15:54:51] Collecting bitsandbytes==0.49.2
[2026-05-16 15:54:51]   Downloading bitsandbytes-0.49.2-py3-none-manylinux_2_24_x86_64.whl (60.7 MB)
[2026-05-16 15:54:51]      ━━━━━━━━━━━━━━━━━━━━━━━━━━━━━━━━━━━━━━━━ 706.8/706.8 MB 6.6 MB/s  0:01:18
[2026-05-16 15:54:52] Collecting nvidia-cublas-cu12==12.8.4.1 (from torch==2.10.0)
[2026-05-16 15:54:52]   Downloading nvidia_cublas_cu12-12.8.4.1-py3-none-manylinux_2_27_x86_64.whl (594.3 MB)
[2026-05-16 15:54:55]      ━━━━━━━━━━━━━━━━━━━━━━━━━━━━━━━━━━━━━━━━ 60.7/60.7 MB 17.0 MB/s  0:00:03
[2026-05-16 15:54:55] Collecting datasets==4.8.4
[2026-05-16 15:54:55]   Downloading datasets-4.8.4-py3-none-any.whl (526 kB)
[2026-05-16 15:54:55]      ━━━━━━━━━━━━━━━━━━━━━━━━━━━━━━━━━━━━━━━━ 527.0/527.0 kB 34.6 MB/s  0:00:00
[2026-05-16 15:54:55] Processing /mnt/data/ebft-distribution-new/caches/wheels/deepspeed-0.18.9-py3-none-any.whl
[2026-05-16 15:54:55] Collecting einops==0.8.2
[2026-05-16 15:54:55]   Downloading einops-0.8.2-py3-none-any.whl (65 kB)
[2026-05-16 15:54:56] Collecting grpcio==1.80.0
[2026-05-16 15:54:56]   Downloading grpcio-1.80.0-cp312-cp312-manylinux2014_x86_64.manylinux_2_17_x86_64.whl (6.8 MB)
[2026-05-16 15:54:57]      ━━━━━━━━━━━━━━━━━━━━━━━━━━━━━━━━━━━━━━━━ 6.8/6.8 MB 16.5 MB/s  0:00:00
[2026-05-16 15:54:57] Collecting huggingface_hub==1.10.1
[2026-05-16 15:54:57]   Downloading huggingface_hub-1.10.1-py3-none-any.whl (642 kB)
[2026-05-16 15:54:57]      ━━━━━━━━━━━━━━━━━━━━━━━━━━━━━━━━━━━━━━━━ 642.6/642.6 kB 13.4 MB/s  0:00:00
[2026-05-16 15:54:57] Collecting jsonlines==4.0.0
[2026-05-16 15:54:57]   Downloading jsonlines-4.0.0-py3-none-any.whl (8.7 kB)
[2026-05-16 15:54:57] Collecting loralib==0.1.2
[2026-05-16 15:54:57]   Downloading loralib-0.1.2-py3-none-any.whl (10 kB)
[2026-05-16 15:54:57] Collecting matplotlib==3.10.8
[2026-05-16 15:54:57]   Downloading matplotlib-3.10.8-cp312-cp312-manylinux2014_x86_64.manylinux_2_17_x86_64.whl (8.7 MB)
[2026-05-16 15:54:58]      ━━━━━━━━━━━━━━━━━━━━━━━━━━━━━━━━━━━━━━━━ 8.7/8.7 MB 17.5 MB/s  0:00:00
[2026-05-16 15:54:58] Collecting numpy==2.2.6
[2026-05-16 15:54:58]   Downloading numpy-2.2.6-cp312-cp312-manylinux_2_17_x86_64.manylinux2014_x86_64.whl (16.5 MB)
[2026-05-16 15:54:59]      ━━━━━━━━━━━━━━━━━━━━━━━━━━━━━━━━━━━━━━━━ 16.5/16.5 MB 17.4 MB/s  0:00:00
[2026-05-16 15:54:59] Collecting nvitop==1.6.2
[2026-05-16 15:55:00]   Downloading nvitop-1.6.2-py3-none-any.whl (215 kB)
[2026-05-16 15:55:00] Collecting optimum==2.1.0
[2026-05-16 15:55:00]   Downloading optimum-2.1.0-py3-none-any.whl (161 kB)
[2026-05-16 15:55:00] Collecting optree==0.19.0
[2026-05-16 15:55:00]   Downloading optree-0.19.0-cp312-cp312-manylinux_2_27_x86_64.manylinux_2_28_x86_64.whl (451 kB)
[2026-05-16 15:55:00] Collecting packaging==26.0
[2026-05-16 15:55:00]   Downloading packaging-26.0-py3-none-any.whl (74 kB)
[2026-05-16 15:55:01] Collecting pandas==3.0.2
[2026-05-16 15:55:01]   Downloading pandas-3.0.2-cp312-cp312-manylinux_2_24_x86_64.manylinux_2_28_x86_64.whl (10.9 MB)
[2026-05-16 15:55:01]      ━━━━━━━━━━━━━━━━━━━━━━━━━━━━━━━━━━━━━━━━ 10.9/10.9 MB 16.9 MB/s  0:00:00
[2026-05-16 15:55:02] Collecting peft==0.18.1
[2026-05-16 15:55:02]   Downloading peft-0.18.1-py3-none-any.whl (556 kB)
[2026-05-16 15:55:02]      ━━━━━━━━━━━━━━━━━━━━━━━━━━━━━━━━━━━━━━━━ 557.0/557.0 kB 11.6 MB/s  0:00:00
[2026-05-16 15:55:02] Collecting psutil==7.2.2
[2026-05-16 15:55:02]   Downloading psutil-7.2.2-cp36-abi3-manylinux2010_x86_64.manylinux_2_12_x86_64.manylinux_2_28_x86_64.whl (155 kB)
[2026-05-16 15:55:02] Collecting pyarrow==23.0.1
[2026-05-16 15:55:02]   Downloading pyarrow-23.0.1-cp312-cp312-manylinux_2_28_x86_64.whl (47.6 MB)
[2026-05-16 15:55:05]      ━━━━━━━━━━━━━━━━━━━━━━━━━━━━━━━━━━━━━━━━ 47.6/47.6 MB 17.2 MB/s  0:00:02
[2026-05-16 15:55:05] Collecting pynvml==13.0.1
[2026-05-16 15:55:05]   Downloading pynvml-13.0.1-py3-none-any.whl (28 kB)
[2026-05-16 15:55:05] Collecting pyyaml==6.0.3
[2026-05-16 15:55:05]   Downloading pyyaml-6.0.3-cp312-cp312-manylinux2014_x86_64.manylinux_2_17_x86_64.manylinux_2_28_x86_64.whl (807 kB)
[2026-05-16 15:55:05]      ━━━━━━━━━━━━━━━━━━━━━━━━━━━━━━━━━━━━━━━━ 807.9/807.9 kB 18.0 MB/s  0:00:00
[2026-05-16 15:55:06] Collecting ray==2.48.0 (from ray[default]==2.48.0)
[2026-05-16 15:55:06]   Downloading ray-2.48.0-cp312-cp312-manylinux2014_x86_64.whl (70.1 MB)
[2026-05-16 15:55:08]      ━━━━━━━━━━━━━━━━━━━━━━━━━━━━━━━━━━━━━━━━ 594.3/594.3 MB 33.1 MB/s  0:00:15
[2026-05-16 15:55:08] Collecting nvidia-cufft-cu12==11.3.3.83 (from torch==2.10.0)
[2026-05-16 15:55:09]   Downloading nvidia_cufft_cu12-11.3.3.83-py3-none-manylinux2014_x86_64.manylinux_2_17_x86_64.whl (193.1 MB)
[2026-05-16 15:55:10] [2026-05-16 15:55:09,634 AIMaster] (pod_manager.py 415) INFO: Pod Category Summary (Total pods: 2)
[2026-05-16 15:55:10] | Category           |   Count | Percentage   | Pods                                                   |
[2026-05-16 15:55:10] |--------------------|---------|--------------|--------------------------------------------------------|
[2026-05-16 15:55:10] | Running            |       2 | 100.0%       | [dlc1t5kb9mnrnjda-master-0, dlc1t5kb9mnrnjda-worker-0] |
[2026-05-16 15:55:10] | Pending            |       0 | 0.0%         |                                                        |
[2026-05-16 15:55:10] | Succeeded          |       0 | 0.0%         |                                                        |
[2026-05-16 15:55:10] | Failed             |       0 | 0.0%         |                                                        |
[2026-05-16 15:55:10] | Terminating        |       0 | 0.0%         |                                                        |
[2026-05-16 15:55:10] | Scheduler_evicting |       0 | 0.0%         |                                                        |
[2026-05-16 15:55:10] | Aiph_node_error    |       0 | 0.0%         |                                                        |
[2026-05-16 15:55:10] | Unknown            |       0 | 0.0%         |                                                        |
[2026-05-16 15:55:10] 
[2026-05-16 15:55:10] [2026-05-16 15:55:09,634 AIMaster] (job_monitor_controller_k8s.py 1099) INFO: All workers: 2, running: 2, failed: 0, pending: 0
[2026-05-16 15:55:10] [2026-05-16 15:55:09,634 AIMaster] (ops_reported_error_detector.py 103) INFO: Detecting whether the job is affected by errors reported by ops platform.
[2026-05-16 15:55:40] [2026-05-16 15:55:39,797 AIMaster] (job_monitor_controller_k8s.py 1099) INFO: All workers: 2, running: 2, failed: 0, pending: 0
[2026-05-16 15:55:42] [2026-05-16 15:55:42,404 AIMaster] (config.py 347) INFO: Try loading config from pai-aimaster-new configmap.
[2026-05-16 15:56:01] [2026-05-16 15:56:01,158 AIMaster] (job_event_collector.py 135) WARNING: Failed to watch pods, exception: ("Connection broken: ConnectionResetError(104, 'Connection reset by peer')", ConnectionResetError(104, 'Connection reset by peer'))
[2026-05-16 15:56:10] [2026-05-16 15:56:09,927 AIMaster] (job_monitor_controller_k8s.py 1099) INFO: All workers: 2, running: 2, failed: 0, pending: 0
[2026-05-16 15:56:10] [2026-05-16 15:56:09,927 AIMaster] (ops_reported_error_detector.py 103) INFO: Detecting whether the job is affected by errors reported by ops platform.
[2026-05-16 15:56:35] [2026-05-16 15:56:35,024 AIMaster] (aimaster_failover_controller.py 81) INFO: Detecting whether aimaster should be migrated.
[2026-05-16 15:56:40] [2026-05-16 15:56:40,089 AIMaster] (job_monitor_controller_k8s.py 1099) INFO: All workers: 2, running: 2, failed: 0, pending: 0
[2026-05-16 15:56:42] [2026-05-16 15:56:42,440 AIMaster] (config.py 347) INFO: Try loading config from pai-aimaster-new configmap.
[2026-05-16 15:57:08]   WARNING: Connection timed out while downloading.
[2026-05-16 15:57:08]   WARNING: Attempting to resume incomplete download (32.8 MB/70.1 MB, attempt 1)
[2026-05-16 15:57:08]      ━━━━━━━━━━━━━━━━━━╸                      32.8/70.1 MB 17.2 MB/s eta 0:00:03
[2026-05-16 15:57:08]   Resuming download ray-2.48.0-cp312-cp312-manylinux2014_x86_64.whl (32.8 MB/70.1 MB)
[2026-05-16 15:57:10] [2026-05-16 15:57:10,204 AIMaster] (job_monitor_controller_k8s.py 1099) INFO: All workers: 2, running: 2, failed: 0, pending: 0
[2026-05-16 15:57:10] [2026-05-16 15:57:10,205 AIMaster] (ops_reported_error_detector.py 103) INFO: Detecting whether the job is affected by errors reported by ops platform.
[2026-05-16 15:57:32] [2026-05-16 15:57:32,451 AIMaster] (job_event_collector.py 135) WARNING: Failed to watch pods, exception: ("Connection broken: ConnectionResetError(104, 'Connection reset by peer')", ConnectionResetError(104, 'Connection reset by peer'))
[2026-05-16 15:57:33]      ━━━━━━━━━━━━━━━━━━━━━━━━━━━━━━━━━━━━━━━━ 70.1/70.1 MB 1.5 MB/s  0:00:24
[2026-05-16 15:57:33] Collecting safetensors==0.7.0
[2026-05-16 15:57:33]   Downloading safetensors-0.7.0-cp38-abi3-manylinux_2_17_x86_64.manylinux2014_x86_64.whl (507 kB)
[2026-05-16 15:57:34] Collecting sentencepiece==0.2.1
[2026-05-16 15:57:34]   Downloading sentencepiece-0.2.1-cp312-cp312-manylinux_2_27_x86_64.manylinux_2_28_x86_64.whl (1.4 MB)
[2026-05-16 15:57:34]      ━━━━━━━━━━━━━━━━━━━━━━━━━━━━━━━━━━━━━━━━ 1.4/1.4 MB 2.7 MB/s  0:00:00
[2026-05-16 15:57:34] Collecting tensorboard==2.20.0
[2026-05-16 15:57:34]   Downloading tensorboard-2.20.0-py3-none-any.whl (5.5 MB)
[2026-05-16 15:57:38]      ━━━━━━━━━━━━━━━━━━━━━━━━━━━━━━━━━━━━━━━━ 5.5/5.5 MB 1.6 MB/s  0:00:03
[2026-05-16 15:57:38] Collecting tokenizers==0.22.2
[2026-05-16 15:57:38]   Downloading tokenizers-0.22.2-cp39-abi3-manylinux_2_17_x86_64.manylinux2014_x86_64.whl (3.3 MB)
[2026-05-16 15:57:39]      ━━━━━━━━━━━━━━━━━━━━━━━━━━━━━━━━━━━━━━━━ 3.3/3.3 MB 2.0 MB/s  0:00:01
[2026-05-16 15:57:40] [2026-05-16 15:57:40,362 AIMaster] (job_monitor_controller_k8s.py 1099) INFO: All workers: 2, running: 2, failed: 0, pending: 0
[2026-05-16 15:57:40] Collecting torchdata==0.11.0
[2026-05-16 15:57:40]   Downloading torchdata-0.11.0-py3-none-any.whl (61 kB)
[2026-05-16 15:57:40] Collecting torchmetrics==1.9.0
[2026-05-16 15:57:40]   Downloading torchmetrics-1.9.0-py3-none-any.whl (983 kB)
[2026-05-16 15:57:40]      ━━━━━━━━━━━━━━━━━━━━━━━━━━━━━━━━━━━━━━━━ 983.4/983.4 kB 1.7 MB/s  0:00:00
[2026-05-16 15:57:40] Collecting tqdm==4.67.3
[2026-05-16 15:57:40]   Downloading tqdm-4.67.3-py3-none-any.whl (78 kB)
[2026-05-16 15:57:41] Processing /mnt/data/ebft-distribution-new/caches/wheels/transformers_stream_generator-0.0.5-py3-none-any.whl
[2026-05-16 15:57:41] Collecting wandb==0.25.1
[2026-05-16 15:57:41]   Downloading wandb-0.25.1-py3-none-manylinux_2_28_x86_64.whl (25.6 MB)
[2026-05-16 15:57:42] [2026-05-16 15:57:42,476 AIMaster] (config.py 347) INFO: Try loading config from pai-aimaster-new configmap.
[2026-05-16 15:57:53]      ━━━━━━━━━━━━━━━━━━━━━━━━━━━━━━━━━━━━━━━━ 25.6/25.6 MB 2.1 MB/s  0:00:12
[2026-05-16 15:57:53] Requirement already satisfied: torch>=2.0.0 in /mnt/workspace/venvs/.venv/lib/python3.12/site-packages (from accelerate==1.13.0) (2.5.1+cu124)
[2026-05-16 15:57:53] Requirement already satisfied: filelock in /mnt/workspace/venvs/.venv/lib/python3.12/site-packages (from datasets==4.8.4) (3.29.0)
[2026-05-16 15:57:54] Collecting dill<0.4.2,>=0.3.0 (from datasets==4.8.4)
[2026-05-16 15:57:54]   Downloading dill-0.4.1-py3-none-any.whl (120 kB)
[2026-05-16 15:57:54] Collecting requests>=2.32.2 (from datasets==4.8.4)
[2026-05-16 15:57:54]   Downloading requests-2.34.2-py3-none-any.whl (73 kB)
[2026-05-16 15:57:54] Collecting httpx<1.0.0 (from datasets==4.8.4)
[2026-05-16 15:57:54]   Downloading httpx-0.28.1-py3-none-any.whl (73 kB)
[2026-05-16 15:57:54] Collecting xxhash (from datasets==4.8.4)
[2026-05-16 15:57:54]   Downloading xxhash-3.7.0-cp312-cp312-manylinux2014_x86_64.manylinux_2_17_x86_64.manylinux_2_28_x86_64.whl (193 kB)
[2026-05-16 15:57:54] Collecting multiprocess<0.70.20 (from datasets==4.8.4)
[2026-05-16 15:57:54]   Downloading multiprocess-0.70.19-py312-none-any.whl (150 kB)
[2026-05-16 15:57:54] Collecting fsspec<=2026.2.0,>=2023.1.0 (from fsspec[http]<=2026.2.0,>=2023.1.0->datasets==4.8.4)
[2026-05-16 15:57:54]   Downloading fsspec-2026.2.0-py3-none-any.whl (202 kB)
[2026-05-16 15:57:54] Collecting hf-xet<2.0.0,>=1.4.3 (from huggingface_hub==1.10.1)
[2026-05-16 15:57:54]   Downloading hf_xet-1.5.0-cp37-abi3-manylinux2014_x86_64.manylinux_2_17_x86_64.whl (4.5 MB)
[2026-05-16 15:57:56]      ━━━━━━━━━━━━━━━━━━━━━━━━━━━━━━━━━━━━━━━━ 4.5/4.5 MB 2.2 MB/s  0:00:01
[2026-05-16 15:57:56] Collecting typer (from huggingface_hub==1.10.1)
[2026-05-16 15:57:56]   Downloading typer-0.25.1-py3-none-any.whl (58 kB)
[2026-05-16 15:57:56] Requirement already satisfied: typing-extensions>=4.1.0 in /mnt/workspace/venvs/.venv/lib/python3.12/site-packages (from huggingface_hub==1.10.1) (4.15.0)
[2026-05-16 15:57:57] Collecting hjson (from deepspeed==0.18.9)
[2026-05-16 15:57:57]   Downloading hjson-3.1.0-py3-none-any.whl (54 kB)
[2026-05-16 15:57:57] Collecting msgpack (from deepspeed==0.18.9)
[2026-05-16 15:57:57]   Downloading msgpack-1.1.2-cp312-cp312-manylinux2014_x86_64.manylinux_2_17_x86_64.manylinux_2_28_x86_64.whl (427 kB)
[2026-05-16 15:57:57] Collecting ninja (from deepspeed==0.18.9)
[2026-05-16 15:57:57]   Downloading ninja-1.13.0-py3-none-manylinux2014_x86_64.manylinux_2_17_x86_64.whl (180 kB)
[2026-05-16 15:57:57] Collecting py-cpuinfo (from deepspeed==0.18.9)
[2026-05-16 15:57:57]   Downloading py_cpuinfo-9.0.0-py3-none-any.whl (22 kB)
[2026-05-16 15:57:57] Collecting pydantic>=2.0.0 (from deepspeed==0.18.9)
[2026-05-16 15:57:57]   Downloading pydantic-2.13.4-py3-none-any.whl (472 kB)
[2026-05-16 15:57:58] Collecting attrs>=19.2.0 (from jsonlines==4.0.0)
[2026-05-16 15:57:58]   Downloading attrs-26.1.0-py3-none-any.whl (67 kB)
[2026-05-16 15:57:58] Collecting contourpy>=1.0.1 (from matplotlib==3.10.8)
[2026-05-16 15:57:58]   Downloading contourpy-1.3.3-cp312-cp312-manylinux_2_27_x86_64.manylinux_2_28_x86_64.whl (362 kB)
[2026-05-16 15:57:58] Collecting cycler>=0.10 (from matplotlib==3.10.8)
[2026-05-16 15:57:58]   Downloading cycler-0.12.1-py3-none-any.whl (8.3 kB)
[2026-05-16 15:57:58] Collecting fonttools>=4.22.0 (from matplotlib==3.10.8)
[2026-05-16 15:57:58]   Downloading fonttools-4.63.0-cp312-cp312-manylinux2014_x86_64.manylinux_2_17_x86_64.whl (5.0 MB)
[2026-05-16 15:58:00]      ━━━━━━━━━━━━━━━━━━━━━━━━━━━━━━━━━━━━━━━━ 5.0/5.0 MB 2.8 MB/s  0:00:01
[2026-05-16 15:58:00] Collecting kiwisolver>=1.3.1 (from matplotlib==3.10.8)
[2026-05-16 15:58:00]   Downloading kiwisolver-1.5.0-cp312-cp312-manylinux2014_x86_64.manylinux_2_17_x86_64.whl (1.5 MB)
[2026-05-16 15:58:01]      ━━━━━━━━━━━━━━━━━━━━━━━━━━━━━━━━━━━━━━━━ 1.5/1.5 MB 5.4 MB/s  0:00:00
[2026-05-16 15:58:01] Requirement already satisfied: pillow>=8 in /mnt/workspace/venvs/.venv/lib/python3.12/site-packages (from matplotlib==3.10.8) (12.2.0)
[2026-05-16 15:58:01] Collecting pyparsing>=3 (from matplotlib==3.10.8)
[2026-05-16 15:58:01]   Downloading pyparsing-3.3.2-py3-none-any.whl (122 kB)
[2026-05-16 15:58:01] Collecting python-dateutil>=2.7 (from matplotlib==3.10.8)
[2026-05-16 15:58:01]   Downloading python_dateutil-2.9.0.post0-py2.py3-none-any.whl (229 kB)
[2026-05-16 15:58:01] Collecting nvidia-ml-py<13.591.0a0,>=11.450.51 (from nvitop==1.6.2)
[2026-05-16 15:58:01]   Downloading nvidia_ml_py-13.590.48-py3-none-any.whl (50 kB)
[2026-05-16 15:58:01] Collecting transformers>=4.29 (from optimum==2.1.0)
[2026-05-16 15:58:01]   Downloading transformers-5.8.1-py3-none-any.whl (10.6 MB)
[2026-05-16 15:58:05]      ━━━━━━━━━━━━━━━━━━━━━━━━━━━━━━━━━━━━━━━━ 10.6/10.6 MB 2.7 MB/s  0:00:03
[2026-05-16 15:58:05] Collecting click>=7.0 (from ray==2.48.0->ray[default]==2.48.0)
[2026-05-16 15:58:05]   Downloading click-8.3.3-py3-none-any.whl (110 kB)
[2026-05-16 15:58:05] Collecting jsonschema (from ray==2.48.0->ray[default]==2.48.0)
[2026-05-16 15:58:05]   Downloading jsonschema-4.26.0-py3-none-any.whl (90 kB)
[2026-05-16 15:58:06] Collecting protobuf!=3.19.5,>=3.15.3 (from ray==2.48.0->ray[default]==2.48.0)
[2026-05-16 15:58:06]   Downloading protobuf-7.34.1-cp310-abi3-manylinux2014_x86_64.whl (324 kB)
[2026-05-16 15:58:06] Collecting absl-py>=0.4 (from tensorboard==2.20.0)
[2026-05-16 15:58:06]   Downloading absl_py-2.4.0-py3-none-any.whl (135 kB)
[2026-05-16 15:58:06] Collecting markdown>=2.6.8 (from tensorboard==2.20.0)
[2026-05-16 15:58:06]   Downloading markdown-3.10.2-py3-none-any.whl (108 kB)
[2026-05-16 15:58:06] Requirement already satisfied: setuptools>=41.0.0 in /mnt/workspace/venvs/.venv/lib/python3.12/site-packages (from tensorboard==2.20.0) (82.0.1)
[2026-05-16 15:58:07] Collecting tensorboard-data-server<0.8.0,>=0.7.0 (from tensorboard==2.20.0)
[2026-05-16 15:58:07]   Downloading tensorboard_data_server-0.7.2-py3-none-manylinux_2_31_x86_64.whl (6.6 MB)
[2026-05-16 15:58:09]      ━━━━━━━━━━━━━━━━━━━━━━━━━━━━━━━━━━━━━━━━ 6.6/6.6 MB 2.8 MB/s  0:00:02
[2026-05-16 15:58:09] Collecting werkzeug>=1.0.1 (from tensorboard==2.20.0)
[2026-05-16 15:58:09]   Downloading werkzeug-3.1.8-py3-none-any.whl (226 kB)
[2026-05-16 15:58:09] Collecting urllib3>=1.25 (from torchdata==0.11.0)
[2026-05-16 15:58:09]   Downloading urllib3-2.7.0-py3-none-any.whl (131 kB)
[2026-05-16 15:58:09] Collecting lightning-utilities>=0.15.3 (from torchmetrics==1.9.0)
[2026-05-16 15:58:09]   Downloading lightning_utilities-0.15.3-py3-none-any.whl (31 kB)
[2026-05-16 15:58:09] Collecting gitpython!=3.1.29,>=1.0.0 (from wandb==0.25.1)
[2026-05-16 15:58:09]   Downloading gitpython-3.1.50-py3-none-any.whl (212 kB)
[2026-05-16 15:58:10] Collecting platformdirs (from wandb==0.25.1)
[2026-05-16 15:58:10]   Downloading platformdirs-4.9.6-py3-none-any.whl (21 kB)
[2026-05-16 15:58:10] Collecting protobuf!=3.19.5,>=3.15.3 (from ray==2.48.0->ray[default]==2.48.0)
[2026-05-16 15:58:10]   Downloading protobuf-6.33.6-cp39-abi3-manylinux2014_x86_64.whl (323 kB)
[2026-05-16 15:58:10] Collecting sentry-sdk>=2.0.0 (from wandb==0.25.1)
[2026-05-16 15:58:10]   Downloading sentry_sdk-2.60.0-py3-none-any.whl (475 kB)
[2026-05-16 15:58:10] [2026-05-16 15:58:10,477 AIMaster] (job_monitor_controller_k8s.py 1099) INFO: All workers: 2, running: 2, failed: 0, pending: 0
[2026-05-16 15:58:10] [2026-05-16 15:58:10,477 AIMaster] (ops_reported_error_detector.py 103) INFO: Detecting whether the job is affected by errors reported by ops platform.
[2026-05-16 15:58:11] Collecting aiohttp>=3.7 (from ray[default]==2.48.0)
[2026-05-16 15:58:11]   Downloading aiohttp-3.13.5-cp312-cp312-manylinux2014_x86_64.manylinux_2_17_x86_64.manylinux_2_28_x86_64.whl (1.8 MB)
[2026-05-16 15:58:11]      ━━━━━━━━━━━━━━━━━━━━━━━━━━━━━━━━━━━━━━━━ 1.8/1.8 MB 2.4 MB/s  0:00:00
[2026-05-16 15:58:11] Collecting aiohttp_cors (from ray[default]==2.48.0)
[2026-05-16 15:58:11]   Downloading aiohttp_cors-0.8.1-py3-none-any.whl (25 kB)
[2026-05-16 15:58:12] Collecting colorful (from ray[default]==2.48.0)
[2026-05-16 15:58:12]   Downloading colorful-0.5.8-py2.py3-none-any.whl (201 kB)
[2026-05-16 15:58:12] Collecting py-spy>=0.4.0 (from ray[default]==2.48.0)
[2026-05-16 15:58:12]   Downloading py_spy-0.4.2-py2.py3-none-manylinux_2_5_x86_64.manylinux1_x86_64.whl (2.9 MB)
[2026-05-16 15:58:13]      ━━━━━━━━━━━━━━━━━━━━━━━━━━━━━━━━━━━━━━━━ 2.9/2.9 MB 2.6 MB/s  0:00:01
[2026-05-16 15:58:13] Collecting opencensus (from ray[default]==2.48.0)
[2026-05-16 15:58:13]   Downloading opencensus-0.11.4-py2.py3-none-any.whl (128 kB)
[2026-05-16 15:58:13] Collecting opentelemetry-sdk>=1.30.0 (from ray[default]==2.48.0)
[2026-05-16 15:58:13]   Downloading opentelemetry_sdk-1.41.1-py3-none-any.whl (180 kB)
[2026-05-16 15:58:14] Collecting opentelemetry-exporter-prometheus (from ray[default]==2.48.0)
[2026-05-16 15:58:14]   Downloading opentelemetry_exporter_prometheus-0.62b1-py3-none-any.whl (13 kB)
[2026-05-16 15:58:14] Collecting opentelemetry-proto (from ray[default]==2.48.0)
[2026-05-16 15:58:14]   Downloading opentelemetry_proto-1.41.1-py3-none-any.whl (72 kB)
[2026-05-16 15:58:14] Collecting prometheus_client>=0.7.1 (from ray[default]==2.48.0)
[2026-05-16 15:58:14]   Downloading prometheus_client-0.25.0-py3-none-any.whl (64 kB)
[2026-05-16 15:58:15] Collecting smart_open (from ray[default]==2.48.0)
[2026-05-16 15:58:15]   Downloading smart_open-7.6.1-py3-none-any.whl (64 kB)
[2026-05-16 15:58:15] Collecting virtualenv!=20.21.1,>=20.0.24 (from ray[default]==2.48.0)
[2026-05-16 15:58:15]   Downloading virtualenv-21.3.3-py3-none-any.whl (7.6 MB)
[2026-05-16 15:58:18]      ━━━━━━━━━━━━━━━━━━━━━━━━━━━━━━━━━━━━━━━━ 7.6/7.6 MB 2.7 MB/s  0:00:02
[2026-05-16 15:58:18] Collecting anyio (from httpx<1.0.0->datasets==4.8.4)
[2026-05-16 15:58:18]   Downloading anyio-4.13.0-py3-none-any.whl (114 kB)
[2026-05-16 15:58:18] Collecting certifi (from httpx<1.0.0->datasets==4.8.4)
[2026-05-16 15:58:18]   Downloading certifi-2026.4.22-py3-none-any.whl (135 kB)
[2026-05-16 15:58:18] Collecting httpcore==1.* (from httpx<1.0.0->datasets==4.8.4)
[2026-05-16 15:58:18]   Downloading httpcore-1.0.9-py3-none-any.whl (78 kB)
[2026-05-16 15:58:19] Collecting idna (from httpx<1.0.0->datasets==4.8.4)
[2026-05-16 15:58:19]   Downloading idna-3.15-py3-none-any.whl (72 kB)
[2026-05-16 15:58:19] Collecting h11>=0.16 (from httpcore==1.*->httpx<1.0.0->datasets==4.8.4)
[2026-05-16 15:58:19]   Downloading h11-0.16.0-py3-none-any.whl (37 kB)
[2026-05-16 15:58:19] Collecting annotated-types>=0.6.0 (from pydantic>=2.0.0->deepspeed==0.18.9)
[2026-05-16 15:58:19]   Downloading annotated_types-0.7.0-py3-none-any.whl (13 kB)
[2026-05-16 15:58:20] Collecting pydantic-core==2.46.4 (from pydantic>=2.0.0->deepspeed==0.18.9)
[2026-05-16 15:58:20]   Downloading pydantic_core-2.46.4-cp312-cp312-manylinux_2_17_x86_64.manylinux2014_x86_64.whl (2.1 MB)
[2026-05-16 15:58:21]      ━━━━━━━━━━━━━━━━━━━━━━━━━━━━━━━━━━━━━━━━ 2.1/2.1 MB 4.2 MB/s  0:00:00
[2026-05-16 15:58:21] Collecting typing-inspection>=0.4.2 (from pydantic>=2.0.0->deepspeed==0.18.9)
[2026-05-16 15:58:21]   Downloading typing_inspection-0.4.2-py3-none-any.whl (14 kB)
[2026-05-16 15:58:21] Collecting charset_normalizer<4,>=2 (from requests>=2.32.2->datasets==4.8.4)
[2026-05-16 15:58:21]   Downloading charset_normalizer-3.4.7-cp312-cp312-manylinux2014_x86_64.manylinux_2_17_x86_64.manylinux_2_28_x86_64.whl (216 kB)
[2026-05-16 15:58:21] Requirement already satisfied: networkx in /mnt/workspace/venvs/.venv/lib/python3.12/site-packages (from torch>=2.0.0->accelerate==1.13.0) (3.6.1)
[2026-05-16 15:58:21] Requirement already satisfied: jinja2 in /mnt/workspace/venvs/.venv/lib/python3.12/site-packages (from torch>=2.0.0->accelerate==1.13.0) (3.1.6)
[2026-05-16 15:58:21] Requirement already satisfied: nvidia-cuda-nvrtc-cu12==12.4.127 in /mnt/workspace/venvs/.venv/lib/python3.12/site-packages (from torch>=2.0.0->accelerate==1.13.0) (12.4.127)
[2026-05-16 15:58:21] Requirement already satisfied: nvidia-cuda-runtime-cu12==12.4.127 in /mnt/workspace/venvs/.venv/lib/python3.12/site-packages (from torch>=2.0.0->accelerate==1.13.0) (12.4.127)
[2026-05-16 15:58:21] Requirement already satisfied: nvidia-cuda-cupti-cu12==12.4.127 in /mnt/workspace/venvs/.venv/lib/python3.12/site-packages (from torch>=2.0.0->accelerate==1.13.0) (12.4.127)
[2026-05-16 15:58:21] Requirement already satisfied: nvidia-cudnn-cu12==9.1.0.70 in /mnt/workspace/venvs/.venv/lib/python3.12/site-packages (from torch>=2.0.0->accelerate==1.13.0) (9.1.0.70)
[2026-05-16 15:58:21] Requirement already satisfied: nvidia-cublas-cu12==12.4.5.8 in /mnt/workspace/venvs/.venv/lib/python3.12/site-packages (from torch>=2.0.0->accelerate==1.13.0) (12.4.5.8)
[2026-05-16 15:58:21] Requirement already satisfied: nvidia-cufft-cu12==11.2.1.3 in /mnt/workspace/venvs/.venv/lib/python3.12/site-packages (from torch>=2.0.0->accelerate==1.13.0) (11.2.1.3)
[2026-05-16 15:58:21] Requirement already satisfied: nvidia-curand-cu12==10.3.5.147 in /mnt/workspace/venvs/.venv/lib/python3.12/site-packages (from torch>=2.0.0->accelerate==1.13.0) (10.3.5.147)
[2026-05-16 15:58:21] Requirement already satisfied: nvidia-cusolver-cu12==11.6.1.9 in /mnt/workspace/venvs/.venv/lib/python3.12/site-packages (from torch>=2.0.0->accelerate==1.13.0) (11.6.1.9)
[2026-05-16 15:58:21] Requirement already satisfied: nvidia-cusparse-cu12==12.3.1.170 in /mnt/workspace/venvs/.venv/lib/python3.12/site-packages (from torch>=2.0.0->accelerate==1.13.0) (12.3.1.170)
[2026-05-16 15:58:21] Requirement already satisfied: nvidia-nccl-cu12==2.21.5 in /mnt/workspace/venvs/.venv/lib/python3.12/site-packages (from torch>=2.0.0->accelerate==1.13.0) (2.21.5)
[2026-05-16 15:58:21] Requirement already satisfied: nvidia-nvtx-cu12==12.4.127 in /mnt/workspace/venvs/.venv/lib/python3.12/site-packages (from torch>=2.0.0->accelerate==1.13.0) (12.4.127)
[2026-05-16 15:58:21] Requirement already satisfied: nvidia-nvjitlink-cu12==12.4.127 in /mnt/workspace/venvs/.venv/lib/python3.12/site-packages (from torch>=2.0.0->accelerate==1.13.0) (12.4.127)
[2026-05-16 15:58:21] Requirement already satisfied: triton==3.1.0 in /mnt/workspace/venvs/.venv/lib/python3.12/site-packages (from torch>=2.0.0->accelerate==1.13.0) (3.1.0)
[2026-05-16 15:58:21] Requirement already satisfied: sympy==1.13.1 in /mnt/workspace/venvs/.venv/lib/python3.12/site-packages (from torch>=2.0.0->accelerate==1.13.0) (1.13.1)
[2026-05-16 15:58:21] Requirement already satisfied: mpmath<1.4,>=1.1.0 in /mnt/workspace/venvs/.venv/lib/python3.12/site-packages (from sympy==1.13.1->torch>=2.0.0->accelerate==1.13.0) (1.3.0)
[2026-05-16 15:58:22] Collecting aiohappyeyeballs>=2.5.0 (from aiohttp>=3.7->ray[default]==2.48.0)
[2026-05-16 15:58:22]   Downloading aiohappyeyeballs-2.6.1-py3-none-any.whl (15 kB)
[2026-05-16 15:58:22] Collecting aiosignal>=1.4.0 (from aiohttp>=3.7->ray[default]==2.48.0)
[2026-05-16 15:58:22]   Downloading aiosignal-1.4.0-py3-none-any.whl (7.5 kB)
[2026-05-16 15:58:22] Collecting frozenlist>=1.1.1 (from aiohttp>=3.7->ray[default]==2.48.0)
[2026-05-16 15:58:22]   Downloading frozenlist-1.8.0-cp312-cp312-manylinux1_x86_64.manylinux_2_28_x86_64.manylinux_2_5_x86_64.whl (242 kB)
[2026-05-16 15:58:22]      ━━━━━━━━━━━━━━━━━━━━━━━━━━━━━━━━━━━━━━━━ 193.1/193.1 MB 2.5 MB/s  0:03:12
[2026-05-16 15:58:23] Collecting multidict<7.0,>=4.5 (from aiohttp>=3.7->ray[default]==2.48.0)
[2026-05-16 15:58:23]   Downloading multidict-6.7.1-cp312-cp312-manylinux2014_x86_64.manylinux_2_17_x86_64.manylinux_2_28_x86_64.whl (256 kB)
[2026-05-16 15:58:23] Collecting propcache>=0.2.0 (from aiohttp>=3.7->ray[default]==2.48.0)
[2026-05-16 15:58:23]   Downloading propcache-0.5.2-cp312-cp312-manylinux2014_x86_64.manylinux_2_17_x86_64.manylinux_2_28_x86_64.whl (61 kB)
[2026-05-16 15:58:23] Collecting yarl<2.0,>=1.17.0 (from aiohttp>=3.7->ray[default]==2.48.0)
[2026-05-16 15:58:23]   Downloading yarl-1.23.0-cp312-cp312-manylinux2014_x86_64.manylinux_2_17_x86_64.manylinux_2_28_x86_64.whl (100 kB)
[2026-05-16 15:58:23] Collecting nvidia-curand-cu12==10.3.9.90 (from torch==2.10.0)
[2026-05-16 15:58:23]   Downloading nvidia_curand_cu12-10.3.9.90-py3-none-manylinux_2_27_x86_64.whl (63.6 MB)
[2026-05-16 15:58:24] Collecting gitdb<5,>=4.0.1 (from gitpython!=3.1.29,>=1.0.0->wandb==0.25.1)
[2026-05-16 15:58:24]   Downloading gitdb-4.0.12-py3-none-any.whl (62 kB)
[2026-05-16 15:58:24] Collecting smmap<6,>=3.0.1 (from gitdb<5,>=4.0.1->gitpython!=3.1.29,>=1.0.0->wandb==0.25.1)
[2026-05-16 15:58:24]   Downloading smmap-5.0.3-py3-none-any.whl (24 kB)
[2026-05-16 15:58:24] Collecting opentelemetry-api==1.41.1 (from opentelemetry-sdk>=1.30.0->ray[default]==2.48.0)
[2026-05-16 15:58:24]   Downloading opentelemetry_api-1.41.1-py3-none-any.whl (69 kB)
[2026-05-16 15:58:24] Collecting opentelemetry-semantic-conventions==0.62b1 (from opentelemetry-sdk>=1.30.0->ray[default]==2.48.0)
[2026-05-16 15:58:24]   Downloading opentelemetry_semantic_conventions-0.62b1-py3-none-any.whl (231 kB)
[2026-05-16 15:58:24] Collecting importlib-metadata<8.8.0,>=6.0 (from opentelemetry-api==1.41.1->opentelemetry-sdk>=1.30.0->ray[default]==2.48.0)
[2026-05-16 15:58:24]   Downloading importlib_metadata-8.7.1-py3-none-any.whl (27 kB)
[2026-05-16 15:58:25] Collecting zipp>=3.20 (from importlib-metadata<8.8.0,>=6.0->opentelemetry-api==1.41.1->opentelemetry-sdk>=1.30.0->ray[default]==2.48.0)
[2026-05-16 15:58:25]   Downloading zipp-3.23.1-py3-none-any.whl (10 kB)
[2026-05-16 15:58:25] Collecting six>=1.5 (from python-dateutil>=2.7->matplotlib==3.10.8)
[2026-05-16 15:58:25]   Downloading six-1.17.0-py2.py3-none-any.whl (11 kB)
[2026-05-16 15:58:26] Collecting regex>=2025.10.22 (from transformers>=4.29->optimum==2.1.0)
[2026-05-16 15:58:26]   Downloading regex-2026.5.9-cp312-cp312-manylinux2014_x86_64.manylinux_2_17_x86_64.manylinux_2_28_x86_64.whl (801 kB)
[2026-05-16 15:58:26]      ━━━━━━━━━━━━━━━━━━━━━━━━━━━━━━━━━━━━━━━━ 801.2/801.2 kB 42.7 MB/s  0:00:00
[2026-05-16 15:58:26] Collecting distlib<1,>=0.3.7 (from virtualenv!=20.21.1,>=20.0.24->ray[default]==2.48.0)
[2026-05-16 15:58:26]   Downloading distlib-0.4.0-py2.py3-none-any.whl (469 kB)
[2026-05-16 15:58:26] Collecting python-discovery>=1.3.1 (from virtualenv!=20.21.1,>=20.0.24->ray[default]==2.48.0)
[2026-05-16 15:58:26]   Downloading python_discovery-1.3.1-py3-none-any.whl (33 kB)
[2026-05-16 15:58:26] Requirement already satisfied: markupsafe>=2.1.1 in /mnt/workspace/venvs/.venv/lib/python3.12/site-packages (from werkzeug>=1.0.1->tensorboard==2.20.0) (3.0.3)
[2026-05-16 15:58:27] Collecting jsonschema-specifications>=2023.03.6 (from jsonschema->ray==2.48.0->ray[default]==2.48.0)
[2026-05-16 15:58:27]   Downloading jsonschema_specifications-2025.9.1-py3-none-any.whl (18 kB)
[2026-05-16 15:58:27] Collecting referencing>=0.28.4 (from jsonschema->ray==2.48.0->ray[default]==2.48.0)
[2026-05-16 15:58:27]   Downloading referencing-0.37.0-py3-none-any.whl (26 kB)
[2026-05-16 15:58:27] Collecting rpds-py>=0.25.0 (from jsonschema->ray==2.48.0->ray[default]==2.48.0)
[2026-05-16 15:58:27]   Downloading rpds_py-0.30.0-cp312-cp312-manylinux_2_17_x86_64.manylinux2014_x86_64.whl (394 kB)
[2026-05-16 15:58:27] Collecting opencensus-context>=0.1.3 (from opencensus->ray[default]==2.48.0)
[2026-05-16 15:58:28]   Downloading opencensus_context-0.1.3-py2.py3-none-any.whl (5.1 kB)
[2026-05-16 15:58:28] Collecting google-api-core<3.0.0,>=1.0.0 (from opencensus->ray[default]==2.48.0)
[2026-05-16 15:58:28]   Downloading google_api_core-2.30.3-py3-none-any.whl (173 kB)
[2026-05-16 15:58:28] Collecting googleapis-common-protos<2.0.0,>=1.63.2 (from google-api-core<3.0.0,>=1.0.0->opencensus->ray[default]==2.48.0)
[2026-05-16 15:58:28]   Downloading googleapis_common_protos-1.75.0-py3-none-any.whl (300 kB)
[2026-05-16 15:58:28] Collecting proto-plus<2.0.0,>=1.22.3 (from google-api-core<3.0.0,>=1.0.0->opencensus->ray[default]==2.48.0)
[2026-05-16 15:58:29]   Downloading proto_plus-1.28.0-py3-none-any.whl (50 kB)
[2026-05-16 15:58:29] Collecting google-auth<3.0.0,>=2.14.1 (from google-api-core<3.0.0,>=1.0.0->opencensus->ray[default]==2.48.0)
[2026-05-16 15:58:29]   Downloading google_auth-2.53.0-py3-none-any.whl (246 kB)
[2026-05-16 15:58:29] Collecting pyasn1-modules>=0.2.1 (from google-auth<3.0.0,>=2.14.1->google-api-core<3.0.0,>=1.0.0->opencensus->ray[default]==2.48.0)
[2026-05-16 15:58:29]   Downloading pyasn1_modules-0.4.2-py3-none-any.whl (181 kB)
[2026-05-16 15:58:29] Collecting cryptography>=38.0.3 (from google-auth<3.0.0,>=2.14.1->google-api-core<3.0.0,>=1.0.0->opencensus->ray[default]==2.48.0)
[2026-05-16 15:58:29]   Downloading cryptography-48.0.0-cp311-abi3-manylinux_2_34_x86_64.whl (4.7 MB)
[2026-05-16 15:58:30]      ━━━━━━━━━━━━━━━━━━━━━━━━━━━━━━━━━━━━━━━━ 4.7/4.7 MB 3.5 MB/s  0:00:01
[2026-05-16 15:58:30] Collecting cffi>=2.0.0 (from cryptography>=38.0.3->google-auth<3.0.0,>=2.14.1->google-api-core<3.0.0,>=1.0.0->opencensus->ray[default]==2.48.0)
[2026-05-16 15:58:30]   Downloading cffi-2.0.0-cp312-cp312-manylinux2014_x86_64.manylinux_2_17_x86_64.whl (219 kB)
[2026-05-16 15:58:31] Collecting pycparser (from cffi>=2.0.0->cryptography>=38.0.3->google-auth<3.0.0,>=2.14.1->google-api-core<3.0.0,>=1.0.0->opencensus->ray[default]==2.48.0)
[2026-05-16 15:58:31]   Downloading pycparser-3.0-py3-none-any.whl (48 kB)
[2026-05-16 15:58:31] Collecting pyasn1<0.7.0,>=0.6.1 (from pyasn1-modules>=0.2.1->google-auth<3.0.0,>=2.14.1->google-api-core<3.0.0,>=1.0.0->opencensus->ray[default]==2.48.0)
[2026-05-16 15:58:31]   Downloading pyasn1-0.6.3-py3-none-any.whl (83 kB)
[2026-05-16 15:58:31] Collecting wrapt (from smart_open->ray[default]==2.48.0)
[2026-05-16 15:58:31]   Downloading wrapt-2.1.2-cp312-cp312-manylinux1_x86_64.manylinux_2_28_x86_64.manylinux_2_5_x86_64.whl (121 kB)
[2026-05-16 15:58:31] Collecting shellingham>=1.3.0 (from typer->huggingface_hub==1.10.1)
[2026-05-16 15:58:32]   Downloading shellingham-1.5.4-py2.py3-none-any.whl (9.8 kB)
[2026-05-16 15:58:32] Collecting rich>=13.8.0 (from typer->huggingface_hub==1.10.1)
[2026-05-16 15:58:32]   Downloading rich-15.0.0-py3-none-any.whl (310 kB)
[2026-05-16 15:58:32] Collecting annotated-doc>=0.0.2 (from typer->huggingface_hub==1.10.1)
[2026-05-16 15:58:32]   Downloading annotated_doc-0.0.4-py3-none-any.whl (5.3 kB)
[2026-05-16 15:58:33] Collecting markdown-it-py>=2.2.0 (from rich>=13.8.0->typer->huggingface_hub==1.10.1)
[2026-05-16 15:58:33]   Downloading markdown_it_py-4.2.0-py3-none-any.whl (91 kB)
[2026-05-16 15:58:33] Collecting pygments<3.0.0,>=2.13.0 (from rich>=13.8.0->typer->huggingface_hub==1.10.1)
[2026-05-16 15:58:33]   Downloading pygments-2.20.0-py3-none-any.whl (1.2 MB)
[2026-05-16 15:58:33]      ━━━━━━━━━━━━━━━━━━━━━━━━━━━━━━━━━━━━━━━━ 1.2/1.2 MB 4.5 MB/s  0:00:00
[2026-05-16 15:58:33] Collecting mdurl~=0.1 (from markdown-it-py>=2.2.0->rich>=13.8.0->typer->huggingface_hub==1.10.1)
[2026-05-16 15:58:33]   Downloading mdurl-0.1.2-py3-none-any.whl (10.0 kB)
[2026-05-16 15:58:34] Installing collected packages: py-spy, py-cpuinfo, opencensus-context, nvidia-ml-py, hjson, distlib, colorful, zipp, xxhash, wrapt, werkzeug, urllib3, typing-inspection, tqdm, tensorboard-data-server, smmap, six, shellingham, sentencepiece, safetensors, rpds-py, regex, pyyaml, pyparsing, pynvml, pygments, pydantic-core, pycparser, pyasn1, pyarrow, psutil, protobuf, propcache, prometheus_client, platformdirs, packaging, optree, numpy, ninja, multidict, msgpack, mdurl, markdown, loralib, kiwisolver, idna, hf-xet, h11, grpcio, fsspec, frozenlist, fonttools, einops, dill, cycler, click, charset_normalizer, certifi, attrs, annotated-types, annotated-doc, aiohappyeyeballs, absl-py, yarl, tensorboard, smart_open, sentry-sdk, requests, referencing, python-discovery, python-dateutil, pydantic, pyasn1-modules, proto-plus, opentelemetry-proto, nvitop, multiprocess, markdown-it-py, lightning-utilities, jsonlines, importlib-metadata, httpcore, googleapis-common-protos, gitdb, contourpy, cffi, anyio, aiosignal, virtualenv, rich, pandas, opentelemetry-api, matplotlib, jsonschema-specifications, httpx, gitpython, cryptography, aiohttp, wandb, typer, torchmetrics, torchdata, opentelemetry-semantic-conventions, jsonschema, google-auth, deepspeed, bitsandbytes, aiohttp_cors, ray, opentelemetry-sdk, huggingface_hub, google-api-core, tokenizers, opentelemetry-exporter-prometheus, opencensus, datasets, accelerate, transformers, transformers-stream-generator, peft, optimum
[2026-05-16 15:58:35] [2026-05-16 15:58:35,592 AIMaster] (aimaster_failover_controller.py 81) INFO: Detecting whether aimaster should be migrated.
[2026-05-16 15:58:37]   Attempting uninstall: packaging
[2026-05-16 15:58:37]     Found existing installation: packaging 26.2
[2026-05-16 15:58:37]     Uninstalling packaging-26.2:
[2026-05-16 15:58:37]       Successfully uninstalled packaging-26.2
[2026-05-16 15:58:37]   Attempting uninstall: numpy
[2026-05-16 15:58:37]     Found existing installation: numpy 2.4.5
[2026-05-16 15:58:37]     Uninstalling numpy-2.4.5:
[2026-05-16 15:58:37]       Successfully uninstalled numpy-2.4.5
[2026-05-16 15:58:39]   Attempting uninstall: fsspec
[2026-05-16 15:58:39]     Found existing installation: fsspec 2026.4.0
[2026-05-16 15:58:39]     Uninstalling fsspec-2026.4.0:
[2026-05-16 15:58:39]       Successfully uninstalled fsspec-2026.4.0
[2026-05-16 15:58:40] [2026-05-16 15:58:40,659 AIMaster] (job_monitor_controller_k8s.py 1099) INFO: All workers: 2, running: 2, failed: 0, pending: 0
[2026-05-16 15:58:42] [2026-05-16 15:58:42,511 AIMaster] (config.py 347) INFO: Try loading config from pai-aimaster-new configmap.
[2026-05-16 15:58:43]      ━━━━━━━━━━━━━━━━━━━━━━━━━━━━━━━━━━━━━━━━ 63.6/63.6 MB 3.1 MB/s  0:00:20
[2026-05-16 15:58:43] Collecting nvidia-cusolver-cu12==11.7.3.90 (from torch==2.10.0)
[2026-05-16 15:58:43]   Downloading nvidia_cusolver_cu12-11.7.3.90-py3-none-manylinux_2_27_x86_64.whl (267.5 MB)
[2026-05-16 15:58:55]      ━━━━━━━━━━━━━━━━━━━━━━━━━━━━━━━━━━━━━━━━ 267.5/267.5 MB 25.9 MB/s  0:00:11
[2026-05-16 15:58:55] Collecting nvidia-cusparse-cu12==12.5.8.93 (from torch==2.10.0)
[2026-05-16 15:58:55]   Downloading nvidia_cusparse_cu12-12.5.8.93-py3-none-manylinux2014_x86_64.manylinux_2_17_x86_64.whl (288.2 MB)
[2026-05-16 15:59:02]      ━━━━━━━━━━━━━━━━━━━━━━━━━━━━━━━━━━━━━━━━ 288.2/288.2 MB 44.0 MB/s  0:00:06
[2026-05-16 15:59:02] Collecting nvidia-cusparselt-cu12==0.7.1 (from torch==2.10.0)
[2026-05-16 15:59:02]   Downloading nvidia_cusparselt_cu12-0.7.1-py3-none-manylinux2014_x86_64.whl (287.2 MB)
[2026-05-16 15:59:04] [2026-05-16 15:59:04,446 AIMaster] (job_event_collector.py 135) WARNING: Failed to watch pods, exception: ("Connection broken: ConnectionResetError(104, 'Connection reset by peer')", ConnectionResetError(104, 'Connection reset by peer'))
[2026-05-16 15:59:05] 
[2026-05-16 15:59:05] Successfully installed absl-py-2.4.0 accelerate-1.13.0 aiohappyeyeballs-2.6.1 aiohttp-3.13.5 aiohttp_cors-0.8.1 aiosignal-1.4.0 annotated-doc-0.0.4 annotated-types-0.7.0 anyio-4.13.0 attrs-26.1.0 bitsandbytes-0.49.2 certifi-2026.4.22 cffi-2.0.0 charset_normalizer-3.4.7 click-8.3.3 colorful-0.5.8 contourpy-1.3.3 cryptography-48.0.0 cycler-0.12.1 datasets-4.8.4 deepspeed-0.18.9 dill-0.4.1 distlib-0.4.0 einops-0.8.2 fonttools-4.63.0 frozenlist-1.8.0 fsspec-2026.2.0 gitdb-4.0.12 gitpython-3.1.50 google-api-core-2.30.3 google-auth-2.53.0 googleapis-common-protos-1.75.0 grpcio-1.80.0 h11-0.16.0 hf-xet-1.5.0 hjson-3.1.0 httpcore-1.0.9 httpx-0.28.1 huggingface_hub-1.10.1 idna-3.15 importlib-metadata-8.7.1 jsonlines-4.0.0 jsonschema-4.26.0 jsonschema-specifications-2025.9.1 kiwisolver-1.5.0 lightning-utilities-0.15.3 loralib-0.1.2 markdown-3.10.2 markdown-it-py-4.2.0 matplotlib-3.10.8 mdurl-0.1.2 msgpack-1.1.2 multidict-6.7.1 multiprocess-0.70.19 ninja-1.13.0 numpy-2.2.6 nvidia-ml-py-13.590.48 nvitop-1.6.2 opencensus-0.11.4 opencensus-context-0.1.3 opentelemetry-api-1.41.1 opentelemetry-exporter-prometheus-0.62b1 opentelemetry-proto-1.41.1 opentelemetry-sdk-1.41.1 opentelemetry-semantic-conventions-0.62b1 optimum-2.1.0 optree-0.19.0 packaging-26.0 pandas-3.0.2 peft-0.18.1 platformdirs-4.9.6 prometheus_client-0.25.0 propcache-0.5.2 proto-plus-1.28.0 protobuf-6.33.6 psutil-7.2.2 py-cpuinfo-9.0.0 py-spy-0.4.2 pyarrow-23.0.1 pyasn1-0.6.3 pyasn1-modules-0.4.2 pycparser-3.0 pydantic-2.13.4 pydantic-core-2.46.4 pygments-2.20.0 pynvml-13.0.1 pyparsing-3.3.2 python-dateutil-2.9.0.post0 python-discovery-1.3.1 pyyaml-6.0.3 ray-2.48.0 referencing-0.37.0 regex-2026.5.9 requests-2.34.2 rich-15.0.0 rpds-py-0.30.0 safetensors-0.7.0 sentencepiece-0.2.1 sentry-sdk-2.60.0 shellingham-1.5.4 six-1.17.0 smart_open-7.6.1 smmap-5.0.3 tensorboard-2.20.0 tensorboard-data-server-0.7.2 tokenizers-0.22.2 torchdata-0.11.0 torchmetrics-1.9.0 tqdm-4.67.3 transformers-5.8.1 transformers-stream-generator-0.0.5 typer-0.25.1 typing-inspection-0.4.2 urllib3-2.7.0 virtualenv-21.3.3 wandb-0.25.1 werkzeug-3.1.8 wrapt-2.1.2 xxhash-3.7.0 yarl-1.23.0 zipp-3.23.1
[2026-05-16 15:59:05] 
[2026-05-16 15:59:05] [15:59:05] Installing student transformers from git ref db9f18c370c92e971172e69bc9a88854947d9fc5
[2026-05-16 15:59:05] Looking in indexes: https://mirrors.aliyun.com/pypi/simple/
[2026-05-16 15:59:05] Looking in links: /mnt/data/ebft-distribution-new/caches/wheels
[2026-05-16 15:59:05] Collecting git+https://github.com/huggingface/transformers.git@db9f18c370c92e971172e69bc9a88854947d9fc5
[2026-05-16 15:59:05]   Cloning https://github.com/huggingface/transformers.git (to revision db9f18c370c92e971172e69bc9a88854947d9fc5) to /tmp/pip-req-build-x5bfj6ko
[2026-05-16 15:59:05]   Running command git clone --filter=blob:none --quiet https://github.com/huggingface/transformers.git /tmp/pip-req-build-x5bfj6ko
[2026-05-16 15:59:11] [2026-05-16 15:59:10,796 AIMaster] (job_monitor_controller_k8s.py 1099) INFO: All workers: 2, running: 2, failed: 0, pending: 0
[2026-05-16 15:59:11] [2026-05-16 15:59:10,796 AIMaster] (ops_reported_error_detector.py 103) INFO: Detecting whether the job is affected by errors reported by ops platform.
[2026-05-16 15:59:17]   Running command git rev-parse -q --verify 'sha^db9f18c370c92e971172e69bc9a88854947d9fc5'
[2026-05-16 15:59:17]   Running command git fetch -q https://github.com/huggingface/transformers.git db9f18c370c92e971172e69bc9a88854947d9fc5
[2026-05-16 15:59:19]   Running command git checkout -q db9f18c370c92e971172e69bc9a88854947d9fc5
[2026-05-16 15:59:24]   Resolved https://github.com/huggingface/transformers.git to commit db9f18c370c92e971172e69bc9a88854947d9fc5
[2026-05-16 15:59:24]   Installing build dependencies: started
[2026-05-16 15:59:26]   Installing build dependencies: finished with status 'done'
[2026-05-16 15:59:26]   Getting requirements to build wheel: started
[2026-05-16 15:59:27]   Getting requirements to build wheel: finished with status 'done'
[2026-05-16 15:59:27]   Preparing metadata (pyproject.toml): started
[2026-05-16 15:59:27]   Preparing metadata (pyproject.toml): finished with status 'done'
[2026-05-16 15:59:27] Requirement already satisfied: huggingface-hub<2.0,>=1.5.0 in /mnt/workspace/venvs/.venv/lib/python3.12/site-packages (from transformers==5.6.0.dev0) (1.10.1)
[2026-05-16 15:59:27] Requirement already satisfied: numpy>=1.17 in /mnt/workspace/venvs/.venv/lib/python3.12/site-packages (from transformers==5.6.0.dev0) (2.2.6)
[2026-05-16 15:59:27] Requirement already satisfied: packaging>=20.0 in /mnt/workspace/venvs/.venv/lib/python3.12/site-packages (from transformers==5.6.0.dev0) (26.0)
[2026-05-16 15:59:27] Requirement already satisfied: pyyaml>=5.1 in /mnt/workspace/venvs/.venv/lib/python3.12/site-packages (from transformers==5.6.0.dev0) (6.0.3)
[2026-05-16 15:59:27] Requirement already satisfied: regex>=2025.10.22 in /mnt/workspace/venvs/.venv/lib/python3.12/site-packages (from transformers==5.6.0.dev0) (2026.5.9)
[2026-05-16 15:59:27] Requirement already satisfied: tokenizers<=0.23.0,>=0.22.0 in /mnt/workspace/venvs/.venv/lib/python3.12/site-packages (from transformers==5.6.0.dev0) (0.22.2)
[2026-05-16 15:59:27] Requirement already satisfied: typer in /mnt/workspace/venvs/.venv/lib/python3.12/site-packages (from transformers==5.6.0.dev0) (0.25.1)
[2026-05-16 15:59:27] Requirement already satisfied: safetensors>=0.4.3 in /mnt/workspace/venvs/.venv/lib/python3.12/site-packages (from transformers==5.6.0.dev0) (0.7.0)
[2026-05-16 15:59:27] Requirement already satisfied: tqdm>=4.27 in /mnt/workspace/venvs/.venv/lib/python3.12/site-packages (from transformers==5.6.0.dev0) (4.67.3)
[2026-05-16 15:59:27] Requirement already satisfied: filelock>=3.10.0 in /mnt/workspace/venvs/.venv/lib/python3.12/site-packages (from huggingface-hub<2.0,>=1.5.0->transformers==5.6.0.dev0) (3.29.0)
[2026-05-16 15:59:27] Requirement already satisfied: fsspec>=2023.5.0 in /mnt/workspace/venvs/.venv/lib/python3.12/site-packages (from huggingface-hub<2.0,>=1.5.0->transformers==5.6.0.dev0) (2026.2.0)
[2026-05-16 15:59:27] Requirement already satisfied: hf-xet<2.0.0,>=1.4.3 in /mnt/workspace/venvs/.venv/lib/python3.12/site-packages (from huggingface-hub<2.0,>=1.5.0->transformers==5.6.0.dev0) (1.5.0)
[2026-05-16 15:59:27] Requirement already satisfied: httpx<1,>=0.23.0 in /mnt/workspace/venvs/.venv/lib/python3.12/site-packages (from huggingface-hub<2.0,>=1.5.0->transformers==5.6.0.dev0) (0.28.1)
[2026-05-16 15:59:27] Requirement already satisfied: typing-extensions>=4.1.0 in /mnt/workspace/venvs/.venv/lib/python3.12/site-packages (from huggingface-hub<2.0,>=1.5.0->transformers==5.6.0.dev0) (4.15.0)
[2026-05-16 15:59:27] Requirement already satisfied: anyio in /mnt/workspace/venvs/.venv/lib/python3.12/site-packages (from httpx<1,>=0.23.0->huggingface-hub<2.0,>=1.5.0->transformers==5.6.0.dev0) (4.13.0)
[2026-05-16 15:59:27] Requirement already satisfied: certifi in /mnt/workspace/venvs/.venv/lib/python3.12/site-packages (from httpx<1,>=0.23.0->huggingface-hub<2.0,>=1.5.0->transformers==5.6.0.dev0) (2026.4.22)
[2026-05-16 15:59:27] Requirement already satisfied: httpcore==1.* in /mnt/workspace/venvs/.venv/lib/python3.12/site-packages (from httpx<1,>=0.23.0->huggingface-hub<2.0,>=1.5.0->transformers==5.6.0.dev0) (1.0.9)
[2026-05-16 15:59:27] Requirement already satisfied: idna in /mnt/workspace/venvs/.venv/lib/python3.12/site-packages (from httpx<1,>=0.23.0->huggingface-hub<2.0,>=1.5.0->transformers==5.6.0.dev0) (3.15)
[2026-05-16 15:59:27] Requirement already satisfied: h11>=0.16 in /mnt/workspace/venvs/.venv/lib/python3.12/site-packages (from httpcore==1.*->httpx<1,>=0.23.0->huggingface-hub<2.0,>=1.5.0->transformers==5.6.0.dev0) (0.16.0)
[2026-05-16 15:59:27] Requirement already satisfied: click>=8.2.1 in /mnt/workspace/venvs/.venv/lib/python3.12/site-packages (from typer->transformers==5.6.0.dev0) (8.3.3)
[2026-05-16 15:59:27] Requirement already satisfied: shellingham>=1.3.0 in /mnt/workspace/venvs/.venv/lib/python3.12/site-packages (from typer->transformers==5.6.0.dev0) (1.5.4)
[2026-05-16 15:59:27] Requirement already satisfied: rich>=13.8.0 in /mnt/workspace/venvs/.venv/lib/python3.12/site-packages (from typer->transformers==5.6.0.dev0) (15.0.0)
[2026-05-16 15:59:27] Requirement already satisfied: annotated-doc>=0.0.2 in /mnt/workspace/venvs/.venv/lib/python3.12/site-packages (from typer->transformers==5.6.0.dev0) (0.0.4)
[2026-05-16 15:59:27] Requirement already satisfied: markdown-it-py>=2.2.0 in /mnt/workspace/venvs/.venv/lib/python3.12/site-packages (from rich>=13.8.0->typer->transformers==5.6.0.dev0) (4.2.0)
[2026-05-16 15:59:27] Requirement already satisfied: pygments<3.0.0,>=2.13.0 in /mnt/workspace/venvs/.venv/lib/python3.12/site-packages (from rich>=13.8.0->typer->transformers==5.6.0.dev0) (2.20.0)
[2026-05-16 15:59:27] Requirement already satisfied: mdurl~=0.1 in /mnt/workspace/venvs/.venv/lib/python3.12/site-packages (from markdown-it-py>=2.2.0->rich>=13.8.0->typer->transformers==5.6.0.dev0) (0.1.2)
[2026-05-16 15:59:28] Building wheels for collected packages: transformers
[2026-05-16 15:59:28]   Building wheel for transformers (pyproject.toml): started
[2026-05-16 15:59:30]   Building wheel for transformers (pyproject.toml): finished with status 'done'
[2026-05-16 15:59:30]   Created wheel for transformers: filename=transformers-5.6.0.dev0-py3-none-any.whl size=11353921 sha256=b7a1570a85cdff5d8efebc8398d6d28d15c0a54025522babf9258d8266ae18d2
[2026-05-16 15:59:30]   Stored in directory: /root/.cache/pip/wheels/96/a0/0a/65fe9775eed2664c721510a616fa31feb2014a6e8188a703c6
[2026-05-16 15:59:30] Successfully built transformers
[2026-05-16 15:59:30] Installing collected packages: transformers
[2026-05-16 15:59:30]   Attempting uninstall: transformers
[2026-05-16 15:59:30]     Found existing installation: transformers 5.8.1
[2026-05-16 15:59:31]     Uninstalling transformers-5.8.1:
[2026-05-16 15:59:31]       Successfully uninstalled transformers-5.8.1
[2026-05-16 15:59:37] Successfully installed transformers-5.6.0.dev0
[2026-05-16 15:59:38] 
[2026-05-16 15:59:38] [15:59:37] Installing student flash-attn==2.8.3
[2026-05-16 15:59:38] 
[2026-05-16 15:59:38] [15:59:38] Installing flash-attn from local wheel /mnt/data/ebft-distribution-new/code/flash_attn-2.8.3+cu124torch2.5-cp312-cp312-linux_x86_64.whl
[2026-05-16 15:59:38] Looking in indexes: https://mirrors.aliyun.com/pypi/simple/
[2026-05-16 15:59:38] Looking in links: /mnt/data/ebft-distribution-new/caches/wheels
[2026-05-16 15:59:38] Processing /mnt/data/ebft-distribution-new/code/flash_attn-2.8.3+cu124torch2.5-cp312-cp312-linux_x86_64.whl
[2026-05-16 15:59:39] Requirement already satisfied: torch in /mnt/workspace/venvs/.venv/lib/python3.12/site-packages (from flash-attn==2.8.3+cu124torch2.5) (2.5.1+cu124)
[2026-05-16 15:59:39] Requirement already satisfied: einops in /mnt/workspace/venvs/.venv/lib/python3.12/site-packages (from flash-attn==2.8.3+cu124torch2.5) (0.8.2)
[2026-05-16 15:59:39] Requirement already satisfied: filelock in /mnt/workspace/venvs/.venv/lib/python3.12/site-packages (from torch->flash-attn==2.8.3+cu124torch2.5) (3.29.0)
[2026-05-16 15:59:39] Requirement already satisfied: typing-extensions>=4.8.0 in /mnt/workspace/venvs/.venv/lib/python3.12/site-packages (from torch->flash-attn==2.8.3+cu124torch2.5) (4.15.0)
[2026-05-16 15:59:39] Requirement already satisfied: networkx in /mnt/workspace/venvs/.venv/lib/python3.12/site-packages (from torch->flash-attn==2.8.3+cu124torch2.5) (3.6.1)
[2026-05-16 15:59:39] Requirement already satisfied: jinja2 in /mnt/workspace/venvs/.venv/lib/python3.12/site-packages (from torch->flash-attn==2.8.3+cu124torch2.5) (3.1.6)
[2026-05-16 15:59:39] Requirement already satisfied: fsspec in /mnt/workspace/venvs/.venv/lib/python3.12/site-packages (from torch->flash-attn==2.8.3+cu124torch2.5) (2026.2.0)
[2026-05-16 15:59:39] Requirement already satisfied: nvidia-cuda-nvrtc-cu12==12.4.127 in /mnt/workspace/venvs/.venv/lib/python3.12/site-packages (from torch->flash-attn==2.8.3+cu124torch2.5) (12.4.127)
[2026-05-16 15:59:39] Requirement already satisfied: nvidia-cuda-runtime-cu12==12.4.127 in /mnt/workspace/venvs/.venv/lib/python3.12/site-packages (from torch->flash-attn==2.8.3+cu124torch2.5) (12.4.127)
[2026-05-16 15:59:39] Requirement already satisfied: nvidia-cuda-cupti-cu12==12.4.127 in /mnt/workspace/venvs/.venv/lib/python3.12/site-packages (from torch->flash-attn==2.8.3+cu124torch2.5) (12.4.127)
[2026-05-16 15:59:39] Requirement already satisfied: nvidia-cudnn-cu12==9.1.0.70 in /mnt/workspace/venvs/.venv/lib/python3.12/site-packages (from torch->flash-attn==2.8.3+cu124torch2.5) (9.1.0.70)
[2026-05-16 15:59:39] Requirement already satisfied: nvidia-cublas-cu12==12.4.5.8 in /mnt/workspace/venvs/.venv/lib/python3.12/site-packages (from torch->flash-attn==2.8.3+cu124torch2.5) (12.4.5.8)
[2026-05-16 15:59:39] Requirement already satisfied: nvidia-cufft-cu12==11.2.1.3 in /mnt/workspace/venvs/.venv/lib/python3.12/site-packages (from torch->flash-attn==2.8.3+cu124torch2.5) (11.2.1.3)
[2026-05-16 15:59:39] Requirement already satisfied: nvidia-curand-cu12==10.3.5.147 in /mnt/workspace/venvs/.venv/lib/python3.12/site-packages (from torch->flash-attn==2.8.3+cu124torch2.5) (10.3.5.147)
[2026-05-16 15:59:39] Requirement already satisfied: nvidia-cusolver-cu12==11.6.1.9 in /mnt/workspace/venvs/.venv/lib/python3.12/site-packages (from torch->flash-attn==2.8.3+cu124torch2.5) (11.6.1.9)
[2026-05-16 15:59:39] Requirement already satisfied: nvidia-cusparse-cu12==12.3.1.170 in /mnt/workspace/venvs/.venv/lib/python3.12/site-packages (from torch->flash-attn==2.8.3+cu124torch2.5) (12.3.1.170)
[2026-05-16 15:59:39] Requirement already satisfied: nvidia-nccl-cu12==2.21.5 in /mnt/workspace/venvs/.venv/lib/python3.12/site-packages (from torch->flash-attn==2.8.3+cu124torch2.5) (2.21.5)
[2026-05-16 15:59:39] Requirement already satisfied: nvidia-nvtx-cu12==12.4.127 in /mnt/workspace/venvs/.venv/lib/python3.12/site-packages (from torch->flash-attn==2.8.3+cu124torch2.5) (12.4.127)
[2026-05-16 15:59:39] Requirement already satisfied: nvidia-nvjitlink-cu12==12.4.127 in /mnt/workspace/venvs/.venv/lib/python3.12/site-packages (from torch->flash-attn==2.8.3+cu124torch2.5) (12.4.127)
[2026-05-16 15:59:39] Requirement already satisfied: triton==3.1.0 in /mnt/workspace/venvs/.venv/lib/python3.12/site-packages (from torch->flash-attn==2.8.3+cu124torch2.5) (3.1.0)
[2026-05-16 15:59:39] Requirement already satisfied: setuptools in /mnt/workspace/venvs/.venv/lib/python3.12/site-packages (from torch->flash-attn==2.8.3+cu124torch2.5) (82.0.1)
[2026-05-16 15:59:39] Requirement already satisfied: sympy==1.13.1 in /mnt/workspace/venvs/.venv/lib/python3.12/site-packages (from torch->flash-attn==2.8.3+cu124torch2.5) (1.13.1)
[2026-05-16 15:59:39] Requirement already satisfied: mpmath<1.4,>=1.1.0 in /mnt/workspace/venvs/.venv/lib/python3.12/site-packages (from sympy==1.13.1->torch->flash-attn==2.8.3+cu124torch2.5) (1.3.0)
[2026-05-16 15:59:39] Requirement already satisfied: MarkupSafe>=2.0 in /mnt/workspace/venvs/.venv/lib/python3.12/site-packages (from jinja2->torch->flash-attn==2.8.3+cu124torch2.5) (3.0.3)
[2026-05-16 15:59:39] Installing collected packages: flash-attn
[2026-05-16 15:59:41] Successfully installed flash-attn-2.8.3+cu124torch2.5
[2026-05-16 15:59:41] 
[2026-05-16 15:59:41] [15:59:41] Installing this repo (editable) into /mnt/workspace/venvs/.venv
[2026-05-16 15:59:41] Looking in indexes: https://mirrors.aliyun.com/pypi/simple/
[2026-05-16 15:59:41] Looking in links: /mnt/data/ebft-distribution-new/caches/wheels
[2026-05-16 15:59:41] Obtaining file:///mnt/data/ebft-distribution-new/code
[2026-05-16 15:59:41]   Installing build dependencies: started
[2026-05-16 15:59:41] [2026-05-16 15:59:41,063 AIMaster] (job_monitor_controller_k8s.py 1099) INFO: All workers: 2, running: 2, failed: 0, pending: 0
[2026-05-16 15:59:42] [2026-05-16 15:59:42,555 AIMaster] (config.py 347) INFO: Try loading config from pai-aimaster-new configmap.
[2026-05-16 15:59:45]   Installing build dependencies: finished with status 'done'
[2026-05-16 15:59:45]   Checking if build backend supports build_editable: started
[2026-05-16 15:59:45]   Checking if build backend supports build_editable: finished with status 'done'
[2026-05-16 15:59:45]   Getting requirements to build editable: started
[2026-05-16 15:59:46]   Getting requirements to build editable: finished with status 'done'
[2026-05-16 15:59:46]   Preparing editable metadata (pyproject.toml): started
[2026-05-16 15:59:47]   Preparing editable metadata (pyproject.toml): finished with status 'done'
[2026-05-16 15:59:47] Requirement already satisfied: accelerate in /mnt/workspace/venvs/.venv/lib/python3.12/site-packages (from openrlhf==0.8.9) (1.13.0)
[2026-05-16 15:59:47] Collecting autopep8 (from openrlhf==0.8.9)
[2026-05-16 15:59:47]   Downloading autopep8-2.3.2-py2.py3-none-any.whl (45 kB)
[2026-05-16 15:59:48] Collecting black (from openrlhf==0.8.9)
[2026-05-16 15:59:48]   Downloading black-26.3.1-cp312-cp312-manylinux2014_x86_64.manylinux_2_17_x86_64.manylinux_2_28_x86_64.whl (1.8 MB)
[2026-05-16 16:00:04]      ━━━━━━━━━━━━━━━━━━━━━━━━━━━━━━━━━━━━━━━━ 1.8/1.8 MB 115.5 kB/s  0:00:15
[2026-05-16 16:00:04] Requirement already satisfied: bitsandbytes in /mnt/workspace/venvs/.venv/lib/python3.12/site-packages (from openrlhf==0.8.9) (0.49.2)
[2026-05-16 16:00:04] Requirement already satisfied: datasets in /mnt/workspace/venvs/.venv/lib/python3.12/site-packages (from openrlhf==0.8.9) (4.8.4)
[2026-05-16 16:00:04] Requirement already satisfied: deepspeed in /mnt/workspace/venvs/.venv/lib/python3.12/site-packages (from openrlhf==0.8.9) (0.18.9)
[2026-05-16 16:00:04] Requirement already satisfied: einops in /mnt/workspace/venvs/.venv/lib/python3.12/site-packages (from openrlhf==0.8.9) (0.8.2)
[2026-05-16 16:00:04] Requirement already satisfied: grpcio in /mnt/workspace/venvs/.venv/lib/python3.12/site-packages (from openrlhf==0.8.9) (1.80.0)
[2026-05-16 16:00:04] Collecting isort (from openrlhf==0.8.9)
[2026-05-16 16:00:04]   Downloading isort-8.0.1-py3-none-any.whl (89 kB)
[2026-05-16 16:00:04] Requirement already satisfied: jsonlines in /mnt/workspace/venvs/.venv/lib/python3.12/site-packages (from openrlhf==0.8.9) (4.0.0)
[2026-05-16 16:00:04] Requirement already satisfied: loralib in /mnt/workspace/venvs/.venv/lib/python3.12/site-packages (from openrlhf==0.8.9) (0.1.2)
[2026-05-16 16:00:04] Requirement already satisfied: optimum in /mnt/workspace/venvs/.venv/lib/python3.12/site-packages (from openrlhf==0.8.9) (2.1.0)
[2026-05-16 16:00:04] Requirement already satisfied: optree in /mnt/workspace/venvs/.venv/lib/python3.12/site-packages (from openrlhf==0.8.9) (0.19.0)
[2026-05-16 16:00:04] Requirement already satisfied: packaging in /mnt/workspace/venvs/.venv/lib/python3.12/site-packages (from openrlhf==0.8.9) (26.0)
[2026-05-16 16:00:04] Requirement already satisfied: peft in /mnt/workspace/venvs/.venv/lib/python3.12/site-packages (from openrlhf==0.8.9) (0.18.1)
[2026-05-16 16:00:04] Requirement already satisfied: pynvml in /mnt/workspace/venvs/.venv/lib/python3.12/site-packages (from openrlhf==0.8.9) (13.0.1)
[2026-05-16 16:00:04] Requirement already satisfied: ray==2.48.0 in /mnt/workspace/venvs/.venv/lib/python3.12/site-packages (from ray[default]==2.48.0->openrlhf==0.8.9) (2.48.0)
[2026-05-16 16:00:04] Requirement already satisfied: tensorboard in /mnt/workspace/venvs/.venv/lib/python3.12/site-packages (from openrlhf==0.8.9) (2.20.0)
[2026-05-16 16:00:04] Requirement already satisfied: torch in /mnt/workspace/venvs/.venv/lib/python3.12/site-packages (from openrlhf==0.8.9) (2.5.1+cu124)
[2026-05-16 16:00:04] Requirement already satisfied: torchdata in /mnt/workspace/venvs/.venv/lib/python3.12/site-packages (from openrlhf==0.8.9) (0.11.0)
[2026-05-16 16:00:04] Requirement already satisfied: torchmetrics in /mnt/workspace/venvs/.venv/lib/python3.12/site-packages (from openrlhf==0.8.9) (1.9.0)
[2026-05-16 16:00:04] Requirement already satisfied: tqdm in /mnt/workspace/venvs/.venv/lib/python3.12/site-packages (from openrlhf==0.8.9) (4.67.3)
[2026-05-16 16:00:04] Requirement already satisfied: transformers in /mnt/workspace/venvs/.venv/lib/python3.12/site-packages (from openrlhf==0.8.9) (5.6.0.dev0)
[2026-05-16 16:00:04] Requirement already satisfied: transformers_stream_generator in /mnt/workspace/venvs/.venv/lib/python3.12/site-packages (from openrlhf==0.8.9) (0.0.5)
[2026-05-16 16:00:04] Requirement already satisfied: matplotlib in /mnt/workspace/venvs/.venv/lib/python3.12/site-packages (from openrlhf==0.8.9) (3.10.8)
[2026-05-16 16:00:04] Requirement already satisfied: pyyaml in /mnt/workspace/venvs/.venv/lib/python3.12/site-packages (from openrlhf==0.8.9) (6.0.3)
[2026-05-16 16:00:04] Requirement already satisfied: wandb in /mnt/workspace/venvs/.venv/lib/python3.12/site-packages (from openrlhf==0.8.9) (0.25.1)
[2026-05-16 16:00:04] Requirement already satisfied: wheel in /mnt/workspace/venvs/.venv/lib/python3.12/site-packages (from openrlhf==0.8.9) (0.46.3)
[2026-05-16 16:00:04] Requirement already satisfied: nvitop in /mnt/workspace/venvs/.venv/lib/python3.12/site-packages (from openrlhf==0.8.9) (1.6.2)
[2026-05-16 16:00:04] Requirement already satisfied: click>=7.0 in /mnt/workspace/venvs/.venv/lib/python3.12/site-packages (from ray==2.48.0->ray[default]==2.48.0->openrlhf==0.8.9) (8.3.3)
[2026-05-16 16:00:04] Requirement already satisfied: filelock in /mnt/workspace/venvs/.venv/lib/python3.12/site-packages (from ray==2.48.0->ray[default]==2.48.0->openrlhf==0.8.9) (3.29.0)
[2026-05-16 16:00:04] Requirement already satisfied: jsonschema in /mnt/workspace/venvs/.venv/lib/python3.12/site-packages (from ray==2.48.0->ray[default]==2.48.0->openrlhf==0.8.9) (4.26.0)
[2026-05-16 16:00:04] Requirement already satisfied: msgpack<2.0.0,>=1.0.0 in /mnt/workspace/venvs/.venv/lib/python3.12/site-packages (from ray==2.48.0->ray[default]==2.48.0->openrlhf==0.8.9) (1.1.2)
[2026-05-16 16:00:04] Requirement already satisfied: protobuf!=3.19.5,>=3.15.3 in /mnt/workspace/venvs/.venv/lib/python3.12/site-packages (from ray==2.48.0->ray[default]==2.48.0->openrlhf==0.8.9) (6.33.6)
[2026-05-16 16:00:04] Requirement already satisfied: requests in /mnt/workspace/venvs/.venv/lib/python3.12/site-packages (from ray==2.48.0->ray[default]==2.48.0->openrlhf==0.8.9) (2.34.2)
[2026-05-16 16:00:04] Requirement already satisfied: aiohttp>=3.7 in /mnt/workspace/venvs/.venv/lib/python3.12/site-packages (from ray[default]==2.48.0->openrlhf==0.8.9) (3.13.5)
[2026-05-16 16:00:04] Requirement already satisfied: aiohttp_cors in /mnt/workspace/venvs/.venv/lib/python3.12/site-packages (from ray[default]==2.48.0->openrlhf==0.8.9) (0.8.1)
[2026-05-16 16:00:04] Requirement already satisfied: colorful in /mnt/workspace/venvs/.venv/lib/python3.12/site-packages (from ray[default]==2.48.0->openrlhf==0.8.9) (0.5.8)
[2026-05-16 16:00:04] Requirement already satisfied: py-spy>=0.4.0 in /mnt/workspace/venvs/.venv/lib/python3.12/site-packages (from ray[default]==2.48.0->openrlhf==0.8.9) (0.4.2)
[2026-05-16 16:00:04] Requirement already satisfied: opencensus in /mnt/workspace/venvs/.venv/lib/python3.12/site-packages (from ray[default]==2.48.0->openrlhf==0.8.9) (0.11.4)
[2026-05-16 16:00:04] Requirement already satisfied: opentelemetry-sdk>=1.30.0 in /mnt/workspace/venvs/.venv/lib/python3.12/site-packages (from ray[default]==2.48.0->openrlhf==0.8.9) (1.41.1)
[2026-05-16 16:00:04] Requirement already satisfied: opentelemetry-exporter-prometheus in /mnt/workspace/venvs/.venv/lib/python3.12/site-packages (from ray[default]==2.48.0->openrlhf==0.8.9) (0.62b1)
[2026-05-16 16:00:04] Requirement already satisfied: opentelemetry-proto in /mnt/workspace/venvs/.venv/lib/python3.12/site-packages (from ray[default]==2.48.0->openrlhf==0.8.9) (1.41.1)
[2026-05-16 16:00:04] Requirement already satisfied: pydantic!=2.0.*,!=2.1.*,!=2.2.*,!=2.3.*,!=2.4.*,<3 in /mnt/workspace/venvs/.venv/lib/python3.12/site-packages (from ray[default]==2.48.0->openrlhf==0.8.9) (2.13.4)
[2026-05-16 16:00:04] Requirement already satisfied: prometheus_client>=0.7.1 in /mnt/workspace/venvs/.venv/lib/python3.12/site-packages (from ray[default]==2.48.0->openrlhf==0.8.9) (0.25.0)
[2026-05-16 16:00:04] Requirement already satisfied: smart_open in /mnt/workspace/venvs/.venv/lib/python3.12/site-packages (from ray[default]==2.48.0->openrlhf==0.8.9) (7.6.1)
[2026-05-16 16:00:04] Requirement already satisfied: virtualenv!=20.21.1,>=20.0.24 in /mnt/workspace/venvs/.venv/lib/python3.12/site-packages (from ray[default]==2.48.0->openrlhf==0.8.9) (21.3.3)
[2026-05-16 16:00:04] Requirement already satisfied: annotated-types>=0.6.0 in /mnt/workspace/venvs/.venv/lib/python3.12/site-packages (from pydantic!=2.0.*,!=2.1.*,!=2.2.*,!=2.3.*,!=2.4.*,<3->ray[default]==2.48.0->openrlhf==0.8.9) (0.7.0)
[2026-05-16 16:00:04] Requirement already satisfied: pydantic-core==2.46.4 in /mnt/workspace/venvs/.venv/lib/python3.12/site-packages (from pydantic!=2.0.*,!=2.1.*,!=2.2.*,!=2.3.*,!=2.4.*,<3->ray[default]==2.48.0->openrlhf==0.8.9) (2.46.4)
[2026-05-16 16:00:04] Requirement already satisfied: typing-extensions>=4.14.1 in /mnt/workspace/venvs/.venv/lib/python3.12/site-packages (from pydantic!=2.0.*,!=2.1.*,!=2.2.*,!=2.3.*,!=2.4.*,<3->ray[default]==2.48.0->openrlhf==0.8.9) (4.15.0)
[2026-05-16 16:00:04] Requirement already satisfied: typing-inspection>=0.4.2 in /mnt/workspace/venvs/.venv/lib/python3.12/site-packages (from pydantic!=2.0.*,!=2.1.*,!=2.2.*,!=2.3.*,!=2.4.*,<3->ray[default]==2.48.0->openrlhf==0.8.9) (0.4.2)
[2026-05-16 16:00:04] Requirement already satisfied: aiohappyeyeballs>=2.5.0 in /mnt/workspace/venvs/.venv/lib/python3.12/site-packages (from aiohttp>=3.7->ray[default]==2.48.0->openrlhf==0.8.9) (2.6.1)
[2026-05-16 16:00:04] Requirement already satisfied: aiosignal>=1.4.0 in /mnt/workspace/venvs/.venv/lib/python3.12/site-packages (from aiohttp>=3.7->ray[default]==2.48.0->openrlhf==0.8.9) (1.4.0)
[2026-05-16 16:00:04] Requirement already satisfied: attrs>=17.3.0 in /mnt/workspace/venvs/.venv/lib/python3.12/site-packages (from aiohttp>=3.7->ray[default]==2.48.0->openrlhf==0.8.9) (26.1.0)
[2026-05-16 16:00:04] Requirement already satisfied: frozenlist>=1.1.1 in /mnt/workspace/venvs/.venv/lib/python3.12/site-packages (from aiohttp>=3.7->ray[default]==2.48.0->openrlhf==0.8.9) (1.8.0)
[2026-05-16 16:00:04] Requirement already satisfied: multidict<7.0,>=4.5 in /mnt/workspace/venvs/.venv/lib/python3.12/site-packages (from aiohttp>=3.7->ray[default]==2.48.0->openrlhf==0.8.9) (6.7.1)
[2026-05-16 16:00:04] Requirement already satisfied: propcache>=0.2.0 in /mnt/workspace/venvs/.venv/lib/python3.12/site-packages (from aiohttp>=3.7->ray[default]==2.48.0->openrlhf==0.8.9) (0.5.2)
[2026-05-16 16:00:04] Requirement already satisfied: yarl<2.0,>=1.17.0 in /mnt/workspace/venvs/.venv/lib/python3.12/site-packages (from aiohttp>=3.7->ray[default]==2.48.0->openrlhf==0.8.9) (1.23.0)
[2026-05-16 16:00:04] Requirement already satisfied: idna>=2.0 in /mnt/workspace/venvs/.venv/lib/python3.12/site-packages (from yarl<2.0,>=1.17.0->aiohttp>=3.7->ray[default]==2.48.0->openrlhf==0.8.9) (3.15)
[2026-05-16 16:00:04] Requirement already satisfied: opentelemetry-api==1.41.1 in /mnt/workspace/venvs/.venv/lib/python3.12/site-packages (from opentelemetry-sdk>=1.30.0->ray[default]==2.48.0->openrlhf==0.8.9) (1.41.1)
[2026-05-16 16:00:04] Requirement already satisfied: opentelemetry-semantic-conventions==0.62b1 in /mnt/workspace/venvs/.venv/lib/python3.12/site-packages (from opentelemetry-sdk>=1.30.0->ray[default]==2.48.0->openrlhf==0.8.9) (0.62b1)
[2026-05-16 16:00:04] Requirement already satisfied: importlib-metadata<8.8.0,>=6.0 in /mnt/workspace/venvs/.venv/lib/python3.12/site-packages (from opentelemetry-api==1.41.1->opentelemetry-sdk>=1.30.0->ray[default]==2.48.0->openrlhf==0.8.9) (8.7.1)
[2026-05-16 16:00:04] Requirement already satisfied: zipp>=3.20 in /mnt/workspace/venvs/.venv/lib/python3.12/site-packages (from importlib-metadata<8.8.0,>=6.0->opentelemetry-api==1.41.1->opentelemetry-sdk>=1.30.0->ray[default]==2.48.0->openrlhf==0.8.9) (3.23.1)
[2026-05-16 16:00:04] Requirement already satisfied: distlib<1,>=0.3.7 in /mnt/workspace/venvs/.venv/lib/python3.12/site-packages (from virtualenv!=20.21.1,>=20.0.24->ray[default]==2.48.0->openrlhf==0.8.9) (0.4.0)
[2026-05-16 16:00:04] Requirement already satisfied: platformdirs<5,>=3.9.1 in /mnt/workspace/venvs/.venv/lib/python3.12/site-packages (from virtualenv!=20.21.1,>=20.0.24->ray[default]==2.48.0->openrlhf==0.8.9) (4.9.6)
[2026-05-16 16:00:04] Requirement already satisfied: python-discovery>=1.3.1 in /mnt/workspace/venvs/.venv/lib/python3.12/site-packages (from virtualenv!=20.21.1,>=20.0.24->ray[default]==2.48.0->openrlhf==0.8.9) (1.3.1)
[2026-05-16 16:00:04] Requirement already satisfied: numpy>=1.17 in /mnt/workspace/venvs/.venv/lib/python3.12/site-packages (from accelerate->openrlhf==0.8.9) (2.2.6)
[2026-05-16 16:00:04] Requirement already satisfied: psutil in /mnt/workspace/venvs/.venv/lib/python3.12/site-packages (from accelerate->openrlhf==0.8.9) (7.2.2)
[2026-05-16 16:00:04] Requirement already satisfied: huggingface_hub>=0.21.0 in /mnt/workspace/venvs/.venv/lib/python3.12/site-packages (from accelerate->openrlhf==0.8.9) (1.10.1)
[2026-05-16 16:00:04] Requirement already satisfied: safetensors>=0.4.3 in /mnt/workspace/venvs/.venv/lib/python3.12/site-packages (from accelerate->openrlhf==0.8.9) (0.7.0)
[2026-05-16 16:00:04] Requirement already satisfied: fsspec>=2023.5.0 in /mnt/workspace/venvs/.venv/lib/python3.12/site-packages (from huggingface_hub>=0.21.0->accelerate->openrlhf==0.8.9) (2026.2.0)
[2026-05-16 16:00:04] Requirement already satisfied: hf-xet<2.0.0,>=1.4.3 in /mnt/workspace/venvs/.venv/lib/python3.12/site-packages (from huggingface_hub>=0.21.0->accelerate->openrlhf==0.8.9) (1.5.0)
[2026-05-16 16:00:04] Requirement already satisfied: httpx<1,>=0.23.0 in /mnt/workspace/venvs/.venv/lib/python3.12/site-packages (from huggingface_hub>=0.21.0->accelerate->openrlhf==0.8.9) (0.28.1)
[2026-05-16 16:00:04] Requirement already satisfied: typer in /mnt/workspace/venvs/.venv/lib/python3.12/site-packages (from huggingface_hub>=0.21.0->accelerate->openrlhf==0.8.9) (0.25.1)
[2026-05-16 16:00:04] Requirement already satisfied: anyio in /mnt/workspace/venvs/.venv/lib/python3.12/site-packages (from httpx<1,>=0.23.0->huggingface_hub>=0.21.0->accelerate->openrlhf==0.8.9) (4.13.0)
[2026-05-16 16:00:04] Requirement already satisfied: certifi in /mnt/workspace/venvs/.venv/lib/python3.12/site-packages (from httpx<1,>=0.23.0->huggingface_hub>=0.21.0->accelerate->openrlhf==0.8.9) (2026.4.22)
[2026-05-16 16:00:04] Requirement already satisfied: httpcore==1.* in /mnt/workspace/venvs/.venv/lib/python3.12/site-packages (from httpx<1,>=0.23.0->huggingface_hub>=0.21.0->accelerate->openrlhf==0.8.9) (1.0.9)
[2026-05-16 16:00:04] Requirement already satisfied: h11>=0.16 in /mnt/workspace/venvs/.venv/lib/python3.12/site-packages (from httpcore==1.*->httpx<1,>=0.23.0->huggingface_hub>=0.21.0->accelerate->openrlhf==0.8.9) (0.16.0)
[2026-05-16 16:00:04] Requirement already satisfied: networkx in /mnt/workspace/venvs/.venv/lib/python3.12/site-packages (from torch->openrlhf==0.8.9) (3.6.1)
[2026-05-16 16:00:04] Requirement already satisfied: jinja2 in /mnt/workspace/venvs/.venv/lib/python3.12/site-packages (from torch->openrlhf==0.8.9) (3.1.6)
[2026-05-16 16:00:04] Requirement already satisfied: nvidia-cuda-nvrtc-cu12==12.4.127 in /mnt/workspace/venvs/.venv/lib/python3.12/site-packages (from torch->openrlhf==0.8.9) (12.4.127)
[2026-05-16 16:00:04] Requirement already satisfied: nvidia-cuda-runtime-cu12==12.4.127 in /mnt/workspace/venvs/.venv/lib/python3.12/site-packages (from torch->openrlhf==0.8.9) (12.4.127)
[2026-05-16 16:00:04] Requirement already satisfied: nvidia-cuda-cupti-cu12==12.4.127 in /mnt/workspace/venvs/.venv/lib/python3.12/site-packages (from torch->openrlhf==0.8.9) (12.4.127)
[2026-05-16 16:00:04] Requirement already satisfied: nvidia-cudnn-cu12==9.1.0.70 in /mnt/workspace/venvs/.venv/lib/python3.12/site-packages (from torch->openrlhf==0.8.9) (9.1.0.70)
[2026-05-16 16:00:04] Requirement already satisfied: nvidia-cublas-cu12==12.4.5.8 in /mnt/workspace/venvs/.venv/lib/python3.12/site-packages (from torch->openrlhf==0.8.9) (12.4.5.8)
[2026-05-16 16:00:04] Requirement already satisfied: nvidia-cufft-cu12==11.2.1.3 in /mnt/workspace/venvs/.venv/lib/python3.12/site-packages (from torch->openrlhf==0.8.9) (11.2.1.3)
[2026-05-16 16:00:04] Requirement already satisfied: nvidia-curand-cu12==10.3.5.147 in /mnt/workspace/venvs/.venv/lib/python3.12/site-packages (from torch->openrlhf==0.8.9) (10.3.5.147)
[2026-05-16 16:00:04] Requirement already satisfied: nvidia-cusolver-cu12==11.6.1.9 in /mnt/workspace/venvs/.venv/lib/python3.12/site-packages (from torch->openrlhf==0.8.9) (11.6.1.9)
[2026-05-16 16:00:04] Requirement already satisfied: nvidia-cusparse-cu12==12.3.1.170 in /mnt/workspace/venvs/.venv/lib/python3.12/site-packages (from torch->openrlhf==0.8.9) (12.3.1.170)
[2026-05-16 16:00:04] Requirement already satisfied: nvidia-nccl-cu12==2.21.5 in /mnt/workspace/venvs/.venv/lib/python3.12/site-packages (from torch->openrlhf==0.8.9) (2.21.5)
[2026-05-16 16:00:04] Requirement already satisfied: nvidia-nvtx-cu12==12.4.127 in /mnt/workspace/venvs/.venv/lib/python3.12/site-packages (from torch->openrlhf==0.8.9) (12.4.127)
[2026-05-16 16:00:04] Requirement already satisfied: nvidia-nvjitlink-cu12==12.4.127 in /mnt/workspace/venvs/.venv/lib/python3.12/site-packages (from torch->openrlhf==0.8.9) (12.4.127)
[2026-05-16 16:00:04] Requirement already satisfied: triton==3.1.0 in /mnt/workspace/venvs/.venv/lib/python3.12/site-packages (from torch->openrlhf==0.8.9) (3.1.0)
[2026-05-16 16:00:04] Requirement already satisfied: setuptools in /mnt/workspace/venvs/.venv/lib/python3.12/site-packages (from torch->openrlhf==0.8.9) (82.0.1)
[2026-05-16 16:00:04] Requirement already satisfied: sympy==1.13.1 in /mnt/workspace/venvs/.venv/lib/python3.12/site-packages (from torch->openrlhf==0.8.9) (1.13.1)
[2026-05-16 16:00:04] Requirement already satisfied: mpmath<1.4,>=1.1.0 in /mnt/workspace/venvs/.venv/lib/python3.12/site-packages (from sympy==1.13.1->torch->openrlhf==0.8.9) (1.3.0)
[2026-05-16 16:00:05] Collecting pycodestyle>=2.12.0 (from autopep8->openrlhf==0.8.9)
[2026-05-16 16:00:05]   Downloading pycodestyle-2.14.0-py2.py3-none-any.whl (31 kB)
[2026-05-16 16:00:05] Collecting mypy-extensions>=0.4.3 (from black->openrlhf==0.8.9)
[2026-05-16 16:00:05]   Downloading mypy_extensions-1.1.0-py3-none-any.whl (5.0 kB)
[2026-05-16 16:00:05] Collecting pathspec>=1.0.0 (from black->openrlhf==0.8.9)
[2026-05-16 16:00:05]   Downloading pathspec-1.1.1-py3-none-any.whl (57 kB)
[2026-05-16 16:00:06] Collecting pytokens~=0.4.0 (from black->openrlhf==0.8.9)
[2026-05-16 16:00:06]   Downloading pytokens-0.4.1-cp312-cp312-manylinux2014_x86_64.manylinux_2_17_x86_64.manylinux_2_28_x86_64.whl (269 kB)
[2026-05-16 16:00:07] Requirement already satisfied: pyarrow>=21.0.0 in /mnt/workspace/venvs/.venv/lib/python3.12/site-packages (from datasets->openrlhf==0.8.9) (23.0.1)
[2026-05-16 16:00:07] Requirement already satisfied: dill<0.4.2,>=0.3.0 in /mnt/workspace/venvs/.venv/lib/python3.12/site-packages (from datasets->openrlhf==0.8.9) (0.4.1)
[2026-05-16 16:00:07] Requirement already satisfied: pandas in /mnt/workspace/venvs/.venv/lib/python3.12/site-packages (from datasets->openrlhf==0.8.9) (3.0.2)
[2026-05-16 16:00:07] Requirement already satisfied: xxhash in /mnt/workspace/venvs/.venv/lib/python3.12/site-packages (from datasets->openrlhf==0.8.9) (3.7.0)
[2026-05-16 16:00:07] Requirement already satisfied: multiprocess<0.70.20 in /mnt/workspace/venvs/.venv/lib/python3.12/site-packages (from datasets->openrlhf==0.8.9) (0.70.19)
[2026-05-16 16:00:07] Requirement already satisfied: charset_normalizer<4,>=2 in /mnt/workspace/venvs/.venv/lib/python3.12/site-packages (from requests->ray==2.48.0->ray[default]==2.48.0->openrlhf==0.8.9) (3.4.7)
[2026-05-16 16:00:07] Requirement already satisfied: urllib3<3,>=1.26 in /mnt/workspace/venvs/.venv/lib/python3.12/site-packages (from requests->ray==2.48.0->ray[default]==2.48.0->openrlhf==0.8.9) (2.7.0)
[2026-05-16 16:00:07] Requirement already satisfied: hjson in /mnt/workspace/venvs/.venv/lib/python3.12/site-packages (from deepspeed->openrlhf==0.8.9) (3.1.0)
[2026-05-16 16:00:07] Requirement already satisfied: ninja in /mnt/workspace/venvs/.venv/lib/python3.12/site-packages (from deepspeed->openrlhf==0.8.9) (1.13.0)
[2026-05-16 16:00:07] Requirement already satisfied: py-cpuinfo in /mnt/workspace/venvs/.venv/lib/python3.12/site-packages (from deepspeed->openrlhf==0.8.9) (9.0.0)
[2026-05-16 16:00:07] Requirement already satisfied: MarkupSafe>=2.0 in /mnt/workspace/venvs/.venv/lib/python3.12/site-packages (from jinja2->torch->openrlhf==0.8.9) (3.0.3)
[2026-05-16 16:00:07] Requirement already satisfied: jsonschema-specifications>=2023.03.6 in /mnt/workspace/venvs/.venv/lib/python3.12/site-packages (from jsonschema->ray==2.48.0->ray[default]==2.48.0->openrlhf==0.8.9) (2025.9.1)
[2026-05-16 16:00:07] Requirement already satisfied: referencing>=0.28.4 in /mnt/workspace/venvs/.venv/lib/python3.12/site-packages (from jsonschema->ray==2.48.0->ray[default]==2.48.0->openrlhf==0.8.9) (0.37.0)
[2026-05-16 16:00:07] Requirement already satisfied: rpds-py>=0.25.0 in /mnt/workspace/venvs/.venv/lib/python3.12/site-packages (from jsonschema->ray==2.48.0->ray[default]==2.48.0->openrlhf==0.8.9) (0.30.0)
[2026-05-16 16:00:07] Requirement already satisfied: contourpy>=1.0.1 in /mnt/workspace/venvs/.venv/lib/python3.12/site-packages (from matplotlib->openrlhf==0.8.9) (1.3.3)
[2026-05-16 16:00:07] Requirement already satisfied: cycler>=0.10 in /mnt/workspace/venvs/.venv/lib/python3.12/site-packages (from matplotlib->openrlhf==0.8.9) (0.12.1)
[2026-05-16 16:00:07] Requirement already satisfied: fonttools>=4.22.0 in /mnt/workspace/venvs/.venv/lib/python3.12/site-packages (from matplotlib->openrlhf==0.8.9) (4.63.0)
[2026-05-16 16:00:07] Requirement already satisfied: kiwisolver>=1.3.1 in /mnt/workspace/venvs/.venv/lib/python3.12/site-packages (from matplotlib->openrlhf==0.8.9) (1.5.0)
[2026-05-16 16:00:07] Requirement already satisfied: pillow>=8 in /mnt/workspace/venvs/.venv/lib/python3.12/site-packages (from matplotlib->openrlhf==0.8.9) (12.2.0)
[2026-05-16 16:00:07] Requirement already satisfied: pyparsing>=3 in /mnt/workspace/venvs/.venv/lib/python3.12/site-packages (from matplotlib->openrlhf==0.8.9) (3.3.2)
[2026-05-16 16:00:07] Requirement already satisfied: python-dateutil>=2.7 in /mnt/workspace/venvs/.venv/lib/python3.12/site-packages (from matplotlib->openrlhf==0.8.9) (2.9.0.post0)
[2026-05-16 16:00:07] Requirement already satisfied: six>=1.5 in /mnt/workspace/venvs/.venv/lib/python3.12/site-packages (from python-dateutil>=2.7->matplotlib->openrlhf==0.8.9) (1.17.0)
[2026-05-16 16:00:07] Requirement already satisfied: nvidia-ml-py<13.591.0a0,>=11.450.51 in /mnt/workspace/venvs/.venv/lib/python3.12/site-packages (from nvitop->openrlhf==0.8.9) (13.590.48)
[2026-05-16 16:00:07] Requirement already satisfied: opencensus-context>=0.1.3 in /mnt/workspace/venvs/.venv/lib/python3.12/site-packages (from opencensus->ray[default]==2.48.0->openrlhf==0.8.9) (0.1.3)
[2026-05-16 16:00:07] Requirement already satisfied: google-api-core<3.0.0,>=1.0.0 in /mnt/workspace/venvs/.venv/lib/python3.12/site-packages (from opencensus->ray[default]==2.48.0->openrlhf==0.8.9) (2.30.3)
[2026-05-16 16:00:07] Requirement already satisfied: googleapis-common-protos<2.0.0,>=1.63.2 in /mnt/workspace/venvs/.venv/lib/python3.12/site-packages (from google-api-core<3.0.0,>=1.0.0->opencensus->ray[default]==2.48.0->openrlhf==0.8.9) (1.75.0)
[2026-05-16 16:00:07] Requirement already satisfied: proto-plus<2.0.0,>=1.22.3 in /mnt/workspace/venvs/.venv/lib/python3.12/site-packages (from google-api-core<3.0.0,>=1.0.0->opencensus->ray[default]==2.48.0->openrlhf==0.8.9) (1.28.0)
[2026-05-16 16:00:07] Requirement already satisfied: google-auth<3.0.0,>=2.14.1 in /mnt/workspace/venvs/.venv/lib/python3.12/site-packages (from google-api-core<3.0.0,>=1.0.0->opencensus->ray[default]==2.48.0->openrlhf==0.8.9) (2.53.0)
[2026-05-16 16:00:07] Requirement already satisfied: pyasn1-modules>=0.2.1 in /mnt/workspace/venvs/.venv/lib/python3.12/site-packages (from google-auth<3.0.0,>=2.14.1->google-api-core<3.0.0,>=1.0.0->opencensus->ray[default]==2.48.0->openrlhf==0.8.9) (0.4.2)
[2026-05-16 16:00:07] Requirement already satisfied: cryptography>=38.0.3 in /mnt/workspace/venvs/.venv/lib/python3.12/site-packages (from google-auth<3.0.0,>=2.14.1->google-api-core<3.0.0,>=1.0.0->opencensus->ray[default]==2.48.0->openrlhf==0.8.9) (48.0.0)
[2026-05-16 16:00:07] Requirement already satisfied: cffi>=2.0.0 in /mnt/workspace/venvs/.venv/lib/python3.12/site-packages (from cryptography>=38.0.3->google-auth<3.0.0,>=2.14.1->google-api-core<3.0.0,>=1.0.0->opencensus->ray[default]==2.48.0->openrlhf==0.8.9) (2.0.0)
[2026-05-16 16:00:07] Requirement already satisfied: pycparser in /mnt/workspace/venvs/.venv/lib/python3.12/site-packages (from cffi>=2.0.0->cryptography>=38.0.3->google-auth<3.0.0,>=2.14.1->google-api-core<3.0.0,>=1.0.0->opencensus->ray[default]==2.48.0->openrlhf==0.8.9) (3.0)
[2026-05-16 16:00:07] Requirement already satisfied: pyasn1<0.7.0,>=0.6.1 in /mnt/workspace/venvs/.venv/lib/python3.12/site-packages (from pyasn1-modules>=0.2.1->google-auth<3.0.0,>=2.14.1->google-api-core<3.0.0,>=1.0.0->opencensus->ray[default]==2.48.0->openrlhf==0.8.9) (0.6.3)
[2026-05-16 16:00:07] Requirement already satisfied: regex>=2025.10.22 in /mnt/workspace/venvs/.venv/lib/python3.12/site-packages (from transformers->openrlhf==0.8.9) (2026.5.9)
[2026-05-16 16:00:07] Requirement already satisfied: tokenizers<=0.23.0,>=0.22.0 in /mnt/workspace/venvs/.venv/lib/python3.12/site-packages (from transformers->openrlhf==0.8.9) (0.22.2)
[2026-05-16 16:00:07] Requirement already satisfied: wrapt in /mnt/workspace/venvs/.venv/lib/python3.12/site-packages (from smart_open->ray[default]==2.48.0->openrlhf==0.8.9) (2.1.2)
[2026-05-16 16:00:07] Requirement already satisfied: absl-py>=0.4 in /mnt/workspace/venvs/.venv/lib/python3.12/site-packages (from tensorboard->openrlhf==0.8.9) (2.4.0)
[2026-05-16 16:00:07] Requirement already satisfied: markdown>=2.6.8 in /mnt/workspace/venvs/.venv/lib/python3.12/site-packages (from tensorboard->openrlhf==0.8.9) (3.10.2)
[2026-05-16 16:00:07] Requirement already satisfied: tensorboard-data-server<0.8.0,>=0.7.0 in /mnt/workspace/venvs/.venv/lib/python3.12/site-packages (from tensorboard->openrlhf==0.8.9) (0.7.2)
[2026-05-16 16:00:07] Requirement already satisfied: werkzeug>=1.0.1 in /mnt/workspace/venvs/.venv/lib/python3.12/site-packages (from tensorboard->openrlhf==0.8.9) (3.1.8)
[2026-05-16 16:00:07] Requirement already satisfied: lightning-utilities>=0.15.3 in /mnt/workspace/venvs/.venv/lib/python3.12/site-packages (from torchmetrics->openrlhf==0.8.9) (0.15.3)
[2026-05-16 16:00:07] Requirement already satisfied: shellingham>=1.3.0 in /mnt/workspace/venvs/.venv/lib/python3.12/site-packages (from typer->huggingface_hub>=0.21.0->accelerate->openrlhf==0.8.9) (1.5.4)
[2026-05-16 16:00:07] Requirement already satisfied: rich>=13.8.0 in /mnt/workspace/venvs/.venv/lib/python3.12/site-packages (from typer->huggingface_hub>=0.21.0->accelerate->openrlhf==0.8.9) (15.0.0)
[2026-05-16 16:00:07] Requirement already satisfied: annotated-doc>=0.0.2 in /mnt/workspace/venvs/.venv/lib/python3.12/site-packages (from typer->huggingface_hub>=0.21.0->accelerate->openrlhf==0.8.9) (0.0.4)
[2026-05-16 16:00:07] Requirement already satisfied: markdown-it-py>=2.2.0 in /mnt/workspace/venvs/.venv/lib/python3.12/site-packages (from rich>=13.8.0->typer->huggingface_hub>=0.21.0->accelerate->openrlhf==0.8.9) (4.2.0)
[2026-05-16 16:00:07] Requirement already satisfied: pygments<3.0.0,>=2.13.0 in /mnt/workspace/venvs/.venv/lib/python3.12/site-packages (from rich>=13.8.0->typer->huggingface_hub>=0.21.0->accelerate->openrlhf==0.8.9) (2.20.0)
[2026-05-16 16:00:07] Requirement already satisfied: mdurl~=0.1 in /mnt/workspace/venvs/.venv/lib/python3.12/site-packages (from markdown-it-py>=2.2.0->rich>=13.8.0->typer->huggingface_hub>=0.21.0->accelerate->openrlhf==0.8.9) (0.1.2)
[2026-05-16 16:00:07] Requirement already satisfied: gitpython!=3.1.29,>=1.0.0 in /mnt/workspace/venvs/.venv/lib/python3.12/site-packages (from wandb->openrlhf==0.8.9) (3.1.50)
[2026-05-16 16:00:07] Requirement already satisfied: sentry-sdk>=2.0.0 in /mnt/workspace/venvs/.venv/lib/python3.12/site-packages (from wandb->openrlhf==0.8.9) (2.60.0)
[2026-05-16 16:00:07] Requirement already satisfied: gitdb<5,>=4.0.1 in /mnt/workspace/venvs/.venv/lib/python3.12/site-packages (from gitpython!=3.1.29,>=1.0.0->wandb->openrlhf==0.8.9) (4.0.12)
[2026-05-16 16:00:07] Requirement already satisfied: smmap<6,>=3.0.1 in /mnt/workspace/venvs/.venv/lib/python3.12/site-packages (from gitdb<5,>=4.0.1->gitpython!=3.1.29,>=1.0.0->wandb->openrlhf==0.8.9) (5.0.3)
[2026-05-16 16:00:07] Building wheels for collected packages: openrlhf
[2026-05-16 16:00:07]   Building editable for openrlhf (pyproject.toml): started
[2026-05-16 16:00:09]   Building editable for openrlhf (pyproject.toml): finished with status 'done'
[2026-05-16 16:00:09]   Created wheel for openrlhf: filename=openrlhf-0.8.9-0.editable-cp312-cp312-manylinux1_x86_64.whl size=6458 sha256=c7a1576355c5ddaf7656cd5de5c59f49715a6bac33f013d7a20c78de4dac7356
[2026-05-16 16:00:09]   Stored in directory: /tmp/pip-ephem-wheel-cache-u8drcz1l/wheels/d4/f3/cc/bacfe9c43ade13e34d9eb488aa24a8dd8094bb696b13dce906
[2026-05-16 16:00:09] Successfully built openrlhf
[2026-05-16 16:00:09] Installing collected packages: pytokens, pycodestyle, pathspec, mypy-extensions, isort, black, autopep8, openrlhf
[2026-05-16 16:00:09] 
[2026-05-16 16:00:09] Successfully installed autopep8-2.3.2 black-26.3.1 isort-8.0.1 mypy-extensions-1.1.0 openrlhf-0.8.9 pathspec-1.1.1 pycodestyle-2.14.0 pytokens-0.4.1
[2026-05-16 16:00:09] 
[2026-05-16 16:00:09] [16:00:09] Installing analysis evaluation stack (math-verify + deps)
[2026-05-16 16:00:09] Looking in indexes: https://mirrors.aliyun.com/pypi/simple/
[2026-05-16 16:00:09] Looking in links: /mnt/data/ebft-distribution-new/caches/wheels
[2026-05-16 16:00:10] Collecting math-verify
[2026-05-16 16:00:10]   Downloading math_verify-0.9.0-py3-none-any.whl (29 kB)
[2026-05-16 16:00:10] Collecting pebble
[2026-05-16 16:00:10]   Downloading pebble-5.2.0-py3-none-any.whl (34 kB)
[2026-05-16 16:00:10] Processing /mnt/data/ebft-distribution-new/caches/wheels/word2number-1.1-py3-none-any.whl
[2026-05-16 16:00:11] Collecting latex2sympy2
[2026-05-16 16:00:11]   Downloading latex2sympy2-1.9.1-py3-none-any.whl (89 kB)
[2026-05-16 16:00:11] Collecting antlr4-python3-runtime
[2026-05-16 16:00:11]   Downloading antlr4_python3_runtime-4.13.2-py3-none-any.whl (144 kB)
[2026-05-16 16:00:11] [2026-05-16 16:00:11,193 AIMaster] (pod_manager.py 415) INFO: Pod Category Summary (Total pods: 2)
[2026-05-16 16:00:11] | Category           |   Count | Percentage   | Pods                                                   |
[2026-05-16 16:00:11] |--------------------|---------|--------------|--------------------------------------------------------|
[2026-05-16 16:00:11] | Running            |       2 | 100.0%       | [dlc1t5kb9mnrnjda-master-0, dlc1t5kb9mnrnjda-worker-0] |
[2026-05-16 16:00:11] | Pending            |       0 | 0.0%         |                                                        |
[2026-05-16 16:00:11] | Succeeded          |       0 | 0.0%         |                                                        |
[2026-05-16 16:00:11] | Failed             |       0 | 0.0%         |                                                        |
[2026-05-16 16:00:11] | Terminating        |       0 | 0.0%         |                                                        |
[2026-05-16 16:00:11] | Scheduler_evicting |       0 | 0.0%         |                                                        |
[2026-05-16 16:00:11] | Aiph_node_error    |       0 | 0.0%         |                                                        |
[2026-05-16 16:00:11] | Unknown            |       0 | 0.0%         |                                                        |
[2026-05-16 16:00:11] 
[2026-05-16 16:00:11] [2026-05-16 16:00:11,193 AIMaster] (job_monitor_controller_k8s.py 1099) INFO: All workers: 2, running: 2, failed: 0, pending: 0
[2026-05-16 16:00:11] [2026-05-16 16:00:11,193 AIMaster] (ops_reported_error_detector.py 103) INFO: Detecting whether the job is affected by errors reported by ops platform.
[2026-05-16 16:00:12] Collecting latex2sympy2_extended==1.11.0 (from math-verify)
[2026-05-16 16:00:12]   Downloading latex2sympy2_extended-1.11.0-py3-none-any.whl (209 kB)
[2026-05-16 16:00:13] Requirement already satisfied: sympy in /mnt/workspace/venvs/.venv/lib/python3.12/site-packages (from latex2sympy2_extended==1.11.0->math-verify) (1.13.1)
[2026-05-16 16:00:13] INFO: pip is looking at multiple versions of latex2sympy2 to determine which version is compatible with other requirements. This could take a while.
[2026-05-16 16:00:13] Collecting latex2sympy2
[2026-05-16 16:00:13]   Downloading latex2sympy2-1.9.0-py3-none-any.whl (89 kB)
[2026-05-16 16:00:13]   Downloading latex2sympy2-1.8.6-py3-none-any.whl (88 kB)
[2026-05-16 16:00:14]   Downloading latex2sympy2-1.8.5-py3-none-any.whl (88 kB)
[2026-05-16 16:00:14]   Downloading latex2sympy2-1.8.3-py3-none-any.whl (86 kB)
[2026-05-16 16:00:14]   Downloading latex2sympy2-1.8.2-py3-none-any.whl (85 kB)
[2026-05-16 16:00:14]   Downloading latex2sympy2-1.8.0-py3-none-any.whl (84 kB)
[2026-05-16 16:00:15]   Downloading latex2sympy2-1.7.9-py3-none-any.whl (84 kB)
[2026-05-16 16:00:15] INFO: pip is still looking at multiple versions of latex2sympy2 to determine which version is compatible with other requirements. This could take a while.
[2026-05-16 16:00:15]   Downloading latex2sympy2-1.7.8-py3-none-any.whl (83 kB)
[2026-05-16 16:00:15]   Downloading latex2sympy2-1.7.7-py3-none-any.whl (83 kB)
[2026-05-16 16:00:15]   Downloading latex2sympy2-1.7.6-py3-none-any.whl (83 kB)
[2026-05-16 16:00:16]   Downloading latex2sympy2-1.7.4-py3-none-any.whl (83 kB)
[2026-05-16 16:00:16]   Downloading latex2sympy2-1.7.2-py3-none-any.whl (83 kB)
[2026-05-16 16:00:16] INFO: This is taking longer than usual. You might need to provide the dependency resolver with stricter constraints to reduce runtime. See https://pip.pypa.io/warnings/backtracking for guidance. If you want to abort this run, press Ctrl + C.
[2026-05-16 16:00:16]   Downloading latex2sympy2-1.6.20-py3-none-any.whl (76 kB)
[2026-05-16 16:00:17]   Downloading latex2sympy2-1.6.19-py3-none-any.whl (76 kB)
[2026-05-16 16:00:17]   Downloading latex2sympy2-1.6.18-py3-none-any.whl (76 kB)
[2026-05-16 16:00:17]   Downloading latex2sympy2-1.6.16-py3-none-any.whl (76 kB)
[2026-05-16 16:00:17]   Downloading latex2sympy2-1.6.14-py3-none-any.whl (75 kB)
[2026-05-16 16:00:18]   Downloading latex2sympy2-1.6.12-py3-none-any.whl (75 kB)
[2026-05-16 16:00:18]   Downloading latex2sympy2-1.6.11-py3-none-any.whl (75 kB)
[2026-05-16 16:00:18]   Downloading latex2sympy2-1.6.10-py3-none-any.whl (75 kB)
[2026-05-16 16:00:18]   Downloading latex2sympy2-1.6.9-py3-none-any.whl (75 kB)
[2026-05-16 16:00:19]   Downloading latex2sympy2-1.6.8-py3-none-any.whl (74 kB)
[2026-05-16 16:00:19]   Downloading latex2sympy2-1.6.7-py3-none-any.whl (74 kB)
[2026-05-16 16:00:19]   Downloading latex2sympy2-1.6.6-py3-none-any.whl (74 kB)
[2026-05-16 16:00:20]   Downloading latex2sympy2-1.6.5-py3-none-any.whl (73 kB)
[2026-05-16 16:00:20]   Downloading latex2sympy2-1.6.4-py3-none-any.whl (73 kB)
[2026-05-16 16:00:20]   Downloading latex2sympy2-1.6.3-py3-none-any.whl (73 kB)
[2026-05-16 16:00:20]   Downloading latex2sympy2-1.6.2-py3-none-any.whl (73 kB)
[2026-05-16 16:00:21]   Downloading latex2sympy2-1.6.1-py3-none-any.whl (73 kB)
[2026-05-16 16:00:21]   Downloading latex2sympy2-1.6.0-py3-none-any.whl (73 kB)
[2026-05-16 16:00:21]   Downloading latex2sympy2-1.5.9-py3-none-any.whl (73 kB)
[2026-05-16 16:00:21]   Downloading latex2sympy2-1.5.8-py3-none-any.whl (73 kB)
[2026-05-16 16:00:22]   Downloading latex2sympy2-1.5.7-py3-none-any.whl (73 kB)
[2026-05-16 16:00:22]   Downloading latex2sympy2-1.5.6-py3-none-any.whl (73 kB)
[2026-05-16 16:00:22]   Downloading latex2sympy2-1.5.5-py3-none-any.whl (73 kB)
[2026-05-16 16:00:22]   Downloading latex2sympy2-1.5.4-py3-none-any.whl (73 kB)
[2026-05-16 16:00:23] Requirement already satisfied: mpmath<1.4,>=1.1.0 in /mnt/workspace/venvs/.venv/lib/python3.12/site-packages (from sympy->latex2sympy2_extended==1.11.0->math-verify) (1.3.0)
[2026-05-16 16:00:23] Installing collected packages: word2number, antlr4-python3-runtime, pebble, latex2sympy2_extended, latex2sympy2, math-verify
[2026-05-16 16:00:23] 
[2026-05-16 16:00:23] Successfully installed antlr4-python3-runtime-4.13.2 latex2sympy2-1.5.4 latex2sympy2_extended-1.11.0 math-verify-0.9.0 pebble-5.2.0 word2number-1.1
[2026-05-16 16:00:23] 
[2026-05-16 16:00:23] [16:00:23] Verifying student env
[2026-05-16 16:00:24] /mnt/workspace/venvs/.venv/lib/python3.12/site-packages/torch/cuda/__init__.py:61: FutureWarning: The pynvml package is deprecated. Please install nvidia-ml-py instead. If you did not install pynvml directly, please report this to the maintainers of the package that installed pynvml for you.
[2026-05-16 16:00:24]   import pynvml  # type: ignore[import]
[2026-05-16 16:00:29] /mnt/workspace/venvs/.venv/lib/python3.12/site-packages/torch/cuda/__init__.py:61: FutureWarning: The pynvml package is deprecated. Please install nvidia-ml-py instead. If you did not install pynvml directly, please report this to the maintainers of the package that installed pynvml for you.
[2026-05-16 16:00:29]   import pynvml  # type: ignore[import]
[2026-05-16 16:00:31] python 3.12.12
[2026-05-16 16:00:31] torch 2.5.1+cu124 cuda 12.4 available True
[2026-05-16 16:00:31] ray 2.48.0
[2026-05-16 16:00:31] deepspeed 0.18.9
[2026-05-16 16:00:31] transformers 5.6.0.dev0
[2026-05-16 16:00:31] openrlhf editable
[2026-05-16 16:00:31] math_verify ok
[2026-05-16 16:00:31] latex2sympy2_import_error attempted relative import with no known parent package
[2026-05-16 16:00:31] antlr4 ok
[2026-05-16 16:00:31] pebble 5.2.0
[2026-05-16 16:00:31] word2number ok
[2026-05-16 16:00:32] warning: zstd not on PATH; skipping snapshot of student venv
[2026-05-16 16:00:32] 
[2026-05-16 16:00:32] [16:00:32] Creating virtualenv at /mnt/workspace/venvs/.teacherVenv (python 3.12.12)
[2026-05-16 16:00:32] Using CPython 3.12.12 interpreter at: /usr/local/bin/python3.12
[2026-05-16 16:00:32] Creating virtual environment with seed packages at: /mnt/workspace/venvs/.teacherVenv
[2026-05-16 16:00:34]  + pip==26.1.1
[2026-05-16 16:00:34] Activate with: source /mnt/workspace/venvs/.teacherVenv/bin/activate
[2026-05-16 16:00:34] Looking in indexes: https://mirrors.aliyun.com/pypi/simple/
[2026-05-16 16:00:34] Looking in links: /mnt/data/ebft-distribution-new/caches/wheels
[2026-05-16 16:00:34] Requirement already satisfied: pip in /mnt/workspace/venvs/.teacherVenv/lib/python3.12/site-packages (26.1.1)
[2026-05-16 16:00:35] Collecting setuptools==82.0.1
[2026-05-16 16:00:35]   Using cached setuptools-82.0.1-py3-none-any.whl (1.0 MB)
[2026-05-16 16:00:35] Collecting wheel==0.46.3
[2026-05-16 16:00:35]   Using cached wheel-0.46.3-py3-none-any.whl (30 kB)
[2026-05-16 16:00:35] Collecting packaging>=24.0 (from wheel==0.46.3)
[2026-05-16 16:00:35]   Using cached packaging-26.2-py3-none-any.whl (100 kB)
[2026-05-16 16:00:35] Installing collected packages: setuptools, packaging, wheel
[2026-05-16 16:00:36] 
[2026-05-16 16:00:36] Successfully installed packaging-26.2 setuptools-82.0.1 wheel-0.46.3
[2026-05-16 16:00:36] 
[2026-05-16 16:00:36] [16:00:36] Installing teacher PyTorch stack
[2026-05-16 16:00:36] [2026-05-16 16:00:35,931 AIMaster] (job_event_collector.py 135) WARNING: Failed to watch pods, exception: ("Connection broken: ConnectionResetError(104, 'Connection reset by peer')", ConnectionResetError(104, 'Connection reset by peer'))
[2026-05-16 16:00:36] [2026-05-16 16:00:36,303 AIMaster] (aimaster_failover_controller.py 81) INFO: Detecting whether aimaster should be migrated.
[2026-05-16 16:00:37] Looking in indexes: https://mirrors.aliyun.com/pypi/simple/
[2026-05-16 16:00:37] Looking in links: /mnt/data/ebft-distribution-new/caches/wheels
[2026-05-16 16:00:37] Collecting torch==2.10.0
[2026-05-16 16:00:37]   Downloading torch-2.10.0-3-cp312-cp312-manylinux_2_28_x86_64.whl (915.6 MB)
[2026-05-16 16:00:41] [2026-05-16 16:00:41,375 AIMaster] (job_monitor_controller_k8s.py 1099) INFO: All workers: 2, running: 2, failed: 0, pending: 0
[2026-05-16 16:00:42] [2026-05-16 16:00:42,590 AIMaster] (config.py 347) INFO: Try loading config from pai-aimaster-new configmap.
[2026-05-16 16:01:09]      ━━━━━━━━━━━━━━━━━━━━━━━━━━             196.6/287.2 MB 29.2 MB/s eta 0:00:04
[2026-05-16 16:01:09]   WARNING: Connection timed out while downloading.
[2026-05-16 16:01:09]   WARNING: Attempting to resume incomplete download (196.6 MB/287.2 MB, attempt 1)
[2026-05-16 16:01:09]   Resuming download nvidia_cusparselt_cu12-0.7.1-py3-none-manylinux2014_x86_64.whl (196.6 MB/287.2 MB)
[2026-05-16 16:01:11] [2026-05-16 16:01:11,501 AIMaster] (job_monitor_controller_k8s.py 1099) INFO: All workers: 2, running: 2, failed: 0, pending: 0
[2026-05-16 16:01:11] [2026-05-16 16:01:11,502 AIMaster] (ops_reported_error_detector.py 103) INFO: Detecting whether the job is affected by errors reported by ops platform.
[2026-05-16 16:01:41] [2026-05-16 16:01:41,661 AIMaster] (job_monitor_controller_k8s.py 1099) INFO: All workers: 2, running: 2, failed: 0, pending: 0
[2026-05-16 16:01:42] [2026-05-16 16:01:42,627 AIMaster] (config.py 347) INFO: Try loading config from pai-aimaster-new configmap.
[2026-05-16 16:02:07] [2026-05-16 16:02:07,405 AIMaster] (job_event_collector.py 135) WARNING: Failed to watch pods, exception: ("Connection broken: ConnectionResetError(104, 'Connection reset by peer')", ConnectionResetError(104, 'Connection reset by peer'))
[2026-05-16 16:02:11] [2026-05-16 16:02:11,786 AIMaster] (job_monitor_controller_k8s.py 1099) INFO: All workers: 2, running: 2, failed: 0, pending: 0
[2026-05-16 16:02:11] [2026-05-16 16:02:11,786 AIMaster] (ops_reported_error_detector.py 103) INFO: Detecting whether the job is affected by errors reported by ops platform.
[2026-05-16 16:02:37] [2026-05-16 16:02:36,900 AIMaster] (aimaster_failover_controller.py 81) INFO: Detecting whether aimaster should be migrated.
[2026-05-16 16:02:42] [2026-05-16 16:02:41,970 AIMaster] (job_monitor_controller_k8s.py 1099) INFO: All workers: 2, running: 2, failed: 0, pending: 0
[2026-05-16 16:02:42] [2026-05-16 16:02:42,663 AIMaster] (config.py 347) INFO: Try loading config from pai-aimaster-new configmap.
[2026-05-16 16:02:49]      ━━━━━━━━━━━━━━━━━━━━━━━━━━━━━━━━━━━━━━━━ 287.2/287.2 MB 1.4 MB/s  0:01:40
[2026-05-16 16:02:50] Collecting nvidia-nccl-cu12==2.27.5 (from torch==2.10.0)
[2026-05-16 16:02:50]   Downloading nvidia_nccl_cu12-2.27.5-py3-none-manylinux2014_x86_64.manylinux_2_17_x86_64.whl (322.3 MB)
[2026-05-16 16:03:12] [2026-05-16 16:03:12,097 AIMaster] (job_monitor_controller_k8s.py 1099) INFO: All workers: 2, running: 2, failed: 0, pending: 0
[2026-05-16 16:03:12] [2026-05-16 16:03:12,097 AIMaster] (ops_reported_error_detector.py 103) INFO: Detecting whether the job is affected by errors reported by ops platform.
[2026-05-16 16:03:38] [2026-05-16 16:03:38,777 AIMaster] (job_event_collector.py 135) WARNING: Failed to watch pods, exception: ("Connection broken: ConnectionResetError(104, 'Connection reset by peer')", ConnectionResetError(104, 'Connection reset by peer'))
[2026-05-16 16:03:42] [2026-05-16 16:03:42,258 AIMaster] (job_monitor_controller_k8s.py 1099) INFO: All workers: 2, running: 2, failed: 0, pending: 0
[2026-05-16 16:03:42] [2026-05-16 16:03:42,701 AIMaster] (config.py 347) INFO: Try loading config from pai-aimaster-new configmap.
[2026-05-16 16:04:01]      ━━━━━━━━━━━━━━━━━━━━━━━━━━━━━━━━━━━━━━━━ 322.3/322.3 MB 7.7 MB/s  0:01:10
[2026-05-16 16:04:01] Collecting nvidia-nvshmem-cu12==3.4.5 (from torch==2.10.0)
[2026-05-16 16:04:01]   Downloading nvidia_nvshmem_cu12-3.4.5-py3-none-manylinux2014_x86_64.manylinux_2_17_x86_64.whl (139.1 MB)
[2026-05-16 16:04:05]      ━━━━━━━━━━━━━━━━━━━━━━━━━━━━━━━━━━━━━━━━ 139.1/139.1 MB 33.1 MB/s  0:00:04
[2026-05-16 16:04:06] Collecting nvidia-nvtx-cu12==12.8.90 (from torch==2.10.0)
[2026-05-16 16:04:06]   Downloading nvidia_nvtx_cu12-12.8.90-py3-none-manylinux2014_x86_64.manylinux_2_17_x86_64.whl (89 kB)
[2026-05-16 16:04:06] Collecting nvidia-nvjitlink-cu12==12.8.93 (from torch==2.10.0)
[2026-05-16 16:04:06]   Downloading nvidia_nvjitlink_cu12-12.8.93-py3-none-manylinux2010_x86_64.manylinux_2_12_x86_64.whl (39.3 MB)
[2026-05-16 16:04:07]      ━━━━━━━━━━━━━━━━━━━━━━━━━━━━━━━━━━━━━━━━ 39.3/39.3 MB 35.4 MB/s  0:00:01
[2026-05-16 16:04:07] Collecting nvidia-cufile-cu12==1.13.1.3 (from torch==2.10.0)
[2026-05-16 16:04:07]   Downloading nvidia_cufile_cu12-1.13.1.3-py3-none-manylinux2014_x86_64.manylinux_2_17_x86_64.whl (1.2 MB)
[2026-05-16 16:04:07]      ━━━━━━━━━━━━━━━━━━━━━━━━━━━━━━━━━━━━━━━━ 1.2/1.2 MB 25.9 MB/s  0:00:00
[2026-05-16 16:04:07] Collecting triton==3.6.0 (from torch==2.10.0)
[2026-05-16 16:04:07]   Downloading triton-3.6.0-cp312-cp312-manylinux_2_27_x86_64.manylinux_2_28_x86_64.whl (188.3 MB)
[2026-05-16 16:04:12] [2026-05-16 16:04:12,379 AIMaster] (job_monitor_controller_k8s.py 1099) INFO: All workers: 2, running: 2, failed: 0, pending: 0
[2026-05-16 16:04:12] [2026-05-16 16:04:12,379 AIMaster] (ops_reported_error_detector.py 103) INFO: Detecting whether the job is affected by errors reported by ops platform.
[2026-05-16 16:04:13]      ━━━━━━━━━━━━━━━━━━━━━━━━━━━━━━━━━━━━━━━━ 188.3/188.3 MB 32.6 MB/s  0:00:05
[2026-05-16 16:04:13] Collecting numpy (from torchvision==0.25.0)
[2026-05-16 16:04:13]   Using cached numpy-2.4.5-cp312-cp312-manylinux_2_27_x86_64.manylinux_2_28_x86_64.whl (16.6 MB)
[2026-05-16 16:04:14] Collecting pillow!=8.3.*,>=5.3.0 (from torchvision==0.25.0)
[2026-05-16 16:04:14]   Using cached pillow-12.2.0-cp312-cp312-manylinux_2_27_x86_64.manylinux_2_28_x86_64.whl (7.1 MB)
[2026-05-16 16:04:14] Collecting cuda-pathfinder~=1.1 (from cuda-bindings==12.9.4->torch==2.10.0)
[2026-05-16 16:04:14]   Downloading cuda_pathfinder-1.5.4-py3-none-any.whl (51 kB)
[2026-05-16 16:04:14] Collecting mpmath<1.4,>=1.1.0 (from sympy>=1.13.3->torch==2.10.0)
[2026-05-16 16:04:14]   Using cached mpmath-1.3.0-py3-none-any.whl (536 kB)
[2026-05-16 16:04:14] Collecting MarkupSafe>=2.0 (from jinja2->torch==2.10.0)
[2026-05-16 16:04:14]   Using cached markupsafe-3.0.3-cp312-cp312-manylinux2014_x86_64.manylinux_2_17_x86_64.manylinux_2_28_x86_64.whl (22 kB)
[2026-05-16 16:04:14] Installing collected packages: nvidia-cusparselt-cu12, mpmath, typing-extensions, triton, sympy, pillow, nvidia-nvtx-cu12, nvidia-nvshmem-cu12, nvidia-nvjitlink-cu12, nvidia-nccl-cu12, nvidia-curand-cu12, nvidia-cufile-cu12, nvidia-cuda-runtime-cu12, nvidia-cuda-nvrtc-cu12, nvidia-cuda-cupti-cu12, nvidia-cublas-cu12, numpy, networkx, MarkupSafe, fsspec, filelock, cuda-pathfinder, nvidia-cusparse-cu12, nvidia-cufft-cu12, nvidia-cudnn-cu12, jinja2, cuda-bindings, nvidia-cusolver-cu12, torch, torchvision, torchaudio
[2026-05-16 16:04:37] [2026-05-16 16:04:37,487 AIMaster] (aimaster_failover_controller.py 81) INFO: Detecting whether aimaster should be migrated.
[2026-05-16 16:04:42] [2026-05-16 16:04:42,553 AIMaster] (job_monitor_controller_k8s.py 1099) INFO: All workers: 2, running: 2, failed: 0, pending: 0
[2026-05-16 16:04:42] [2026-05-16 16:04:42,767 AIMaster] (config.py 347) INFO: Try loading config from pai-aimaster-new configmap.
[2026-05-16 16:05:10] [2026-05-16 16:05:10,706 AIMaster] (job_event_collector.py 135) WARNING: Failed to watch pods, exception: ("Connection broken: ConnectionResetError(104, 'Connection reset by peer')", ConnectionResetError(104, 'Connection reset by peer'))
