[2026-05-09 08:40:15] 
Processed prompts:  47%|████▋     | 60/128 [00:16<00:03, 19.02it/s, est. speed input: 420.92 toks/s, output: 3771.72 toks/s]
[2026-05-09 08:40:15] 
Processed prompts:  49%|████▉     | 63/128 [00:16<00:03, 21.36it/s, est. speed input: 445.94 toks/s, output: 3936.89 toks/s]
[2026-05-09 08:40:15] 
Processed prompts:  52%|█████▏    | 66/128 [00:16<00:03, 19.00it/s, est. speed input: 459.54 toks/s, output: 4076.27 toks/s]
[2026-05-09 08:40:16] 
Processed prompts:  54%|█████▍    | 69/128 [00:16<00:03, 17.69it/s, est. speed input: 479.69 toks/s, output: 4212.57 toks/s]
[2026-05-09 08:40:16] 
Processed prompts:  56%|█████▋    | 72/128 [00:16<00:03, 14.47it/s, est. speed input: 488.60 toks/s, output: 4320.74 toks/s]
[2026-05-09 08:40:17] 
Processed prompts:  61%|██████    | 78/128 [00:17<00:02, 19.15it/s, est. speed input: 544.61 toks/s, output: 4629.34 toks/s]
[2026-05-09 08:40:17] 
Processed prompts:  63%|██████▎   | 81/128 [00:17<00:04, 11.47it/s, est. speed input: 546.44 toks/s, output: 4651.75 toks/s]
[2026-05-09 08:40:17] 
Processed prompts:  65%|██████▍   | 83/128 [00:17<00:04, 11.18it/s, est. speed input: 560.04 toks/s, output: 4714.66 toks/s]
[2026-05-09 08:40:18] 
Processed prompts:  66%|██████▋   | 85/128 [00:18<00:04,  9.00it/s, est. speed input: 557.46 toks/s, output: 4728.51 toks/s]
[2026-05-09 08:40:18] 
Processed prompts:  68%|██████▊   | 87/128 [00:19<00:07,  5.33it/s, est. speed input: 550.87 toks/s, output: 4619.71 toks/s]
[2026-05-09 08:40:19] 
Processed prompts:  70%|██████▉   | 89/128 [00:19<00:06,  5.87it/s, est. speed input: 556.00 toks/s, output: 4668.88 toks/s]
[2026-05-09 08:40:19] 
Processed prompts:  70%|███████   | 90/128 [00:20<00:11,  3.39it/s, est. speed input: 532.33 toks/s, output: 4493.16 toks/s]
[2026-05-09 08:40:20] 
Processed prompts:  71%|███████   | 91/128 [00:20<00:09,  3.74it/s, est. speed input: 535.22 toks/s, output: 4512.29 toks/s]
[2026-05-09 08:40:20] 
Processed prompts:  72%|███████▏  | 92/128 [00:20<00:09,  3.83it/s, est. speed input: 531.69 toks/s, output: 4509.88 toks/s]
[2026-05-09 08:40:20] 
Processed prompts:  73%|███████▎  | 93/128 [00:21<00:10,  3.32it/s, est. speed input: 524.65 toks/s, output: 4464.45 toks/s]
[2026-05-09 08:40:20] 
Processed prompts:  73%|███████▎  | 94/128 [00:21<00:09,  3.49it/s, est. speed input: 522.11 toks/s, output: 4462.00 toks/s]
[2026-05-09 08:40:21] 
Processed prompts:  74%|███████▍  | 95/128 [00:21<00:08,  3.94it/s, est. speed input: 524.27 toks/s, output: 4476.42 toks/s]
[2026-05-09 08:40:21] 
Processed prompts:  75%|███████▌  | 96/128 [00:21<00:08,  3.80it/s, est. speed input: 520.24 toks/s, output: 4464.24 toks/s]
[2026-05-09 08:40:21] 
Processed prompts:  76%|███████▌  | 97/128 [00:22<00:07,  4.10it/s, est. speed input: 519.34 toks/s, output: 4471.37 toks/s]
[2026-05-09 08:40:22] 
Processed prompts:  77%|███████▋  | 98/128 [00:22<00:08,  3.35it/s, est. speed input: 513.66 toks/s, output: 4430.45 toks/s]
[2026-05-09 08:40:22] 
Processed prompts:  77%|███████▋  | 99/128 [00:22<00:08,  3.40it/s, est. speed input: 510.90 toks/s, output: 4420.17 toks/s]
[2026-05-09 08:40:22] 
Processed prompts:  78%|███████▊  | 100/128 [00:22<00:07,  3.99it/s, est. speed input: 512.05 toks/s, output: 4436.97 toks/s]
[2026-05-09 08:40:23] 
Processed prompts:  79%|███████▉  | 101/128 [00:23<00:07,  3.64it/s, est. speed input: 508.45 toks/s, output: 4417.38 toks/s]
[2026-05-09 08:40:23] 
Processed prompts:  80%|███████▉  | 102/128 [00:23<00:09,  2.87it/s, est. speed input: 501.83 toks/s, output: 4363.10 toks/s]
[2026-05-09 08:40:24] 
Processed prompts:  80%|████████  | 103/128 [00:24<00:08,  2.89it/s, est. speed input: 501.35 toks/s, output: 4344.09 toks/s]
[2026-05-09 08:40:26] 
Processed prompts:  81%|████████▏ | 104/128 [00:25<00:12,  1.87it/s, est. speed input: 485.61 toks/s, output: 4216.08 toks/s]
[2026-05-09 08:40:27] 
Processed prompts:  82%|████████▏ | 105/128 [00:27<00:24,  1.08s/it, est. speed input: 447.22 toks/s, output: 3890.62 toks/s]
[2026-05-09 08:40:28] 
Processed prompts:  83%|████████▎ | 106/128 [00:28<00:20,  1.10it/s, est. speed input: 442.45 toks/s, output: 3856.52 toks/s]
[2026-05-09 08:40:28] 
Processed prompts:  84%|████████▍ | 108/128 [00:28<00:13,  1.51it/s, est. speed input: 451.27 toks/s, output: 3827.95 toks/s]
[2026-05-09 08:40:28] 
Processed prompts:  86%|████████▌ | 110/128 [00:28<00:07,  2.34it/s, est. speed input: 456.78 toks/s, output: 3880.34 toks/s]
[2026-05-09 08:40:28] 
Processed prompts:  88%|████████▊ | 112/128 [00:29<00:04,  3.36it/s, est. speed input: 461.16 toks/s, output: 3932.54 toks/s]
[2026-05-09 08:40:29] 
Processed prompts:  88%|████████▊ | 113/128 [00:29<00:04,  3.11it/s, est. speed input: 458.41 toks/s, output: 3911.74 toks/s]
[2026-05-09 08:40:29] 
Processed prompts:  89%|████████▉ | 114/128 [00:29<00:04,  3.24it/s, est. speed input: 459.67 toks/s, output: 3911.25 toks/s]
[2026-05-09 08:40:29] 
Processed prompts:  90%|████████▉ | 115/128 [00:30<00:04,  3.22it/s, est. speed input: 456.63 toks/s, output: 3904.20 toks/s]
[2026-05-09 08:40:30] 
Processed prompts:  91%|█████████ | 116/128 [00:30<00:03,  3.32it/s, est. speed input: 459.13 toks/s, output: 3902.69 toks/s]
[2026-05-09 08:40:30] 
Processed prompts:  92%|█████████▏| 118/128 [00:31<00:03,  2.85it/s, est. speed input: 457.16 toks/s, output: 3863.76 toks/s]
[2026-05-09 08:40:31] 
Processed prompts:  93%|█████████▎| 119/128 [00:31<00:02,  3.09it/s, est. speed input: 456.87 toks/s, output: 3867.61 toks/s]
[2026-05-09 08:40:31] 
Processed prompts:  95%|█████████▍| 121/128 [00:31<00:01,  3.70it/s, est. speed input: 457.83 toks/s, output: 3885.85 toks/s]
[2026-05-09 08:40:31] 
Processed prompts:  97%|█████████▋| 124/128 [00:31<00:00,  5.94it/s, est. speed input: 467.72 toks/s, output: 3963.90 toks/s]
[2026-05-09 08:40:31] 
Processed prompts:  98%|█████████▊| 126/128 [00:32<00:00,  6.48it/s, est. speed input: 470.86 toks/s, output: 3997.50 toks/s]
[2026-05-09 08:40:31] 
Processed prompts: 100%|██████████| 128/128 [00:32<00:00,  6.02it/s, est. speed input: 477.01 toks/s, output: 4013.05 toks/s]
[2026-05-09 08:40:31] 
Processed prompts: 100%|██████████| 128/128 [00:32<00:00,  6.02it/s, est. speed input: 477.01 toks/s, output: 4013.05 toks/s]
Processed prompts: 100%|██████████| 128/128 [00:32<00:00,  3.93it/s, est. speed input: 477.01 toks/s, output: 4013.05 toks/s]
[2026-05-09 08:40:31] 
Generating:  66%|██████▌   | 640/974 [02:54<01:27,  3.84sample/s, chunk=4/8, rate=3.60/s, written=512]
Generating:  66%|██████▌   | 640/974 [02:54<01:27,  3.84sample/s, chunk=5/8, rate=3.66/s, written=640]
[2026-05-09 08:40:31] 
Rendering prompts:   0%|          | 0/128 [00:00<?, ?it/s]
Rendering prompts: 100%|██████████| 128/128 [00:00<00:00, 2365.79it/s]
[2026-05-09 08:40:31] 
[2026-05-09 08:40:34] [2026-05-09 08:40:34,577 AIMaster] (pod_manager.py 415) INFO: Pod Category Summary (Total pods: 2)
[2026-05-09 08:40:34] | Category           |   Count | Percentage   | Pods                                                   |
[2026-05-09 08:40:34] |--------------------|---------|--------------|--------------------------------------------------------|
[2026-05-09 08:40:34] | Running            |       2 | 100.0%       | [dlc1nta2oa0ac22v-master-0, dlc1nta2oa0ac22v-worker-0] |
[2026-05-09 08:40:34] | Pending            |       0 | 0.0%         |                                                        |
[2026-05-09 08:40:34] | Succeeded          |       0 | 0.0%         |                                                        |
[2026-05-09 08:40:34] | Failed             |       0 | 0.0%         |                                                        |
[2026-05-09 08:40:34] | Terminating        |       0 | 0.0%         |                                                        |
[2026-05-09 08:40:34] | Scheduler_evicting |       0 | 0.0%         |                                                        |
[2026-05-09 08:40:34] | Aiph_node_error    |       0 | 0.0%         |                                                        |
[2026-05-09 08:40:34] | Unknown            |       0 | 0.0%         |                                                        |
[2026-05-09 08:40:34] 
[2026-05-09 08:40:34] [2026-05-09 08:40:34,577 AIMaster] (job_monitor_controller_k8s.py 1099) INFO: All workers: 2, running: 2, failed: 0, pending: 0
[2026-05-09 08:40:35] 
Processed prompts:   0%|          | 0/128 [00:00<?, ?it/s, est. speed input: 0.00 toks/s, output: 0.00 toks/s]
[2026-05-09 08:40:37] 
Processed prompts:   1%|          | 1/128 [00:03<07:16,  3.43s/it, est. speed input: 22.13 toks/s, output: 19.22 toks/s]
[2026-05-09 08:40:42] 
Processed prompts:   2%|▏         | 2/128 [00:05<05:19,  2.53s/it, est. speed input: 28.86 toks/s, output: 29.24 toks/s]
[2026-05-09 08:40:44] 
Processed prompts:   2%|▏         | 3/128 [00:10<07:44,  3.72s/it, est. speed input: 24.38 toks/s, output: 33.27 toks/s]
[2026-05-09 08:40:44] 
Processed prompts:   3%|▎         | 4/128 [00:12<06:05,  2.95s/it, est. speed input: 28.88 toks/s, output: 112.24 toks/s]
[2026-05-09 08:40:44] 
Processed prompts:   4%|▍         | 5/128 [00:12<04:10,  2.04s/it, est. speed input: 34.16 toks/s, output: 189.49 toks/s]
[2026-05-09 08:40:44] 
Processed prompts:   7%|▋         | 9/128 [00:12<01:21,  1.45it/s, est. speed input: 53.89 toks/s, output: 507.80 toks/s]
[2026-05-09 08:40:44] 
Processed prompts:  11%|█         | 14/128 [00:12<00:37,  3.05it/s, est. speed input: 126.51 toks/s, output: 898.49 toks/s]
[2026-05-09 08:40:45] 
Processed prompts:  13%|█▎        | 17/128 [00:13<00:26,  4.20it/s, est. speed input: 146.81 toks/s, output: 1123.97 toks/s]
[2026-05-09 08:40:45] 
Processed prompts:  15%|█▍        | 19/128 [00:13<00:23,  4.66it/s, est. speed input: 162.86 toks/s, output: 1254.62 toks/s]
[2026-05-09 08:40:45] 
Processed prompts:  16%|█▋        | 21/128 [00:13<00:20,  5.11it/s, est. speed input: 169.90 toks/s, output: 1379.47 toks/s]
[2026-05-09 08:40:45] 
Processed prompts:  20%|█▉        | 25/128 [00:13<00:13,  7.37it/s, est. speed input: 234.58 toks/s, output: 1655.25 toks/s]
[2026-05-09 08:40:45] 
Processed prompts:  22%|██▏       | 28/128 [00:13<00:10,  9.29it/s, est. speed input: 258.91 toks/s, output: 1859.45 toks/s]
[2026-05-09 08:40:46] 
Processed prompts:  24%|██▍       | 31/128 [00:14<00:08, 11.30it/s, est. speed input: 283.40 toks/s, output: 2059.65 toks/s]
[2026-05-09 08:40:46] 
Processed prompts:  26%|██▌       | 33/128 [00:14<00:08, 10.95it/s, est. speed input: 301.91 toks/s, output: 2173.78 toks/s]
[2026-05-09 08:40:46] 
Processed prompts:  28%|██▊       | 36/128 [00:14<00:07, 13.12it/s, est. speed input: 330.15 toks/s, output: 2366.42 toks/s]
[2026-05-09 08:40:46] 
Processed prompts:  30%|██▉       | 38/128 [00:14<00:08, 11.08it/s, est. speed input: 334.61 toks/s, output: 2462.12 toks/s]
[2026-05-09 08:40:47] 
Processed prompts:  31%|███▏      | 40/128 [00:14<00:08, 10.04it/s, est. speed input: 343.56 toks/s, output: 2557.21 toks/s]
[2026-05-09 08:40:47] 
Processed prompts:  33%|███▎      | 42/128 [00:15<00:08, 10.42it/s, est. speed input: 365.18 toks/s, output: 2619.37 toks/s]
[2026-05-09 08:40:47] 
Processed prompts:  34%|███▍      | 44/128 [00:15<00:07, 10.73it/s, est. speed input: 386.25 toks/s, output: 2723.79 toks/s]
[2026-05-09 08:40:47] 
Processed prompts:  36%|███▌      | 46/128 [00:15<00:06, 12.29it/s, est. speed input: 400.75 toks/s, output: 2838.65 toks/s]
[2026-05-09 08:40:47] 
Processed prompts:  38%|███▊      | 48/128 [00:15<00:06, 12.47it/s, est. speed input: 407.25 toks/s, output: 2942.12 toks/s]
[2026-05-09 08:40:47] 
Processed prompts:  40%|███▉      | 51/128 [00:15<00:05, 14.35it/s, est. speed input: 418.75 toks/s, output: 3108.08 toks/s]
[2026-05-09 08:40:47] 
Processed prompts:  42%|████▏     | 54/128 [00:15<00:04, 17.43it/s, est. speed input: 442.93 toks/s, output: 3281.84 toks/s]
[2026-05-09 08:40:48] 
Processed prompts:  45%|████▍     | 57/128 [00:15<00:03, 20.05it/s, est. speed input: 466.83 toks/s, output: 3453.19 toks/s]
[2026-05-09 08:40:48] 
Processed prompts:  48%|████▊     | 62/128 [00:16<00:03, 19.85it/s, est. speed input: 497.24 toks/s, output: 3715.27 toks/s]
[2026-05-09 08:40:48] 
Processed prompts:  52%|█████▏    | 66/128 [00:16<00:02, 23.85it/s, est. speed input: 528.20 toks/s, output: 3943.86 toks/s]
[2026-05-09 08:40:48] 
Processed prompts:  54%|█████▍    | 69/128 [00:16<00:02, 25.14it/s, est. speed input: 546.11 toks/s, output: 4107.02 toks/s]
[2026-05-09 08:40:48] 
Processed prompts:  56%|█████▋    | 72/128 [00:16<00:03, 16.31it/s, est. speed input: 551.27 toks/s, output: 4203.56 toks/s]
[2026-05-09 08:40:49] 
Processed prompts:  59%|█████▊    | 75/128 [00:16<00:03, 17.24it/s, est. speed input: 565.60 toks/s, output: 4348.48 toks/s]
[2026-05-09 08:40:49] 
Processed prompts:  61%|██████    | 78/128 [00:17<00:03, 15.37it/s, est. speed input: 575.76 toks/s, output: 4465.00 toks/s]
[2026-05-09 08:40:49] 
Processed prompts:  62%|██████▎   | 80/128 [00:17<00:03, 14.15it/s, est. speed input: 580.50 toks/s, output: 4536.25 toks/s]
[2026-05-09 08:40:49] 
Processed prompts:  64%|██████▍   | 82/128 [00:17<00:03, 13.63it/s, est. speed input: 583.96 toks/s, output: 4610.75 toks/s]
[2026-05-09 08:40:49] 
Processed prompts:  66%|██████▋   | 85/128 [00:17<00:03, 14.12it/s, est. speed input: 608.28 toks/s, output: 4733.10 toks/s]
[2026-05-09 08:40:50] 
Processed prompts:  68%|██████▊   | 87/128 [00:17<00:03, 11.19it/s, est. speed input: 607.52 toks/s, output: 4769.29 toks/s]
[2026-05-09 08:40:50] 
Processed prompts:  70%|██████▉   | 89/128 [00:18<00:05,  7.79it/s, est. speed input: 609.15 toks/s, output: 4755.64 toks/s]
[2026-05-09 08:40:50] 
Processed prompts:  71%|███████   | 91/128 [00:18<00:04,  7.47it/s, est. speed input: 621.68 toks/s, output: 4789.43 toks/s]
[2026-05-09 08:40:51] 
Processed prompts:  72%|███████▏  | 92/128 [00:18<00:05,  6.96it/s, est. speed input: 620.74 toks/s, output: 4793.96 toks/s]
[2026-05-09 08:40:51] 
Processed prompts:  73%|███████▎  | 94/128 [00:19<00:04,  7.76it/s, est. speed input: 623.35 toks/s, output: 4852.56 toks/s]
[2026-05-09 08:40:51] 
Processed prompts:  75%|███████▌  | 96/128 [00:19<00:05,  5.39it/s, est. speed input: 613.56 toks/s, output: 4803.52 toks/s]
[2026-05-09 08:40:52] 
Processed prompts:  76%|███████▌  | 97/128 [00:19<00:05,  5.37it/s, est. speed input: 612.45 toks/s, output: 4809.32 toks/s]
[2026-05-09 08:40:52] 
Processed prompts:  77%|███████▋  | 99/128 [00:20<00:05,  5.38it/s, est. speed input: 607.10 toks/s, output: 4822.50 toks/s]
[2026-05-09 08:40:52] 
Processed prompts:  79%|███████▉  | 101/128 [00:20<00:04,  6.43it/s, est. speed input: 627.00 toks/s, output: 4878.21 toks/s]
[2026-05-09 08:40:53] 
Processed prompts:  80%|███████▉  | 102/128 [00:20<00:05,  4.86it/s, est. speed input: 621.46 toks/s, output: 4829.39 toks/s]
[2026-05-09 08:40:53] 
Processed prompts:  80%|████████  | 103/128 [00:21<00:05,  4.53it/s, est. speed input: 620.53 toks/s, output: 4814.76 toks/s]
[2026-05-09 08:40:53] 
Processed prompts:  81%|████████▏ | 104/128 [00:21<00:04,  5.17it/s, est. speed input: 632.17 toks/s, output: 4839.17 toks/s]
[2026-05-09 08:40:54] 
Processed prompts:  82%|████████▏ | 105/128 [00:21<00:06,  3.50it/s, est. speed input: 619.62 toks/s, output: 4761.56 toks/s]
[2026-05-09 08:40:54] 
Processed prompts:  83%|████████▎ | 106/128 [00:22<00:06,  3.32it/s, est. speed input: 614.24 toks/s, output: 4733.79 toks/s]
[2026-05-09 08:40:55] 
Processed prompts:  84%|████████▎ | 107/128 [00:23<00:09,  2.23it/s, est. speed input: 596.32 toks/s, output: 4606.37 toks/s]
[2026-05-09 08:40:56] 
Processed prompts:  84%|████████▍ | 108/128 [00:23<00:09,  2.03it/s, est. speed input: 587.75 toks/s, output: 4531.86 toks/s]
[2026-05-09 08:40:56] 
Processed prompts:  85%|████████▌ | 109/128 [00:24<00:10,  1.85it/s, est. speed input: 575.43 toks/s, output: 4450.42 toks/s]
[2026-05-09 08:40:56] 
Processed prompts:  86%|████████▌ | 110/128 [00:24<00:08,  2.19it/s, est. speed input: 572.26 toks/s, output: 4446.45 toks/s]
[2026-05-09 08:40:56] 
Processed prompts:  87%|████████▋ | 111/128 [00:24<00:06,  2.46it/s, est. speed input: 568.86 toks/s, output: 4436.58 toks/s]
[2026-05-09 08:40:57] 
Processed prompts:  88%|████████▊ | 112/128 [00:25<00:05,  2.79it/s, est. speed input: 565.82 toks/s, output: 4434.44 toks/s]
[2026-05-09 08:40:58] 
Processed prompts:  88%|████████▊ | 113/128 [00:25<00:06,  2.39it/s, est. speed input: 557.69 toks/s, output: 4377.87 toks/s]
[2026-05-09 08:40:59] 
Processed prompts:  90%|████████▉ | 115/128 [00:26<00:06,  2.05it/s, est. speed input: 540.90 toks/s, output: 4268.61 toks/s]
[2026-05-09 08:40:59] 
Processed prompts:  91%|█████████ | 116/128 [00:27<00:07,  1.58it/s, est. speed input: 530.82 toks/s, output: 4139.23 toks/s]
[2026-05-09 08:41:00] 
Processed prompts:  91%|█████████▏| 117/128 [00:28<00:05,  1.99it/s, est. speed input: 531.01 toks/s, output: 4156.38 toks/s]
[2026-05-09 08:41:00] 
Processed prompts:  92%|█████████▏| 118/128 [00:28<00:04,  2.41it/s, est. speed input: 530.28 toks/s, output: 4166.12 toks/s]
[2026-05-09 08:41:00] 
Processed prompts:  94%|█████████▍| 120/128 [00:28<00:02,  3.47it/s, est. speed input: 532.99 toks/s, output: 4202.00 toks/s]
[2026-05-09 08:41:00] 
Processed prompts:  95%|█████████▌| 122/128 [00:28<00:01,  4.64it/s, est. speed input: 535.45 toks/s, output: 4244.48 toks/s]
[2026-05-09 08:41:00] 
Processed prompts:  97%|█████████▋| 124/128 [00:28<00:00,  6.36it/s, est. speed input: 541.48 toks/s, output: 4300.65 toks/s]
[2026-05-09 08:41:01] 
Processed prompts:  98%|█████████▊| 126/128 [00:29<00:00,  6.70it/s, est. speed input: 543.15 toks/s, output: 4331.63 toks/s]
[2026-05-09 08:41:02] [2026-05-09 08:41:01,861 AIMaster] (config.py 347) INFO: Try loading config from pai-aimaster-new configmap.
[2026-05-09 08:41:02] 
Processed prompts:  99%|█████████▉| 127/128 [00:29<00:00,  3.80it/s, est. speed input: 539.62 toks/s, output: 4258.57 toks/s]
[2026-05-09 08:41:02] 
Processed prompts: 100%|██████████| 128/128 [00:30<00:00,  3.24it/s, est. speed input: 535.47 toks/s, output: 4225.78 toks/s]
[2026-05-09 08:41:02] 
Processed prompts: 100%|██████████| 128/128 [00:30<00:00,  3.24it/s, est. speed input: 535.47 toks/s, output: 4225.78 toks/s]
Processed prompts: 100%|██████████| 128/128 [00:30<00:00,  4.24it/s, est. speed input: 535.47 toks/s, output: 4225.78 toks/s]
[2026-05-09 08:41:02] 
Generating:  79%|███████▉  | 768/974 [03:25<00:51,  3.96sample/s, chunk=5/8, rate=3.66/s, written=640]
Generating:  79%|███████▉  | 768/974 [03:25<00:51,  3.96sample/s, chunk=6/8, rate=3.74/s, written=768]
[2026-05-09 08:41:02] 
Rendering prompts:   0%|          | 0/128 [00:00<?, ?it/s]
Rendering prompts: 100%|██████████| 128/128 [00:00<00:00, 2272.72it/s]
[2026-05-09 08:41:02] 
[2026-05-09 08:41:04] [2026-05-09 08:41:04,709 AIMaster] (job_monitor_controller_k8s.py 1099) INFO: All workers: 2, running: 2, failed: 0, pending: 0
[2026-05-09 08:41:04] [2026-05-09 08:41:04,709 AIMaster] (ops_reported_error_detector.py 103) INFO: Detecting whether the job is affected by errors reported by ops platform.
[2026-05-09 08:41:04] [2026-05-09 08:41:04,742 AIMaster] (aimaster_failover_controller.py 81) INFO: Detecting whether aimaster should be migrated.
[2026-05-09 08:41:10] 
Processed prompts:   0%|          | 0/128 [00:00<?, ?it/s, est. speed input: 0.00 toks/s, output: 0.00 toks/s]
[2026-05-09 08:41:14] 
Processed prompts:   1%|          | 1/128 [00:08<17:29,  8.27s/it, est. speed input: 35.21 toks/s, output: 15.61 toks/s]
[2026-05-09 08:41:14] 
Processed prompts:   2%|▏         | 2/128 [00:12<11:51,  5.65s/it, est. speed input: 45.21 toks/s, output: 95.48 toks/s]
[2026-05-09 08:41:14] 
Processed prompts:   3%|▎         | 4/128 [00:12<04:26,  2.15s/it, est. speed input: 62.38 toks/s, output: 262.05 toks/s]
[2026-05-09 08:41:14] 
Processed prompts:   7%|▋         | 9/128 [00:12<01:21,  1.46it/s, est. speed input: 92.99 toks/s, output: 673.46 toks/s]
[2026-05-09 08:41:14] 
Processed prompts:  12%|█▏        | 15/128 [00:12<00:36,  3.08it/s, est. speed input: 152.62 toks/s, output: 1157.68 toks/s]
[2026-05-09 08:41:15] 
Processed prompts:  15%|█▍        | 19/128 [00:12<00:25,  4.31it/s, est. speed input: 177.26 toks/s, output: 1461.62 toks/s]
[2026-05-09 08:41:15] 
Processed prompts:  17%|█▋        | 22/128 [00:12<00:19,  5.49it/s, est. speed input: 192.50 toks/s, output: 1685.33 toks/s]
[2026-05-09 08:41:15] 
Processed prompts:  20%|█▉        | 25/128 [00:13<00:15,  6.65it/s, est. speed input: 216.19 toks/s, output: 1894.63 toks/s]
[2026-05-09 08:41:16] 
Processed prompts:  22%|██▏       | 28/128 [00:13<00:17,  5.81it/s, est. speed input: 240.38 toks/s, output: 2024.55 toks/s]
[2026-05-09 08:41:16] 
Processed prompts:  23%|██▎       | 30/128 [00:14<00:16,  6.02it/s, est. speed input: 263.72 toks/s, output: 2129.28 toks/s]
[2026-05-09 08:41:16] 
Processed prompts:  25%|██▌       | 32/128 [00:14<00:14,  6.50it/s, est. speed input: 286.41 toks/s, output: 2239.04 toks/s]
[2026-05-09 08:41:16] 
Processed prompts:  27%|██▋       | 35/128 [00:14<00:10,  8.47it/s, est. speed input: 302.92 toks/s, output: 2431.20 toks/s]
[2026-05-09 08:41:17] 
Processed prompts:  29%|██▉       | 37/128 [00:14<00:11,  7.69it/s, est. speed input: 309.88 toks/s, output: 2514.96 toks/s]
[2026-05-09 08:41:17] 
Processed prompts:  31%|███▏      | 40/128 [00:14<00:10,  8.73it/s, est. speed input: 331.43 toks/s, output: 2677.73 toks/s]
[2026-05-09 08:41:17] 
Processed prompts:  33%|███▎      | 42/128 [00:15<00:09,  8.76it/s, est. speed input: 338.62 toks/s, output: 2772.74 toks/s]
[2026-05-09 08:41:17] 
Processed prompts:  35%|███▌      | 45/128 [00:15<00:07, 11.50it/s, est. speed input: 366.49 toks/s, output: 2954.51 toks/s]
[2026-05-09 08:41:17] 
Processed prompts:  37%|███▋      | 47/128 [00:15<00:06, 12.76it/s, est. speed input: 387.97 toks/s, output: 3067.46 toks/s]
[2026-05-09 08:41:17] 
Processed prompts:  40%|███▉      | 51/128 [00:15<00:04, 16.08it/s, est. speed input: 403.60 toks/s, output: 3299.85 toks/s]
[2026-05-09 08:41:18] 
Processed prompts:  41%|████▏     | 53/128 [00:15<00:05, 14.52it/s, est. speed input: 416.63 toks/s, output: 3391.57 toks/s]
[2026-05-09 08:41:18] 
Processed prompts:  45%|████▍     | 57/128 [00:15<00:04, 17.50it/s, est. speed input: 435.05 toks/s, output: 3615.87 toks/s]
[2026-05-09 08:41:18] 
Processed prompts:  46%|████▌     | 59/128 [00:15<00:03, 17.90it/s, est. speed input: 463.01 toks/s, output: 3720.67 toks/s]
[2026-05-09 08:41:18] 
Processed prompts:  48%|████▊     | 61/128 [00:16<00:03, 18.15it/s, est. speed input: 481.17 toks/s, output: 3823.57 toks/s]
[2026-05-09 08:41:18] 
Processed prompts:  49%|████▉     | 63/128 [00:16<00:03, 18.48it/s, est. speed input: 495.10 toks/s, output: 3925.78 toks/s]
[2026-05-09 08:41:18] 
Processed prompts:  52%|█████▏    | 66/128 [00:16<00:03, 18.91it/s, est. speed input: 520.76 toks/s, output: 4077.11 toks/s]
[2026-05-09 08:41:18] 
Processed prompts:  55%|█████▍    | 70/128 [00:16<00:02, 21.34it/s, est. speed input: 549.66 toks/s, output: 4287.80 toks/s]
[2026-05-09 08:41:18] 
Processed prompts:  59%|█████▊    | 75/128 [00:16<00:02, 22.74it/s, est. speed input: 578.10 toks/s, output: 4542.97 toks/s]
[2026-05-09 08:41:19] 
Processed prompts:  61%|██████    | 78/128 [00:16<00:02, 24.24it/s, est. speed input: 594.37 toks/s, output: 4698.41 toks/s]
[2026-05-09 08:41:20] 
Processed prompts:  63%|██████▎   | 81/128 [00:17<00:03, 14.23it/s, est. speed input: 602.62 toks/s, output: 4756.10 toks/s]
[2026-05-09 08:41:20] 
Processed prompts:  65%|██████▍   | 83/128 [00:18<00:06,  7.23it/s, est. speed input: 586.27 toks/s, output: 4659.18 toks/s]
[2026-05-09 08:41:21] 
Processed prompts:  66%|██████▋   | 85/128 [00:18<00:06,  7.16it/s, est. speed input: 586.22 toks/s, output: 4697.66 toks/s]
[2026-05-09 08:41:21] 
Processed prompts:  68%|██████▊   | 87/128 [00:19<00:07,  5.20it/s, est. speed input: 587.22 toks/s, output: 4630.60 toks/s]
[2026-05-09 08:41:21] 
Processed prompts:  70%|██████▉   | 89/128 [00:19<00:06,  6.21it/s, est. speed input: 589.22 toks/s, output: 4702.55 toks/s]
[2026-05-09 08:41:21] 
Processed prompts:  71%|███████   | 91/128 [00:19<00:05,  6.98it/s, est. speed input: 596.92 toks/s, output: 4761.82 toks/s]
[2026-05-09 08:41:22] 
Processed prompts:  73%|███████▎  | 94/128 [00:19<00:04,  8.32it/s, est. speed input: 605.04 toks/s, output: 4859.92 toks/s]
[2026-05-09 08:41:22] 
Processed prompts:  75%|███████▌  | 96/128 [00:19<00:03,  8.35it/s, est. speed input: 606.92 toks/s, output: 4905.00 toks/s]
[2026-05-09 08:41:22] 
Processed prompts:  77%|███████▋  | 98/128 [00:20<00:04,  6.08it/s, est. speed input: 598.28 toks/s, output: 4868.09 toks/s]
[2026-05-09 08:41:22] 
Processed prompts:  77%|███████▋  | 99/128 [00:20<00:04,  5.90it/s, est. speed input: 596.72 toks/s, output: 4871.91 toks/s]
[2026-05-09 08:41:24] 
Processed prompts:  80%|███████▉  | 102/128 [00:20<00:03,  8.39it/s, est. speed input: 604.25 toks/s, output: 4986.99 toks/s]
[2026-05-09 08:41:25] 
Processed prompts:  81%|████████▏ | 104/128 [00:22<00:08,  2.92it/s, est. speed input: 571.88 toks/s, output: 4674.23 toks/s]
[2026-05-09 08:41:25] 
Processed prompts:  82%|████████▏ | 105/128 [00:23<00:08,  2.66it/s, est. speed input: 562.81 toks/s, output: 4608.68 toks/s]
[2026-05-09 08:41:26] 
Processed prompts:  83%|████████▎ | 106/128 [00:23<00:08,  2.55it/s, est. speed input: 554.38 toks/s, output: 4561.90 toks/s]
[2026-05-09 08:41:26] 
Processed prompts:  84%|████████▎ | 107/128 [00:23<00:08,  2.54it/s, est. speed input: 548.29 toks/s, output: 4529.09 toks/s]
[2026-05-09 08:41:26] 
Processed prompts:  84%|████████▍ | 108/128 [00:24<00:07,  2.66it/s, est. speed input: 544.46 toks/s, output: 4511.98 toks/s]
[2026-05-09 08:41:26] 
Processed prompts:  85%|████████▌ | 109/128 [00:24<00:05,  3.22it/s, est. speed input: 544.74 toks/s, output: 4532.51 toks/s]
[2026-05-09 08:41:27] 
Processed prompts:  86%|████████▌ | 110/128 [00:24<00:04,  3.75it/s, est. speed input: 544.10 toks/s, output: 4547.17 toks/s]
[2026-05-09 08:41:27] 
Processed prompts:  88%|████████▊ | 112/128 [00:24<00:03,  4.56it/s, est. speed input: 544.29 toks/s, output: 4572.29 toks/s]
[2026-05-09 08:41:28] 
Processed prompts:  88%|████████▊ | 113/128 [00:25<00:04,  3.50it/s, est. speed input: 536.94 toks/s, output: 4522.41 toks/s]
[2026-05-09 08:41:28] 
Processed prompts:  91%|█████████ | 116/128 [00:26<00:03,  3.91it/s, est. speed input: 531.71 toks/s, output: 4522.59 toks/s]
[2026-05-09 08:41:28] 
Processed prompts:  91%|█████████▏| 117/128 [00:26<00:03,  3.53it/s, est. speed input: 529.29 toks/s, output: 4493.10 toks/s]
[2026-05-09 08:41:29] 
Processed prompts:  92%|█████████▏| 118/128 [00:26<00:02,  3.45it/s, est. speed input: 525.81 toks/s, output: 4478.68 toks/s]
[2026-05-09 08:41:29] 
Processed prompts:  94%|█████████▍| 120/128 [00:27<00:01,  4.27it/s, est. speed input: 530.62 toks/s, output: 4506.83 toks/s]
[2026-05-09 08:41:29] 
Processed prompts:  95%|█████████▍| 121/128 [00:27<00:01,  4.67it/s, est. speed input: 530.88 toks/s, output: 4521.15 toks/s]
[2026-05-09 08:41:29] 
Processed prompts:  95%|█████████▌| 122/128 [00:27<00:01,  5.32it/s, est. speed input: 532.59 toks/s, output: 4541.67 toks/s]
[2026-05-09 08:41:30] 
Processed prompts:  96%|█████████▌| 123/128 [00:27<00:00,  5.54it/s, est. speed input: 535.71 toks/s, output: 4552.74 toks/s]
[2026-05-09 08:41:30] 
Processed prompts:  98%|█████████▊| 125/128 [00:27<00:00,  5.28it/s, est. speed input: 536.05 toks/s, output: 4560.22 toks/s]
[2026-05-09 08:41:30] 
Processed prompts:  99%|█████████▉| 127/128 [00:28<00:00,  5.76it/s, est. speed input: 534.99 toks/s, output: 4585.24 toks/s]
[2026-05-09 08:41:30] 
Processed prompts: 100%|██████████| 128/128 [00:28<00:00,  4.42it/s, est. speed input: 530.81 toks/s, output: 4553.15 toks/s]
[2026-05-09 08:41:30] 
Processed prompts: 100%|██████████| 128/128 [00:28<00:00,  4.42it/s, est. speed input: 530.81 toks/s, output: 4553.15 toks/s]
Processed prompts: 100%|██████████| 128/128 [00:28<00:00,  4.48it/s, est. speed input: 530.81 toks/s, output: 4553.15 toks/s]
[2026-05-09 08:41:30] 
Generating:  92%|█████████▏| 896/974 [03:53<00:18,  4.11sample/s, chunk=6/8, rate=3.74/s, written=768]
Generating:  92%|█████████▏| 896/974 [03:53<00:18,  4.11sample/s, chunk=7/8, rate=3.83/s, written=896]
[2026-05-09 08:41:30] 
Rendering prompts:   0%|          | 0/78 [00:00<?, ?it/s]
Rendering prompts: 100%|██████████| 78/78 [00:00<00:00, 2558.56it/s]
[2026-05-09 08:41:30] 
[2026-05-09 08:41:33] 
Processed prompts:   0%|          | 0/78 [00:00<?, ?it/s, est. speed input: 0.00 toks/s, output: 0.00 toks/s]
[2026-05-09 08:41:35] [2026-05-09 08:41:34,887 AIMaster] (job_monitor_controller_k8s.py 1099) INFO: All workers: 2, running: 2, failed: 0, pending: 0
[2026-05-09 08:41:39] 
Processed prompts:   1%|▏         | 1/78 [00:02<03:20,  2.61s/it, est. speed input: 21.87 toks/s, output: 24.56 toks/s]
[2026-05-09 08:41:40] 
Processed prompts:   3%|▎         | 2/78 [00:09<06:13,  4.91s/it, est. speed input: 28.35 toks/s, output: 119.11 toks/s]
[2026-05-09 08:41:40] 
Processed prompts:   4%|▍         | 3/78 [00:09<03:23,  2.72s/it, est. speed input: 36.04 toks/s, output: 228.60 toks/s]
[2026-05-09 08:41:40] 
Processed prompts:   8%|▊         | 6/78 [00:09<01:09,  1.04it/s, est. speed input: 66.56 toks/s, output: 548.57 toks/s]
[2026-05-09 08:41:40] 
Processed prompts:  10%|█         | 8/78 [00:09<00:43,  1.60it/s, est. speed input: 83.66 toks/s, output: 752.57 toks/s]
[2026-05-09 08:41:40] 
Processed prompts:  14%|█▍        | 11/78 [00:09<00:23,  2.80it/s, est. speed input: 113.72 toks/s, output: 1060.47 toks/s]
[2026-05-09 08:41:41] 
Processed prompts:  19%|█▉        | 15/78 [00:09<00:12,  4.91it/s, est. speed input: 142.36 toks/s, output: 1466.39 toks/s]
[2026-05-09 08:41:41] 
Processed prompts:  23%|██▎       | 18/78 [00:10<00:11,  5.38it/s, est. speed input: 183.24 toks/s, output: 1701.14 toks/s]
[2026-05-09 08:41:41] 
Processed prompts:  26%|██▌       | 20/78 [00:10<00:09,  6.05it/s, est. speed input: 190.91 toks/s, output: 1864.25 toks/s]
[2026-05-09 08:41:41] 
Processed prompts:  28%|██▊       | 22/78 [00:10<00:08,  6.73it/s, est. speed input: 208.16 toks/s, output: 2021.40 toks/s]
[2026-05-09 08:41:41] 
Processed prompts:  32%|███▏      | 25/78 [00:10<00:06,  8.00it/s, est. speed input: 226.73 toks/s, output: 2257.21 toks/s]
[2026-05-09 08:41:42] 
Processed prompts:  35%|███▍      | 27/78 [00:11<00:06,  8.00it/s, est. speed input: 238.13 toks/s, output: 2390.12 toks/s]
[2026-05-09 08:41:42] 
Processed prompts:  37%|███▋      | 29/78 [00:11<00:07,  6.34it/s, est. speed input: 238.53 toks/s, output: 2463.82 toks/s]
[2026-05-09 08:41:42] 
Processed prompts:  38%|███▊      | 30/78 [00:11<00:07,  6.72it/s, est. speed input: 241.23 toks/s, output: 2529.60 toks/s]
[2026-05-09 08:41:42] 
Processed prompts:  44%|████▎     | 34/78 [00:11<00:04, 10.41it/s, est. speed input: 264.50 toks/s, output: 2840.98 toks/s]
[2026-05-09 08:41:43] 
Processed prompts:  46%|████▌     | 36/78 [00:12<00:03, 11.62it/s, est. speed input: 279.13 toks/s, output: 2984.52 toks/s]
[2026-05-09 08:41:43] 
Processed prompts:  49%|████▊     | 38/78 [00:12<00:04,  9.86it/s, est. speed input: 284.96 toks/s, output: 3081.13 toks/s]
[2026-05-09 08:41:43] 
Processed prompts:  51%|█████▏    | 40/78 [00:12<00:04,  8.85it/s, est. speed input: 303.55 toks/s, output: 3173.53 toks/s]
[2026-05-09 08:41:43] 
Processed prompts:  54%|█████▍    | 42/78 [00:12<00:04,  7.82it/s, est. speed input: 324.13 toks/s, output: 3250.38 toks/s]
[2026-05-09 08:41:44] 
Processed prompts:  56%|█████▋    | 44/78 [00:13<00:03,  8.92it/s, est. speed input: 338.02 toks/s, output: 3370.72 toks/s]
[2026-05-09 08:41:44] 
Processed prompts:  59%|█████▉    | 46/78 [00:13<00:03,  8.28it/s, est. speed input: 363.61 toks/s, output: 3452.38 toks/s]
[2026-05-09 08:41:44] 
Processed prompts:  63%|██████▎   | 49/78 [00:13<00:03,  9.60it/s, est. speed input: 391.45 toks/s, output: 3619.30 toks/s]
[2026-05-09 08:41:44] 
Processed prompts:  65%|██████▌   | 51/78 [00:13<00:02,  9.31it/s, est. speed input: 407.42 toks/s, output: 3706.44 toks/s]
[2026-05-09 08:41:45] 
Processed prompts:  68%|██████▊   | 53/78 [00:14<00:03,  8.03it/s, est. speed input: 420.77 toks/s, output: 3762.54 toks/s]
[2026-05-09 08:41:45] 
Processed prompts:  69%|██████▉   | 54/78 [00:14<00:03,  7.45it/s, est. speed input: 423.95 toks/s, output: 3785.65 toks/s]
[2026-05-09 08:41:45] 
Processed prompts:  71%|███████   | 55/78 [00:14<00:03,  6.97it/s, est. speed input: 427.71 toks/s, output: 3808.58 toks/s]
[2026-05-09 08:41:45] 
Processed prompts:  73%|███████▎  | 57/78 [00:14<00:02,  8.55it/s, est. speed input: 441.72 toks/s, output: 3912.67 toks/s]
[2026-05-09 08:41:45] 
Processed prompts:  76%|███████▌  | 59/78 [00:14<00:02,  8.60it/s, est. speed input: 448.45 toks/s, output: 3989.70 toks/s]
[2026-05-09 08:41:46] 
Processed prompts:  77%|███████▋  | 60/78 [00:15<00:02,  7.22it/s, est. speed input: 447.10 toks/s, output: 3996.55 toks/s]
[2026-05-09 08:41:46] 
Processed prompts:  78%|███████▊  | 61/78 [00:15<00:03,  5.47it/s, est. speed input: 441.81 toks/s, output: 3973.85 toks/s]
[2026-05-09 08:41:46] [2026-05-09 08:41:45,840 AIMaster] (job_event_collector.py 135) WARNING: Failed to watch pods, exception: ("Connection broken: ConnectionResetError(104, 'Connection reset by peer')", ConnectionResetError(104, 'Connection reset by peer'))
[2026-05-09 08:41:47] 
Processed prompts:  79%|███████▉  | 62/78 [00:15<00:03,  5.14it/s, est. speed input: 449.81 toks/s, output: 3980.41 toks/s]
[2026-05-09 08:41:49] 
Processed prompts:  82%|████████▏ | 64/78 [00:16<00:04,  3.28it/s, est. speed input: 432.72 toks/s, output: 3879.42 toks/s]
[2026-05-09 08:41:50] 
Processed prompts:  83%|████████▎ | 65/78 [00:18<00:07,  1.63it/s, est. speed input: 397.09 toks/s, output: 3577.69 toks/s]
[2026-05-09 08:41:50] 
Processed prompts:  85%|████████▍ | 66/78 [00:19<00:08,  1.45it/s, est. speed input: 382.61 toks/s, output: 3457.32 toks/s]
[2026-05-09 08:41:51] 
Processed prompts:  86%|████████▌ | 67/78 [00:19<00:07,  1.57it/s, est. speed input: 377.24 toks/s, output: 3424.95 toks/s]
[2026-05-09 08:41:52] 
Processed prompts:  87%|████████▋ | 68/78 [00:20<00:07,  1.29it/s, est. speed input: 361.96 toks/s, output: 3284.02 toks/s]
[2026-05-09 08:41:52] 
Processed prompts:  88%|████████▊ | 69/78 [00:21<00:06,  1.43it/s, est. speed input: 356.57 toks/s, output: 3255.81 toks/s]
[2026-05-09 08:41:52] 
Processed prompts:  90%|████████▉ | 70/78 [00:21<00:04,  1.87it/s, est. speed input: 359.05 toks/s, output: 3285.70 toks/s]
[2026-05-09 08:41:52] 
Processed prompts:  91%|█████████ | 71/78 [00:21<00:03,  2.02it/s, est. speed input: 358.40 toks/s, output: 3273.03 toks/s]
[2026-05-09 08:41:53] 
Processed prompts:  92%|█████████▏| 72/78 [00:22<00:02,  2.63it/s, est. speed input: 359.64 toks/s, output: 3303.87 toks/s]
[2026-05-09 08:41:53] 
Processed prompts:  94%|█████████▎| 73/78 [00:22<00:02,  2.31it/s, est. speed input: 354.62 toks/s, output: 3267.34 toks/s]
[2026-05-09 08:41:54] 
Processed prompts:  95%|█████████▍| 74/78 [00:22<00:01,  2.89it/s, est. speed input: 362.40 toks/s, output: 3292.47 toks/s]
[2026-05-09 08:41:54] 
Processed prompts:  96%|█████████▌| 75/78 [00:23<00:01,  2.49it/s, est. speed input: 363.03 toks/s, output: 3261.35 toks/s]
[2026-05-09 08:41:55] 
Processed prompts:  97%|█████████▋| 76/78 [00:23<00:00,  2.66it/s, est. speed input: 362.50 toks/s, output: 3260.73 toks/s]
[2026-05-09 08:41:55] 
Processed prompts:  99%|█████████▊| 77/78 [00:24<00:00,  1.65it/s, est. speed input: 352.14 toks/s, output: 3151.53 toks/s]
[2026-05-09 08:41:55] 
Processed prompts: 100%|██████████| 78/78 [00:24<00:00,  1.65it/s, est. speed input: 352.88 toks/s, output: 3180.23 toks/s]
Processed prompts: 100%|██████████| 78/78 [00:24<00:00,  3.14it/s, est. speed input: 352.88 toks/s, output: 3180.23 toks/s]
[2026-05-09 08:41:55] 
Generating: 100%|██████████| 974/974 [04:18<00:00,  3.85sample/s, chunk=7/8, rate=3.83/s, written=896]
Generating: 100%|██████████| 974/974 [04:18<00:00,  3.85sample/s, chunk=8/8, rate=3.76/s, written=974]
Generating: 100%|██████████| 974/974 [04:18<00:00,  3.76sample/s, chunk=8/8, rate=3.76/s, written=974]
[2026-05-09 08:41:55] [done] wrote 974 rows to /mnt/data/ebft-distribution-new/outputs/diff_dataset/diff_g2_no_teacher_vicinal_dlc1nta2oa0ac22v/supplement_logs/mbpp/eval_results_mbpp_pass1_0509_0832.jsonl
[2026-05-09 08:41:55] (EngineCore pid=43412) INFO 05-09 08:41:55 [core.py:1210] Shutdown initiated (timeout=0)
[2026-05-09 08:41:55] (EngineCore pid=43412) INFO 05-09 08:41:55 [core.py:1233] Shutdown complete
[2026-05-09 08:41:55] (Worker_TP0 pid=43582) INFO 05-09 08:41:55 [multiproc_executor.py:764] Parent process exited, terminating worker queues
[2026-05-09 08:41:55] (Worker_TP1 pid=43589) (Worker_TP2 pid=43598) INFO 05-09 08:41:55 [multiproc_executor.py:859] WorkerProc shutting down.
[2026-05-09 08:41:55] INFO 05-09 08:41:55 [multiproc_executor.py:859] WorkerProc shutting down.
[2026-05-09 08:41:55] (Worker_TP5 pid=43638) (Worker_TP4 pid=43625) (Worker_TP6 pid=43652) INFO 05-09 08:41:55 [multiproc_executor.py:859] WorkerProc shutting down.
[2026-05-09 08:41:55] INFO 05-09 08:41:55 [multiproc_executor.py:859] WorkerProc shutting down.
[2026-05-09 08:41:55] INFO 05-09 08:41:55 [multiproc_executor.py:859] WorkerProc shutting down.
[2026-05-09 08:41:55] (Worker_TP0 pid=43582) INFO 05-09 08:41:55 [multiproc_executor.py:859] WorkerProc shutting down.
[2026-05-09 08:41:55] (Worker_TP7 pid=43665) INFO 05-09 08:41:55 [multiproc_executor.py:859] WorkerProc shutting down.
[2026-05-09 08:41:55] (Worker_TP3 pid=43611) INFO 05-09 08:41:55 [multiproc_executor.py:859] WorkerProc shutting down.
[2026-05-09 08:41:55] dlc1nta2oa0ac22v-master-0:43652:43652 [6] NCCL INFO comm 0x5579c2699d70 rank 6 nranks 8 cudaDev 6 busId 16000 - Destroy COMPLETE
[2026-05-09 08:41:55] dlc1nta2oa0ac22v-master-0:43638:43638 [5] NCCL INFO comm 0x55f8089f42f0 rank 5 nranks 8 cudaDev 5 busId 11000 - Destroy COMPLETE
[2026-05-09 08:41:55] dlc1nta2oa0ac22v-master-0:43589:43589 [1] NCCL INFO comm 0x556453b4b870 rank 1 nranks 8 cudaDev 1 busId 4000 - Destroy COMPLETE
[2026-05-09 08:41:55] dlc1nta2oa0ac22v-master-0:43582:43582 [0] NCCL INFO comm 0x557c9d666f20 rank 0 nranks 8 cudaDev 0 busId 3000 - Destroy COMPLETE
[2026-05-09 08:41:55] dlc1nta2oa0ac22v-master-0:43598:43598 [2] NCCL INFO comm 0x56380a379510 rank 2 nranks 8 cudaDev 2 busId 9000 - Destroy COMPLETE
[2026-05-09 08:41:56] dlc1nta2oa0ac22v-master-0:43625:43625 [4] NCCL INFO comm 0x55e42a44dd00 rank 4 nranks 8 cudaDev 4 busId 10000 - Destroy COMPLETE
[2026-05-09 08:41:56] dlc1nta2oa0ac22v-master-0:43611:43611 [3] NCCL INFO comm 0x564214f821f0 rank 3 nranks 8 cudaDev 3 busId a000 - Destroy COMPLETE
[2026-05-09 08:41:56] dlc1nta2oa0ac22v-master-0:43665:43665 [7] NCCL INFO comm 0x55a9c9211de0 rank 7 nranks 8 cudaDev 7 busId 17000 - Destroy COMPLETE
[2026-05-09 08:42:01] /usr/local/lib/python3.12/multiprocessing/resource_tracker.py:279: UserWarning: resource_tracker: There appear to be 8 leaked semaphore objects to clean up at shutdown
[2026-05-09 08:42:01]   warnings.warn('resource_tracker: There appear to be %d '
[2026-05-09 08:42:01] /usr/local/lib/python3.12/multiprocessing/resource_tracker.py:279: UserWarning: resource_tracker: There appear to be 2 leaked shared_memory objects to clean up at shutdown
[2026-05-09 08:42:01]   warnings.warn('resource_tracker: There appear to be %d '
[2026-05-09 08:42:02] [2026-05-09 08:42:01,901 AIMaster] (config.py 347) INFO: Try loading config from pai-aimaster-new configmap.
[2026-05-09 08:42:02] [code-pass1-mbpp] vLLM completed (attempt 1)
[2026-05-09 08:42:02] 
[2026-05-09 08:42:02] ===== Executing code benchmark tests =====
[2026-05-09 08:42:02] /mnt/workspace/venvs/.venv/lib/python3.12/site-packages/torch/cuda/__init__.py:61: FutureWarning: The pynvml package is deprecated. Please install nvidia-ml-py instead. If you did not install pynvml directly, please report this to the maintainers of the package that installed pynvml for you.
[2026-05-09 08:42:02]   import pynvml  # type: ignore[import]
[2026-05-09 08:42:05] [2026-05-09 08:42:05,015 AIMaster] (job_monitor_controller_k8s.py 1099) INFO: All workers: 2, running: 2, failed: 0, pending: 0
[2026-05-09 08:42:05] [2026-05-09 08:42:05,015 AIMaster] (ops_reported_error_detector.py 103) INFO: Detecting whether the job is affected by errors reported by ops platform.
[2026-05-09 08:42:35] [2026-05-09 08:42:35,174 AIMaster] (job_monitor_controller_k8s.py 1099) INFO: All workers: 2, running: 2, failed: 0, pending: 0
[2026-05-09 08:43:02] [2026-05-09 08:43:01,935 AIMaster] (config.py 347) INFO: Try loading config from pai-aimaster-new configmap.
[2026-05-09 08:43:03] {
[2026-05-09 08:43:03]   "benchmark": "MBPP",
[2026-05-09 08:43:03]   "total": 974,
[2026-05-09 08:43:03]   "result_rows": 974,
[2026-05-09 08:43:03]   "matched_outputs": 974,
[2026-05-09 08:43:03]   "correct": 4,
[2026-05-09 08:43:03]   "accuracy": 0.004106776180698152,
[2026-05-09 08:43:03]   "accuracy_pct": 0.41,
[2026-05-09 08:43:03]   "temperature": 0.0,
[2026-05-09 08:43:03]   "n_samples": 1,
[2026-05-09 08:43:03]   "max_new_tokens": 1024,
[2026-05-09 08:43:03]   "timeout_seconds": 10,
[2026-05-09 08:43:03]   "error_counts": {
[2026-05-09 08:43:03]     "test_failure": 900,
[2026-05-09 08:43:03]     "syntax": 70,
[2026-05-09 08:43:03]     "ok": 4
[2026-05-09 08:43:03]   },
[2026-05-09 08:43:03]   "source_jsonl": "/mnt/data/ebft-distribution-new/outputs/diff_dataset_prepared/mbpp_eval_qa.jsonl",
[2026-05-09 08:43:03]   "results_jsonl": "/mnt/data/ebft-distribution-new/outputs/diff_dataset/diff_g2_no_teacher_vicinal_dlc1nta2oa0ac22v/supplement_logs/mbpp/eval_results_mbpp_pass1_0509_0832.jsonl"
[2026-05-09 08:43:03] }
[2026-05-09 08:43:04] 
[2026-05-09 08:43:04] ========== Code pass@1 eval done ==========
[2026-05-09 08:43:04] Results: /mnt/data/ebft-distribution-new/outputs/diff_dataset/diff_g2_no_teacher_vicinal_dlc1nta2oa0ac22v/supplement_logs/mbpp/eval_results_mbpp_pass1_0509_0832.jsonl
[2026-05-09 08:43:04] Report:  /mnt/data/ebft-distribution-new/outputs/diff_dataset/diff_g2_no_teacher_vicinal_dlc1nta2oa0ac22v/supplement_logs/mbpp/code_eval_report_mbpp_pass1_0509_0832.json
[2026-05-09 08:43:04] Details: /mnt/data/ebft-distribution-new/outputs/diff_dataset/diff_g2_no_teacher_vicinal_dlc1nta2oa0ac22v/supplement_logs/mbpp/code_eval_details_mbpp_pass1_0509_0832.jsonl
[2026-05-09 08:43:04] 
[2026-05-09 08:43:04] ===== post-eval humaneval: /mnt/data/ebft-distribution-new/outputs/diff_dataset_prepared/humaneval_eval_qa.jsonl =====
[2026-05-09 08:43:04] ================================================================
[2026-05-09 08:43:04] [pre-flight] cluster topology
[2026-05-09 08:43:04] [pre-flight] hostname:    dlc1nta2oa0ac22v-master-0 (22.27.118.97)
[2026-05-09 08:43:04] [pre-flight] kernel:      5.10.134-013.5.kangaroo.al8.x86_64
[2026-05-09 08:43:04] [pre-flight] GPU 0: NVIDIA A100-SXM4-80GB (UUID: GPU-7eb1af9e-9fc9-5acd-f3c8-98b4aaeb7a34)
[2026-05-09 08:43:04] [pre-flight] GPU 1: NVIDIA A100-SXM4-80GB (UUID: GPU-d0855ce7-22d8-9f22-6c84-df5e66b76012)
[2026-05-09 08:43:04] [pre-flight] GPU 2: NVIDIA A100-SXM4-80GB (UUID: GPU-c59100f3-338a-4ea1-8c72-1f8adf69b2be)
[2026-05-09 08:43:04] [pre-flight] GPU 3: NVIDIA A100-SXM4-80GB (UUID: GPU-ca77bef6-70d8-36b9-5e0f-72f79bfa36b0)
[2026-05-09 08:43:04] [pre-flight] GPU 4: NVIDIA A100-SXM4-80GB (UUID: GPU-7abe0c15-245c-1d3b-ad80-1ac694bc8c4b)
[2026-05-09 08:43:04] [pre-flight] GPU 5: NVIDIA A100-SXM4-80GB (UUID: GPU-863760f1-56ab-fee6-7758-62f3899134fc)
[2026-05-09 08:43:04] [pre-flight] GPU 6: NVIDIA A100-SXM4-80GB (UUID: GPU-6c3d407d-8320-fb08-1e2e-2b1e9bbfdb91)
[2026-05-09 08:43:04] [pre-flight] GPU 7: NVIDIA A100-SXM4-80GB (UUID: GPU-c1706051-6b63-c514-4c82-67bedad8640d)
[2026-05-09 08:43:04] [pre-flight] --- NVLink status (NA / 0 = no NVLink; healthy single-node 8GPU shows NVLink) ---
[2026-05-09 08:43:05] [pre-flight] GPU 0: NVIDIA A100-SXM4-80GB (UUID: GPU-7eb1af9e-9fc9-5acd-f3c8-98b4aaeb7a34)
[2026-05-09 08:43:05] [pre-flight] 	 Link 0: 25 GB/s
[2026-05-09 08:43:05] [pre-flight] 	 Link 1: 25 GB/s
[2026-05-09 08:43:05] [pre-flight] 	 Link 2: 25 GB/s
[2026-05-09 08:43:05] [pre-flight] 	 Link 3: 25 GB/s
[2026-05-09 08:43:05] [pre-flight] 	 Link 4: 25 GB/s
[2026-05-09 08:43:05] [pre-flight] 	 Link 5: 25 GB/s
[2026-05-09 08:43:05] [pre-flight] 	 Link 6: 25 GB/s
[2026-05-09 08:43:05] [pre-flight] 	 Link 7: 25 GB/s
[2026-05-09 08:43:05] [pre-flight] 	 Link 8: 25 GB/s
[2026-05-09 08:43:05] [pre-flight] 	 Link 9: 25 GB/s
[2026-05-09 08:43:05] [pre-flight] 	 Link 10: 25 GB/s
[2026-05-09 08:43:05] [pre-flight] 	 Link 11: 25 GB/s
[2026-05-09 08:43:05] [pre-flight] GPU 1: NVIDIA A100-SXM4-80GB (UUID: GPU-d0855ce7-22d8-9f22-6c84-df5e66b76012)
[2026-05-09 08:43:05] [pre-flight] 	 Link 0: 25 GB/s
[2026-05-09 08:43:05] [pre-flight] 	 Link 1: 25 GB/s
[2026-05-09 08:43:05] [pre-flight] 	 Link 2: 25 GB/s
[2026-05-09 08:43:05] [pre-flight] 	 Link 3: 25 GB/s
[2026-05-09 08:43:05] [pre-flight] 	 Link 4: 25 GB/s
[2026-05-09 08:43:05] [pre-flight] 	 Link 5: 25 GB/s
[2026-05-09 08:43:05] [pre-flight] 	 Link 6: 25 GB/s
[2026-05-09 08:43:05] [pre-flight] 	 Link 7: 25 GB/s
[2026-05-09 08:43:05] [pre-flight] 	 Link 8: 25 GB/s
[2026-05-09 08:43:05] [pre-flight] 	 Link 9: 25 GB/s
[2026-05-09 08:43:05] [pre-flight] 	 Link 10: 25 GB/s
[2026-05-09 08:43:05] [pre-flight] 	 Link 11: 25 GB/s
[2026-05-09 08:43:05] [pre-flight] GPU 2: NVIDIA A100-SXM4-80GB (UUID: GPU-c59100f3-338a-4ea1-8c72-1f8adf69b2be)
[2026-05-09 08:43:05] [pre-flight] 	 Link 0: 25 GB/s
[2026-05-09 08:43:05] [pre-flight] 	 Link 1: 25 GB/s
[2026-05-09 08:43:05] [pre-flight] 	 Link 2: 25 GB/s
[2026-05-09 08:43:05] [pre-flight] 	 Link 3: 25 GB/s
[2026-05-09 08:43:05] [pre-flight] 	 Link 4: 25 GB/s
[2026-05-09 08:43:05] [pre-flight] 	 Link 5: 25 GB/s
[2026-05-09 08:43:05] [pre-flight] 	 Link 6: 25 GB/s
[2026-05-09 08:43:05] [pre-flight] 	 Link 7: 25 GB/s
[2026-05-09 08:43:05] [pre-flight] 	 Link 8: 25 GB/s
[2026-05-09 08:43:05] [pre-flight] 	 Link 9: 25 GB/s
[2026-05-09 08:43:05] [pre-flight] 	 Link 10: 25 GB/s
[2026-05-09 08:43:05] [pre-flight] 	 Link 11: 25 GB/s
[2026-05-09 08:43:05] [pre-flight] GPU 3: NVIDIA A100-SXM4-80GB (UUID: GPU-ca77bef6-70d8-36b9-5e0f-72f79bfa36b0)
[2026-05-09 08:43:05] [pre-flight] --- GPU topology (NV# = NVLink direct, PXB/PHB = host bridge, NS = no support) ---
[2026-05-09 08:43:05] [2026-05-09 08:43:05,302 AIMaster] (job_monitor_controller_k8s.py 1099) INFO: All workers: 2, running: 2, failed: 0, pending: 0
[2026-05-09 08:43:05] [2026-05-09 08:43:05,302 AIMaster] (ops_reported_error_detector.py 103) INFO: Detecting whether the job is affected by errors reported by ops platform.
[2026-05-09 08:43:05] [2026-05-09 08:43:05,332 AIMaster] (aimaster_failover_controller.py 81) INFO: Detecting whether aimaster should be migrated.
[2026-05-09 08:43:07] [pre-flight] 	GPU0	GPU1	GPU2	GPU3	GPU4	GPU5	GPU6	GPU7	NIC0	NIC1	NIC2	NIC3	CPU Affinity	NUMA Affinity	GPU NUMA ID
[2026-05-09 08:43:07] [pre-flight] GPU0	 X 	NV12	NV12	NV12	NV12	NV12	NV12	NV12	PIX	PHB	SYS	SYS	0-47	0		N/A
[2026-05-09 08:43:07] [pre-flight] GPU1	NV12	 X 	NV12	NV12	NV12	NV12	NV12	NV12	PIX	PHB	SYS	SYS	0-47	0		N/A
[2026-05-09 08:43:07] [pre-flight] GPU2	NV12	NV12	 X 	NV12	NV12	NV12	NV12	NV12	PHB	PIX	SYS	SYS	0-47	0		N/A
[2026-05-09 08:43:07] [pre-flight] GPU3	NV12	NV12	NV12	 X 	NV12	NV12	NV12	NV12	PHB	PIX	SYS	SYS	0-47	0		N/A
[2026-05-09 08:43:07] [pre-flight] GPU4	NV12	NV12	NV12	NV12	 X 	NV12	NV12	NV12	SYS	SYS	PIX	PHB	48-95	1		N/A
[2026-05-09 08:43:07] [pre-flight] GPU5	NV12	NV12	NV12	NV12	NV12	 X 	NV12	NV12	SYS	SYS	PIX	PHB	48-95	1		N/A
[2026-05-09 08:43:07] [pre-flight] GPU6	NV12	NV12	NV12	NV12	NV12	NV12	 X 	NV12	SYS	SYS	PHB	PIX	48-95	1		N/A
[2026-05-09 08:43:07] [pre-flight] GPU7	NV12	NV12	NV12	NV12	NV12	NV12	NV12	 X 	SYS	SYS	PHB	PIX	48-95	1		N/A
[2026-05-09 08:43:07] [pre-flight] NIC0	PIX	PIX	PHB	PHB	SYS	SYS	SYS	SYS	 X 	PHB	SYS	SYS				
[2026-05-09 08:43:07] [pre-flight] NIC1	PHB	PHB	PIX	PIX	SYS	SYS	SYS	SYS	PHB	 X 	SYS	SYS				
[2026-05-09 08:43:07] [pre-flight] NIC2	SYS	SYS	SYS	SYS	PIX	PIX	PHB	PHB	SYS	SYS	 X 	PHB				
[2026-05-09 08:43:07] [pre-flight] NIC3	SYS	SYS	SYS	SYS	PHB	PHB	PIX	PIX	SYS	SYS	PHB	 X 				
[2026-05-09 08:43:07] [pre-flight] 
[2026-05-09 08:43:07] [pre-flight] Legend:
[2026-05-09 08:43:07] [pre-flight] 
[2026-05-09 08:43:07] [pre-flight]   X    = Self
[2026-05-09 08:43:07] [pre-flight]   SYS  = Connection traversing PCIe as well as the SMP interconnect between NUMA nodes (e.g., QPI/UPI)
[2026-05-09 08:43:07] [pre-flight]   NODE = Connection traversing PCIe as well as the interconnect between PCIe Host Bridges within a NUMA node
[2026-05-09 08:43:07] [pre-flight]   PHB  = Connection traversing PCIe as well as a PCIe Host Bridge (typically the CPU)
[2026-05-09 08:43:07] [pre-flight]   PXB  = Connection traversing multiple PCIe bridges (without traversing the PCIe Host Bridge)
[2026-05-09 08:43:07] [pre-flight]   PIX  = Connection traversing at most a single PCIe bridge
[2026-05-09 08:43:07] [pre-flight]   NV#  = Connection traversing a bonded set of # NVLinks
[2026-05-09 08:43:07] [pre-flight] 
[2026-05-09 08:43:07] [pre-flight] NIC Legend:
[2026-05-09 08:43:07] [pre-flight] 
[2026-05-09 08:43:07] [pre-flight]   NIC0: mlx5_0
[2026-05-09 08:43:07] [pre-flight]   NIC1: mlx5_1
[2026-05-09 08:43:07] [pre-flight]   NIC2: mlx5_2
[2026-05-09 08:43:07] [pre-flight]   NIC3: mlx5_3
[2026-05-09 08:43:07] [pre-flight] --- IB devices (active in cross-node NCCL) ---
[2026-05-09 08:43:07] [pre-flight]     device          	   node GUID
[2026-05-09 08:43:07] [pre-flight]     ------          	----------------
[2026-05-09 08:43:07] [pre-flight]     mlx5_0          	08c095fffe007e02
[2026-05-09 08:43:07] [pre-flight]     mlx5_1          	08c095fffe255602
[2026-05-09 08:43:07] [pre-flight]     mlx5_2          	08c095fffe2eda02
[2026-05-09 08:43:07] [pre-flight]     mlx5_3          	08c094fffefe1202
[2026-05-09 08:43:07] [pre-flight] --- CUDA visible: 0,1,2,3,4,5,6,7 (TP=8) ---
[2026-05-09 08:43:07] [pre-flight] --- NCCL routing controls (effective env) ---
[2026-05-09 08:43:07] [pre-flight] NCCL_P2P_LEVEL=NVL
[2026-05-09 08:43:07] [pre-flight] NCCL_P2P_DISABLE=(unset)
[2026-05-09 08:43:07] [pre-flight] NCCL_NET_GDR_DISABLE=1
[2026-05-09 08:43:07] [pre-flight] NCCL_IB_HCA=mlx5
[2026-05-09 08:43:07] [pre-flight] VLLM_DISABLE_CUSTOM_ALL_REDUCE=1
[2026-05-09 08:43:07] [pre-flight] VLLM_RPC_TIMEOUT=600000ms
[2026-05-09 08:43:07] [pre-flight] VLLM_ENFORCE_EAGER=0
[2026-05-09 08:43:09] ================================================================
[2026-05-09 08:43:10] ========== Code Pass@1 Eval ==========
[2026-05-09 08:43:10] RUN_DIR:                    /mnt/data/ebft-distribution-new/outputs/diff_dataset/diff_g2_no_teacher_vicinal_dlc1nta2oa0ac22v
[2026-05-09 08:43:10] MODEL_PATH:                 /mnt/data/ebft-distribution-new/outputs/diff_dataset/diff_g2_no_teacher_vicinal_dlc1nta2oa0ac22v/model
[2026-05-09 08:43:10] CODE_BENCHMARK:             humaneval
[2026-05-09 08:43:10] EVAL_DATA:                  /mnt/data/ebft-distribution-new/outputs/diff_dataset_prepared/humaneval_eval_qa.jsonl
[2026-05-09 08:43:10] OUTPUT_PATH:                /mnt/data/ebft-distribution-new/outputs/diff_dataset/diff_g2_no_teacher_vicinal_dlc1nta2oa0ac22v/supplement_logs/humaneval/eval_results_humaneval_pass1_0509_0843.jsonl
[2026-05-09 08:43:10] REPORT_JSON:                /mnt/data/ebft-distribution-new/outputs/diff_dataset/diff_g2_no_teacher_vicinal_dlc1nta2oa0ac22v/supplement_logs/humaneval/code_eval_report_humaneval_pass1_0509_0843.json
[2026-05-09 08:43:10] DETAILS_JSONL:              /mnt/data/ebft-distribution-new/outputs/diff_dataset/diff_g2_no_teacher_vicinal_dlc1nta2oa0ac22v/supplement_logs/humaneval/code_eval_details_humaneval_pass1_0509_0843.jsonl
[2026-05-09 08:43:10] MODEL_CUDA_VISIBLE_DEVICES: 0,1,2,3,4,5,6,7
[2026-05-09 08:43:10] VLLM_TP_SIZE:               8
[2026-05-09 08:43:10] POST_EVAL_MAX_SAMPLES:      5328
[2026-05-09 08:43:10] CODE_EVAL_MAX_NEW_TOKENS:   1024
[2026-05-09 08:43:10] CODE_EVAL_TEMPERATURE:      0.0
[2026-05-09 08:43:10] ======================================
[2026-05-09 08:43:10] [code-pass1-humaneval] launching vLLM
[2026-05-09 08:43:17] [2026-05-09 08:43:17,514 AIMaster] (job_event_collector.py 135) WARNING: Failed to watch pods, exception: ("Connection broken: ConnectionResetError(104, 'Connection reset by peer')", ConnectionResetError(104, 'Connection reset by peer'))
[2026-05-09 08:43:19] `Qwen2VLImageProcessorFast` is deprecated. The `Fast` suffix for image processors has been removed; use `Qwen2VLImageProcessor` instead.
[2026-05-09 08:43:19] 
Preparing prompts:   0%|          | 0/164 [00:00<?, ?it/s]
Preparing prompts: 100%|██████████| 164/164 [00:00<00:00, 1322818.95it/s]
[2026-05-09 08:43:19] [opt] VLLM_FAST_PREFILL=1 requested but skipping (model_type='qwen3_5_text', vllm=0.19.0; needs gemma4 + vllm>=0.20). Bump TEACHER_VLLM_VERSION in scripts/setup_env.sh and rebuild teacher venv to enable.
[2026-05-09 08:43:19] [opt] VLLM_NGRAM_SPEC=1 -> speculative_config={'method': 'ngram', 'num_speculative_tokens': 5, 'prompt_lookup_min': 2, 'prompt_lookup_max': 5} (1.50-1.58x on math reasoning per arXiv 2601.11580)
[2026-05-09 08:43:20] INFO 05-09 08:43:19 [utils.py:233] non-default args: {'trust_remote_code': True, 'seed': 1234, 'tensor_parallel_size': 8, 'enable_prefix_caching': False, 'max_num_seqs': 128, 'disable_log_stats': True, 'hf_overrides': <function chained_hf_overrides.<locals>._apply at 0x7fbbc18a9a80>, 'disable_custom_all_reduce': True, 'limit_mm_per_prompt': {'image': 0, 'video': 0, 'audio': 0}, 'speculative_config': {'method': 'ngram', 'num_speculative_tokens': 5, 'prompt_lookup_min': 2, 'prompt_lookup_max': 5}, 'model': '/mnt/data/ebft-distribution-new/outputs/diff_dataset/diff_g2_no_teacher_vicinal_dlc1nta2oa0ac22v/model'}
[2026-05-09 08:43:20] WARNING 05-09 08:43:19 [envs.py:1744] Unknown vLLM environment variable detected: VLLM_ENABLE_PREFIX_CACHING
[2026-05-09 08:43:20] WARNING 05-09 08:43:19 [envs.py:1744] Unknown vLLM environment variable detected: VLLM_DISABLE_CUSTOM_ALL_REDUCE
[2026-05-09 08:43:20] WARNING 05-09 08:43:19 [envs.py:1744] Unknown vLLM environment variable detected: VLLM_ENFORCE_EAGER
[2026-05-09 08:43:20] WARNING 05-09 08:43:19 [envs.py:1744] Unknown vLLM environment variable detected: VLLM_PROGRESS_BATCH_SIZE
[2026-05-09 08:43:20] WARNING 05-09 08:43:19 [envs.py:1744] Unknown vLLM environment variable detected: VLLM_MAX_NUM_SEQS
[2026-05-09 08:43:20] WARNING 05-09 08:43:19 [envs.py:1744] Unknown vLLM environment variable detected: VLLM_SEED
[2026-05-09 08:43:20] WARNING 05-09 08:43:19 [envs.py:1744] Unknown vLLM environment variable detected: VLLM_TP_SIZE
[2026-05-09 08:43:20] INFO 05-09 08:43:19 [model.py:549] Resolved architecture: Qwen3_5ForCausalLM
[2026-05-09 08:43:20] INFO 05-09 08:43:19 [model.py:1678] Using max model len 262144
[2026-05-09 08:43:20] INFO 05-09 08:43:19 [scheduler.py:238] Chunked prefill is enabled with max_num_batched_tokens=8192.
[2026-05-09 08:43:20] INFO 05-09 08:43:19 [config.py:281] Setting attention block size to 144 tokens to ensure that attention page size is >= mamba page size.
[2026-05-09 08:43:20] WARNING 05-09 08:43:19 [vllm.py:762] Async scheduling not supported with ngram-based speculative decoding and will be disabled.
[2026-05-09 08:43:20] INFO 05-09 08:43:19 [vllm.py:790] Asynchronous scheduling is disabled.
[2026-05-09 08:43:22] INFO 05-09 08:43:21 [registry.py:126] All limits of multimodal modalities supported by the model are set to 0, running in text-only mode.
[2026-05-09 08:43:31] `Qwen2VLImageProcessorFast` is deprecated. The `Fast` suffix for image processors has been removed; use `Qwen2VLImageProcessor` instead.
[2026-05-09 08:43:31] (EngineCore pid=48581) INFO 05-09 08:43:31 [core.py:105] Initializing a V1 LLM engine (v0.19.0) with config: model='/mnt/data/ebft-distribution-new/outputs/diff_dataset/diff_g2_no_teacher_vicinal_dlc1nta2oa0ac22v/model', speculative_config=SpeculativeConfig(method='ngram', model=None, num_spec_tokens=5), tokenizer='/mnt/data/ebft-distribution-new/outputs/diff_dataset/diff_g2_no_teacher_vicinal_dlc1nta2oa0ac22v/model', skip_tokenizer_init=False, tokenizer_mode=auto, revision=None, tokenizer_revision=None, trust_remote_code=True, dtype=torch.bfloat16, max_seq_len=262144, download_dir=None, load_format=auto, tensor_parallel_size=8, pipeline_parallel_size=1, data_parallel_size=1, decode_context_parallel_size=1, dcp_comm_backend=ag_rs, disable_custom_all_reduce=True, quantization=None, enforce_eager=False, enable_return_routed_experts=False, kv_cache_dtype=auto, device_config=cuda, structured_outputs_config=StructuredOutputsConfig(backend='auto', disable_any_whitespace=False, disable_additional_properties=False, reasoning_parser='', reasoning_parser_plugin='', enable_in_reasoning=False), observability_config=ObservabilityConfig(show_hidden_metrics_for_version=None, otlp_traces_endpoint=None, collect_detailed_traces=None, kv_cache_metrics=False, kv_cache_metrics_sample=0.01, cudagraph_metrics=False, enable_layerwise_nvtx_tracing=False, enable_mfu_metrics=False, enable_mm_processor_stats=False, enable_logging_iteration_details=False), seed=1234, served_model_name=/mnt/data/ebft-distribution-new/outputs/diff_dataset/diff_g2_no_teacher_vicinal_dlc1nta2oa0ac22v/model, enable_prefix_caching=False, enable_chunked_prefill=True, pooler_config=None, compilation_config={'mode': <CompilationMode.VLLM_COMPILE: 3>, 'debug_dump_path': None, 'cache_dir': '', 'compile_cache_save_format': 'binary', 'backend': 'inductor', 'custom_ops': ['none'], 'splitting_ops': ['vllm::unified_attention', 'vllm::unified_attention_with_output', 'vllm::unified_mla_attention', 'vllm::unified_mla_attention_with_output', 'vllm::mamba_mixer2', 'vllm::mamba_mixer', 'vllm::short_conv', 'vllm::linear_attention', 'vllm::plamo2_mamba_mixer', 'vllm::gdn_attention_core', 'vllm::olmo_hybrid_gdn_full_forward', 'vllm::kda_attention', 'vllm::sparse_attn_indexer', 'vllm::rocm_aiter_sparse_attn_indexer', 'vllm::unified_kv_cache_update', 'vllm::unified_mla_kv_cache_update'], 'compile_mm_encoder': False, 'cudagraph_mm_encoder': False, 'encoder_cudagraph_token_budgets': [], 'encoder_cudagraph_max_images_per_batch': 0, 'compile_sizes': [], 'compile_ranges_endpoints': [8192], 'inductor_compile_config': {'enable_auto_functionalized_v2': False, 'size_asserts': False, 'alignment_asserts': False, 'scalar_asserts': False, 'combo_kernels': True, 'benchmark_combo_kernel': True}, 'inductor_passes': {}, 'cudagraph_mode': <CUDAGraphMode.FULL_AND_PIECEWISE: (2, 1)>, 'cudagraph_num_of_warmups': 1, 'cudagraph_capture_sizes': [1, 2, 4, 8, 16, 24, 32, 40, 48, 56, 64, 72, 80, 88, 96, 104, 112, 120, 128, 136, 144, 152, 160, 168, 176, 184, 192, 200, 208, 216, 224, 232, 240, 248, 256, 272, 288, 304, 320, 336, 352, 368, 384, 400, 416, 432, 448, 464, 480, 496, 512], 'cudagraph_copy_inputs': False, 'cudagraph_specialize_lora': True, 'use_inductor_graph_partition': False, 'pass_config': {'fuse_norm_quant': False, 'fuse_act_quant': False, 'fuse_attn_quant': False, 'enable_sp': False, 'fuse_gemm_comms': False, 'fuse_allreduce_rms': False}, 'max_cudagraph_capture_size': 512, 'dynamic_shapes_config': {'type': <DynamicShapesType.BACKED: 'backed'>, 'evaluate_guards': False, 'assume_32_bit_indexing': False}, 'local_cache_dir': None, 'fast_moe_cold_start': False, 'static_all_moe_layers': []}
[2026-05-09 08:43:31] (EngineCore pid=48581) WARNING 05-09 08:43:31 [multiproc_executor.py:1014] Reducing Torch parallelism from 96 threads to 1 to avoid unnecessary CPU contention. Set OMP_NUM_THREADS in the external environment to tune this value as needed.
[2026-05-09 08:43:31] (EngineCore pid=48581) INFO 05-09 08:43:31 [multiproc_executor.py:134] DP group leader: node_rank=0, node_rank_within_dp=0, master_addr=127.0.0.1, mq_connect_ip=10.1.53.192 (local), world_size=8, local_world_size=8
[2026-05-09 08:43:35] [2026-05-09 08:43:35,577 AIMaster] (job_monitor_controller_k8s.py 1099) INFO: All workers: 2, running: 2, failed: 0, pending: 0
[2026-05-09 08:43:39] `Qwen2VLImageProcessorFast` is deprecated. The `Fast` suffix for image processors has been removed; use `Qwen2VLImageProcessor` instead.
[2026-05-09 08:43:41] INFO 05-09 08:43:41 [registry.py:126] All limits of multimodal modalities supported by the model are set to 0, running in text-only mode.
[2026-05-09 08:43:41] (Worker pid=48751) INFO 05-09 08:43:41 [parallel_state.py:1400] world_size=8 rank=0 local_rank=0 distributed_init_method=tcp://127.0.0.1:52081 backend=nccl
[2026-05-09 08:43:47] `Qwen2VLImageProcessorFast` is deprecated. The `Fast` suffix for image processors has been removed; use `Qwen2VLImageProcessor` instead.
[2026-05-09 08:43:49] INFO 05-09 08:43:49 [registry.py:126] All limits of multimodal modalities supported by the model are set to 0, running in text-only mode.
[2026-05-09 08:43:50] (Worker pid=48758) INFO 05-09 08:43:49 [parallel_state.py:1400] world_size=8 rank=1 local_rank=1 distributed_init_method=tcp://127.0.0.1:52081 backend=nccl
[2026-05-09 08:43:55] `Qwen2VLImageProcessorFast` is deprecated. The `Fast` suffix for image processors has been removed; use `Qwen2VLImageProcessor` instead.
[2026-05-09 08:43:57] INFO 05-09 08:43:57 [registry.py:126] All limits of multimodal modalities supported by the model are set to 0, running in text-only mode.
[2026-05-09 08:43:58] (Worker pid=48767) INFO 05-09 08:43:57 [parallel_state.py:1400] world_size=8 rank=2 local_rank=2 distributed_init_method=tcp://127.0.0.1:52081 backend=nccl
[2026-05-09 08:44:02] [2026-05-09 08:44:01,971 AIMaster] (config.py 347) INFO: Try loading config from pai-aimaster-new configmap.
[2026-05-09 08:44:03] `Qwen2VLImageProcessorFast` is deprecated. The `Fast` suffix for image processors has been removed; use `Qwen2VLImageProcessor` instead.
[2026-05-09 08:44:05] [2026-05-09 08:44:05,697 AIMaster] (job_monitor_controller_k8s.py 1099) INFO: All workers: 2, running: 2, failed: 0, pending: 0
[2026-05-09 08:44:05] [2026-05-09 08:44:05,697 AIMaster] (ops_reported_error_detector.py 103) INFO: Detecting whether the job is affected by errors reported by ops platform.
[2026-05-09 08:44:05] INFO 05-09 08:44:05 [registry.py:126] All limits of multimodal modalities supported by the model are set to 0, running in text-only mode.
[2026-05-09 08:44:05] (Worker pid=48780) INFO 05-09 08:44:05 [parallel_state.py:1400] world_size=8 rank=3 local_rank=3 distributed_init_method=tcp://127.0.0.1:52081 backend=nccl
[2026-05-09 08:44:11] `Qwen2VLImageProcessorFast` is deprecated. The `Fast` suffix for image processors has been removed; use `Qwen2VLImageProcessor` instead.
[2026-05-09 08:44:13] INFO 05-09 08:44:12 [registry.py:126] All limits of multimodal modalities supported by the model are set to 0, running in text-only mode.
[2026-05-09 08:44:13] (Worker pid=48794) INFO 05-09 08:44:13 [parallel_state.py:1400] world_size=8 rank=4 local_rank=4 distributed_init_method=tcp://127.0.0.1:52081 backend=nccl
[2026-05-09 08:44:18] `Qwen2VLImageProcessorFast` is deprecated. The `Fast` suffix for image processors has been removed; use `Qwen2VLImageProcessor` instead.
[2026-05-09 08:44:20] INFO 05-09 08:44:20 [registry.py:126] All limits of multimodal modalities supported by the model are set to 0, running in text-only mode.
[2026-05-09 08:44:21] (Worker pid=48807) INFO 05-09 08:44:20 [parallel_state.py:1400] world_size=8 rank=5 local_rank=5 distributed_init_method=tcp://127.0.0.1:52081 backend=nccl
[2026-05-09 08:44:26] `Qwen2VLImageProcessorFast` is deprecated. The `Fast` suffix for image processors has been removed; use `Qwen2VLImageProcessor` instead.
[2026-05-09 08:44:28] INFO 05-09 08:44:28 [registry.py:126] All limits of multimodal modalities supported by the model are set to 0, running in text-only mode.
[2026-05-09 08:44:28] (Worker pid=48821) INFO 05-09 08:44:28 [parallel_state.py:1400] world_size=8 rank=6 local_rank=6 distributed_init_method=tcp://127.0.0.1:52081 backend=nccl
[2026-05-09 08:44:33] `Qwen2VLImageProcessorFast` is deprecated. The `Fast` suffix for image processors has been removed; use `Qwen2VLImageProcessor` instead.
[2026-05-09 08:44:35] [2026-05-09 08:44:35,878 AIMaster] (job_monitor_controller_k8s.py 1099) INFO: All workers: 2, running: 2, failed: 0, pending: 0
[2026-05-09 08:44:36] INFO 05-09 08:44:35 [registry.py:126] All limits of multimodal modalities supported by the model are set to 0, running in text-only mode.
[2026-05-09 08:44:36] (Worker pid=48834) INFO 05-09 08:44:35 [parallel_state.py:1400] world_size=8 rank=7 local_rank=7 distributed_init_method=tcp://127.0.0.1:52081 backend=nccl
[2026-05-09 08:44:36] (Worker pid=48758) <frozen importlib._bootstrap_external>:1301: FutureWarning: The cuda.cudart module is deprecated and will be removed in a future release, please switch to use the cuda.bindings.runtime module instead.
[2026-05-09 08:44:36] (Worker pid=48758) <frozen importlib._bootstrap_external>:1301: FutureWarning: The cuda.nvrtc module is deprecated and will be removed in a future release, please switch to use the cuda.bindings.nvrtc module instead.
[2026-05-09 08:44:36] (Worker pid=48751) <frozen importlib._bootstrap_external>:1301: FutureWarning: The cuda.cudart module is deprecated and will be removed in a future release, please switch to use the cuda.bindings.runtime module instead.
[2026-05-09 08:44:36] (Worker pid=48751) <frozen importlib._bootstrap_external>:1301: FutureWarning: The cuda.nvrtc module is deprecated and will be removed in a future release, please switch to use the cuda.bindings.nvrtc module instead.
[2026-05-09 08:44:36] (Worker pid=48767) <frozen importlib._bootstrap_external>:1301: FutureWarning: The cuda.cudart module is deprecated and will be removed in a future release, please switch to use the cuda.bindings.runtime module instead.
[2026-05-09 08:44:36] (Worker pid=48767) <frozen importlib._bootstrap_external>:1301: FutureWarning: The cuda.nvrtc module is deprecated and will be removed in a future release, please switch to use the cuda.bindings.nvrtc module instead.
[2026-05-09 08:44:36] dlc1nta2oa0ac22v-master-0:48751:48751 [0] NCCL INFO NCCL_SOCKET_IFNAME set by environment to eth
[2026-05-09 08:44:36] dlc1nta2oa0ac22v-master-0:48751:48751 [0] NCCL INFO Bootstrap: Using eth0:22.27.118.97<0>
[2026-05-09 08:44:36] (Worker pid=48751) INFO 05-09 08:44:36 [pynccl.py:111] vLLM is using nccl==2.27.5
[2026-05-09 08:44:36] (Worker pid=48821) <frozen importlib._bootstrap_external>:1301: FutureWarning: The cuda.cudart module is deprecated and will be removed in a future release, please switch to use the cuda.bindings.runtime module instead.
[2026-05-09 08:44:36] (Worker pid=48821) <frozen importlib._bootstrap_external>:1301: FutureWarning: The cuda.nvrtc module is deprecated and will be removed in a future release, please switch to use the cuda.bindings.nvrtc module instead.
[2026-05-09 08:44:36] (Worker pid=48834) <frozen importlib._bootstrap_external>:1301: FutureWarning: The cuda.cudart module is deprecated and will be removed in a future release, please switch to use the cuda.bindings.runtime module instead.
[2026-05-09 08:44:36] (Worker pid=48834) <frozen importlib._bootstrap_external>:1301: FutureWarning: The cuda.nvrtc module is deprecated and will be removed in a future release, please switch to use the cuda.bindings.nvrtc module instead.
[2026-05-09 08:44:36] (Worker pid=48807) <frozen importlib._bootstrap_external>:1301: FutureWarning: The cuda.cudart module is deprecated and will be removed in a future release, please switch to use the cuda.bindings.runtime module instead.
[2026-05-09 08:44:36] (Worker pid=48807) <frozen importlib._bootstrap_external>:1301: FutureWarning: The cuda.nvrtc module is deprecated and will be removed in a future release, please switch to use the cuda.bindings.nvrtc module instead.
[2026-05-09 08:44:36] dlc1nta2oa0ac22v-master-0:48821:48821 [6] NCCL INFO cudaDriverVersion 12040
[2026-05-09 08:44:36] dlc1nta2oa0ac22v-master-0:48821:48821 [6] NCCL INFO NCCL_SOCKET_IFNAME set by environment to eth
[2026-05-09 08:44:36] dlc1nta2oa0ac22v-master-0:48821:48821 [6] NCCL INFO Bootstrap: Using eth0:22.27.118.97<0>
[2026-05-09 08:44:36] dlc1nta2oa0ac22v-master-0:48821:48821 [6] NCCL INFO NCCL version 2.27.5+cuda12.9
[2026-05-09 08:44:36] dlc1nta2oa0ac22v-master-0:48767:48767 [2] NCCL INFO cudaDriverVersion 12040
[2026-05-09 08:44:36] dlc1nta2oa0ac22v-master-0:48767:48767 [2] NCCL INFO NCCL_SOCKET_IFNAME set by environment to eth
[2026-05-09 08:44:36] dlc1nta2oa0ac22v-master-0:48767:48767 [2] NCCL INFO Bootstrap: Using eth0:22.27.118.97<0>
[2026-05-09 08:44:36] dlc1nta2oa0ac22v-master-0:48767:48767 [2] NCCL INFO NCCL version 2.27.5+cuda12.9
[2026-05-09 08:44:36] dlc1nta2oa0ac22v-master-0:48807:48807 [5] NCCL INFO cudaDriverVersion 12040
[2026-05-09 08:44:36] dlc1nta2oa0ac22v-master-0:48807:48807 [5] NCCL INFO NCCL_SOCKET_IFNAME set by environment to eth
[2026-05-09 08:44:36] dlc1nta2oa0ac22v-master-0:48807:48807 [5] NCCL INFO Bootstrap: Using eth0:22.27.118.97<0>
[2026-05-09 08:44:36] dlc1nta2oa0ac22v-master-0:48807:48807 [5] NCCL INFO NCCL version 2.27.5+cuda12.9
[2026-05-09 08:44:36] (Worker pid=48794) <frozen importlib._bootstrap_external>:1301: FutureWarning: The cuda.cudart module is deprecated and will be removed in a future release, please switch to use the cuda.bindings.runtime module instead.
[2026-05-09 08:44:36] (Worker pid=48794) <frozen importlib._bootstrap_external>:1301: FutureWarning: The cuda.nvrtc module is deprecated and will be removed in a future release, please switch to use the cuda.bindings.nvrtc module instead.
[2026-05-09 08:44:36] (Worker pid=48780) <frozen importlib._bootstrap_external>:1301: FutureWarning: The cuda.cudart module is deprecated and will be removed in a future release, please switch to use the cuda.bindings.runtime module instead.
[2026-05-09 08:44:36] (Worker pid=48780) <frozen importlib._bootstrap_external>:1301: FutureWarning: The cuda.nvrtc module is deprecated and will be removed in a future release, please switch to use the cuda.bindings.nvrtc module instead.
[2026-05-09 08:44:36] dlc1nta2oa0ac22v-master-0:48751:48751 [0] NCCL INFO cudaDriverVersion 12040
[2026-05-09 08:44:36] dlc1nta2oa0ac22v-master-0:48751:48751 [0] NCCL INFO NCCL version 2.27.5+cuda12.9
[2026-05-09 08:44:36] dlc1nta2oa0ac22v-master-0:48767:48767 [2] NCCL INFO NET/Plugin: Could not find: none libnccl-net-none.so. 
[2026-05-09 08:44:36] dlc1nta2oa0ac22v-master-0:48767:48767 [2] NCCL INFO NCCL_SOCKET_IFNAME set by environment to eth
[2026-05-09 08:44:36] dlc1nta2oa0ac22v-master-0:48767:48767 [2] NCCL INFO NCCL_IB_HCA set to mlx5
[2026-05-09 08:44:36] dlc1nta2oa0ac22v-master-0:48807:48807 [5] NCCL INFO NET/Plugin: Could not find: none libnccl-net-none.so. 
[2026-05-09 08:44:36] dlc1nta2oa0ac22v-master-0:48807:48807 [5] NCCL INFO NCCL_SOCKET_IFNAME set by environment to eth
[2026-05-09 08:44:36] dlc1nta2oa0ac22v-master-0:48807:48807 [5] NCCL INFO NCCL_IB_HCA set to mlx5
[2026-05-09 08:44:37] dlc1nta2oa0ac22v-master-0:48821:48821 [6] NCCL INFO NET/Plugin: Could not find: none libnccl-net-none.so. 
[2026-05-09 08:44:37] dlc1nta2oa0ac22v-master-0:48821:48821 [6] NCCL INFO NCCL_SOCKET_IFNAME set by environment to eth
[2026-05-09 08:44:37] dlc1nta2oa0ac22v-master-0:48821:48821 [6] NCCL INFO NCCL_IB_HCA set to mlx5
[2026-05-09 08:44:37] dlc1nta2oa0ac22v-master-0:48807:48807 [5] NCCL INFO NET/IB : Using [0]mlx5_0:1/RoCE [1]mlx5_1:1/RoCE [2]mlx5_2:1/RoCE [3]mlx5_3:1/RoCE [RO]; OOB eth0:22.27.118.97<0>
[2026-05-09 08:44:37] dlc1nta2oa0ac22v-master-0:48807:48807 [5] NCCL INFO Initialized NET plugin IB
[2026-05-09 08:44:37] dlc1nta2oa0ac22v-master-0:48767:48767 [2] NCCL INFO NET/IB : Using [0]mlx5_0:1/RoCE [1]mlx5_1:1/RoCE [2]mlx5_2:1/RoCE [3]mlx5_3:1/RoCE [RO]; OOB eth0:22.27.118.97<0>
[2026-05-09 08:44:37] dlc1nta2oa0ac22v-master-0:48767:48767 [2] NCCL INFO Initialized NET plugin IB
[2026-05-09 08:44:37] dlc1nta2oa0ac22v-master-0:48767:48767 [2] NCCL INFO Assigned NET plugin IB to comm
[2026-05-09 08:44:37] dlc1nta2oa0ac22v-master-0:48767:48767 [2] NCCL INFO Using network IB
[2026-05-09 08:44:37] dlc1nta2oa0ac22v-master-0:48807:48807 [5] NCCL INFO Assigned NET plugin IB to comm
[2026-05-09 08:44:37] dlc1nta2oa0ac22v-master-0:48807:48807 [5] NCCL INFO Using network IB
[2026-05-09 08:44:37] dlc1nta2oa0ac22v-master-0:48821:48821 [6] NCCL INFO NET/IB : Using [0]mlx5_0:1/RoCE [1]mlx5_1:1/RoCE [2]mlx5_2:1/RoCE [3]mlx5_3:1/RoCE [RO]; OOB eth0:22.27.118.97<0>
[2026-05-09 08:44:37] dlc1nta2oa0ac22v-master-0:48821:48821 [6] NCCL INFO Initialized NET plugin IB
[2026-05-09 08:44:37] dlc1nta2oa0ac22v-master-0:48821:48821 [6] NCCL INFO Assigned NET plugin IB to comm
[2026-05-09 08:44:37] dlc1nta2oa0ac22v-master-0:48821:48821 [6] NCCL INFO Using network IB
[2026-05-09 08:44:37] dlc1nta2oa0ac22v-master-0:48780:48780 [3] NCCL INFO cudaDriverVersion 12040
[2026-05-09 08:44:37] dlc1nta2oa0ac22v-master-0:48780:48780 [3] NCCL INFO NCCL_SOCKET_IFNAME set by environment to eth
[2026-05-09 08:44:37] dlc1nta2oa0ac22v-master-0:48780:48780 [3] NCCL INFO Bootstrap: Using eth0:22.27.118.97<0>
[2026-05-09 08:44:37] dlc1nta2oa0ac22v-master-0:48780:48780 [3] NCCL INFO NCCL version 2.27.5+cuda12.9
[2026-05-09 08:44:37] dlc1nta2oa0ac22v-master-0:48794:48794 [4] NCCL INFO cudaDriverVersion 12040
[2026-05-09 08:44:37] dlc1nta2oa0ac22v-master-0:48794:48794 [4] NCCL INFO NCCL_SOCKET_IFNAME set by environment to eth
[2026-05-09 08:44:37] dlc1nta2oa0ac22v-master-0:48758:48758 [1] NCCL INFO cudaDriverVersion 12040
[2026-05-09 08:44:37] dlc1nta2oa0ac22v-master-0:48758:48758 [1] NCCL INFO NCCL_SOCKET_IFNAME set by environment to eth
[2026-05-09 08:44:37] dlc1nta2oa0ac22v-master-0:48794:48794 [4] NCCL INFO Bootstrap: Using eth0:22.27.118.97<0>
[2026-05-09 08:44:37] dlc1nta2oa0ac22v-master-0:48794:48794 [4] NCCL INFO NCCL version 2.27.5+cuda12.9
[2026-05-09 08:44:37] dlc1nta2oa0ac22v-master-0:48758:48758 [1] NCCL INFO Bootstrap: Using eth0:22.27.118.97<0>
[2026-05-09 08:44:37] dlc1nta2oa0ac22v-master-0:48758:48758 [1] NCCL INFO NCCL version 2.27.5+cuda12.9
[2026-05-09 08:44:37] dlc1nta2oa0ac22v-master-0:48834:48834 [7] NCCL INFO cudaDriverVersion 12040
[2026-05-09 08:44:37] dlc1nta2oa0ac22v-master-0:48834:48834 [7] NCCL INFO NCCL_SOCKET_IFNAME set by environment to eth
[2026-05-09 08:44:37] dlc1nta2oa0ac22v-master-0:48834:48834 [7] NCCL INFO Bootstrap: Using eth0:22.27.118.97<0>
[2026-05-09 08:44:37] dlc1nta2oa0ac22v-master-0:48834:48834 [7] NCCL INFO NCCL version 2.27.5+cuda12.9
[2026-05-09 08:44:37] dlc1nta2oa0ac22v-master-0:48780:48780 [3] NCCL INFO NET/Plugin: Could not find: none libnccl-net-none.so. 
[2026-05-09 08:44:37] dlc1nta2oa0ac22v-master-0:48780:48780 [3] NCCL INFO NCCL_SOCKET_IFNAME set by environment to eth
[2026-05-09 08:44:37] dlc1nta2oa0ac22v-master-0:48780:48780 [3] NCCL INFO NCCL_IB_HCA set to mlx5
[2026-05-09 08:44:37] dlc1nta2oa0ac22v-master-0:48758:48758 [1] NCCL INFO NET/Plugin: Could not find: none libnccl-net-none.so. 
[2026-05-09 08:44:37] dlc1nta2oa0ac22v-master-0:48758:48758 [1] NCCL INFO NCCL_SOCKET_IFNAME set by environment to eth
[2026-05-09 08:44:37] dlc1nta2oa0ac22v-master-0:48758:48758 [1] NCCL INFO NCCL_IB_HCA set to mlx5
[2026-05-09 08:44:37] dlc1nta2oa0ac22v-master-0:48794:48794 [4] NCCL INFO NET/Plugin: Could not find: none libnccl-net-none.so. 
[2026-05-09 08:44:37] dlc1nta2oa0ac22v-master-0:48794:48794 [4] NCCL INFO NCCL_SOCKET_IFNAME set by environment to eth
[2026-05-09 08:44:37] dlc1nta2oa0ac22v-master-0:48794:48794 [4] NCCL INFO NCCL_IB_HCA set to mlx5
[2026-05-09 08:44:37] dlc1nta2oa0ac22v-master-0:48834:48834 [7] NCCL INFO NET/Plugin: Could not find: none libnccl-net-none.so. 
[2026-05-09 08:44:37] dlc1nta2oa0ac22v-master-0:48834:48834 [7] NCCL INFO NCCL_SOCKET_IFNAME set by environment to eth
[2026-05-09 08:44:37] dlc1nta2oa0ac22v-master-0:48834:48834 [7] NCCL INFO NCCL_IB_HCA set to mlx5
[2026-05-09 08:44:37] dlc1nta2oa0ac22v-master-0:48767:48767 [2] NCCL INFO ncclCommInitRank comm 0x55a4f0a99a00 rank 2 nranks 8 cudaDev 2 nvmlDev 2 busId 9000 commId 0x3ce8fe2b9c5e7301 - Init START
[2026-05-09 08:44:37] dlc1nta2oa0ac22v-master-0:48807:48807 [5] NCCL INFO ncclCommInitRank comm 0x55f0002a8410 rank 5 nranks 8 cudaDev 5 nvmlDev 5 busId 11000 commId 0x3ce8fe2b9c5e7301 - Init START
[2026-05-09 08:44:37] dlc1nta2oa0ac22v-master-0:48821:48821 [6] NCCL INFO ncclCommInitRank comm 0x55a007fe5050 rank 6 nranks 8 cudaDev 6 nvmlDev 6 busId 16000 commId 0x3ce8fe2b9c5e7301 - Init START
[2026-05-09 08:44:37] dlc1nta2oa0ac22v-master-0:48834:48834 [7] NCCL INFO NET/IB : Using [0]mlx5_0:1/RoCE [1]mlx5_1:1/RoCE [2]mlx5_2:1/RoCE [3]mlx5_3:1/RoCE [RO]; OOB eth0:22.27.118.97<0>
[2026-05-09 08:44:37] dlc1nta2oa0ac22v-master-0:48834:48834 [7] NCCL INFO Initialized NET plugin IB
[2026-05-09 08:44:37] dlc1nta2oa0ac22v-master-0:48834:48834 [7] NCCL INFO Assigned NET plugin IB to comm
[2026-05-09 08:44:37] dlc1nta2oa0ac22v-master-0:48834:48834 [7] NCCL INFO Using network IB
[2026-05-09 08:44:37] dlc1nta2oa0ac22v-master-0:48780:48780 [3] NCCL INFO NET/IB : Using [0]mlx5_0:1/RoCE [1]mlx5_1:1/RoCE [2]mlx5_2:1/RoCE [3]mlx5_3:1/RoCE [RO]; OOB eth0:22.27.118.97<0>
[2026-05-09 08:44:37] dlc1nta2oa0ac22v-master-0:48780:48780 [3] NCCL INFO Initialized NET plugin IB
[2026-05-09 08:44:37] dlc1nta2oa0ac22v-master-0:48758:48758 [1] NCCL INFO NET/IB : Using [0]mlx5_0:1/RoCE [1]mlx5_1:1/RoCE [2]mlx5_2:1/RoCE [3]mlx5_3:1/RoCE [RO]; OOB eth0:22.27.118.97<0>
[2026-05-09 08:44:37] dlc1nta2oa0ac22v-master-0:48758:48758 [1] NCCL INFO Initialized NET plugin IB
[2026-05-09 08:44:37] dlc1nta2oa0ac22v-master-0:48780:48780 [3] NCCL INFO Assigned NET plugin IB to comm
[2026-05-09 08:44:37] dlc1nta2oa0ac22v-master-0:48780:48780 [3] NCCL INFO Using network IB
[2026-05-09 08:44:37] dlc1nta2oa0ac22v-master-0:48758:48758 [1] NCCL INFO Assigned NET plugin IB to comm
[2026-05-09 08:44:37] dlc1nta2oa0ac22v-master-0:48758:48758 [1] NCCL INFO Using network IB
[2026-05-09 08:44:37] dlc1nta2oa0ac22v-master-0:48794:48794 [4] NCCL INFO NET/IB : Using [0]mlx5_0:1/RoCE [1]mlx5_1:1/RoCE [2]mlx5_2:1/RoCE [3]mlx5_3:1/RoCE [RO]; OOB eth0:22.27.118.97<0>
[2026-05-09 08:44:37] dlc1nta2oa0ac22v-master-0:48794:48794 [4] NCCL INFO Initialized NET plugin IB
[2026-05-09 08:44:37] dlc1nta2oa0ac22v-master-0:48794:48794 [4] NCCL INFO Assigned NET plugin IB to comm
[2026-05-09 08:44:37] dlc1nta2oa0ac22v-master-0:48794:48794 [4] NCCL INFO Using network IB
[2026-05-09 08:44:37] dlc1nta2oa0ac22v-master-0:48834:48834 [7] NCCL INFO ncclCommInitRank comm 0x55ebf93ff940 rank 7 nranks 8 cudaDev 7 nvmlDev 7 busId 17000 commId 0x3ce8fe2b9c5e7301 - Init START
[2026-05-09 08:44:37] dlc1nta2oa0ac22v-master-0:48821:48821 [6] NCCL INFO RAS client listening socket at ::1<28028>
[2026-05-09 08:44:37] dlc1nta2oa0ac22v-master-0:48780:48780 [3] NCCL INFO ncclCommInitRank comm 0x55d27e4d7180 rank 3 nranks 8 cudaDev 3 nvmlDev 3 busId a000 commId 0x3ce8fe2b9c5e7301 - Init START
[2026-05-09 08:44:37] dlc1nta2oa0ac22v-master-0:48751:48751 [0] NCCL INFO NET/Plugin: Could not find: none libnccl-net-none.so. 
[2026-05-09 08:44:37] dlc1nta2oa0ac22v-master-0:48751:48751 [0] NCCL INFO NCCL_SOCKET_IFNAME set by environment to eth
[2026-05-09 08:44:37] dlc1nta2oa0ac22v-master-0:48751:48751 [0] NCCL INFO NCCL_IB_HCA set to mlx5
[2026-05-09 08:44:37] dlc1nta2oa0ac22v-master-0:48794:48794 [4] NCCL INFO ncclCommInitRank comm 0x559654e798a0 rank 4 nranks 8 cudaDev 4 nvmlDev 4 busId 10000 commId 0x3ce8fe2b9c5e7301 - Init START
[2026-05-09 08:44:37] dlc1nta2oa0ac22v-master-0:48794:48794 [4] NCCL INFO RAS client listening socket at ::1<28028>
[2026-05-09 08:44:37] dlc1nta2oa0ac22v-master-0:48780:48780 [3] NCCL INFO RAS client listening socket at ::1<28028>
[2026-05-09 08:44:37] dlc1nta2oa0ac22v-master-0:48807:48807 [5] NCCL INFO RAS client listening socket at ::1<28028>
[2026-05-09 08:44:37] dlc1nta2oa0ac22v-master-0:48758:48758 [1] NCCL INFO ncclCommInitRank comm 0x55865526dc60 rank 1 nranks 8 cudaDev 1 nvmlDev 1 busId 4000 commId 0x3ce8fe2b9c5e7301 - Init START
[2026-05-09 08:44:37] dlc1nta2oa0ac22v-master-0:48767:48767 [2] NCCL INFO RAS client listening socket at ::1<28028>
[2026-05-09 08:44:37] dlc1nta2oa0ac22v-master-0:48751:48751 [0] NCCL INFO NET/IB : Using [0]mlx5_0:1/RoCE [1]mlx5_1:1/RoCE [2]mlx5_2:1/RoCE [3]mlx5_3:1/RoCE [RO]; OOB eth0:22.27.118.97<0>
[2026-05-09 08:44:37] dlc1nta2oa0ac22v-master-0:48751:48751 [0] NCCL INFO Initialized NET plugin IB
[2026-05-09 08:44:37] dlc1nta2oa0ac22v-master-0:48751:48751 [0] NCCL INFO Assigned NET plugin IB to comm
[2026-05-09 08:44:37] dlc1nta2oa0ac22v-master-0:48751:48751 [0] NCCL INFO Using network IB
[2026-05-09 08:44:37] dlc1nta2oa0ac22v-master-0:48751:48751 [0] NCCL INFO ncclCommInitRank comm 0x56113d95a480 rank 0 nranks 8 cudaDev 0 nvmlDev 0 busId 3000 commId 0x3ce8fe2b9c5e7301 - Init START
[2026-05-09 08:44:37] dlc1nta2oa0ac22v-master-0:48751:48751 [0] NCCL INFO RAS client listening socket at ::1<28028>
[2026-05-09 08:44:37] dlc1nta2oa0ac22v-master-0:48758:48758 [1] NCCL INFO RAS client listening socket at ::1<28028>
[2026-05-09 08:44:37] dlc1nta2oa0ac22v-master-0:48834:48834 [7] NCCL INFO RAS client listening socket at ::1<28028>
[2026-05-09 08:44:37] dlc1nta2oa0ac22v-master-0:48758:48758 [1] NCCL INFO Bootstrap timings total 0.046615 (create 0.000021, send 0.000051, recv 0.000072, ring 0.000548, delay 0.000000)
[2026-05-09 08:44:37] dlc1nta2oa0ac22v-master-0:48751:48751 [0] NCCL INFO Bootstrap timings total 0.001146 (create 0.000024, send 0.000083, recv 0.000119, ring 0.000578, delay 0.000000)
[2026-05-09 08:44:37] dlc1nta2oa0ac22v-master-0:48794:48794 [4] NCCL INFO Bootstrap timings total 0.047993 (create 0.000021, send 0.000061, recv 0.000093, ring 0.047516, delay 0.000000)
[2026-05-09 08:44:37] dlc1nta2oa0ac22v-master-0:48834:48834 [7] NCCL INFO Bootstrap timings total 0.074725 (create 0.000029, send 0.000099, recv 0.073673, ring 0.000086, delay 0.000000)
[2026-05-09 08:44:37] dlc1nta2oa0ac22v-master-0:48807:48807 [5] NCCL INFO Bootstrap timings total 0.148183 (create 0.000020, send 0.000058, recv 0.000218, ring 0.047523, delay 0.000001)
[2026-05-09 08:44:37] dlc1nta2oa0ac22v-master-0:48767:48767 [2] NCCL INFO Bootstrap timings total 0.149021 (create 0.000030, send 0.000103, recv 0.096837, ring 0.046166, delay 0.000000)
[2026-05-09 08:44:37] dlc1nta2oa0ac22v-master-0:48780:48780 [3] NCCL INFO Bootstrap timings total 0.052293 (create 0.000031, send 0.000085, recv 0.004331, ring 0.047516, delay 0.000000)
[2026-05-09 08:44:37] dlc1nta2oa0ac22v-master-0:48821:48821 [6] NCCL INFO Bootstrap timings total 0.148135 (create 0.000030, send 0.000114, recv 0.073461, ring 0.074100, delay 0.000001)
[2026-05-09 08:44:37] dlc1nta2oa0ac22v-master-0:48821:48821 [6] NCCL INFO NCCL_P2P_LEVEL set by environment to NVL
[2026-05-09 08:44:37] dlc1nta2oa0ac22v-master-0:48767:48767 [2] NCCL INFO NCCL_P2P_LEVEL set by environment to NVL
[2026-05-09 08:44:37] dlc1nta2oa0ac22v-master-0:48794:48794 [4] NCCL INFO NCCL_P2P_LEVEL set by environment to NVL
[2026-05-09 08:44:37] dlc1nta2oa0ac22v-master-0:48751:48751 [0] NCCL INFO NCCL_P2P_LEVEL set by environment to NVL
[2026-05-09 08:44:37] dlc1nta2oa0ac22v-master-0:48807:48807 [5] NCCL INFO NCCL_P2P_LEVEL set by environment to NVL
[2026-05-09 08:44:37] dlc1nta2oa0ac22v-master-0:48758:48758 [1] NCCL INFO NCCL_P2P_LEVEL set by environment to NVL
[2026-05-09 08:44:37] dlc1nta2oa0ac22v-master-0:48780:48780 [3] NCCL INFO NCCL_P2P_LEVEL set by environment to NVL
[2026-05-09 08:44:37] dlc1nta2oa0ac22v-master-0:48834:48834 [7] NCCL INFO NCCL_P2P_LEVEL set by environment to NVL
[2026-05-09 08:44:37] dlc1nta2oa0ac22v-master-0:48780:48780 [3] NCCL INFO Setting affinity for GPU 3 to 0-47
[2026-05-09 08:44:37] dlc1nta2oa0ac22v-master-0:48780:48780 [3] NCCL INFO NVLS multicast support is not available on dev 3 (NVLS_NCHANNELS 0)
[2026-05-09 08:44:37] dlc1nta2oa0ac22v-master-0:48751:48751 [0] NCCL INFO Setting affinity for GPU 0 to 0-47
[2026-05-09 08:44:37] dlc1nta2oa0ac22v-master-0:48751:48751 [0] NCCL INFO NVLS multicast support is not available on dev 0 (NVLS_NCHANNELS 0)
[2026-05-09 08:44:37] dlc1nta2oa0ac22v-master-0:48794:48794 [4] NCCL INFO Setting affinity for GPU 4 to 48-95
[2026-05-09 08:44:37] dlc1nta2oa0ac22v-master-0:48794:48794 [4] NCCL INFO NVLS multicast support is not available on dev 4 (NVLS_NCHANNELS 0)
[2026-05-09 08:44:37] dlc1nta2oa0ac22v-master-0:48821:48821 [6] NCCL INFO Setting affinity for GPU 6 to 48-95
[2026-05-09 08:44:37] dlc1nta2oa0ac22v-master-0:48821:48821 [6] NCCL INFO NVLS multicast support is not available on dev 6 (NVLS_NCHANNELS 0)
[2026-05-09 08:44:37] dlc1nta2oa0ac22v-master-0:48807:48807 [5] NCCL INFO Setting affinity for GPU 5 to 48-95
[2026-05-09 08:44:37] dlc1nta2oa0ac22v-master-0:48807:48807 [5] NCCL INFO NVLS multicast support is not available on dev 5 (NVLS_NCHANNELS 0)
[2026-05-09 08:44:37] dlc1nta2oa0ac22v-master-0:48767:48767 [2] NCCL INFO Setting affinity for GPU 2 to 0-47
[2026-05-09 08:44:37] dlc1nta2oa0ac22v-master-0:48767:48767 [2] NCCL INFO NVLS multicast support is not available on dev 2 (NVLS_NCHANNELS 0)
[2026-05-09 08:44:37] dlc1nta2oa0ac22v-master-0:48758:48758 [1] NCCL INFO Setting affinity for GPU 1 to 0-47
[2026-05-09 08:44:37] dlc1nta2oa0ac22v-master-0:48758:48758 [1] NCCL INFO NVLS multicast support is not available on dev 1 (NVLS_NCHANNELS 0)
[2026-05-09 08:44:37] dlc1nta2oa0ac22v-master-0:48834:48834 [7] NCCL INFO Setting affinity for GPU 7 to 48-95
[2026-05-09 08:44:37] dlc1nta2oa0ac22v-master-0:48834:48834 [7] NCCL INFO NVLS multicast support is not available on dev 7 (NVLS_NCHANNELS 0)
[2026-05-09 08:44:37] dlc1nta2oa0ac22v-master-0:48758:48758 [1] NCCL INFO comm 0x55865526dc60 rank 1 nRanks 8 nNodes 1 localRanks 8 localRank 1 MNNVL 0
[2026-05-09 08:44:37] dlc1nta2oa0ac22v-master-0:48834:48834 [7] NCCL INFO comm 0x55ebf93ff940 rank 7 nRanks 8 nNodes 1 localRanks 8 localRank 7 MNNVL 0
[2026-05-09 08:44:37] dlc1nta2oa0ac22v-master-0:48751:48751 [0] NCCL INFO comm 0x56113d95a480 rank 0 nRanks 8 nNodes 1 localRanks 8 localRank 0 MNNVL 0
[2026-05-09 08:44:37] dlc1nta2oa0ac22v-master-0:48758:48758 [1] NCCL INFO NCCL_MIN_NCHANNELS set by environment to 4.
[2026-05-09 08:44:37] dlc1nta2oa0ac22v-master-0:48834:48834 [7] NCCL INFO NCCL_MIN_NCHANNELS set by environment to 4.
[2026-05-09 08:44:37] dlc1nta2oa0ac22v-master-0:48821:48821 [6] NCCL INFO comm 0x55a007fe5050 rank 6 nRanks 8 nNodes 1 localRanks 8 localRank 6 MNNVL 0
[2026-05-09 08:44:37] dlc1nta2oa0ac22v-master-0:48807:48807 [5] NCCL INFO comm 0x55f0002a8410 rank 5 nRanks 8 nNodes 1 localRanks 8 localRank 5 MNNVL 0
[2026-05-09 08:44:37] dlc1nta2oa0ac22v-master-0:48751:48751 [0] NCCL INFO NCCL_MIN_NCHANNELS set by environment to 4.
[2026-05-09 08:44:37] dlc1nta2oa0ac22v-master-0:48794:48794 [4] NCCL INFO comm 0x559654e798a0 rank 4 nRanks 8 nNodes 1 localRanks 8 localRank 4 MNNVL 0
[2026-05-09 08:44:37] dlc1nta2oa0ac22v-master-0:48751:48751 [0] NCCL INFO Channel 00/24 : 0 1 3 2 5 4 7 6
[2026-05-09 08:44:37] dlc1nta2oa0ac22v-master-0:48767:48767 [2] NCCL INFO comm 0x55a4f0a99a00 rank 2 nRanks 8 nNodes 1 localRanks 8 localRank 2 MNNVL 0
[2026-05-09 08:44:37] dlc1nta2oa0ac22v-master-0:48751:48751 [0] NCCL INFO Channel 01/24 : 0 1 3 2 5 4 7 6
[2026-05-09 08:44:37] dlc1nta2oa0ac22v-master-0:48821:48821 [6] NCCL INFO NCCL_MIN_NCHANNELS set by environment to 4.
[2026-05-09 08:44:37] dlc1nta2oa0ac22v-master-0:48807:48807 [5] NCCL INFO NCCL_MIN_NCHANNELS set by environment to 4.
[2026-05-09 08:44:37] dlc1nta2oa0ac22v-master-0:48780:48780 [3] NCCL INFO comm 0x55d27e4d7180 rank 3 nRanks 8 nNodes 1 localRanks 8 localRank 3 MNNVL 0
[2026-05-09 08:44:37] dlc1nta2oa0ac22v-master-0:48751:48751 [0] NCCL INFO Channel 02/24 : 0 1 3 2 5 4 7 6
[2026-05-09 08:44:37] dlc1nta2oa0ac22v-master-0:48834:48834 [7] NCCL INFO Trees [0] 6/-1/-1->7->4 [1] 6/-1/-1->7->4 [2] 6/-1/-1->7->4 [3] 6/-1/-1->7->4 [4] 6/-1/-1->7->4 [5] 6/-1/-1->7->4 [6] 6/-1/-1->7->4 [7] 6/-1/-1->7->4 [8] 6/-1/-1->7->4 [9] 6/-1/-1->7->4 [10] 6/-1/-1->7->4 [11] 6/-1/-1->7->4 [12] 6/-1/-1->7->4 [13] 6/-1/-1->7->4 [14] 6/-1/-1->7->4 [15] 6/-1/-1->7->4 [16] 6/-1/-1->7->4 [17] 6/-1/-1->7->4 [18] 6/-1/-1->7->4 [19] 6/-1/-1->7->4 [20] 6/-1/-1->7->4 [21] 6/-1/-1->7->4 [22] 6/-1/-1->7->4 [23] 6/-1/-1->7->4
[2026-05-09 08:44:37] dlc1nta2oa0ac22v-master-0:48751:48751 [0] NCCL INFO Channel 03/24 : 0 1 3 2 5 4 7 6
[2026-05-09 08:44:37] dlc1nta2oa0ac22v-master-0:48794:48794 [4] NCCL INFO NCCL_MIN_NCHANNELS set by environment to 4.
[2026-05-09 08:44:37] dlc1nta2oa0ac22v-master-0:48834:48834 [7] NCCL INFO P2P Chunksize set to 524288
[2026-05-09 08:44:37] dlc1nta2oa0ac22v-master-0:48758:48758 [1] NCCL INFO Trees [0] 3/-1/-1->1->0 [1] 3/-1/-1->1->0 [2] 3/-1/-1->1->0 [3] 3/-1/-1->1->0 [4] 3/-1/-1->1->0 [5] 3/-1/-1->1->0 [6] 3/-1/-1->1->0 [7] 3/-1/-1->1->0 [8] 3/-1/-1->1->0 [9] 3/-1/-1->1->0 [10] 3/-1/-1->1->0 [11] 3/-1/-1->1->0 [12] 3/-1/-1->1->0 [13] 3/-1/-1->1->0 [14] 3/-1/-1->1->0 [15] 3/-1/-1->1->0 [16] 3/-1/-1->1->0 [17] 3/-1/-1->1->0 [18] 3/-1/-1->1->0 [19] 3/-1/-1->1->0 [20] 3/-1/-1->1->0 [21] 3/-1/-1->1->0 [22] 3/-1/-1->1->0 [23] 3/-1/-1->1->0
[2026-05-09 08:44:37] dlc1nta2oa0ac22v-master-0:48751:48751 [0] NCCL INFO Channel 04/24 : 0 1 3 2 5 4 7 6
[2026-05-09 08:44:37] dlc1nta2oa0ac22v-master-0:48751:48751 [0] NCCL INFO Channel 05/24 : 0 1 3 2 5 4 7 6
[2026-05-09 08:44:37] dlc1nta2oa0ac22v-master-0:48758:48758 [1] NCCL INFO P2P Chunksize set to 524288
[2026-05-09 08:44:37] dlc1nta2oa0ac22v-master-0:48751:48751 [0] NCCL INFO Channel 06/24 : 0 1 3 2 5 4 7 6
[2026-05-09 08:44:37] dlc1nta2oa0ac22v-master-0:48780:48780 [3] NCCL INFO NCCL_MIN_NCHANNELS set by environment to 4.
[2026-05-09 08:44:37] dlc1nta2oa0ac22v-master-0:48767:48767 [2] NCCL INFO NCCL_MIN_NCHANNELS set by environment to 4.
[2026-05-09 08:44:37] dlc1nta2oa0ac22v-master-0:48751:48751 [0] NCCL INFO Channel 07/24 : 0 1 3 2 5 4 7 6
[2026-05-09 08:44:37] dlc1nta2oa0ac22v-master-0:48751:48751 [0] NCCL INFO Channel 08/24 : 0 1 3 2 5 4 7 6
[2026-05-09 08:44:37] dlc1nta2oa0ac22v-master-0:48751:48751 [0] NCCL INFO Channel 09/24 : 0 1 3 2 5 4 7 6
[2026-05-09 08:44:37] dlc1nta2oa0ac22v-master-0:48751:48751 [0] NCCL INFO Channel 10/24 : 0 1 3 2 5 4 7 6
[2026-05-09 08:44:37] dlc1nta2oa0ac22v-master-0:48807:48807 [5] NCCL INFO Trees [0] 4/-1/-1->5->2 [1] 4/-1/-1->5->2 [2] 4/-1/-1->5->2 [3] 4/-1/-1->5->2 [4] 4/-1/-1->5->2 [5] 4/-1/-1->5->2 [6] 4/-1/-1->5->2 [7] 4/-1/-1->5->2 [8] 4/-1/-1->5->2 [9] 4/-1/-1->5->2 [10] 4/-1/-1->5->2 [11] 4/-1/-1->5->2 [12] 4/-1/-1->5->2 [13] 4/-1/-1->5->2 [14] 4/-1/-1->5->2 [15] 4/-1/-1->5->2 [16] 4/-1/-1->5->2 [17] 4/-1/-1->5->2 [18] 4/-1/-1->5->2 [19] 4/-1/-1->5->2 [20] 4/-1/-1->5->2 [21] 4/-1/-1->5->2 [22] 4/-1/-1->5->2 [23] 4/-1/-1->5->2
[2026-05-09 08:44:37] dlc1nta2oa0ac22v-master-0:48821:48821 [6] NCCL INFO Trees [0] -1/-1/-1->6->7 [1] -1/-1/-1->6->7 [2] -1/-1/-1->6->7 [3] -1/-1/-1->6->7 [4] -1/-1/-1->6->7 [5] -1/-1/-1->6->7 [6] -1/-1/-1->6->7 [7] -1/-1/-1->6->7 [8] -1/-1/-1->6->7 [9] -1/-1/-1->6->7 [10] -1/-1/-1->6->7 [11] -1/-1/-1->6->7 [12] -1/-1/-1->6->7 [13] -1/-1/-1->6->7 [14] -1/-1/-1->6->7 [15] -1/-1/-1->6->7 [16] -1/-1/-1->6->7 [17] -1/-1/-1->6->7 [18] -1/-1/-1->6->7 [19] -1/-1/-1->6->7 [20] -1/-1/-1->6->7 [21] -1/-1/-1->6->7 [22] -1/-1/-1->6->7 [23] -1/-1/-1->6->7
[2026-05-09 08:44:37] dlc1nta2oa0ac22v-master-0:48751:48751 [0] NCCL INFO Channel 11/24 : 0 1 3 2 5 4 7 6
[2026-05-09 08:44:37] dlc1nta2oa0ac22v-master-0:48807:48807 [5] NCCL INFO P2P Chunksize set to 524288
[2026-05-09 08:44:37] dlc1nta2oa0ac22v-master-0:48794:48794 [4] NCCL INFO Trees [0] 7/-1/-1->4->5 [1] 7/-1/-1->4->5 [2] 7/-1/-1->4->5 [3] 7/-1/-1->4->5 [4] 7/-1/-1->4->5 [5] 7/-1/-1->4->5 [6] 7/-1/-1->4->5 [7] 7/-1/-1->4->5 [8] 7/-1/-1->4->5 [9] 7/-1/-1->4->5 [10] 7/-1/-1->4->5 [11] 7/-1/-1->4->5 [12] 7/-1/-1->4->5 [13] 7/-1/-1->4->5 [14] 7/-1/-1->4->5 [15] 7/-1/-1->4->5 [16] 7/-1/-1->4->5 [17] 7/-1/-1->4->5 [18] 7/-1/-1->4->5 [19] 7/-1/-1->4->5 [20] 7/-1/-1->4->5 [21] 7/-1/-1->4->5 [22] 7/-1/-1->4->5 [23] 7/-1/-1->4->5
[2026-05-09 08:44:37] dlc1nta2oa0ac22v-master-0:48821:48821 [6] NCCL INFO P2P Chunksize set to 524288
[2026-05-09 08:44:37] dlc1nta2oa0ac22v-master-0:48751:48751 [0] NCCL INFO Channel 12/24 : 0 1 3 2 5 4 7 6
[2026-05-09 08:44:37] dlc1nta2oa0ac22v-master-0:48751:48751 [0] NCCL INFO Channel 13/24 : 0 1 3 2 5 4 7 6
[2026-05-09 08:44:37] dlc1nta2oa0ac22v-master-0:48794:48794 [4] NCCL INFO P2P Chunksize set to 524288
[2026-05-09 08:44:37] dlc1nta2oa0ac22v-master-0:48751:48751 [0] NCCL INFO Channel 14/24 : 0 1 3 2 5 4 7 6
[2026-05-09 08:44:37] dlc1nta2oa0ac22v-master-0:48780:48780 [3] NCCL INFO Trees [0] 2/-1/-1->3->1 [1] 2/-1/-1->3->1 [2] 2/-1/-1->3->1 [3] 2/-1/-1->3->1 [4] 2/-1/-1->3->1 [5] 2/-1/-1->3->1 [6] 2/-1/-1->3->1 [7] 2/-1/-1->3->1 [8] 2/-1/-1->3->1 [9] 2/-1/-1->3->1 [10] 2/-1/-1->3->1 [11] 2/-1/-1->3->1 [12] 2/-1/-1->3->1 [13] 2/-1/-1->3->1 [14] 2/-1/-1->3->1 [15] 2/-1/-1->3->1 [16] 2/-1/-1->3->1 [17] 2/-1/-1->3->1 [18] 2/-1/-1->3->1 [19] 2/-1/-1->3->1 [20] 2/-1/-1->3->1 [21] 2/-1/-1->3->1 [22] 2/-1/-1->3->1 [23] 2/-1/-1->3->1
[2026-05-09 08:44:37] dlc1nta2oa0ac22v-master-0:48751:48751 [0] NCCL INFO Channel 15/24 : 0 1 3 2 5 4 7 6
[2026-05-09 08:44:37] dlc1nta2oa0ac22v-master-0:48780:48780 [3] NCCL INFO P2P Chunksize set to 524288
[2026-05-09 08:44:37] dlc1nta2oa0ac22v-master-0:48751:48751 [0] NCCL INFO Channel 16/24 : 0 1 3 2 5 4 7 6
[2026-05-09 08:44:37] dlc1nta2oa0ac22v-master-0:48767:48767 [2] NCCL INFO Trees [0] 5/-1/-1->2->3 [1] 5/-1/-1->2->3 [2] 5/-1/-1->2->3 [3] 5/-1/-1->2->3 [4] 5/-1/-1->2->3 [5] 5/-1/-1->2->3 [6] 5/-1/-1->2->3 [7] 5/-1/-1->2->3 [8] 5/-1/-1->2->3 [9] 5/-1/-1->2->3 [10] 5/-1/-1->2->3 [11] 5/-1/-1->2->3 [12] 5/-1/-1->2->3 [13] 5/-1/-1->2->3 [14] 5/-1/-1->2->3 [15] 5/-1/-1->2->3 [16] 5/-1/-1->2->3 [17] 5/-1/-1->2->3 [18] 5/-1/-1->2->3 [19] 5/-1/-1->2->3 [20] 5/-1/-1->2->3 [21] 5/-1/-1->2->3 [22] 5/-1/-1->2->3 [23] 5/-1/-1->2->3
[2026-05-09 08:44:37] dlc1nta2oa0ac22v-master-0:48751:48751 [0] NCCL INFO Channel 17/24 : 0 1 3 2 5 4 7 6
[2026-05-09 08:44:37] dlc1nta2oa0ac22v-master-0:48751:48751 [0] NCCL INFO Channel 18/24 : 0 1 3 2 5 4 7 6
[2026-05-09 08:44:37] dlc1nta2oa0ac22v-master-0:48751:48751 [0] NCCL INFO Channel 19/24 : 0 1 3 2 5 4 7 6
[2026-05-09 08:44:37] dlc1nta2oa0ac22v-master-0:48767:48767 [2] NCCL INFO P2P Chunksize set to 524288
[2026-05-09 08:44:37] dlc1nta2oa0ac22v-master-0:48751:48751 [0] NCCL INFO Channel 20/24 : 0 1 3 2 5 4 7 6
[2026-05-09 08:44:37] dlc1nta2oa0ac22v-master-0:48751:48751 [0] NCCL INFO Channel 21/24 : 0 1 3 2 5 4 7 6
[2026-05-09 08:44:37] dlc1nta2oa0ac22v-master-0:48751:48751 [0] NCCL INFO Channel 22/24 : 0 1 3 2 5 4 7 6
[2026-05-09 08:44:37] dlc1nta2oa0ac22v-master-0:48751:48751 [0] NCCL INFO Channel 23/24 : 0 1 3 2 5 4 7 6
[2026-05-09 08:44:37] dlc1nta2oa0ac22v-master-0:48751:48751 [0] NCCL INFO Trees [0] 1/-1/-1->0->-1 [1] 1/-1/-1->0->-1 [2] 1/-1/-1->0->-1 [3] 1/-1/-1->0->-1 [4] 1/-1/-1->0->-1 [5] 1/-1/-1->0->-1 [6] 1/-1/-1->0->-1 [7] 1/-1/-1->0->-1 [8] 1/-1/-1->0->-1 [9] 1/-1/-1->0->-1 [10] 1/-1/-1->0->-1 [11] 1/-1/-1->0->-1 [12] 1/-1/-1->0->-1 [13] 1/-1/-1->0->-1 [14] 1/-1/-1->0->-1 [15] 1/-1/-1->0->-1 [16] 1/-1/-1->0->-1 [17] 1/-1/-1->0->-1 [18] 1/-1/-1->0->-1 [19] 1/-1/-1->0->-1 [20] 1/-1/-1->0->-1 [21] 1/-1/-1->0->-1 [22] 1/-1/-1->0->-1 [23] 1/-1/-1->0->-1
[2026-05-09 08:44:37] dlc1nta2oa0ac22v-master-0:48751:48751 [0] NCCL INFO P2P Chunksize set to 524288
[2026-05-09 08:44:37] dlc1nta2oa0ac22v-master-0:48821:48821 [6] NCCL INFO PROFILER/Plugin: Could not find: libnccl-profiler.so. 
[2026-05-09 08:44:37] dlc1nta2oa0ac22v-master-0:48821:48965 [6] NCCL INFO [Proxy Service] Device 6 CPU core 58
[2026-05-09 08:44:37] dlc1nta2oa0ac22v-master-0:48821:48966 [6] NCCL INFO [Proxy Service UDS] Device 6 CPU core 61
[2026-05-09 08:44:37] dlc1nta2oa0ac22v-master-0:48767:48767 [2] NCCL INFO PROFILER/Plugin: Could not find: libnccl-profiler.so. 
[2026-05-09 08:44:37] dlc1nta2oa0ac22v-master-0:48767:48968 [2] NCCL INFO [Proxy Service UDS] Device 2 CPU core 25
[2026-05-09 08:44:37] dlc1nta2oa0ac22v-master-0:48767:48967 [2] NCCL INFO [Proxy Service] Device 2 CPU core 24
[2026-05-09 08:44:37] dlc1nta2oa0ac22v-master-0:48834:48834 [7] NCCL INFO PROFILER/Plugin: Could not find: libnccl-profiler.so. 
[2026-05-09 08:44:37] dlc1nta2oa0ac22v-master-0:48834:48969 [7] NCCL INFO [Proxy Service] Device 7 CPU core 63
[2026-05-09 08:44:37] dlc1nta2oa0ac22v-master-0:48834:48970 [7] NCCL INFO [Proxy Service UDS] Device 7 CPU core 64
[2026-05-09 08:44:37] dlc1nta2oa0ac22v-master-0:48751:48751 [0] NCCL INFO PROFILER/Plugin: Could not find: libnccl-profiler.so. 
[2026-05-09 08:44:37] dlc1nta2oa0ac22v-master-0:48751:48751 [0] NCCL INFO Check P2P Type isAllDirectP2p 1 directMode 0
[2026-05-09 08:44:37] dlc1nta2oa0ac22v-master-0:48751:48972 [0] NCCL INFO [Proxy Service UDS] Device 0 CPU core 31
[2026-05-09 08:44:37] dlc1nta2oa0ac22v-master-0:48751:48971 [0] NCCL INFO [Proxy Service] Device 0 CPU core 28
[2026-05-09 08:44:37] dlc1nta2oa0ac22v-master-0:48807:48807 [5] NCCL INFO PROFILER/Plugin: Could not find: libnccl-profiler.so. 
[2026-05-09 08:44:37] dlc1nta2oa0ac22v-master-0:48794:48794 [4] NCCL INFO PROFILER/Plugin: Could not find: libnccl-profiler.so. 
[2026-05-09 08:44:37] dlc1nta2oa0ac22v-master-0:48807:48973 [5] NCCL INFO [Proxy Service] Device 5 CPU core 66
[2026-05-09 08:44:37] dlc1nta2oa0ac22v-master-0:48807:48974 [5] NCCL INFO [Proxy Service UDS] Device 5 CPU core 67
[2026-05-09 08:44:37] dlc1nta2oa0ac22v-master-0:48794:48975 [4] NCCL INFO [Proxy Service] Device 4 CPU core 68
[2026-05-09 08:44:37] dlc1nta2oa0ac22v-master-0:48794:48976 [4] NCCL INFO [Proxy Service UDS] Device 4 CPU core 74
[2026-05-09 08:44:37] dlc1nta2oa0ac22v-master-0:48758:48758 [1] NCCL INFO PROFILER/Plugin: Could not find: libnccl-profiler.so. 
[2026-05-09 08:44:37] dlc1nta2oa0ac22v-master-0:48758:48977 [1] NCCL INFO [Proxy Service] Device 1 CPU core 33
[2026-05-09 08:44:37] dlc1nta2oa0ac22v-master-0:48758:48978 [1] NCCL INFO [Proxy Service UDS] Device 1 CPU core 34
[2026-05-09 08:44:37] dlc1nta2oa0ac22v-master-0:48780:48780 [3] NCCL INFO PROFILER/Plugin: Could not find: libnccl-profiler.so. 
[2026-05-09 08:44:37] dlc1nta2oa0ac22v-master-0:48780:48979 [3] NCCL INFO [Proxy Service] Device 3 CPU core 26
[2026-05-09 08:44:37] dlc1nta2oa0ac22v-master-0:48780:48980 [3] NCCL INFO [Proxy Service UDS] Device 3 CPU core 27
[2026-05-09 08:44:37] dlc1nta2oa0ac22v-master-0:48821:48821 [6] NCCL INFO threadThresholds 8/8/64 | 64/8/64 | 512 | 512
[2026-05-09 08:44:37] dlc1nta2oa0ac22v-master-0:48821:48821 [6] NCCL INFO 24 coll channels, 24 collnet channels, 0 nvls channels, 32 p2p channels, 32 p2p channels per peer
[2026-05-09 08:44:37] dlc1nta2oa0ac22v-master-0:48794:48794 [4] NCCL INFO threadThresholds 8/8/64 | 64/8/64 | 512 | 512
[2026-05-09 08:44:37] dlc1nta2oa0ac22v-master-0:48794:48794 [4] NCCL INFO 24 coll channels, 24 collnet channels, 0 nvls channels, 32 p2p channels, 32 p2p channels per peer
[2026-05-09 08:44:37] dlc1nta2oa0ac22v-master-0:48834:48834 [7] NCCL INFO threadThresholds 8/8/64 | 64/8/64 | 512 | 512
[2026-05-09 08:44:37] dlc1nta2oa0ac22v-master-0:48834:48834 [7] NCCL INFO 24 coll channels, 24 collnet channels, 0 nvls channels, 32 p2p channels, 32 p2p channels per peer
[2026-05-09 08:44:37] dlc1nta2oa0ac22v-master-0:48767:48767 [2] NCCL INFO threadThresholds 8/8/64 | 64/8/64 | 512 | 512
[2026-05-09 08:44:37] dlc1nta2oa0ac22v-master-0:48767:48767 [2] NCCL INFO 24 coll channels, 24 collnet channels, 0 nvls channels, 32 p2p channels, 32 p2p channels per peer
[2026-05-09 08:44:37] dlc1nta2oa0ac22v-master-0:48751:48751 [0] NCCL INFO threadThresholds 8/8/64 | 64/8/64 | 512 | 512
[2026-05-09 08:44:37] dlc1nta2oa0ac22v-master-0:48751:48751 [0] NCCL INFO 24 coll channels, 24 collnet channels, 0 nvls channels, 32 p2p channels, 32 p2p channels per peer
[2026-05-09 08:44:37] dlc1nta2oa0ac22v-master-0:48807:48807 [5] NCCL INFO threadThresholds 8/8/64 | 64/8/64 | 512 | 512
[2026-05-09 08:44:37] dlc1nta2oa0ac22v-master-0:48807:48807 [5] NCCL INFO 24 coll channels, 24 collnet channels, 0 nvls channels, 32 p2p channels, 32 p2p channels per peer
[2026-05-09 08:44:37] dlc1nta2oa0ac22v-master-0:48751:48751 [0] NCCL INFO CC Off, workFifoBytes 1048576
[2026-05-09 08:44:37] dlc1nta2oa0ac22v-master-0:48758:48758 [1] NCCL INFO threadThresholds 8/8/64 | 64/8/64 | 512 | 512
[2026-05-09 08:44:37] dlc1nta2oa0ac22v-master-0:48758:48758 [1] NCCL INFO 24 coll channels, 24 collnet channels, 0 nvls channels, 32 p2p channels, 32 p2p channels per peer
[2026-05-09 08:44:37] dlc1nta2oa0ac22v-master-0:48780:48780 [3] NCCL INFO threadThresholds 8/8/64 | 64/8/64 | 512 | 512
[2026-05-09 08:44:37] dlc1nta2oa0ac22v-master-0:48780:48780 [3] NCCL INFO 24 coll channels, 24 collnet channels, 0 nvls channels, 32 p2p channels, 32 p2p channels per peer
[2026-05-09 08:44:37] dlc1nta2oa0ac22v-master-0:48794:48794 [4] NCCL INFO TUNER/Plugin: Could not find: libnccl-tuner.so. Using internal tuner plugin.
[2026-05-09 08:44:37] dlc1nta2oa0ac22v-master-0:48821:48821 [6] NCCL INFO TUNER/Plugin: Could not find: libnccl-tuner.so. Using internal tuner plugin.
[2026-05-09 08:44:37] dlc1nta2oa0ac22v-master-0:48821:48821 [6] NCCL INFO ncclCommInitRank comm 0x55a007fe5050 rank 6 nranks 8 cudaDev 6 nvmlDev 6 busId 16000 commId 0x3ce8fe2b9c5e7301 - Init COMPLETE
[2026-05-09 08:44:37] dlc1nta2oa0ac22v-master-0:48834:48834 [7] NCCL INFO TUNER/Plugin: Could not find: libnccl-tuner.so. Using internal tuner plugin.
[2026-05-09 08:44:37] dlc1nta2oa0ac22v-master-0:48794:48794 [4] NCCL INFO ncclCommInitRank comm 0x559654e798a0 rank 4 nranks 8 cudaDev 4 nvmlDev 4 busId 10000 commId 0x3ce8fe2b9c5e7301 - Init COMPLETE
[2026-05-09 08:44:37] dlc1nta2oa0ac22v-master-0:48821:48821 [6] NCCL INFO Init timings - ncclCommInitRank: rank 6 nranks 8 total 0.97 (kernels 0.21, alloc 0.23, bootstrap 0.15, allgathers 0.00, topo 0.25, graphs 0.00, connections 0.09, rest 0.04)
[2026-05-09 08:44:37] dlc1nta2oa0ac22v-master-0:48834:48834 [7] NCCL INFO ncclCommInitRank comm 0x55ebf93ff940 rank 7 nranks 8 cudaDev 7 nvmlDev 7 busId 17000 commId 0x3ce8fe2b9c5e7301 - Init COMPLETE
[2026-05-09 08:44:37] dlc1nta2oa0ac22v-master-0:48794:48794 [4] NCCL INFO Init timings - ncclCommInitRank: rank 4 nranks 8 total 0.67 (kernels 0.12, alloc 0.12, bootstrap 0.05, allgathers 0.01, topo 0.25, graphs 0.00, connections 0.08, rest 0.05)
[2026-05-09 08:44:37] dlc1nta2oa0ac22v-master-0:48807:48807 [5] NCCL INFO TUNER/Plugin: Could not find: libnccl-tuner.so. Using internal tuner plugin.
[2026-05-09 08:44:37] dlc1nta2oa0ac22v-master-0:48834:48834 [7] NCCL INFO Init timings - ncclCommInitRank: rank 7 nranks 8 total 0.67 (kernels 0.12, alloc 0.09, bootstrap 0.07, allgathers 0.00, topo 0.25, graphs 0.00, connections 0.08, rest 0.04)
[2026-05-09 08:44:37] dlc1nta2oa0ac22v-master-0:48807:48807 [5] NCCL INFO ncclCommInitRank comm 0x55f0002a8410 rank 5 nranks 8 cudaDev 5 nvmlDev 5 busId 11000 commId 0x3ce8fe2b9c5e7301 - Init COMPLETE
[2026-05-09 08:44:37] dlc1nta2oa0ac22v-master-0:48807:48807 [5] NCCL INFO Init timings - ncclCommInitRank: rank 5 nranks 8 total 0.96 (kernels 0.18, alloc 0.25, bootstrap 0.15, allgathers 0.00, topo 0.25, graphs 0.00, connections 0.08, rest 0.04)
[2026-05-09 08:44:37] dlc1nta2oa0ac22v-master-0:48767:48767 [2] NCCL INFO TUNER/Plugin: Could not find: libnccl-tuner.so. Using internal tuner plugin.
[2026-05-09 08:44:37] dlc1nta2oa0ac22v-master-0:48767:48767 [2] NCCL INFO ncclCommInitRank comm 0x55a4f0a99a00 rank 2 nranks 8 cudaDev 2 nvmlDev 2 busId 9000 commId 0x3ce8fe2b9c5e7301 - Init COMPLETE
[2026-05-09 08:44:37] dlc1nta2oa0ac22v-master-0:48767:48767 [2] NCCL INFO Init timings - ncclCommInitRank: rank 2 nranks 8 total 0.97 (kernels 0.18, alloc 0.26, bootstrap 0.15, allgathers 0.00, topo 0.25, graphs 0.00, connections 0.09, rest 0.04)
[2026-05-09 08:44:37] dlc1nta2oa0ac22v-master-0:48758:48758 [1] NCCL INFO TUNER/Plugin: Could not find: libnccl-tuner.so. Using internal tuner plugin.
[2026-05-09 08:44:37] dlc1nta2oa0ac22v-master-0:48751:48751 [0] NCCL INFO TUNER/Plugin: Could not find: libnccl-tuner.so. Using internal tuner plugin.
[2026-05-09 08:44:37] dlc1nta2oa0ac22v-master-0:48758:48758 [1] NCCL INFO ncclCommInitRank comm 0x55865526dc60 rank 1 nranks 8 cudaDev 1 nvmlDev 1 busId 4000 commId 0x3ce8fe2b9c5e7301 - Init COMPLETE
[2026-05-09 08:44:37] dlc1nta2oa0ac22v-master-0:48751:48751 [0] NCCL INFO ncclCommInitRank comm 0x56113d95a480 rank 0 nranks 8 cudaDev 0 nvmlDev 0 busId 3000 commId 0x3ce8fe2b9c5e7301 - Init COMPLETE
[2026-05-09 08:44:37] dlc1nta2oa0ac22v-master-0:48751:48751 [0] NCCL INFO Init timings - ncclCommInitRank: rank 0 nranks 8 total 0.56 (kernels 0.13, alloc 0.05, bootstrap 0.00, allgathers 0.01, topo 0.25, graphs 0.00, connections 0.08, rest 0.04)
[2026-05-09 08:44:37] dlc1nta2oa0ac22v-master-0:48758:48758 [1] NCCL INFO Init timings - ncclCommInitRank: rank 1 nranks 8 total 0.67 (kernels 0.12, alloc 0.12, bootstrap 0.05, allgathers 0.00, topo 0.25, graphs 0.00, connections 0.08, rest 0.05)
[2026-05-09 08:44:37] dlc1nta2oa0ac22v-master-0:48780:48780 [3] NCCL INFO TUNER/Plugin: Could not find: libnccl-tuner.so. Using internal tuner plugin.
[2026-05-09 08:44:37] dlc1nta2oa0ac22v-master-0:48780:48780 [3] NCCL INFO ncclCommInitRank comm 0x55d27e4d7180 rank 3 nranks 8 cudaDev 3 nvmlDev 3 busId a000 commId 0x3ce8fe2b9c5e7301 - Init COMPLETE
[2026-05-09 08:44:37] dlc1nta2oa0ac22v-master-0:48780:48780 [3] NCCL INFO Init timings - ncclCommInitRank: rank 3 nranks 8 total 0.69 (kernels 0.13, alloc 0.12, bootstrap 0.05, allgathers 0.01, topo 0.25, graphs 0.00, connections 0.08, rest 0.05)
[2026-05-09 08:44:37] dlc1nta2oa0ac22v-master-0:48794:48982 [4] NCCL INFO Channel 00/0 : 4[4] -> 7[7] via P2P/CUMEM/read
[2026-05-09 08:44:37] dlc1nta2oa0ac22v-master-0:48821:48983 [6] NCCL INFO Channel 00/0 : 6[6] -> 0[0] via P2P/CUMEM/read
[2026-05-09 08:44:37] dlc1nta2oa0ac22v-master-0:48794:48982 [4] NCCL INFO Channel 01/0 : 4[4] -> 7[7] via P2P/CUMEM/read
[2026-05-09 08:44:37] dlc1nta2oa0ac22v-master-0:48821:48983 [6] NCCL INFO Channel 01/0 : 6[6] -> 0[0] via P2P/CUMEM/read
[2026-05-09 08:44:37] dlc1nta2oa0ac22v-master-0:48794:48982 [4] NCCL INFO Channel 02/0 : 4[4] -> 7[7] via P2P/CUMEM/read
[2026-05-09 08:44:37] dlc1nta2oa0ac22v-master-0:48794:48982 [4] NCCL INFO Channel 03/0 : 4[4] -> 7[7] via P2P/CUMEM/read
[2026-05-09 08:44:37] dlc1nta2oa0ac22v-master-0:48821:48983 [6] NCCL INFO Channel 02/0 : 6[6] -> 0[0] via P2P/CUMEM/read
[2026-05-09 08:44:37] dlc1nta2oa0ac22v-master-0:48794:48982 [4] NCCL INFO Channel 04/0 : 4[4] -> 7[7] via P2P/CUMEM/read
[2026-05-09 08:44:37] dlc1nta2oa0ac22v-master-0:48821:48983 [6] NCCL INFO Channel 03/0 : 6[6] -> 0[0] via P2P/CUMEM/read
[2026-05-09 08:44:37] dlc1nta2oa0ac22v-master-0:48767:48986 [2] NCCL INFO Channel 00/0 : 2[2] -> 5[5] via P2P/CUMEM/read
[2026-05-09 08:44:37] dlc1nta2oa0ac22v-master-0:48794:48982 [4] NCCL INFO Channel 05/0 : 4[4] -> 7[7] via P2P/CUMEM/read
[2026-05-09 08:44:37] dlc1nta2oa0ac22v-master-0:48794:48982 [4] NCCL INFO Channel 06/0 : 4[4] -> 7[7] via P2P/CUMEM/read
[2026-05-09 08:44:37] dlc1nta2oa0ac22v-master-0:48767:48986 [2] NCCL INFO Channel 01/0 : 2[2] -> 5[5] via P2P/CUMEM/read
[2026-05-09 08:44:37] dlc1nta2oa0ac22v-master-0:48794:48982 [4] NCCL INFO Channel 07/0 : 4[4] -> 7[7] via P2P/CUMEM/read
[2026-05-09 08:44:37] dlc1nta2oa0ac22v-master-0:48767:48986 [2] NCCL INFO Channel 02/0 : 2[2] -> 5[5] via P2P/CUMEM/read
[2026-05-09 08:44:37] dlc1nta2oa0ac22v-master-0:48794:48982 [4] NCCL INFO Channel 08/0 : 4[4] -> 7[7] via P2P/CUMEM/read
[2026-05-09 08:44:37] dlc1nta2oa0ac22v-master-0:48767:48986 [2] NCCL INFO Channel 03/0 : 2[2] -> 5[5] via P2P/CUMEM/read
[2026-05-09 08:44:37] dlc1nta2oa0ac22v-master-0:48794:48982 [4] NCCL INFO Channel 09/0 : 4[4] -> 7[7] via P2P/CUMEM/read
[2026-05-09 08:44:37] dlc1nta2oa0ac22v-master-0:48767:48986 [2] NCCL INFO Channel 04/0 : 2[2] -> 5[5] via P2P/CUMEM/read
[2026-05-09 08:44:37] dlc1nta2oa0ac22v-master-0:48794:48982 [4] NCCL INFO Channel 10/0 : 4[4] -> 7[7] via P2P/CUMEM/read
[2026-05-09 08:44:37] dlc1nta2oa0ac22v-master-0:48767:48986 [2] NCCL INFO Channel 05/0 : 2[2] -> 5[5] via P2P/CUMEM/read
[2026-05-09 08:44:37] dlc1nta2oa0ac22v-master-0:48794:48982 [4] NCCL INFO Channel 11/0 : 4[4] -> 7[7] via P2P/CUMEM/read
[2026-05-09 08:44:37] dlc1nta2oa0ac22v-master-0:48767:48986 [2] NCCL INFO Channel 06/0 : 2[2] -> 5[5] via P2P/CUMEM/read
[2026-05-09 08:44:37] dlc1nta2oa0ac22v-master-0:48794:48982 [4] NCCL INFO Channel 12/0 : 4[4] -> 7[7] via P2P/CUMEM/read
[2026-05-09 08:44:37] dlc1nta2oa0ac22v-master-0:48767:48986 [2] NCCL INFO Channel 07/0 : 2[2] -> 5[5] via P2P/CUMEM/read
[2026-05-09 08:44:37] dlc1nta2oa0ac22v-master-0:48794:48982 [4] NCCL INFO Channel 13/0 : 4[4] -> 7[7] via P2P/CUMEM/read
[2026-05-09 08:44:37] dlc1nta2oa0ac22v-master-0:48767:48986 [2] NCCL INFO Channel 08/0 : 2[2] -> 5[5] via P2P/CUMEM/read
[2026-05-09 08:44:37] dlc1nta2oa0ac22v-master-0:48794:48982 [4] NCCL INFO Channel 14/0 : 4[4] -> 7[7] via P2P/CUMEM/read
[2026-05-09 08:44:37] dlc1nta2oa0ac22v-master-0:48767:48986 [2] NCCL INFO Channel 09/0 : 2[2] -> 5[5] via P2P/CUMEM/read
[2026-05-09 08:44:37] dlc1nta2oa0ac22v-master-0:48794:48982 [4] NCCL INFO Channel 15/0 : 4[4] -> 7[7] via P2P/CUMEM/read
[2026-05-09 08:44:37] dlc1nta2oa0ac22v-master-0:48767:48986 [2] NCCL INFO Channel 10/0 : 2[2] -> 5[5] via P2P/CUMEM/read
[2026-05-09 08:44:37] dlc1nta2oa0ac22v-master-0:48794:48982 [4] NCCL INFO Channel 16/0 : 4[4] -> 7[7] via P2P/CUMEM/read
[2026-05-09 08:44:37] dlc1nta2oa0ac22v-master-0:48767:48986 [2] NCCL INFO Channel 11/0 : 2[2] -> 5[5] via P2P/CUMEM/read
[2026-05-09 08:44:37] dlc1nta2oa0ac22v-master-0:48794:48982 [4] NCCL INFO Channel 17/0 : 4[4] -> 7[7] via P2P/CUMEM/read
[2026-05-09 08:44:37] dlc1nta2oa0ac22v-master-0:48821:48983 [6] NCCL INFO Channel 04/0 : 6[6] -> 0[0] via P2P/CUMEM/read
[2026-05-09 08:44:37] dlc1nta2oa0ac22v-master-0:48767:48986 [2] NCCL INFO Channel 12/0 : 2[2] -> 5[5] via P2P/CUMEM/read
[2026-05-09 08:44:37] dlc1nta2oa0ac22v-master-0:48794:48982 [4] NCCL INFO Channel 18/0 : 4[4] -> 7[7] via P2P/CUMEM/read
[2026-05-09 08:44:37] dlc1nta2oa0ac22v-master-0:48821:48983 [6] NCCL INFO Channel 05/0 : 6[6] -> 0[0] via P2P/CUMEM/read
[2026-05-09 08:44:37] dlc1nta2oa0ac22v-master-0:48767:48986 [2] NCCL INFO Channel 13/0 : 2[2] -> 5[5] via P2P/CUMEM/read
[2026-05-09 08:44:37] dlc1nta2oa0ac22v-master-0:48794:48982 [4] NCCL INFO Channel 19/0 : 4[4] -> 7[7] via P2P/CUMEM/read
[2026-05-09 08:44:37] dlc1nta2oa0ac22v-master-0:48821:48983 [6] NCCL INFO Channel 06/0 : 6[6] -> 0[0] via P2P/CUMEM/read
[2026-05-09 08:44:37] dlc1nta2oa0ac22v-master-0:48794:48982 [4] NCCL INFO Channel 20/0 : 4[4] -> 7[7] via P2P/CUMEM/read
[2026-05-09 08:44:37] dlc1nta2oa0ac22v-master-0:48767:48986 [2] NCCL INFO Channel 14/0 : 2[2] -> 5[5] via P2P/CUMEM/read
[2026-05-09 08:44:37] dlc1nta2oa0ac22v-master-0:48821:48983 [6] NCCL INFO Channel 07/0 : 6[6] -> 0[0] via P2P/CUMEM/read
[2026-05-09 08:44:37] dlc1nta2oa0ac22v-master-0:48794:48982 [4] NCCL INFO Channel 21/0 : 4[4] -> 7[7] via P2P/CUMEM/read
[2026-05-09 08:44:37] dlc1nta2oa0ac22v-master-0:48767:48986 [2] NCCL INFO Channel 15/0 : 2[2] -> 5[5] via P2P/CUMEM/read
[2026-05-09 08:44:37] dlc1nta2oa0ac22v-master-0:48821:48983 [6] NCCL INFO Channel 08/0 : 6[6] -> 0[0] via P2P/CUMEM/read
[2026-05-09 08:44:37] dlc1nta2oa0ac22v-master-0:48794:48982 [4] NCCL INFO Channel 22/0 : 4[4] -> 7[7] via P2P/CUMEM/read
[2026-05-09 08:44:37] dlc1nta2oa0ac22v-master-0:48767:48986 [2] NCCL INFO Channel 16/0 : 2[2] -> 5[5] via P2P/CUMEM/read
[2026-05-09 08:44:37] dlc1nta2oa0ac22v-master-0:48821:48983 [6] NCCL INFO Channel 09/0 : 6[6] -> 0[0] via P2P/CUMEM/read
[2026-05-09 08:44:37] dlc1nta2oa0ac22v-master-0:48794:48982 [4] NCCL INFO Channel 23/0 : 4[4] -> 7[7] via P2P/CUMEM/read
[2026-05-09 08:44:37] dlc1nta2oa0ac22v-master-0:48767:48986 [2] NCCL INFO Channel 17/0 : 2[2] -> 5[5] via P2P/CUMEM/read
[2026-05-09 08:44:37] dlc1nta2oa0ac22v-master-0:48821:48983 [6] NCCL INFO Channel 10/0 : 6[6] -> 0[0] via P2P/CUMEM/read
[2026-05-09 08:44:37] dlc1nta2oa0ac22v-master-0:48767:48986 [2] NCCL INFO Channel 18/0 : 2[2] -> 5[5] via P2P/CUMEM/read
[2026-05-09 08:44:37] dlc1nta2oa0ac22v-master-0:48821:48983 [6] NCCL INFO Channel 11/0 : 6[6] -> 0[0] via P2P/CUMEM/read
[2026-05-09 08:44:37] dlc1nta2oa0ac22v-master-0:48767:48986 [2] NCCL INFO Channel 19/0 : 2[2] -> 5[5] via P2P/CUMEM/read
[2026-05-09 08:44:37] dlc1nta2oa0ac22v-master-0:48821:48983 [6] NCCL INFO Channel 12/0 : 6[6] -> 0[0] via P2P/CUMEM/read
[2026-05-09 08:44:37] dlc1nta2oa0ac22v-master-0:48767:48986 [2] NCCL INFO Channel 20/0 : 2[2] -> 5[5] via P2P/CUMEM/read
[2026-05-09 08:44:37] dlc1nta2oa0ac22v-master-0:48821:48983 [6] NCCL INFO Channel 13/0 : 6[6] -> 0[0] via P2P/CUMEM/read
[2026-05-09 08:44:37] dlc1nta2oa0ac22v-master-0:48767:48986 [2] NCCL INFO Channel 21/0 : 2[2] -> 5[5] via P2P/CUMEM/read
[2026-05-09 08:44:37] dlc1nta2oa0ac22v-master-0:48821:48983 [6] NCCL INFO Channel 14/0 : 6[6] -> 0[0] via P2P/CUMEM/read
[2026-05-09 08:44:37] dlc1nta2oa0ac22v-master-0:48834:48985 [7] NCCL INFO Channel 00/0 : 7[7] -> 6[6] via P2P/CUMEM/read
[2026-05-09 08:44:37] dlc1nta2oa0ac22v-master-0:48767:48986 [2] NCCL INFO Channel 22/0 : 2[2] -> 5[5] via P2P/CUMEM/read
[2026-05-09 08:44:37] dlc1nta2oa0ac22v-master-0:48821:48983 [6] NCCL INFO Channel 15/0 : 6[6] -> 0[0] via P2P/CUMEM/read
[2026-05-09 08:44:37] dlc1nta2oa0ac22v-master-0:48767:48986 [2] NCCL INFO Channel 23/0 : 2[2] -> 5[5] via P2P/CUMEM/read
[2026-05-09 08:44:37] dlc1nta2oa0ac22v-master-0:48834:48985 [7] NCCL INFO Channel 01/0 : 7[7] -> 6[6] via P2P/CUMEM/read
[2026-05-09 08:44:37] dlc1nta2oa0ac22v-master-0:48821:48983 [6] NCCL INFO Channel 16/0 : 6[6] -> 0[0] via P2P/CUMEM/read
[2026-05-09 08:44:37] dlc1nta2oa0ac22v-master-0:48807:48981 [5] NCCL INFO Channel 00/0 : 5[5] -> 4[4] via P2P/CUMEM/read
[2026-05-09 08:44:37] dlc1nta2oa0ac22v-master-0:48834:48985 [7] NCCL INFO Channel 02/0 : 7[7] -> 6[6] via P2P/CUMEM/read
[2026-05-09 08:44:37] dlc1nta2oa0ac22v-master-0:48821:48983 [6] NCCL INFO Channel 17/0 : 6[6] -> 0[0] via P2P/CUMEM/read
[2026-05-09 08:44:37] dlc1nta2oa0ac22v-master-0:48807:48981 [5] NCCL INFO Channel 01/0 : 5[5] -> 4[4] via P2P/CUMEM/read
[2026-05-09 08:44:37] dlc1nta2oa0ac22v-master-0:48834:48985 [7] NCCL INFO Channel 03/0 : 7[7] -> 6[6] via P2P/CUMEM/read
[2026-05-09 08:44:37] dlc1nta2oa0ac22v-master-0:48821:48983 [6] NCCL INFO Channel 18/0 : 6[6] -> 0[0] via P2P/CUMEM/read
[2026-05-09 08:44:37] dlc1nta2oa0ac22v-master-0:48807:48981 [5] NCCL INFO Channel 02/0 : 5[5] -> 4[4] via P2P/CUMEM/read
[2026-05-09 08:44:37] dlc1nta2oa0ac22v-master-0:48834:48985 [7] NCCL INFO Channel 04/0 : 7[7] -> 6[6] via P2P/CUMEM/read
[2026-05-09 08:44:37] dlc1nta2oa0ac22v-master-0:48821:48983 [6] NCCL INFO Channel 19/0 : 6[6] -> 0[0] via P2P/CUMEM/read
[2026-05-09 08:44:37] dlc1nta2oa0ac22v-master-0:48807:48981 [5] NCCL INFO Channel 03/0 : 5[5] -> 4[4] via P2P/CUMEM/read
[2026-05-09 08:44:37] dlc1nta2oa0ac22v-master-0:48834:48985 [7] NCCL INFO Channel 05/0 : 7[7] -> 6[6] via P2P/CUMEM/read
[2026-05-09 08:44:37] dlc1nta2oa0ac22v-master-0:48821:48983 [6] NCCL INFO Channel 20/0 : 6[6] -> 0[0] via P2P/CUMEM/read
[2026-05-09 08:44:37] dlc1nta2oa0ac22v-master-0:48807:48981 [5] NCCL INFO Channel 04/0 : 5[5] -> 4[4] via P2P/CUMEM/read
[2026-05-09 08:44:37] dlc1nta2oa0ac22v-master-0:48834:48985 [7] NCCL INFO Channel 06/0 : 7[7] -> 6[6] via P2P/CUMEM/read
[2026-05-09 08:44:37] dlc1nta2oa0ac22v-master-0:48821:48983 [6] NCCL INFO Channel 21/0 : 6[6] -> 0[0] via P2P/CUMEM/read
[2026-05-09 08:44:37] dlc1nta2oa0ac22v-master-0:48807:48981 [5] NCCL INFO Channel 05/0 : 5[5] -> 4[4] via P2P/CUMEM/read
[2026-05-09 08:44:37] dlc1nta2oa0ac22v-master-0:48834:48985 [7] NCCL INFO Channel 07/0 : 7[7] -> 6[6] via P2P/CUMEM/read
[2026-05-09 08:44:37] dlc1nta2oa0ac22v-master-0:48821:48983 [6] NCCL INFO Channel 22/0 : 6[6] -> 0[0] via P2P/CUMEM/read
[2026-05-09 08:44:37] dlc1nta2oa0ac22v-master-0:48807:48981 [5] NCCL INFO Channel 06/0 : 5[5] -> 4[4] via P2P/CUMEM/read
[2026-05-09 08:44:37] dlc1nta2oa0ac22v-master-0:48821:48983 [6] NCCL INFO Channel 23/0 : 6[6] -> 0[0] via P2P/CUMEM/read
[2026-05-09 08:44:37] dlc1nta2oa0ac22v-master-0:48834:48985 [7] NCCL INFO Channel 08/0 : 7[7] -> 6[6] via P2P/CUMEM/read
[2026-05-09 08:44:37] dlc1nta2oa0ac22v-master-0:48807:48981 [5] NCCL INFO Channel 07/0 : 5[5] -> 4[4] via P2P/CUMEM/read
[2026-05-09 08:44:37] dlc1nta2oa0ac22v-master-0:48834:48985 [7] NCCL INFO Channel 09/0 : 7[7] -> 6[6] via P2P/CUMEM/read
[2026-05-09 08:44:37] dlc1nta2oa0ac22v-master-0:48807:48981 [5] NCCL INFO Channel 08/0 : 5[5] -> 4[4] via P2P/CUMEM/read
[2026-05-09 08:44:37] dlc1nta2oa0ac22v-master-0:48834:48985 [7] NCCL INFO Channel 10/0 : 7[7] -> 6[6] via P2P/CUMEM/read
[2026-05-09 08:44:37] dlc1nta2oa0ac22v-master-0:48807:48981 [5] NCCL INFO Channel 09/0 : 5[5] -> 4[4] via P2P/CUMEM/read
[2026-05-09 08:44:37] dlc1nta2oa0ac22v-master-0:48834:48985 [7] NCCL INFO Channel 11/0 : 7[7] -> 6[6] via P2P/CUMEM/read
[2026-05-09 08:44:37] dlc1nta2oa0ac22v-master-0:48807:48981 [5] NCCL INFO Channel 10/0 : 5[5] -> 4[4] via P2P/CUMEM/read
[2026-05-09 08:44:37] dlc1nta2oa0ac22v-master-0:48834:48985 [7] NCCL INFO Channel 12/0 : 7[7] -> 6[6] via P2P/CUMEM/read
[2026-05-09 08:44:37] dlc1nta2oa0ac22v-master-0:48807:48981 [5] NCCL INFO Channel 11/0 : 5[5] -> 4[4] via P2P/CUMEM/read
[2026-05-09 08:44:37] dlc1nta2oa0ac22v-master-0:48834:48985 [7] NCCL INFO Channel 13/0 : 7[7] -> 6[6] via P2P/CUMEM/read
[2026-05-09 08:44:37] dlc1nta2oa0ac22v-master-0:48807:48981 [5] NCCL INFO Channel 12/0 : 5[5] -> 4[4] via P2P/CUMEM/read
[2026-05-09 08:44:37] dlc1nta2oa0ac22v-master-0:48834:48985 [7] NCCL INFO Channel 14/0 : 7[7] -> 6[6] via P2P/CUMEM/read
[2026-05-09 08:44:37] dlc1nta2oa0ac22v-master-0:48807:48981 [5] NCCL INFO Channel 13/0 : 5[5] -> 4[4] via P2P/CUMEM/read
[2026-05-09 08:44:37] dlc1nta2oa0ac22v-master-0:48834:48985 [7] NCCL INFO Channel 15/0 : 7[7] -> 6[6] via P2P/CUMEM/read
[2026-05-09 08:44:37] dlc1nta2oa0ac22v-master-0:48807:48981 [5] NCCL INFO Channel 14/0 : 5[5] -> 4[4] via P2P/CUMEM/read
[2026-05-09 08:44:37] dlc1nta2oa0ac22v-master-0:48834:48985 [7] NCCL INFO Channel 16/0 : 7[7] -> 6[6] via P2P/CUMEM/read
[2026-05-09 08:44:37] dlc1nta2oa0ac22v-master-0:48807:48981 [5] NCCL INFO Channel 15/0 : 5[5] -> 4[4] via P2P/CUMEM/read
[2026-05-09 08:44:37] dlc1nta2oa0ac22v-master-0:48834:48985 [7] NCCL INFO Channel 17/0 : 7[7] -> 6[6] via P2P/CUMEM/read
[2026-05-09 08:44:37] dlc1nta2oa0ac22v-master-0:48807:48981 [5] NCCL INFO Channel 16/0 : 5[5] -> 4[4] via P2P/CUMEM/read
[2026-05-09 08:44:37] dlc1nta2oa0ac22v-master-0:48834:48985 [7] NCCL INFO Channel 18/0 : 7[7] -> 6[6] via P2P/CUMEM/read
[2026-05-09 08:44:37] dlc1nta2oa0ac22v-master-0:48807:48981 [5] NCCL INFO Channel 17/0 : 5[5] -> 4[4] via P2P/CUMEM/read
[2026-05-09 08:44:37] dlc1nta2oa0ac22v-master-0:48834:48985 [7] NCCL INFO Channel 19/0 : 7[7] -> 6[6] via P2P/CUMEM/read
[2026-05-09 08:44:37] dlc1nta2oa0ac22v-master-0:48807:48981 [5] NCCL INFO Channel 18/0 : 5[5] -> 4[4] via P2P/CUMEM/read
[2026-05-09 08:44:37] dlc1nta2oa0ac22v-master-0:48834:48985 [7] NCCL INFO Channel 20/0 : 7[7] -> 6[6] via P2P/CUMEM/read
[2026-05-09 08:44:37] dlc1nta2oa0ac22v-master-0:48807:48981 [5] NCCL INFO Channel 19/0 : 5[5] -> 4[4] via P2P/CUMEM/read
[2026-05-09 08:44:37] dlc1nta2oa0ac22v-master-0:48834:48985 [7] NCCL INFO Channel 21/0 : 7[7] -> 6[6] via P2P/CUMEM/read
[2026-05-09 08:44:37] dlc1nta2oa0ac22v-master-0:48807:48981 [5] NCCL INFO Channel 20/0 : 5[5] -> 4[4] via P2P/CUMEM/read
[2026-05-09 08:44:37] dlc1nta2oa0ac22v-master-0:48834:48985 [7] NCCL INFO Channel 22/0 : 7[7] -> 6[6] via P2P/CUMEM/read
[2026-05-09 08:44:37] dlc1nta2oa0ac22v-master-0:48807:48981 [5] NCCL INFO Channel 21/0 : 5[5] -> 4[4] via P2P/CUMEM/read
[2026-05-09 08:44:37] dlc1nta2oa0ac22v-master-0:48834:48985 [7] NCCL INFO Channel 23/0 : 7[7] -> 6[6] via P2P/CUMEM/read
[2026-05-09 08:44:37] dlc1nta2oa0ac22v-master-0:48807:48981 [5] NCCL INFO Channel 22/0 : 5[5] -> 4[4] via P2P/CUMEM/read
[2026-05-09 08:44:37] dlc1nta2oa0ac22v-master-0:48807:48981 [5] NCCL INFO Channel 23/0 : 5[5] -> 4[4] via P2P/CUMEM/read
[2026-05-09 08:44:37] dlc1nta2oa0ac22v-master-0:48751:48988 [0] NCCL INFO Channel 00/0 : 0[0] -> 1[1] via P2P/CUMEM/read
[2026-05-09 08:44:37] dlc1nta2oa0ac22v-master-0:48751:48988 [0] NCCL INFO Channel 01/0 : 0[0] -> 1[1] via P2P/CUMEM/read
[2026-05-09 08:44:37] dlc1nta2oa0ac22v-master-0:48751:48988 [0] NCCL INFO Channel 02/0 : 0[0] -> 1[1] via P2P/CUMEM/read
[2026-05-09 08:44:37] dlc1nta2oa0ac22v-master-0:48751:48988 [0] NCCL INFO Channel 03/0 : 0[0] -> 1[1] via P2P/CUMEM/read
[2026-05-09 08:44:37] dlc1nta2oa0ac22v-master-0:48751:48988 [0] NCCL INFO Channel 04/0 : 0[0] -> 1[1] via P2P/CUMEM/read
[2026-05-09 08:44:37] dlc1nta2oa0ac22v-master-0:48751:48988 [0] NCCL INFO Channel 05/0 : 0[0] -> 1[1] via P2P/CUMEM/read
[2026-05-09 08:44:37] dlc1nta2oa0ac22v-master-0:48751:48988 [0] NCCL INFO Channel 06/0 : 0[0] -> 1[1] via P2P/CUMEM/read
[2026-05-09 08:44:37] dlc1nta2oa0ac22v-master-0:48751:48988 [0] NCCL INFO Channel 07/0 : 0[0] -> 1[1] via P2P/CUMEM/read
[2026-05-09 08:44:37] dlc1nta2oa0ac22v-master-0:48751:48988 [0] NCCL INFO Channel 08/0 : 0[0] -> 1[1] via P2P/CUMEM/read
[2026-05-09 08:44:37] dlc1nta2oa0ac22v-master-0:48751:48988 [0] NCCL INFO Channel 09/0 : 0[0] -> 1[1] via P2P/CUMEM/read
[2026-05-09 08:44:37] dlc1nta2oa0ac22v-master-0:48751:48988 [0] NCCL INFO Channel 10/0 : 0[0] -> 1[1] via P2P/CUMEM/read
[2026-05-09 08:44:37] dlc1nta2oa0ac22v-master-0:48751:48988 [0] NCCL INFO Channel 11/0 : 0[0] -> 1[1] via P2P/CUMEM/read
[2026-05-09 08:44:37] dlc1nta2oa0ac22v-master-0:48751:48988 [0] NCCL INFO Channel 12/0 : 0[0] -> 1[1] via P2P/CUMEM/read
[2026-05-09 08:44:37] dlc1nta2oa0ac22v-master-0:48751:48988 [0] NCCL INFO Channel 13/0 : 0[0] -> 1[1] via P2P/CUMEM/read
[2026-05-09 08:44:37] dlc1nta2oa0ac22v-master-0:48751:48988 [0] NCCL INFO Channel 14/0 : 0[0] -> 1[1] via P2P/CUMEM/read
[2026-05-09 08:44:37] dlc1nta2oa0ac22v-master-0:48751:48988 [0] NCCL INFO Channel 15/0 : 0[0] -> 1[1] via P2P/CUMEM/read
[2026-05-09 08:44:37] dlc1nta2oa0ac22v-master-0:48751:48988 [0] NCCL INFO Channel 16/0 : 0[0] -> 1[1] via P2P/CUMEM/read
[2026-05-09 08:44:37] dlc1nta2oa0ac22v-master-0:48751:48988 [0] NCCL INFO Channel 17/0 : 0[0] -> 1[1] via P2P/CUMEM/read
[2026-05-09 08:44:37] dlc1nta2oa0ac22v-master-0:48751:48988 [0] NCCL INFO Channel 18/0 : 0[0] -> 1[1] via P2P/CUMEM/read
[2026-05-09 08:44:37] dlc1nta2oa0ac22v-master-0:48751:48988 [0] NCCL INFO Channel 19/0 : 0[0] -> 1[1] via P2P/CUMEM/read
[2026-05-09 08:44:37] dlc1nta2oa0ac22v-master-0:48751:48988 [0] NCCL INFO Channel 20/0 : 0[0] -> 1[1] via P2P/CUMEM/read
[2026-05-09 08:44:37] dlc1nta2oa0ac22v-master-0:48751:48988 [0] NCCL INFO Channel 21/0 : 0[0] -> 1[1] via P2P/CUMEM/read
[2026-05-09 08:44:37] dlc1nta2oa0ac22v-master-0:48751:48988 [0] NCCL INFO Channel 22/0 : 0[0] -> 1[1] via P2P/CUMEM/read
[2026-05-09 08:44:37] dlc1nta2oa0ac22v-master-0:48751:48988 [0] NCCL INFO Channel 23/0 : 0[0] -> 1[1] via P2P/CUMEM/read
[2026-05-09 08:44:37] dlc1nta2oa0ac22v-master-0:48758:48984 [1] NCCL INFO Channel 00/0 : 1[1] -> 3[3] via P2P/CUMEM/read
[2026-05-09 08:44:37] dlc1nta2oa0ac22v-master-0:48758:48984 [1] NCCL INFO Channel 01/0 : 1[1] -> 3[3] via P2P/CUMEM/read
[2026-05-09 08:44:37] dlc1nta2oa0ac22v-master-0:48758:48984 [1] NCCL INFO Channel 02/0 : 1[1] -> 3[3] via P2P/CUMEM/read
[2026-05-09 08:44:37] dlc1nta2oa0ac22v-master-0:48758:48984 [1] NCCL INFO Channel 03/0 : 1[1] -> 3[3] via P2P/CUMEM/read
[2026-05-09 08:44:37] dlc1nta2oa0ac22v-master-0:48758:48984 [1] NCCL INFO Channel 04/0 : 1[1] -> 3[3] via P2P/CUMEM/read
[2026-05-09 08:44:37] dlc1nta2oa0ac22v-master-0:48758:48984 [1] NCCL INFO Channel 05/0 : 1[1] -> 3[3] via P2P/CUMEM/read
[2026-05-09 08:44:37] dlc1nta2oa0ac22v-master-0:48758:48984 [1] NCCL INFO Channel 06/0 : 1[1] -> 3[3] via P2P/CUMEM/read
[2026-05-09 08:44:37] dlc1nta2oa0ac22v-master-0:48758:48984 [1] NCCL INFO Channel 07/0 : 1[1] -> 3[3] via P2P/CUMEM/read
[2026-05-09 08:44:37] dlc1nta2oa0ac22v-master-0:48758:48984 [1] NCCL INFO Channel 08/0 : 1[1] -> 3[3] via P2P/CUMEM/read
[2026-05-09 08:44:37] dlc1nta2oa0ac22v-master-0:48758:48984 [1] NCCL INFO Channel 09/0 : 1[1] -> 3[3] via P2P/CUMEM/read
[2026-05-09 08:44:37] dlc1nta2oa0ac22v-master-0:48758:48984 [1] NCCL INFO Channel 10/0 : 1[1] -> 3[3] via P2P/CUMEM/read
[2026-05-09 08:44:37] dlc1nta2oa0ac22v-master-0:48758:48984 [1] NCCL INFO Channel 11/0 : 1[1] -> 3[3] via P2P/CUMEM/read
[2026-05-09 08:44:37] dlc1nta2oa0ac22v-master-0:48758:48984 [1] NCCL INFO Channel 12/0 : 1[1] -> 3[3] via P2P/CUMEM/read
[2026-05-09 08:44:37] dlc1nta2oa0ac22v-master-0:48758:48984 [1] NCCL INFO Channel 13/0 : 1[1] -> 3[3] via P2P/CUMEM/read
[2026-05-09 08:44:37] dlc1nta2oa0ac22v-master-0:48758:48984 [1] NCCL INFO Channel 14/0 : 1[1] -> 3[3] via P2P/CUMEM/read
[2026-05-09 08:44:37] dlc1nta2oa0ac22v-master-0:48758:48984 [1] NCCL INFO Channel 15/0 : 1[1] -> 3[3] via P2P/CUMEM/read
[2026-05-09 08:44:37] dlc1nta2oa0ac22v-master-0:48758:48984 [1] NCCL INFO Channel 16/0 : 1[1] -> 3[3] via P2P/CUMEM/read
[2026-05-09 08:44:37] dlc1nta2oa0ac22v-master-0:48758:48984 [1] NCCL INFO Channel 17/0 : 1[1] -> 3[3] via P2P/CUMEM/read
[2026-05-09 08:44:37] dlc1nta2oa0ac22v-master-0:48758:48984 [1] NCCL INFO Channel 18/0 : 1[1] -> 3[3] via P2P/CUMEM/read
[2026-05-09 08:44:37] dlc1nta2oa0ac22v-master-0:48758:48984 [1] NCCL INFO Channel 19/0 : 1[1] -> 3[3] via P2P/CUMEM/read
[2026-05-09 08:44:37] dlc1nta2oa0ac22v-master-0:48758:48984 [1] NCCL INFO Channel 20/0 : 1[1] -> 3[3] via P2P/CUMEM/read
[2026-05-09 08:44:37] dlc1nta2oa0ac22v-master-0:48758:48984 [1] NCCL INFO Channel 21/0 : 1[1] -> 3[3] via P2P/CUMEM/read
[2026-05-09 08:44:37] dlc1nta2oa0ac22v-master-0:48758:48984 [1] NCCL INFO Channel 22/0 : 1[1] -> 3[3] via P2P/CUMEM/read
[2026-05-09 08:44:37] dlc1nta2oa0ac22v-master-0:48758:48984 [1] NCCL INFO Channel 23/0 : 1[1] -> 3[3] via P2P/CUMEM/read
[2026-05-09 08:44:37] dlc1nta2oa0ac22v-master-0:48780:48987 [3] NCCL INFO Channel 00/0 : 3[3] -> 2[2] via P2P/CUMEM/read
[2026-05-09 08:44:37] dlc1nta2oa0ac22v-master-0:48780:48987 [3] NCCL INFO Channel 01/0 : 3[3] -> 2[2] via P2P/CUMEM/read
[2026-05-09 08:44:37] dlc1nta2oa0ac22v-master-0:48780:48987 [3] NCCL INFO Channel 02/0 : 3[3] -> 2[2] via P2P/CUMEM/read
[2026-05-09 08:44:37] dlc1nta2oa0ac22v-master-0:48780:48987 [3] NCCL INFO Channel 03/0 : 3[3] -> 2[2] via P2P/CUMEM/read
[2026-05-09 08:44:37] dlc1nta2oa0ac22v-master-0:48780:48987 [3] NCCL INFO Channel 04/0 : 3[3] -> 2[2] via P2P/CUMEM/read
[2026-05-09 08:44:37] dlc1nta2oa0ac22v-master-0:48780:48987 [3] NCCL INFO Channel 05/0 : 3[3] -> 2[2] via P2P/CUMEM/read
[2026-05-09 08:44:37] dlc1nta2oa0ac22v-master-0:48780:48987 [3] NCCL INFO Channel 06/0 : 3[3] -> 2[2] via P2P/CUMEM/read
[2026-05-09 08:44:37] dlc1nta2oa0ac22v-master-0:48780:48987 [3] NCCL INFO Channel 07/0 : 3[3] -> 2[2] via P2P/CUMEM/read
[2026-05-09 08:44:37] dlc1nta2oa0ac22v-master-0:48780:48987 [3] NCCL INFO Channel 08/0 : 3[3] -> 2[2] via P2P/CUMEM/read
[2026-05-09 08:44:37] dlc1nta2oa0ac22v-master-0:48780:48987 [3] NCCL INFO Channel 09/0 : 3[3] -> 2[2] via P2P/CUMEM/read
[2026-05-09 08:44:37] dlc1nta2oa0ac22v-master-0:48780:48987 [3] NCCL INFO Channel 10/0 : 3[3] -> 2[2] via P2P/CUMEM/read
[2026-05-09 08:44:37] dlc1nta2oa0ac22v-master-0:48780:48987 [3] NCCL INFO Channel 11/0 : 3[3] -> 2[2] via P2P/CUMEM/read
[2026-05-09 08:44:37] dlc1nta2oa0ac22v-master-0:48780:48987 [3] NCCL INFO Channel 12/0 : 3[3] -> 2[2] via P2P/CUMEM/read
[2026-05-09 08:44:37] dlc1nta2oa0ac22v-master-0:48780:48987 [3] NCCL INFO Channel 13/0 : 3[3] -> 2[2] via P2P/CUMEM/read
[2026-05-09 08:44:37] dlc1nta2oa0ac22v-master-0:48780:48987 [3] NCCL INFO Channel 14/0 : 3[3] -> 2[2] via P2P/CUMEM/read
[2026-05-09 08:44:37] dlc1nta2oa0ac22v-master-0:48780:48987 [3] NCCL INFO Channel 15/0 : 3[3] -> 2[2] via P2P/CUMEM/read
[2026-05-09 08:44:37] dlc1nta2oa0ac22v-master-0:48780:48987 [3] NCCL INFO Channel 16/0 : 3[3] -> 2[2] via P2P/CUMEM/read
[2026-05-09 08:44:37] dlc1nta2oa0ac22v-master-0:48780:48987 [3] NCCL INFO Channel 17/0 : 3[3] -> 2[2] via P2P/CUMEM/read
[2026-05-09 08:44:37] dlc1nta2oa0ac22v-master-0:48780:48987 [3] NCCL INFO Channel 18/0 : 3[3] -> 2[2] via P2P/CUMEM/read
[2026-05-09 08:44:37] dlc1nta2oa0ac22v-master-0:48780:48987 [3] NCCL INFO Channel 19/0 : 3[3] -> 2[2] via P2P/CUMEM/read
[2026-05-09 08:44:37] dlc1nta2oa0ac22v-master-0:48780:48987 [3] NCCL INFO Channel 20/0 : 3[3] -> 2[2] via P2P/CUMEM/read
[2026-05-09 08:44:37] dlc1nta2oa0ac22v-master-0:48780:48987 [3] NCCL INFO Channel 21/0 : 3[3] -> 2[2] via P2P/CUMEM/read
[2026-05-09 08:44:37] dlc1nta2oa0ac22v-master-0:48780:48987 [3] NCCL INFO Channel 22/0 : 3[3] -> 2[2] via P2P/CUMEM/read
[2026-05-09 08:44:37] dlc1nta2oa0ac22v-master-0:48780:48987 [3] NCCL INFO Channel 23/0 : 3[3] -> 2[2] via P2P/CUMEM/read
[2026-05-09 08:44:38] dlc1nta2oa0ac22v-master-0:48821:48983 [6] NCCL INFO Connected all rings, use ring PXN 0 GDR 1
[2026-05-09 08:44:38] dlc1nta2oa0ac22v-master-0:48807:48981 [5] NCCL INFO Connected all rings, use ring PXN 0 GDR 1
[2026-05-09 08:44:38] dlc1nta2oa0ac22v-master-0:48794:48982 [4] NCCL INFO Connected all rings, use ring PXN 0 GDR 1
[2026-05-09 08:44:38] dlc1nta2oa0ac22v-master-0:48834:48985 [7] NCCL INFO Connected all rings, use ring PXN 0 GDR 1
[2026-05-09 08:44:38] dlc1nta2oa0ac22v-master-0:48767:48986 [2] NCCL INFO Connected all rings, use ring PXN 0 GDR 1
[2026-05-09 08:44:38] dlc1nta2oa0ac22v-master-0:48780:48987 [3] NCCL INFO Connected all rings, use ring PXN 0 GDR 1
[2026-05-09 08:44:38] dlc1nta2oa0ac22v-master-0:48751:48988 [0] NCCL INFO Connected all rings, use ring PXN 0 GDR 1
[2026-05-09 08:44:38] dlc1nta2oa0ac22v-master-0:48758:48984 [1] NCCL INFO Connected all rings, use ring PXN 0 GDR 1
[2026-05-09 08:44:38] (Worker pid=48807) WARNING 05-09 08:44:37 [symm_mem.py:66] SymmMemCommunicator: Device capability 8.0 not supported, communicator is not available.
[2026-05-09 08:44:38] (Worker pid=48794) WARNING 05-09 08:44:37 [symm_mem.py:66] SymmMemCommunicator: Device capability 8.0 not supported, communicator is not available.
[2026-05-09 08:44:38] (Worker pid=48767) WARNING 05-09 08:44:37 [symm_mem.py:66] SymmMemCommunicator: Device capability 8.0 not supported, communicator is not available.
[2026-05-09 08:44:38] (Worker pid=48780) WARNING 05-09 08:44:37 [symm_mem.py:66] SymmMemCommunicator: Device capability 8.0 not supported, communicator is not available.
[2026-05-09 08:44:38] (Worker pid=48821) WARNING 05-09 08:44:37 [symm_mem.py:66] SymmMemCommunicator: Device capability 8.0 not supported, communicator is not available.
[2026-05-09 08:44:38] (Worker pid=48758) WARNING 05-09 08:44:37 [symm_mem.py:66] SymmMemCommunicator: Device capability 8.0 not supported, communicator is not available.
[2026-05-09 08:44:38] (Worker pid=48834) WARNING 05-09 08:44:37 [symm_mem.py:66] SymmMemCommunicator: Device capability 8.0 not supported, communicator is not available.
[2026-05-09 08:44:38] (Worker pid=48751) WARNING 05-09 08:44:37 [symm_mem.py:66] SymmMemCommunicator: Device capability 8.0 not supported, communicator is not available.
[2026-05-09 08:44:38] (Worker pid=48751) INFO 05-09 08:44:37 [parallel_state.py:1716] rank 0 in world size 8 is assigned as DP rank 0, PP rank 0, PCP rank 0, TP rank 0, EP rank N/A, EPLB rank N/A
[2026-05-09 08:44:38] (Worker pid=48794) WARNING 05-09 08:44:38 [__init__.py:206] min_p and logit_bias parameters won't work with speculative decoding.
[2026-05-09 08:44:38] (Worker pid=48767) WARNING 05-09 08:44:38 [__init__.py:206] min_p and logit_bias parameters won't work with speculative decoding.
[2026-05-09 08:44:38] (Worker pid=48758) WARNING 05-09 08:44:38 [__init__.py:206] min_p and logit_bias parameters won't work with speculative decoding.
[2026-05-09 08:44:38] (Worker pid=48780) WARNING 05-09 08:44:38 [__init__.py:206] min_p and logit_bias parameters won't work with speculative decoding.
[2026-05-09 08:44:38] (Worker pid=48807) WARNING 05-09 08:44:38 [__init__.py:206] min_p and logit_bias parameters won't work with speculative decoding.
[2026-05-09 08:44:38] (Worker pid=48751) WARNING 05-09 08:44:38 [__init__.py:206] min_p and logit_bias parameters won't work with speculative decoding.
[2026-05-09 08:44:38] (Worker pid=48834) WARNING 05-09 08:44:38 [__init__.py:206] min_p and logit_bias parameters won't work with speculative decoding.
[2026-05-09 08:44:38] (Worker pid=48821) WARNING 05-09 08:44:38 [__init__.py:206] min_p and logit_bias parameters won't work with speculative decoding.
[2026-05-09 08:44:38] (Worker_TP0 pid=48751) INFO 05-09 08:44:38 [gpu_model_runner.py:4735] Starting to load model /mnt/data/ebft-distribution-new/outputs/diff_dataset/diff_g2_no_teacher_vicinal_dlc1nta2oa0ac22v/model...
[2026-05-09 08:44:39] (Worker_TP0 pid=48751) INFO 05-09 08:44:38 [cuda.py:390] Using backend AttentionBackendEnum.FLASH_ATTN for vit attention
[2026-05-09 08:44:39] (Worker_TP0 pid=48751) INFO 05-09 08:44:38 [mm_encoder_attention.py:230] Using AttentionBackendEnum.FLASH_ATTN for MMEncoderAttention.
[2026-05-09 08:44:39] (Worker_TP0 pid=48751) INFO 05-09 08:44:38 [gdn_linear_attn.py:147] Using Triton/FLA GDN prefill kernel
[2026-05-09 08:44:39] (Worker_TP0 pid=48751) INFO 05-09 08:44:38 [cuda.py:334] Using FLASH_ATTN attention backend out of potential backends: ['FLASH_ATTN', 'FLASHINFER', 'TRITON_ATTN', 'FLEX_ATTENTION'].
[2026-05-09 08:44:39] (Worker_TP0 pid=48751) INFO 05-09 08:44:38 [flash_attn.py:596] Using FlashAttention version 2
[2026-05-09 08:44:39] (Worker_TP0 pid=48751) 
Loading safetensors checkpoint shards:   0% Completed | 0/1 [00:00<?, ?it/s]
[2026-05-09 08:44:39] (Worker_TP0 pid=48751) 
Loading safetensors checkpoint shards: 100% Completed | 1/1 [00:00<00:00,  2.98it/s]
[2026-05-09 08:44:39] (Worker_TP0 pid=48751) 
Loading safetensors checkpoint shards: 100% Completed | 1/1 [00:00<00:00,  2.98it/s]
[2026-05-09 08:44:39] (Worker_TP0 pid=48751) 
[2026-05-09 08:44:39] (Worker_TP0 pid=48751) INFO 05-09 08:44:39 [default_loader.py:384] Loading weights took 0.43 seconds
[2026-05-09 08:44:39] (Worker_TP0 pid=48751) INFO 05-09 08:44:39 [gpu_model_runner.py:4759] Loading drafter model...
[2026-05-09 08:44:40] (Worker_TP0 pid=48751) INFO 05-09 08:44:39 [gpu_model_runner.py:4820] Model loading took 1.11 GiB memory and 0.777880 seconds
[2026-05-09 08:44:42] (Worker_TP0 pid=48751) INFO 05-09 08:44:42 [backends.py:1051] Using cache directory: /root/.cache/vllm/torch_compile_cache/1dd3867f1a/rank_0_0/backbone for vLLM's torch.compile
[2026-05-09 08:44:42] (Worker_TP0 pid=48751) INFO 05-09 08:44:42 [backends.py:1111] Dynamo bytecode transform time: 2.05 s
[2026-05-09 08:44:44] (Worker_TP4 pid=48794) INFO 05-09 08:44:44 [decorators.py:303] Directly load AOT compilation from path /root/.cache/vllm/torch_compile_cache/torch_aot_compile/0e150d090e748309c97b45a33e9cda093b4755a386c7cb3dccaf8c56046e8aaf/rank_4_0/model
[2026-05-09 08:44:44] (Worker_TP2 pid=48767) INFO 05-09 08:44:44 [decorators.py:303] Directly load AOT compilation from path /root/.cache/vllm/torch_compile_cache/torch_aot_compile/0e150d090e748309c97b45a33e9cda093b4755a386c7cb3dccaf8c56046e8aaf/rank_2_0/model
[2026-05-09 08:44:44] (Worker_TP3 pid=48780) INFO 05-09 08:44:44 [decorators.py:303] Directly load AOT compilation from path /root/.cache/vllm/torch_compile_cache/torch_aot_compile/0e150d090e748309c97b45a33e9cda093b4755a386c7cb3dccaf8c56046e8aaf/rank_3_0/model
[2026-05-09 08:44:44] (Worker_TP1 pid=48758) INFO 05-09 08:44:44 [decorators.py:303] Directly load AOT compilation from path /root/.cache/vllm/torch_compile_cache/torch_aot_compile/0e150d090e748309c97b45a33e9cda093b4755a386c7cb3dccaf8c56046e8aaf/rank_1_0/model
[2026-05-09 08:44:44] (Worker_TP0 pid=48751) INFO 05-09 08:44:44 [backends.py:285] Directly load the compiled graph(s) for compile range (1, 8192) from the cache, took 1.678 s
[2026-05-09 08:44:44] (Worker_TP0 pid=48751) INFO 05-09 08:44:44 [decorators.py:303] Directly load AOT compilation from path /root/.cache/vllm/torch_compile_cache/torch_aot_compile/0e150d090e748309c97b45a33e9cda093b4755a386c7cb3dccaf8c56046e8aaf/rank_0_0/model
[2026-05-09 08:44:44] (Worker_TP0 pid=48751) INFO 05-09 08:44:44 [monitor.py:48] torch.compile took 4.04 s in total
[2026-05-09 08:44:44] (Worker_TP6 pid=48821) INFO 05-09 08:44:44 [decorators.py:303] Directly load AOT compilation from path /root/.cache/vllm/torch_compile_cache/torch_aot_compile/0e150d090e748309c97b45a33e9cda093b4755a386c7cb3dccaf8c56046e8aaf/rank_6_0/model
[2026-05-09 08:44:45] (Worker_TP5 pid=48807) INFO 05-09 08:44:44 [decorators.py:303] Directly load AOT compilation from path /root/.cache/vllm/torch_compile_cache/torch_aot_compile/0e150d090e748309c97b45a33e9cda093b4755a386c7cb3dccaf8c56046e8aaf/rank_5_0/model
[2026-05-09 08:44:45] (Worker_TP7 pid=48834) INFO 05-09 08:44:44 [decorators.py:303] Directly load AOT compilation from path /root/.cache/vllm/torch_compile_cache/torch_aot_compile/0e150d090e748309c97b45a33e9cda093b4755a386c7cb3dccaf8c56046e8aaf/rank_7_0/model
[2026-05-09 08:44:45] (Worker_TP0 pid=48751) INFO 05-09 08:44:45 [monitor.py:76] Initial profiling/warmup run took 1.01 s
[2026-05-09 08:44:45] dlc1nta2oa0ac22v-master-0:48751:48751 [0] NCCL INFO Comm config Blocking set to 1
[2026-05-09 08:44:45] dlc1nta2oa0ac22v-master-0:48758:48758 [1] NCCL INFO Comm config Blocking set to 1
[2026-05-09 08:44:45] dlc1nta2oa0ac22v-master-0:48780:48780 [3] NCCL INFO Comm config Blocking set to 1
[2026-05-09 08:44:45] dlc1nta2oa0ac22v-master-0:48807:48807 [5] NCCL INFO Comm config Blocking set to 1
[2026-05-09 08:44:45] dlc1nta2oa0ac22v-master-0:48751:49266 [0] NCCL INFO Assigned NET plugin IB to comm
[2026-05-09 08:44:45] dlc1nta2oa0ac22v-master-0:48751:49266 [0] NCCL INFO Using network IB
[2026-05-09 08:44:45] dlc1nta2oa0ac22v-master-0:48794:48794 [4] NCCL INFO Comm config Blocking set to 1
[2026-05-09 08:44:45] dlc1nta2oa0ac22v-master-0:48758:49267 [1] NCCL INFO Assigned NET plugin IB to comm
[2026-05-09 08:44:45] dlc1nta2oa0ac22v-master-0:48758:49267 [1] NCCL INFO Using network IB
[2026-05-09 08:44:45] dlc1nta2oa0ac22v-master-0:48767:48767 [2] NCCL INFO Comm config Blocking set to 1
[2026-05-09 08:44:45] dlc1nta2oa0ac22v-master-0:48751:49266 [0] NCCL INFO ncclCommInitRankConfig comm 0x5611665f8a30 rank 0 nranks 8 cudaDev 0 nvmlDev 0 busId 3000 commId 0x3fd5d115c938f0af - Init START
[2026-05-09 08:44:45] dlc1nta2oa0ac22v-master-0:48780:49268 [3] NCCL INFO Assigned NET plugin IB to comm
[2026-05-09 08:44:45] dlc1nta2oa0ac22v-master-0:48780:49268 [3] NCCL INFO Using network IB
[2026-05-09 08:44:45] dlc1nta2oa0ac22v-master-0:48758:49267 [1] NCCL INFO ncclCommInitRankConfig comm 0x55867f6b2d70 rank 1 nranks 8 cudaDev 1 nvmlDev 1 busId 4000 commId 0x3fd5d115c938f0af - Init START
[2026-05-09 08:44:45] dlc1nta2oa0ac22v-master-0:48807:49269 [5] NCCL INFO Assigned NET plugin IB to comm
[2026-05-09 08:44:45] dlc1nta2oa0ac22v-master-0:48807:49269 [5] NCCL INFO Using network IB
[2026-05-09 08:44:45] dlc1nta2oa0ac22v-master-0:48834:48834 [7] NCCL INFO Comm config Blocking set to 1
[2026-05-09 08:44:45] dlc1nta2oa0ac22v-master-0:48794:49270 [4] NCCL INFO Assigned NET plugin IB to comm
[2026-05-09 08:44:45] dlc1nta2oa0ac22v-master-0:48794:49270 [4] NCCL INFO Using network IB
[2026-05-09 08:44:45] dlc1nta2oa0ac22v-master-0:48780:49268 [3] NCCL INFO ncclCommInitRankConfig comm 0x55d2a4ec7de0 rank 3 nranks 8 cudaDev 3 nvmlDev 3 busId a000 commId 0x3fd5d115c938f0af - Init START
[2026-05-09 08:44:45] dlc1nta2oa0ac22v-master-0:48807:49269 [5] NCCL INFO ncclCommInitRankConfig comm 0x55f026576eb0 rank 5 nranks 8 cudaDev 5 nvmlDev 5 busId 11000 commId 0x3fd5d115c938f0af - Init START
[2026-05-09 08:44:45] dlc1nta2oa0ac22v-master-0:48794:49270 [4] NCCL INFO ncclCommInitRankConfig comm 0x55967e09c260 rank 4 nranks 8 cudaDev 4 nvmlDev 4 busId 10000 commId 0x3fd5d115c938f0af - Init START
[2026-05-09 08:44:45] dlc1nta2oa0ac22v-master-0:48767:49271 [2] NCCL INFO Assigned NET plugin IB to comm
[2026-05-09 08:44:45] dlc1nta2oa0ac22v-master-0:48767:49271 [2] NCCL INFO Using network IB
[2026-05-09 08:44:45] dlc1nta2oa0ac22v-master-0:48834:49272 [7] NCCL INFO Assigned NET plugin IB to comm
[2026-05-09 08:44:45] dlc1nta2oa0ac22v-master-0:48834:49272 [7] NCCL INFO Using network IB
[2026-05-09 08:44:45] dlc1nta2oa0ac22v-master-0:48767:49271 [2] NCCL INFO ncclCommInitRankConfig comm 0x55a5183be030 rank 2 nranks 8 cudaDev 2 nvmlDev 2 busId 9000 commId 0x3fd5d115c938f0af - Init START
[2026-05-09 08:44:45] dlc1nta2oa0ac22v-master-0:48834:49272 [7] NCCL INFO ncclCommInitRankConfig comm 0x55ec211cd5c0 rank 7 nranks 8 cudaDev 7 nvmlDev 7 busId 17000 commId 0x3fd5d115c938f0af - Init START
[2026-05-09 08:44:45] dlc1nta2oa0ac22v-master-0:48821:48821 [6] NCCL INFO Comm config Blocking set to 1
[2026-05-09 08:44:45] dlc1nta2oa0ac22v-master-0:48821:49273 [6] NCCL INFO Assigned NET plugin IB to comm
[2026-05-09 08:44:45] dlc1nta2oa0ac22v-master-0:48821:49273 [6] NCCL INFO Using network IB
[2026-05-09 08:44:45] dlc1nta2oa0ac22v-master-0:48821:49273 [6] NCCL INFO ncclCommInitRankConfig comm 0x55a02f9a8ab0 rank 6 nranks 8 cudaDev 6 nvmlDev 6 busId 16000 commId 0x3fd5d115c938f0af - Init START
[2026-05-09 08:44:45] dlc1nta2oa0ac22v-master-0:48834:49272 [7] NCCL INFO Bootstrap timings total 0.000911 (create 0.000028, send 0.000069, recv 0.000115, ring 0.000079, delay 0.000000)
[2026-05-09 08:44:45] dlc1nta2oa0ac22v-master-0:48821:49273 [6] NCCL INFO Bootstrap timings total 0.000322 (create 0.000015, send 0.000070, recv 0.000066, ring 0.000083, delay 0.000000)
[2026-05-09 08:44:45] dlc1nta2oa0ac22v-master-0:48807:49269 [5] NCCL INFO Bootstrap timings total 0.001134 (create 0.000018, send 0.000077, recv 0.000848, ring 0.000097, delay 0.000000)
[2026-05-09 08:44:45] dlc1nta2oa0ac22v-master-0:48780:49268 [3] NCCL INFO Bootstrap timings total 0.001204 (create 0.000018, send 0.000056, recv 0.000158, ring 0.000659, delay 0.000000)
[2026-05-09 08:44:45] dlc1nta2oa0ac22v-master-0:48794:49270 [4] NCCL INFO Bootstrap timings total 0.001092 (create 0.000017, send 0.000066, recv 0.000062, ring 0.000845, delay 0.000000)
[2026-05-09 08:44:45] dlc1nta2oa0ac22v-master-0:48758:49267 [1] NCCL INFO Bootstrap timings total 0.001283 (create 0.000022, send 0.000069, recv 0.000390, ring 0.000685, delay 0.000000)
[2026-05-09 08:44:45] dlc1nta2oa0ac22v-master-0:48751:49266 [0] NCCL INFO Bootstrap timings total 0.001358 (create 0.000016, send 0.000071, recv 0.000161, ring 0.000611, delay 0.000000)
[2026-05-09 08:44:45] dlc1nta2oa0ac22v-master-0:48767:49271 [2] NCCL INFO Bootstrap timings total 0.000930 (create 0.000014, send 0.000081, recv 0.000062, ring 0.000636, delay 0.000000)
[2026-05-09 08:44:46] dlc1nta2oa0ac22v-master-0:48758:49267 [1] NCCL INFO Setting affinity for GPU 1 to 0-47
[2026-05-09 08:44:46] dlc1nta2oa0ac22v-master-0:48758:49267 [1] NCCL INFO NVLS multicast support is not available on dev 1 (NVLS_NCHANNELS 0)
[2026-05-09 08:44:46] dlc1nta2oa0ac22v-master-0:48751:49266 [0] NCCL INFO Setting affinity for GPU 0 to 0-47
[2026-05-09 08:44:46] dlc1nta2oa0ac22v-master-0:48751:49266 [0] NCCL INFO NVLS multicast support is not available on dev 0 (NVLS_NCHANNELS 0)
[2026-05-09 08:44:46] dlc1nta2oa0ac22v-master-0:48780:49268 [3] NCCL INFO Setting affinity for GPU 3 to 0-47
[2026-05-09 08:44:46] dlc1nta2oa0ac22v-master-0:48780:49268 [3] NCCL INFO NVLS multicast support is not available on dev 3 (NVLS_NCHANNELS 0)
[2026-05-09 08:44:46] dlc1nta2oa0ac22v-master-0:48807:49269 [5] NCCL INFO Setting affinity for GPU 5 to 48-95
[2026-05-09 08:44:46] dlc1nta2oa0ac22v-master-0:48821:49273 [6] NCCL INFO Setting affinity for GPU 6 to 48-95
[2026-05-09 08:44:46] dlc1nta2oa0ac22v-master-0:48807:49269 [5] NCCL INFO NVLS multicast support is not available on dev 5 (NVLS_NCHANNELS 0)
[2026-05-09 08:44:46] dlc1nta2oa0ac22v-master-0:48821:49273 [6] NCCL INFO NVLS multicast support is not available on dev 6 (NVLS_NCHANNELS 0)
[2026-05-09 08:44:46] dlc1nta2oa0ac22v-master-0:48794:49270 [4] NCCL INFO Setting affinity for GPU 4 to 48-95
[2026-05-09 08:44:46] dlc1nta2oa0ac22v-master-0:48794:49270 [4] NCCL INFO NVLS multicast support is not available on dev 4 (NVLS_NCHANNELS 0)
[2026-05-09 08:44:46] dlc1nta2oa0ac22v-master-0:48767:49271 [2] NCCL INFO Setting affinity for GPU 2 to 0-47
[2026-05-09 08:44:46] dlc1nta2oa0ac22v-master-0:48767:49271 [2] NCCL INFO NVLS multicast support is not available on dev 2 (NVLS_NCHANNELS 0)
[2026-05-09 08:44:46] dlc1nta2oa0ac22v-master-0:48834:49272 [7] NCCL INFO Setting affinity for GPU 7 to 48-95
[2026-05-09 08:44:46] dlc1nta2oa0ac22v-master-0:48834:49272 [7] NCCL INFO NVLS multicast support is not available on dev 7 (NVLS_NCHANNELS 0)
[2026-05-09 08:44:46] dlc1nta2oa0ac22v-master-0:48821:49273 [6] NCCL INFO comm 0x55a02f9a8ab0 rank 6 nRanks 8 nNodes 1 localRanks 8 localRank 6 MNNVL 0
[2026-05-09 08:44:46] dlc1nta2oa0ac22v-master-0:48767:49271 [2] NCCL INFO comm 0x55a5183be030 rank 2 nRanks 8 nNodes 1 localRanks 8 localRank 2 MNNVL 0
[2026-05-09 08:44:46] dlc1nta2oa0ac22v-master-0:48834:49272 [7] NCCL INFO comm 0x55ec211cd5c0 rank 7 nRanks 8 nNodes 1 localRanks 8 localRank 7 MNNVL 0
[2026-05-09 08:44:46] dlc1nta2oa0ac22v-master-0:48751:49266 [0] NCCL INFO comm 0x5611665f8a30 rank 0 nRanks 8 nNodes 1 localRanks 8 localRank 0 MNNVL 0
[2026-05-09 08:44:46] dlc1nta2oa0ac22v-master-0:48794:49270 [4] NCCL INFO comm 0x55967e09c260 rank 4 nRanks 8 nNodes 1 localRanks 8 localRank 4 MNNVL 0
[2026-05-09 08:44:46] dlc1nta2oa0ac22v-master-0:48807:49269 [5] NCCL INFO comm 0x55f026576eb0 rank 5 nRanks 8 nNodes 1 localRanks 8 localRank 5 MNNVL 0
[2026-05-09 08:44:46] dlc1nta2oa0ac22v-master-0:48758:49267 [1] NCCL INFO comm 0x55867f6b2d70 rank 1 nRanks 8 nNodes 1 localRanks 8 localRank 1 MNNVL 0
[2026-05-09 08:44:46] dlc1nta2oa0ac22v-master-0:48780:49268 [3] NCCL INFO comm 0x55d2a4ec7de0 rank 3 nRanks 8 nNodes 1 localRanks 8 localRank 3 MNNVL 0
[2026-05-09 08:44:46] dlc1nta2oa0ac22v-master-0:48751:49266 [0] NCCL INFO Channel 00/24 : 0 1 3 2 5 4 7 6
[2026-05-09 08:44:46] dlc1nta2oa0ac22v-master-0:48751:49266 [0] NCCL INFO Channel 01/24 : 0 1 3 2 5 4 7 6
[2026-05-09 08:44:46] dlc1nta2oa0ac22v-master-0:48751:49266 [0] NCCL INFO Channel 02/24 : 0 1 3 2 5 4 7 6
[2026-05-09 08:44:46] dlc1nta2oa0ac22v-master-0:48751:49266 [0] NCCL INFO Channel 03/24 : 0 1 3 2 5 4 7 6
[2026-05-09 08:44:46] dlc1nta2oa0ac22v-master-0:48821:49273 [6] NCCL INFO Trees [0] -1/-1/-1->6->7 [1] -1/-1/-1->6->7 [2] -1/-1/-1->6->7 [3] -1/-1/-1->6->7 [4] -1/-1/-1->6->7 [5] -1/-1/-1->6->7 [6] -1/-1/-1->6->7 [7] -1/-1/-1->6->7 [8] -1/-1/-1->6->7 [9] -1/-1/-1->6->7 [10] -1/-1/-1->6->7 [11] -1/-1/-1->6->7 [12] -1/-1/-1->6->7 [13] -1/-1/-1->6->7 [14] -1/-1/-1->6->7 [15] -1/-1/-1->6->7 [16] -1/-1/-1->6->7 [17] -1/-1/-1->6->7 [18] -1/-1/-1->6->7 [19] -1/-1/-1->6->7 [20] -1/-1/-1->6->7 [21] -1/-1/-1->6->7 [22] -1/-1/-1->6->7 [23] -1/-1/-1->6->7
[2026-05-09 08:44:46] dlc1nta2oa0ac22v-master-0:48794:49270 [4] NCCL INFO Trees [0] 7/-1/-1->4->5 [1] 7/-1/-1->4->5 [2] 7/-1/-1->4->5 [3] 7/-1/-1->4->5 [4] 7/-1/-1->4->5 [5] 7/-1/-1->4->5 [6] 7/-1/-1->4->5 [7] 7/-1/-1->4->5 [8] 7/-1/-1->4->5 [9] 7/-1/-1->4->5 [10] 7/-1/-1->4->5 [11] 7/-1/-1->4->5 [12] 7/-1/-1->4->5 [13] 7/-1/-1->4->5 [14] 7/-1/-1->4->5 [15] 7/-1/-1->4->5 [16] 7/-1/-1->4->5 [17] 7/-1/-1->4->5 [18] 7/-1/-1->4->5 [19] 7/-1/-1->4->5 [20] 7/-1/-1->4->5 [21] 7/-1/-1->4->5 [22] 7/-1/-1->4->5 [23] 7/-1/-1->4->5
[2026-05-09 08:44:46] dlc1nta2oa0ac22v-master-0:48834:49272 [7] NCCL INFO Trees [0] 6/-1/-1->7->4 [1] 6/-1/-1->7->4 [2] 6/-1/-1->7->4 [3] 6/-1/-1->7->4 [4] 6/-1/-1->7->4 [5] 6/-1/-1->7->4 [6] 6/-1/-1->7->4 [7] 6/-1/-1->7->4 [8] 6/-1/-1->7->4 [9] 6/-1/-1->7->4 [10] 6/-1/-1->7->4 [11] 6/-1/-1->7->4 [12] 6/-1/-1->7->4 [13] 6/-1/-1->7->4 [14] 6/-1/-1->7->4 [15] 6/-1/-1->7->4 [16] 6/-1/-1->7->4 [17] 6/-1/-1->7->4 [18] 6/-1/-1->7->4 [19] 6/-1/-1->7->4 [20] 6/-1/-1->7->4 [21] 6/-1/-1->7->4 [22] 6/-1/-1->7->4 [23] 6/-1/-1->7->4
[2026-05-09 08:44:46] dlc1nta2oa0ac22v-master-0:48794:49270 [4] NCCL INFO P2P Chunksize set to 524288
[2026-05-09 08:44:46] dlc1nta2oa0ac22v-master-0:48767:49271 [2] NCCL INFO Trees [0] 5/-1/-1->2->3 [1] 5/-1/-1->2->3 [2] 5/-1/-1->2->3 [3] 5/-1/-1->2->3 [4] 5/-1/-1->2->3 [5] 5/-1/-1->2->3 [6] 5/-1/-1->2->3 [7] 5/-1/-1->2->3 [8] 5/-1/-1->2->3 [9] 5/-1/-1->2->3 [10] 5/-1/-1->2->3 [11] 5/-1/-1->2->3 [12] 5/-1/-1->2->3 [13] 5/-1/-1->2->3 [14] 5/-1/-1->2->3 [15] 5/-1/-1->2->3 [16] 5/-1/-1->2->3 [17] 5/-1/-1->2->3 [18] 5/-1/-1->2->3 [19] 5/-1/-1->2->3 [20] 5/-1/-1->2->3 [21] 5/-1/-1->2->3 [22] 5/-1/-1->2->3 [23] 5/-1/-1->2->3
[2026-05-09 08:44:46] dlc1nta2oa0ac22v-master-0:48834:49272 [7] NCCL INFO P2P Chunksize set to 524288
[2026-05-09 08:44:46] dlc1nta2oa0ac22v-master-0:48751:49266 [0] NCCL INFO Channel 04/24 : 0 1 3 2 5 4 7 6
[2026-05-09 08:44:46] dlc1nta2oa0ac22v-master-0:48821:49273 [6] NCCL INFO P2P Chunksize set to 524288
[2026-05-09 08:44:46] dlc1nta2oa0ac22v-master-0:48758:49267 [1] NCCL INFO Trees [0] 3/-1/-1->1->0 [1] 3/-1/-1->1->0 [2] 3/-1/-1->1->0 [3] 3/-1/-1->1->0 [4] 3/-1/-1->1->0 [5] 3/-1/-1->1->0 [6] 3/-1/-1->1->0 [7] 3/-1/-1->1->0 [8] 3/-1/-1->1->0 [9] 3/-1/-1->1->0 [10] 3/-1/-1->1->0 [11] 3/-1/-1->1->0 [12] 3/-1/-1->1->0 [13] 3/-1/-1->1->0 [14] 3/-1/-1->1->0 [15] 3/-1/-1->1->0 [16] 3/-1/-1->1->0 [17] 3/-1/-1->1->0 [18] 3/-1/-1->1->0 [19] 3/-1/-1->1->0 [20] 3/-1/-1->1->0 [21] 3/-1/-1->1->0 [22] 3/-1/-1->1->0 [23] 3/-1/-1->1->0
[2026-05-09 08:44:46] dlc1nta2oa0ac22v-master-0:48767:49271 [2] NCCL INFO P2P Chunksize set to 524288
[2026-05-09 08:44:46] dlc1nta2oa0ac22v-master-0:48807:49269 [5] NCCL INFO Trees [0] 4/-1/-1->5->2 [1] 4/-1/-1->5->2 [2] 4/-1/-1->5->2 [3] 4/-1/-1->5->2 [4] 4/-1/-1->5->2 [5] 4/-1/-1->5->2 [6] 4/-1/-1->5->2 [7] 4/-1/-1->5->2 [8] 4/-1/-1->5->2 [9] 4/-1/-1->5->2 [10] 4/-1/-1->5->2 [11] 4/-1/-1->5->2 [12] 4/-1/-1->5->2 [13] 4/-1/-1->5->2 [14] 4/-1/-1->5->2 [15] 4/-1/-1->5->2 [16] 4/-1/-1->5->2 [17] 4/-1/-1->5->2 [18] 4/-1/-1->5->2 [19] 4/-1/-1->5->2 [20] 4/-1/-1->5->2 [21] 4/-1/-1->5->2 [22] 4/-1/-1->5->2 [23] 4/-1/-1->5->2
[2026-05-09 08:44:46] dlc1nta2oa0ac22v-master-0:48751:49266 [0] NCCL INFO Channel 05/24 : 0 1 3 2 5 4 7 6
[2026-05-09 08:44:46] dlc1nta2oa0ac22v-master-0:48758:49267 [1] NCCL INFO P2P Chunksize set to 524288
[2026-05-09 08:44:46] dlc1nta2oa0ac22v-master-0:48807:49269 [5] NCCL INFO P2P Chunksize set to 524288
[2026-05-09 08:44:46] dlc1nta2oa0ac22v-master-0:48751:49266 [0] NCCL INFO Channel 06/24 : 0 1 3 2 5 4 7 6
[2026-05-09 08:44:46] dlc1nta2oa0ac22v-master-0:48780:49268 [3] NCCL INFO Trees [0] 2/-1/-1->3->1 [1] 2/-1/-1->3->1 [2] 2/-1/-1->3->1 [3] 2/-1/-1->3->1 [4] 2/-1/-1->3->1 [5] 2/-1/-1->3->1 [6] 2/-1/-1->3->1 [7] 2/-1/-1->3->1 [8] 2/-1/-1->3->1 [9] 2/-1/-1->3->1 [10] 2/-1/-1->3->1 [11] 2/-1/-1->3->1 [12] 2/-1/-1->3->1 [13] 2/-1/-1->3->1 [14] 2/-1/-1->3->1 [15] 2/-1/-1->3->1 [16] 2/-1/-1->3->1 [17] 2/-1/-1->3->1 [18] 2/-1/-1->3->1 [19] 2/-1/-1->3->1 [20] 2/-1/-1->3->1 [21] 2/-1/-1->3->1 [22] 2/-1/-1->3->1 [23] 2/-1/-1->3->1
[2026-05-09 08:44:46] dlc1nta2oa0ac22v-master-0:48751:49266 [0] NCCL INFO Channel 07/24 : 0 1 3 2 5 4 7 6
[2026-05-09 08:44:46] dlc1nta2oa0ac22v-master-0:48780:49268 [3] NCCL INFO P2P Chunksize set to 524288
[2026-05-09 08:44:46] dlc1nta2oa0ac22v-master-0:48751:49266 [0] NCCL INFO Channel 08/24 : 0 1 3 2 5 4 7 6
[2026-05-09 08:44:46] dlc1nta2oa0ac22v-master-0:48751:49266 [0] NCCL INFO Channel 09/24 : 0 1 3 2 5 4 7 6
[2026-05-09 08:44:46] dlc1nta2oa0ac22v-master-0:48751:49266 [0] NCCL INFO Channel 10/24 : 0 1 3 2 5 4 7 6
[2026-05-09 08:44:46] dlc1nta2oa0ac22v-master-0:48751:49266 [0] NCCL INFO Channel 11/24 : 0 1 3 2 5 4 7 6
[2026-05-09 08:44:46] dlc1nta2oa0ac22v-master-0:48751:49266 [0] NCCL INFO Channel 12/24 : 0 1 3 2 5 4 7 6
[2026-05-09 08:44:46] dlc1nta2oa0ac22v-master-0:48751:49266 [0] NCCL INFO Channel 13/24 : 0 1 3 2 5 4 7 6
[2026-05-09 08:44:46] dlc1nta2oa0ac22v-master-0:48751:49266 [0] NCCL INFO Channel 14/24 : 0 1 3 2 5 4 7 6
[2026-05-09 08:44:46] dlc1nta2oa0ac22v-master-0:48751:49266 [0] NCCL INFO Channel 15/24 : 0 1 3 2 5 4 7 6
[2026-05-09 08:44:46] dlc1nta2oa0ac22v-master-0:48751:49266 [0] NCCL INFO Channel 16/24 : 0 1 3 2 5 4 7 6
[2026-05-09 08:44:46] dlc1nta2oa0ac22v-master-0:48751:49266 [0] NCCL INFO Channel 17/24 : 0 1 3 2 5 4 7 6
[2026-05-09 08:44:46] dlc1nta2oa0ac22v-master-0:48751:49266 [0] NCCL INFO Channel 18/24 : 0 1 3 2 5 4 7 6
[2026-05-09 08:44:46] dlc1nta2oa0ac22v-master-0:48751:49266 [0] NCCL INFO Channel 19/24 : 0 1 3 2 5 4 7 6
[2026-05-09 08:44:46] dlc1nta2oa0ac22v-master-0:48751:49266 [0] NCCL INFO Channel 20/24 : 0 1 3 2 5 4 7 6
[2026-05-09 08:44:46] dlc1nta2oa0ac22v-master-0:48751:49266 [0] NCCL INFO Channel 21/24 : 0 1 3 2 5 4 7 6
[2026-05-09 08:44:46] dlc1nta2oa0ac22v-master-0:48751:49266 [0] NCCL INFO Channel 22/24 : 0 1 3 2 5 4 7 6
[2026-05-09 08:44:46] dlc1nta2oa0ac22v-master-0:48751:49266 [0] NCCL INFO Channel 23/24 : 0 1 3 2 5 4 7 6
[2026-05-09 08:44:46] dlc1nta2oa0ac22v-master-0:48751:49266 [0] NCCL INFO Trees [0] 1/-1/-1->0->-1 [1] 1/-1/-1->0->-1 [2] 1/-1/-1->0->-1 [3] 1/-1/-1->0->-1 [4] 1/-1/-1->0->-1 [5] 1/-1/-1->0->-1 [6] 1/-1/-1->0->-1 [7] 1/-1/-1->0->-1 [8] 1/-1/-1->0->-1 [9] 1/-1/-1->0->-1 [10] 1/-1/-1->0->-1 [11] 1/-1/-1->0->-1 [12] 1/-1/-1->0->-1 [13] 1/-1/-1->0->-1 [14] 1/-1/-1->0->-1 [15] 1/-1/-1->0->-1 [16] 1/-1/-1->0->-1 [17] 1/-1/-1->0->-1 [18] 1/-1/-1->0->-1 [19] 1/-1/-1->0->-1 [20] 1/-1/-1->0->-1 [21] 1/-1/-1->0->-1 [22] 1/-1/-1->0->-1 [23] 1/-1/-1->0->-1
[2026-05-09 08:44:46] dlc1nta2oa0ac22v-master-0:48751:49266 [0] NCCL INFO P2P Chunksize set to 524288
[2026-05-09 08:44:46] dlc1nta2oa0ac22v-master-0:48780:49274 [3] NCCL INFO [Proxy Service] Device 3 CPU core 25
[2026-05-09 08:44:46] dlc1nta2oa0ac22v-master-0:48780:49275 [3] NCCL INFO [Proxy Service UDS] Device 3 CPU core 26
[2026-05-09 08:44:46] dlc1nta2oa0ac22v-master-0:48758:49276 [1] NCCL INFO [Proxy Service] Device 1 CPU core 7
[2026-05-09 08:44:46] dlc1nta2oa0ac22v-master-0:48758:49277 [1] NCCL INFO [Proxy Service UDS] Device 1 CPU core 9
[2026-05-09 08:44:46] dlc1nta2oa0ac22v-master-0:48834:49278 [7] NCCL INFO [Proxy Service] Device 7 CPU core 82
[2026-05-09 08:44:46] dlc1nta2oa0ac22v-master-0:48834:49279 [7] NCCL INFO [Proxy Service UDS] Device 7 CPU core 85
[2026-05-09 08:44:46] dlc1nta2oa0ac22v-master-0:48767:49280 [2] NCCL INFO [Proxy Service] Device 2 CPU core 8
[2026-05-09 08:44:46] dlc1nta2oa0ac22v-master-0:48767:49281 [2] NCCL INFO [Proxy Service UDS] Device 2 CPU core 10
[2026-05-09 08:44:46] dlc1nta2oa0ac22v-master-0:48807:49282 [5] NCCL INFO [Proxy Service] Device 5 CPU core 51
[2026-05-09 08:44:46] dlc1nta2oa0ac22v-master-0:48807:49283 [5] NCCL INFO [Proxy Service UDS] Device 5 CPU core 59
[2026-05-09 08:44:46] dlc1nta2oa0ac22v-master-0:48794:49284 [4] NCCL INFO [Proxy Service] Device 4 CPU core 73
[2026-05-09 08:44:46] dlc1nta2oa0ac22v-master-0:48794:49285 [4] NCCL INFO [Proxy Service UDS] Device 4 CPU core 78
[2026-05-09 08:44:46] dlc1nta2oa0ac22v-master-0:48751:49266 [0] NCCL INFO Check P2P Type isAllDirectP2p 1 directMode 0
[2026-05-09 08:44:46] dlc1nta2oa0ac22v-master-0:48751:49286 [0] NCCL INFO [Proxy Service] Device 0 CPU core 29
[2026-05-09 08:44:46] dlc1nta2oa0ac22v-master-0:48751:49287 [0] NCCL INFO [Proxy Service UDS] Device 0 CPU core 32
[2026-05-09 08:44:46] dlc1nta2oa0ac22v-master-0:48821:49288 [6] NCCL INFO [Proxy Service] Device 6 CPU core 66
[2026-05-09 08:44:46] dlc1nta2oa0ac22v-master-0:48821:49289 [6] NCCL INFO [Proxy Service UDS] Device 6 CPU core 67
[2026-05-09 08:44:46] dlc1nta2oa0ac22v-master-0:48780:49268 [3] NCCL INFO threadThresholds 8/8/64 | 64/8/64 | 512 | 512
[2026-05-09 08:44:46] dlc1nta2oa0ac22v-master-0:48780:49268 [3] NCCL INFO 24 coll channels, 24 collnet channels, 0 nvls channels, 32 p2p channels, 32 p2p channels per peer
[2026-05-09 08:44:46] dlc1nta2oa0ac22v-master-0:48767:49271 [2] NCCL INFO threadThresholds 8/8/64 | 64/8/64 | 512 | 512
[2026-05-09 08:44:46] dlc1nta2oa0ac22v-master-0:48767:49271 [2] NCCL INFO 24 coll channels, 24 collnet channels, 0 nvls channels, 32 p2p channels, 32 p2p channels per peer
[2026-05-09 08:44:46] dlc1nta2oa0ac22v-master-0:48834:49272 [7] NCCL INFO threadThresholds 8/8/64 | 64/8/64 | 512 | 512
[2026-05-09 08:44:46] dlc1nta2oa0ac22v-master-0:48834:49272 [7] NCCL INFO 24 coll channels, 24 collnet channels, 0 nvls channels, 32 p2p channels, 32 p2p channels per peer
[2026-05-09 08:44:46] dlc1nta2oa0ac22v-master-0:48758:49267 [1] NCCL INFO threadThresholds 8/8/64 | 64/8/64 | 512 | 512
[2026-05-09 08:44:46] dlc1nta2oa0ac22v-master-0:48758:49267 [1] NCCL INFO 24 coll channels, 24 collnet channels, 0 nvls channels, 32 p2p channels, 32 p2p channels per peer
[2026-05-09 08:44:46] dlc1nta2oa0ac22v-master-0:48794:49270 [4] NCCL INFO threadThresholds 8/8/64 | 64/8/64 | 512 | 512
[2026-05-09 08:44:46] dlc1nta2oa0ac22v-master-0:48794:49270 [4] NCCL INFO 24 coll channels, 24 collnet channels, 0 nvls channels, 32 p2p channels, 32 p2p channels per peer
[2026-05-09 08:44:46] dlc1nta2oa0ac22v-master-0:48807:49269 [5] NCCL INFO threadThresholds 8/8/64 | 64/8/64 | 512 | 512
[2026-05-09 08:44:46] dlc1nta2oa0ac22v-master-0:48807:49269 [5] NCCL INFO 24 coll channels, 24 collnet channels, 0 nvls channels, 32 p2p channels, 32 p2p channels per peer
[2026-05-09 08:44:46] dlc1nta2oa0ac22v-master-0:48821:49273 [6] NCCL INFO threadThresholds 8/8/64 | 64/8/64 | 512 | 512
[2026-05-09 08:44:46] dlc1nta2oa0ac22v-master-0:48821:49273 [6] NCCL INFO 24 coll channels, 24 collnet channels, 0 nvls channels, 32 p2p channels, 32 p2p channels per peer
[2026-05-09 08:44:46] dlc1nta2oa0ac22v-master-0:48751:49266 [0] NCCL INFO threadThresholds 8/8/64 | 64/8/64 | 512 | 512
[2026-05-09 08:44:46] dlc1nta2oa0ac22v-master-0:48751:49266 [0] NCCL INFO 24 coll channels, 24 collnet channels, 0 nvls channels, 32 p2p channels, 32 p2p channels per peer
[2026-05-09 08:44:46] dlc1nta2oa0ac22v-master-0:48751:49266 [0] NCCL INFO CC Off, workFifoBytes 1048576
[2026-05-09 08:44:46] dlc1nta2oa0ac22v-master-0:48821:49273 [6] NCCL INFO ncclCommInitRankConfig comm 0x55a02f9a8ab0 rank 6 nranks 8 cudaDev 6 nvmlDev 6 busId 16000 commId 0x3fd5d115c938f0af - Init COMPLETE
[2026-05-09 08:44:46] dlc1nta2oa0ac22v-master-0:48807:49269 [5] NCCL INFO ncclCommInitRankConfig comm 0x55f026576eb0 rank 5 nranks 8 cudaDev 5 nvmlDev 5 busId 11000 commId 0x3fd5d115c938f0af - Init COMPLETE
[2026-05-09 08:44:46] dlc1nta2oa0ac22v-master-0:48758:49267 [1] NCCL INFO ncclCommInitRankConfig comm 0x55867f6b2d70 rank 1 nranks 8 cudaDev 1 nvmlDev 1 busId 4000 commId 0x3fd5d115c938f0af - Init COMPLETE
[2026-05-09 08:44:46] dlc1nta2oa0ac22v-master-0:48834:49272 [7] NCCL INFO ncclCommInitRankConfig comm 0x55ec211cd5c0 rank 7 nranks 8 cudaDev 7 nvmlDev 7 busId 17000 commId 0x3fd5d115c938f0af - Init COMPLETE
[2026-05-09 08:44:46] dlc1nta2oa0ac22v-master-0:48751:49266 [0] NCCL INFO ncclCommInitRankConfig comm 0x5611665f8a30 rank 0 nranks 8 cudaDev 0 nvmlDev 0 busId 3000 commId 0x3fd5d115c938f0af - Init COMPLETE
[2026-05-09 08:44:46] dlc1nta2oa0ac22v-master-0:48767:49271 [2] NCCL INFO ncclCommInitRankConfig comm 0x55a5183be030 rank 2 nranks 8 cudaDev 2 nvmlDev 2 busId 9000 commId 0x3fd5d115c938f0af - Init COMPLETE
[2026-05-09 08:44:46] dlc1nta2oa0ac22v-master-0:48758:49267 [1] NCCL INFO Init timings - ncclCommInitRankConfig: rank 1 nranks 8 total 0.36 (kernels 0.00, alloc 0.00, bootstrap 0.00, allgathers 0.00, topo 0.22, graphs 0.00, connections 0.08, rest 0.05)
[2026-05-09 08:44:46] dlc1nta2oa0ac22v-master-0:48821:49273 [6] NCCL INFO Init timings - ncclCommInitRankConfig: rank 6 nranks 8 total 0.35 (kernels 0.00, alloc 0.00, bootstrap 0.00, allgathers 0.00, topo 0.22, graphs 0.00, connections 0.07, rest 0.06)
[2026-05-09 08:44:46] dlc1nta2oa0ac22v-master-0:48834:49272 [7] NCCL INFO Init timings - ncclCommInitRankConfig: rank 7 nranks 8 total 0.35 (kernels 0.00, alloc 0.00, bootstrap 0.00, allgathers 0.00, topo 0.22, graphs 0.00, connections 0.08, rest 0.05)
[2026-05-09 08:44:46] dlc1nta2oa0ac22v-master-0:48767:49271 [2] NCCL INFO Init timings - ncclCommInitRankConfig: rank 2 nranks 8 total 0.36 (kernels 0.00, alloc 0.00, bootstrap 0.00, allgathers 0.00, topo 0.22, graphs 0.00, connections 0.07, rest 0.06)
[2026-05-09 08:44:46] dlc1nta2oa0ac22v-master-0:48751:49266 [0] NCCL INFO Init timings - ncclCommInitRankConfig: rank 0 nranks 8 total 0.36 (kernels 0.00, alloc 0.00, bootstrap 0.00, allgathers 0.00, topo 0.22, graphs 0.00, connections 0.07, rest 0.06)
[2026-05-09 08:44:46] dlc1nta2oa0ac22v-master-0:48780:49268 [3] NCCL INFO ncclCommInitRankConfig comm 0x55d2a4ec7de0 rank 3 nranks 8 cudaDev 3 nvmlDev 3 busId a000 commId 0x3fd5d115c938f0af - Init COMPLETE
[2026-05-09 08:44:46] dlc1nta2oa0ac22v-master-0:48807:49269 [5] NCCL INFO Init timings - ncclCommInitRankConfig: rank 5 nranks 8 total 0.36 (kernels 0.00, alloc 0.00, bootstrap 0.00, allgathers 0.00, topo 0.22, graphs 0.00, connections 0.08, rest 0.05)
[2026-05-09 08:44:46] dlc1nta2oa0ac22v-master-0:48794:49270 [4] NCCL INFO ncclCommInitRankConfig comm 0x55967e09c260 rank 4 nranks 8 cudaDev 4 nvmlDev 4 busId 10000 commId 0x3fd5d115c938f0af - Init COMPLETE
[2026-05-09 08:44:46] dlc1nta2oa0ac22v-master-0:48794:49270 [4] NCCL INFO Init timings - ncclCommInitRankConfig: rank 4 nranks 8 total 0.36 (kernels 0.00, alloc 0.00, bootstrap 0.00, allgathers 0.00, topo 0.22, graphs 0.00, connections 0.08, rest 0.05)
[2026-05-09 08:44:46] dlc1nta2oa0ac22v-master-0:48780:49268 [3] NCCL INFO Init timings - ncclCommInitRankConfig: rank 3 nranks 8 total 0.36 (kernels 0.00, alloc 0.00, bootstrap 0.00, allgathers 0.00, topo 0.22, graphs 0.00, connections 0.10, rest 0.04)
[2026-05-09 08:44:46] dlc1nta2oa0ac22v-master-0:48751:49292 [0] NCCL INFO Channel 00/0 : 0[0] -> 1[1] via P2P/CUMEM/read
[2026-05-09 08:44:46] dlc1nta2oa0ac22v-master-0:48821:49295 [6] NCCL INFO Channel 00/0 : 6[6] -> 0[0] via P2P/CUMEM/read
[2026-05-09 08:44:46] dlc1nta2oa0ac22v-master-0:48794:49293 [4] NCCL INFO Channel 00/0 : 4[4] -> 7[7] via P2P/CUMEM/read
[2026-05-09 08:44:46] dlc1nta2oa0ac22v-master-0:48767:49291 [2] NCCL INFO Channel 00/0 : 2[2] -> 5[5] via P2P/CUMEM/read
[2026-05-09 08:44:46] dlc1nta2oa0ac22v-master-0:48751:49292 [0] NCCL INFO Channel 01/0 : 0[0] -> 1[1] via P2P/CUMEM/read
[2026-05-09 08:44:46] dlc1nta2oa0ac22v-master-0:48821:49295 [6] NCCL INFO Channel 01/0 : 6[6] -> 0[0] via P2P/CUMEM/read
[2026-05-09 08:44:46] dlc1nta2oa0ac22v-master-0:48794:49293 [4] NCCL INFO Channel 01/0 : 4[4] -> 7[7] via P2P/CUMEM/read
[2026-05-09 08:44:46] dlc1nta2oa0ac22v-master-0:48767:49291 [2] NCCL INFO Channel 01/0 : 2[2] -> 5[5] via P2P/CUMEM/read
[2026-05-09 08:44:46] dlc1nta2oa0ac22v-master-0:48751:49292 [0] NCCL INFO Channel 02/0 : 0[0] -> 1[1] via P2P/CUMEM/read
[2026-05-09 08:44:46] dlc1nta2oa0ac22v-master-0:48821:49295 [6] NCCL INFO Channel 02/0 : 6[6] -> 0[0] via P2P/CUMEM/read
[2026-05-09 08:44:46] dlc1nta2oa0ac22v-master-0:48794:49293 [4] NCCL INFO Channel 02/0 : 4[4] -> 7[7] via P2P/CUMEM/read
[2026-05-09 08:44:46] dlc1nta2oa0ac22v-master-0:48767:49291 [2] NCCL INFO Channel 02/0 : 2[2] -> 5[5] via P2P/CUMEM/read
[2026-05-09 08:44:46] dlc1nta2oa0ac22v-master-0:48751:49292 [0] NCCL INFO Channel 03/0 : 0[0] -> 1[1] via P2P/CUMEM/read
[2026-05-09 08:44:46] dlc1nta2oa0ac22v-master-0:48821:49295 [6] NCCL INFO Channel 03/0 : 6[6] -> 0[0] via P2P/CUMEM/read
[2026-05-09 08:44:46] dlc1nta2oa0ac22v-master-0:48794:49293 [4] NCCL INFO Channel 03/0 : 4[4] -> 7[7] via P2P/CUMEM/read
[2026-05-09 08:44:46] dlc1nta2oa0ac22v-master-0:48767:49291 [2] NCCL INFO Channel 03/0 : 2[2] -> 5[5] via P2P/CUMEM/read
[2026-05-09 08:44:46] dlc1nta2oa0ac22v-master-0:48751:49292 [0] NCCL INFO Channel 04/0 : 0[0] -> 1[1] via P2P/CUMEM/read
[2026-05-09 08:44:46] dlc1nta2oa0ac22v-master-0:48821:49295 [6] NCCL INFO Channel 04/0 : 6[6] -> 0[0] via P2P/CUMEM/read
[2026-05-09 08:44:46] dlc1nta2oa0ac22v-master-0:48794:49293 [4] NCCL INFO Channel 04/0 : 4[4] -> 7[7] via P2P/CUMEM/read
[2026-05-09 08:44:46] dlc1nta2oa0ac22v-master-0:48767:49291 [2] NCCL INFO Channel 04/0 : 2[2] -> 5[5] via P2P/CUMEM/read
[2026-05-09 08:44:46] dlc1nta2oa0ac22v-master-0:48751:49292 [0] NCCL INFO Channel 05/0 : 0[0] -> 1[1] via P2P/CUMEM/read
[2026-05-09 08:44:46] dlc1nta2oa0ac22v-master-0:48821:49295 [6] NCCL INFO Channel 05/0 : 6[6] -> 0[0] via P2P/CUMEM/read
[2026-05-09 08:44:46] dlc1nta2oa0ac22v-master-0:48794:49293 [4] NCCL INFO Channel 05/0 : 4[4] -> 7[7] via P2P/CUMEM/read
[2026-05-09 08:44:46] dlc1nta2oa0ac22v-master-0:48767:49291 [2] NCCL INFO Channel 05/0 : 2[2] -> 5[5] via P2P/CUMEM/read
[2026-05-09 08:44:46] dlc1nta2oa0ac22v-master-0:48751:49292 [0] NCCL INFO Channel 06/0 : 0[0] -> 1[1] via P2P/CUMEM/read
[2026-05-09 08:44:46] dlc1nta2oa0ac22v-master-0:48821:49295 [6] NCCL INFO Channel 06/0 : 6[6] -> 0[0] via P2P/CUMEM/read
[2026-05-09 08:44:46] dlc1nta2oa0ac22v-master-0:48794:49293 [4] NCCL INFO Channel 06/0 : 4[4] -> 7[7] via P2P/CUMEM/read
[2026-05-09 08:44:46] dlc1nta2oa0ac22v-master-0:48767:49291 [2] NCCL INFO Channel 06/0 : 2[2] -> 5[5] via P2P/CUMEM/read
[2026-05-09 08:44:46] dlc1nta2oa0ac22v-master-0:48751:49292 [0] NCCL INFO Channel 07/0 : 0[0] -> 1[1] via P2P/CUMEM/read
[2026-05-09 08:44:46] dlc1nta2oa0ac22v-master-0:48821:49295 [6] NCCL INFO Channel 07/0 : 6[6] -> 0[0] via P2P/CUMEM/read
[2026-05-09 08:44:46] dlc1nta2oa0ac22v-master-0:48794:49293 [4] NCCL INFO Channel 07/0 : 4[4] -> 7[7] via P2P/CUMEM/read
[2026-05-09 08:44:46] dlc1nta2oa0ac22v-master-0:48767:49291 [2] NCCL INFO Channel 07/0 : 2[2] -> 5[5] via P2P/CUMEM/read
[2026-05-09 08:44:46] dlc1nta2oa0ac22v-master-0:48751:49292 [0] NCCL INFO Channel 08/0 : 0[0] -> 1[1] via P2P/CUMEM/read
[2026-05-09 08:44:46] dlc1nta2oa0ac22v-master-0:48821:49295 [6] NCCL INFO Channel 08/0 : 6[6] -> 0[0] via P2P/CUMEM/read
[2026-05-09 08:44:46] dlc1nta2oa0ac22v-master-0:48794:49293 [4] NCCL INFO Channel 08/0 : 4[4] -> 7[7] via P2P/CUMEM/read
[2026-05-09 08:44:46] dlc1nta2oa0ac22v-master-0:48767:49291 [2] NCCL INFO Channel 08/0 : 2[2] -> 5[5] via P2P/CUMEM/read
[2026-05-09 08:44:46] dlc1nta2oa0ac22v-master-0:48751:49292 [0] NCCL INFO Channel 09/0 : 0[0] -> 1[1] via P2P/CUMEM/read
[2026-05-09 08:44:46] dlc1nta2oa0ac22v-master-0:48821:49295 [6] NCCL INFO Channel 09/0 : 6[6] -> 0[0] via P2P/CUMEM/read
[2026-05-09 08:44:46] dlc1nta2oa0ac22v-master-0:48794:49293 [4] NCCL INFO Channel 09/0 : 4[4] -> 7[7] via P2P/CUMEM/read
[2026-05-09 08:44:46] dlc1nta2oa0ac22v-master-0:48767:49291 [2] NCCL INFO Channel 09/0 : 2[2] -> 5[5] via P2P/CUMEM/read
[2026-05-09 08:44:46] dlc1nta2oa0ac22v-master-0:48751:49292 [0] NCCL INFO Channel 10/0 : 0[0] -> 1[1] via P2P/CUMEM/read
[2026-05-09 08:44:46] dlc1nta2oa0ac22v-master-0:48821:49295 [6] NCCL INFO Channel 10/0 : 6[6] -> 0[0] via P2P/CUMEM/read
[2026-05-09 08:44:46] dlc1nta2oa0ac22v-master-0:48794:49293 [4] NCCL INFO Channel 10/0 : 4[4] -> 7[7] via P2P/CUMEM/read
[2026-05-09 08:44:46] dlc1nta2oa0ac22v-master-0:48767:49291 [2] NCCL INFO Channel 10/0 : 2[2] -> 5[5] via P2P/CUMEM/read
[2026-05-09 08:44:46] dlc1nta2oa0ac22v-master-0:48751:49292 [0] NCCL INFO Channel 11/0 : 0[0] -> 1[1] via P2P/CUMEM/read
[2026-05-09 08:44:46] dlc1nta2oa0ac22v-master-0:48821:49295 [6] NCCL INFO Channel 11/0 : 6[6] -> 0[0] via P2P/CUMEM/read
[2026-05-09 08:44:46] dlc1nta2oa0ac22v-master-0:48794:49293 [4] NCCL INFO Channel 11/0 : 4[4] -> 7[7] via P2P/CUMEM/read
[2026-05-09 08:44:46] dlc1nta2oa0ac22v-master-0:48767:49291 [2] NCCL INFO Channel 11/0 : 2[2] -> 5[5] via P2P/CUMEM/read
[2026-05-09 08:44:46] dlc1nta2oa0ac22v-master-0:48767:49291 [2] NCCL INFO Channel 12/0 : 2[2] -> 5[5] via P2P/CUMEM/read
[2026-05-09 08:44:46] dlc1nta2oa0ac22v-master-0:48767:49291 [2] NCCL INFO Channel 13/0 : 2[2] -> 5[5] via P2P/CUMEM/read
[2026-05-09 08:44:46] dlc1nta2oa0ac22v-master-0:48767:49291 [2] NCCL INFO Channel 14/0 : 2[2] -> 5[5] via P2P/CUMEM/read
[2026-05-09 08:44:46] dlc1nta2oa0ac22v-master-0:48751:49292 [0] NCCL INFO Channel 12/0 : 0[0] -> 1[1] via P2P/CUMEM/read
[2026-05-09 08:44:46] dlc1nta2oa0ac22v-master-0:48767:49291 [2] NCCL INFO Channel 15/0 : 2[2] -> 5[5] via P2P/CUMEM/read
[2026-05-09 08:44:46] dlc1nta2oa0ac22v-master-0:48751:49292 [0] NCCL INFO Channel 13/0 : 0[0] -> 1[1] via P2P/CUMEM/read
[2026-05-09 08:44:46] dlc1nta2oa0ac22v-master-0:48767:49291 [2] NCCL INFO Channel 16/0 : 2[2] -> 5[5] via P2P/CUMEM/read
[2026-05-09 08:44:46] dlc1nta2oa0ac22v-master-0:48751:49292 [0] NCCL INFO Channel 14/0 : 0[0] -> 1[1] via P2P/CUMEM/read
[2026-05-09 08:44:46] dlc1nta2oa0ac22v-master-0:48767:49291 [2] NCCL INFO Channel 17/0 : 2[2] -> 5[5] via P2P/CUMEM/read
[2026-05-09 08:44:46] dlc1nta2oa0ac22v-master-0:48751:49292 [0] NCCL INFO Channel 15/0 : 0[0] -> 1[1] via P2P/CUMEM/read
[2026-05-09 08:44:46] dlc1nta2oa0ac22v-master-0:48767:49291 [2] NCCL INFO Channel 18/0 : 2[2] -> 5[5] via P2P/CUMEM/read
[2026-05-09 08:44:46] dlc1nta2oa0ac22v-master-0:48751:49292 [0] NCCL INFO Channel 16/0 : 0[0] -> 1[1] via P2P/CUMEM/read
[2026-05-09 08:44:46] dlc1nta2oa0ac22v-master-0:48767:49291 [2] NCCL INFO Channel 19/0 : 2[2] -> 5[5] via P2P/CUMEM/read
[2026-05-09 08:44:46] dlc1nta2oa0ac22v-master-0:48751:49292 [0] NCCL INFO Channel 17/0 : 0[0] -> 1[1] via P2P/CUMEM/read
[2026-05-09 08:44:46] dlc1nta2oa0ac22v-master-0:48767:49291 [2] NCCL INFO Channel 20/0 : 2[2] -> 5[5] via P2P/CUMEM/read
[2026-05-09 08:44:46] dlc1nta2oa0ac22v-master-0:48751:49292 [0] NCCL INFO Channel 18/0 : 0[0] -> 1[1] via P2P/CUMEM/read
[2026-05-09 08:44:46] dlc1nta2oa0ac22v-master-0:48767:49291 [2] NCCL INFO Channel 21/0 : 2[2] -> 5[5] via P2P/CUMEM/read
[2026-05-09 08:44:46] dlc1nta2oa0ac22v-master-0:48751:49292 [0] NCCL INFO Channel 19/0 : 0[0] -> 1[1] via P2P/CUMEM/read
[2026-05-09 08:44:46] dlc1nta2oa0ac22v-master-0:48767:49291 [2] NCCL INFO Channel 22/0 : 2[2] -> 5[5] via P2P/CUMEM/read
[2026-05-09 08:44:46] dlc1nta2oa0ac22v-master-0:48821:49295 [6] NCCL INFO Channel 12/0 : 6[6] -> 0[0] via P2P/CUMEM/read
[2026-05-09 08:44:46] dlc1nta2oa0ac22v-master-0:48751:49292 [0] NCCL INFO Channel 20/0 : 0[0] -> 1[1] via P2P/CUMEM/read
[2026-05-09 08:44:46] dlc1nta2oa0ac22v-master-0:48794:49293 [4] NCCL INFO Channel 12/0 : 4[4] -> 7[7] via P2P/CUMEM/read
[2026-05-09 08:44:46] dlc1nta2oa0ac22v-master-0:48767:49291 [2] NCCL INFO Channel 23/0 : 2[2] -> 5[5] via P2P/CUMEM/read
[2026-05-09 08:44:46] dlc1nta2oa0ac22v-master-0:48821:49295 [6] NCCL INFO Channel 13/0 : 6[6] -> 0[0] via P2P/CUMEM/read
[2026-05-09 08:44:46] dlc1nta2oa0ac22v-master-0:48751:49292 [0] NCCL INFO Channel 21/0 : 0[0] -> 1[1] via P2P/CUMEM/read
[2026-05-09 08:44:46] dlc1nta2oa0ac22v-master-0:48794:49293 [4] NCCL INFO Channel 13/0 : 4[4] -> 7[7] via P2P/CUMEM/read
[2026-05-09 08:44:46] dlc1nta2oa0ac22v-master-0:48821:49295 [6] NCCL INFO Channel 14/0 : 6[6] -> 0[0] via P2P/CUMEM/read
[2026-05-09 08:44:46] dlc1nta2oa0ac22v-master-0:48751:49292 [0] NCCL INFO Channel 22/0 : 0[0] -> 1[1] via P2P/CUMEM/read
[2026-05-09 08:44:46] dlc1nta2oa0ac22v-master-0:48794:49293 [4] NCCL INFO Channel 14/0 : 4[4] -> 7[7] via P2P/CUMEM/read
[2026-05-09 08:44:46] dlc1nta2oa0ac22v-master-0:48821:49295 [6] NCCL INFO Channel 15/0 : 6[6] -> 0[0] via P2P/CUMEM/read
[2026-05-09 08:44:46] dlc1nta2oa0ac22v-master-0:48751:49292 [0] NCCL INFO Channel 23/0 : 0[0] -> 1[1] via P2P/CUMEM/read
[2026-05-09 08:44:46] dlc1nta2oa0ac22v-master-0:48794:49293 [4] NCCL INFO Channel 15/0 : 4[4] -> 7[7] via P2P/CUMEM/read
[2026-05-09 08:44:46] dlc1nta2oa0ac22v-master-0:48821:49295 [6] NCCL INFO Channel 16/0 : 6[6] -> 0[0] via P2P/CUMEM/read
[2026-05-09 08:44:46] dlc1nta2oa0ac22v-master-0:48794:49293 [4] NCCL INFO Channel 16/0 : 4[4] -> 7[7] via P2P/CUMEM/read
[2026-05-09 08:44:46] dlc1nta2oa0ac22v-master-0:48758:49294 [1] NCCL INFO Channel 00/0 : 1[1] -> 3[3] via P2P/CUMEM/read
[2026-05-09 08:44:46] dlc1nta2oa0ac22v-master-0:48821:49295 [6] NCCL INFO Channel 17/0 : 6[6] -> 0[0] via P2P/CUMEM/read
[2026-05-09 08:44:46] dlc1nta2oa0ac22v-master-0:48794:49293 [4] NCCL INFO Channel 17/0 : 4[4] -> 7[7] via P2P/CUMEM/read
[2026-05-09 08:44:46] dlc1nta2oa0ac22v-master-0:48758:49294 [1] NCCL INFO Channel 01/0 : 1[1] -> 3[3] via P2P/CUMEM/read
[2026-05-09 08:44:46] dlc1nta2oa0ac22v-master-0:48821:49295 [6] NCCL INFO Channel 18/0 : 6[6] -> 0[0] via P2P/CUMEM/read
[2026-05-09 08:44:46] dlc1nta2oa0ac22v-master-0:48758:49294 [1] NCCL INFO Channel 02/0 : 1[1] -> 3[3] via P2P/CUMEM/read
[2026-05-09 08:44:46] dlc1nta2oa0ac22v-master-0:48794:49293 [4] NCCL INFO Channel 18/0 : 4[4] -> 7[7] via P2P/CUMEM/read
[2026-05-09 08:44:46] dlc1nta2oa0ac22v-master-0:48821:49295 [6] NCCL INFO Channel 19/0 : 6[6] -> 0[0] via P2P/CUMEM/read
[2026-05-09 08:44:46] dlc1nta2oa0ac22v-master-0:48758:49294 [1] NCCL INFO Channel 03/0 : 1[1] -> 3[3] via P2P/CUMEM/read
[2026-05-09 08:44:46] dlc1nta2oa0ac22v-master-0:48794:49293 [4] NCCL INFO Channel 19/0 : 4[4] -> 7[7] via P2P/CUMEM/read
[2026-05-09 08:44:46] dlc1nta2oa0ac22v-master-0:48821:49295 [6] NCCL INFO Channel 20/0 : 6[6] -> 0[0] via P2P/CUMEM/read
[2026-05-09 08:44:46] dlc1nta2oa0ac22v-master-0:48758:49294 [1] NCCL INFO Channel 04/0 : 1[1] -> 3[3] via P2P/CUMEM/read
[2026-05-09 08:44:46] dlc1nta2oa0ac22v-master-0:48794:49293 [4] NCCL INFO Channel 20/0 : 4[4] -> 7[7] via P2P/CUMEM/read
[2026-05-09 08:44:46] dlc1nta2oa0ac22v-master-0:48821:49295 [6] NCCL INFO Channel 21/0 : 6[6] -> 0[0] via P2P/CUMEM/read
[2026-05-09 08:44:46] dlc1nta2oa0ac22v-master-0:48794:49293 [4] NCCL INFO Channel 21/0 : 4[4] -> 7[7] via P2P/CUMEM/read
[2026-05-09 08:44:46] dlc1nta2oa0ac22v-master-0:48758:49294 [1] NCCL INFO Channel 05/0 : 1[1] -> 3[3] via P2P/CUMEM/read
[2026-05-09 08:44:46] dlc1nta2oa0ac22v-master-0:48821:49295 [6] NCCL INFO Channel 22/0 : 6[6] -> 0[0] via P2P/CUMEM/read
[2026-05-09 08:44:46] dlc1nta2oa0ac22v-master-0:48794:49293 [4] NCCL INFO Channel 22/0 : 4[4] -> 7[7] via P2P/CUMEM/read
[2026-05-09 08:44:46] dlc1nta2oa0ac22v-master-0:48758:49294 [1] NCCL INFO Channel 06/0 : 1[1] -> 3[3] via P2P/CUMEM/read
[2026-05-09 08:44:46] dlc1nta2oa0ac22v-master-0:48821:49295 [6] NCCL INFO Channel 23/0 : 6[6] -> 0[0] via P2P/CUMEM/read
[2026-05-09 08:44:46] dlc1nta2oa0ac22v-master-0:48794:49293 [4] NCCL INFO Channel 23/0 : 4[4] -> 7[7] via P2P/CUMEM/read
[2026-05-09 08:44:46] dlc1nta2oa0ac22v-master-0:48758:49294 [1] NCCL INFO Channel 07/0 : 1[1] -> 3[3] via P2P/CUMEM/read
[2026-05-09 08:44:46] dlc1nta2oa0ac22v-master-0:48758:49294 [1] NCCL INFO Channel 08/0 : 1[1] -> 3[3] via P2P/CUMEM/read
[2026-05-09 08:44:46] dlc1nta2oa0ac22v-master-0:48807:49297 [5] NCCL INFO Channel 00/0 : 5[5] -> 4[4] via P2P/CUMEM/read
[2026-05-09 08:44:46] dlc1nta2oa0ac22v-master-0:48834:49290 [7] NCCL INFO Channel 00/0 : 7[7] -> 6[6] via P2P/CUMEM/read
[2026-05-09 08:44:46] dlc1nta2oa0ac22v-master-0:48758:49294 [1] NCCL INFO Channel 09/0 : 1[1] -> 3[3] via P2P/CUMEM/read
[2026-05-09 08:44:46] dlc1nta2oa0ac22v-master-0:48834:49290 [7] NCCL INFO Channel 01/0 : 7[7] -> 6[6] via P2P/CUMEM/read
[2026-05-09 08:44:46] dlc1nta2oa0ac22v-master-0:48807:49297 [5] NCCL INFO Channel 01/0 : 5[5] -> 4[4] via P2P/CUMEM/read
[2026-05-09 08:44:46] dlc1nta2oa0ac22v-master-0:48758:49294 [1] NCCL INFO Channel 10/0 : 1[1] -> 3[3] via P2P/CUMEM/read
[2026-05-09 08:44:46] dlc1nta2oa0ac22v-master-0:48834:49290 [7] NCCL INFO Channel 02/0 : 7[7] -> 6[6] via P2P/CUMEM/read
[2026-05-09 08:44:46] dlc1nta2oa0ac22v-master-0:48807:49297 [5] NCCL INFO Channel 02/0 : 5[5] -> 4[4] via P2P/CUMEM/read
[2026-05-09 08:44:46] dlc1nta2oa0ac22v-master-0:48758:49294 [1] NCCL INFO Channel 11/0 : 1[1] -> 3[3] via P2P/CUMEM/read
[2026-05-09 08:44:46] dlc1nta2oa0ac22v-master-0:48834:49290 [7] NCCL INFO Channel 03/0 : 7[7] -> 6[6] via P2P/CUMEM/read
[2026-05-09 08:44:46] dlc1nta2oa0ac22v-master-0:48807:49297 [5] NCCL INFO Channel 03/0 : 5[5] -> 4[4] via P2P/CUMEM/read
[2026-05-09 08:44:46] dlc1nta2oa0ac22v-master-0:48758:49294 [1] NCCL INFO Channel 12/0 : 1[1] -> 3[3] via P2P/CUMEM/read
[2026-05-09 08:44:46] dlc1nta2oa0ac22v-master-0:48834:49290 [7] NCCL INFO Channel 04/0 : 7[7] -> 6[6] via P2P/CUMEM/read
[2026-05-09 08:44:46] dlc1nta2oa0ac22v-master-0:48807:49297 [5] NCCL INFO Channel 04/0 : 5[5] -> 4[4] via P2P/CUMEM/read
[2026-05-09 08:44:46] dlc1nta2oa0ac22v-master-0:48758:49294 [1] NCCL INFO Channel 13/0 : 1[1] -> 3[3] via P2P/CUMEM/read
[2026-05-09 08:44:46] dlc1nta2oa0ac22v-master-0:48834:49290 [7] NCCL INFO Channel 05/0 : 7[7] -> 6[6] via P2P/CUMEM/read
[2026-05-09 08:44:46] dlc1nta2oa0ac22v-master-0:48758:49294 [1] NCCL INFO Channel 14/0 : 1[1] -> 3[3] via P2P/CUMEM/read
[2026-05-09 08:44:46] dlc1nta2oa0ac22v-master-0:48807:49297 [5] NCCL INFO Channel 05/0 : 5[5] -> 4[4] via P2P/CUMEM/read
[2026-05-09 08:44:46] dlc1nta2oa0ac22v-master-0:48758:49294 [1] NCCL INFO Channel 15/0 : 1[1] -> 3[3] via P2P/CUMEM/read
[2026-05-09 08:44:46] dlc1nta2oa0ac22v-master-0:48834:49290 [7] NCCL INFO Channel 06/0 : 7[7] -> 6[6] via P2P/CUMEM/read
[2026-05-09 08:44:46] dlc1nta2oa0ac22v-master-0:48807:49297 [5] NCCL INFO Channel 06/0 : 5[5] -> 4[4] via P2P/CUMEM/read
[2026-05-09 08:44:46] dlc1nta2oa0ac22v-master-0:48758:49294 [1] NCCL INFO Channel 16/0 : 1[1] -> 3[3] via P2P/CUMEM/read
[2026-05-09 08:44:46] dlc1nta2oa0ac22v-master-0:48834:49290 [7] NCCL INFO Channel 07/0 : 7[7] -> 6[6] via P2P/CUMEM/read
[2026-05-09 08:44:46] dlc1nta2oa0ac22v-master-0:48807:49297 [5] NCCL INFO Channel 07/0 : 5[5] -> 4[4] via P2P/CUMEM/read
[2026-05-09 08:44:46] dlc1nta2oa0ac22v-master-0:48758:49294 [1] NCCL INFO Channel 17/0 : 1[1] -> 3[3] via P2P/CUMEM/read
[2026-05-09 08:44:46] dlc1nta2oa0ac22v-master-0:48834:49290 [7] NCCL INFO Channel 08/0 : 7[7] -> 6[6] via P2P/CUMEM/read
[2026-05-09 08:44:46] dlc1nta2oa0ac22v-master-0:48807:49297 [5] NCCL INFO Channel 08/0 : 5[5] -> 4[4] via P2P/CUMEM/read
[2026-05-09 08:44:46] dlc1nta2oa0ac22v-master-0:48758:49294 [1] NCCL INFO Channel 18/0 : 1[1] -> 3[3] via P2P/CUMEM/read
[2026-05-09 08:44:46] dlc1nta2oa0ac22v-master-0:48834:49290 [7] NCCL INFO Channel 09/0 : 7[7] -> 6[6] via P2P/CUMEM/read
[2026-05-09 08:44:46] dlc1nta2oa0ac22v-master-0:48807:49297 [5] NCCL INFO Channel 09/0 : 5[5] -> 4[4] via P2P/CUMEM/read
[2026-05-09 08:44:46] dlc1nta2oa0ac22v-master-0:48758:49294 [1] NCCL INFO Channel 19/0 : 1[1] -> 3[3] via P2P/CUMEM/read
[2026-05-09 08:44:46] dlc1nta2oa0ac22v-master-0:48834:49290 [7] NCCL INFO Channel 10/0 : 7[7] -> 6[6] via P2P/CUMEM/read
[2026-05-09 08:44:46] dlc1nta2oa0ac22v-master-0:48807:49297 [5] NCCL INFO Channel 10/0 : 5[5] -> 4[4] via P2P/CUMEM/read
[2026-05-09 08:44:46] dlc1nta2oa0ac22v-master-0:48758:49294 [1] NCCL INFO Channel 20/0 : 1[1] -> 3[3] via P2P/CUMEM/read
[2026-05-09 08:44:46] dlc1nta2oa0ac22v-master-0:48834:49290 [7] NCCL INFO Channel 11/0 : 7[7] -> 6[6] via P2P/CUMEM/read
[2026-05-09 08:44:46] dlc1nta2oa0ac22v-master-0:48807:49297 [5] NCCL INFO Channel 11/0 : 5[5] -> 4[4] via P2P/CUMEM/read
[2026-05-09 08:44:46] dlc1nta2oa0ac22v-master-0:48758:49294 [1] NCCL INFO Channel 21/0 : 1[1] -> 3[3] via P2P/CUMEM/read
[2026-05-09 08:44:46] dlc1nta2oa0ac22v-master-0:48834:49290 [7] NCCL INFO Channel 12/0 : 7[7] -> 6[6] via P2P/CUMEM/read
[2026-05-09 08:44:46] dlc1nta2oa0ac22v-master-0:48807:49297 [5] NCCL INFO Channel 12/0 : 5[5] -> 4[4] via P2P/CUMEM/read
[2026-05-09 08:44:46] dlc1nta2oa0ac22v-master-0:48758:49294 [1] NCCL INFO Channel 22/0 : 1[1] -> 3[3] via P2P/CUMEM/read
[2026-05-09 08:44:46] dlc1nta2oa0ac22v-master-0:48834:49290 [7] NCCL INFO Channel 13/0 : 7[7] -> 6[6] via P2P/CUMEM/read
[2026-05-09 08:44:46] dlc1nta2oa0ac22v-master-0:48807:49297 [5] NCCL INFO Channel 13/0 : 5[5] -> 4[4] via P2P/CUMEM/read
[2026-05-09 08:44:46] dlc1nta2oa0ac22v-master-0:48758:49294 [1] NCCL INFO Channel 23/0 : 1[1] -> 3[3] via P2P/CUMEM/read
[2026-05-09 08:44:46] dlc1nta2oa0ac22v-master-0:48834:49290 [7] NCCL INFO Channel 14/0 : 7[7] -> 6[6] via P2P/CUMEM/read
[2026-05-09 08:44:46] dlc1nta2oa0ac22v-master-0:48807:49297 [5] NCCL INFO Channel 14/0 : 5[5] -> 4[4] via P2P/CUMEM/read
[2026-05-09 08:44:46] dlc1nta2oa0ac22v-master-0:48780:49296 [3] NCCL INFO Channel 00/0 : 3[3] -> 2[2] via P2P/CUMEM/read
[2026-05-09 08:44:46] dlc1nta2oa0ac22v-master-0:48834:49290 [7] NCCL INFO Channel 15/0 : 7[7] -> 6[6] via P2P/CUMEM/read
[2026-05-09 08:44:46] dlc1nta2oa0ac22v-master-0:48807:49297 [5] NCCL INFO Channel 15/0 : 5[5] -> 4[4] via P2P/CUMEM/read
[2026-05-09 08:44:46] dlc1nta2oa0ac22v-master-0:48780:49296 [3] NCCL INFO Channel 01/0 : 3[3] -> 2[2] via P2P/CUMEM/read
[2026-05-09 08:44:46] dlc1nta2oa0ac22v-master-0:48834:49290 [7] NCCL INFO Channel 16/0 : 7[7] -> 6[6] via P2P/CUMEM/read
[2026-05-09 08:44:46] dlc1nta2oa0ac22v-master-0:48780:49296 [3] NCCL INFO Channel 02/0 : 3[3] -> 2[2] via P2P/CUMEM/read
[2026-05-09 08:44:46] dlc1nta2oa0ac22v-master-0:48834:49290 [7] NCCL INFO Channel 17/0 : 7[7] -> 6[6] via P2P/CUMEM/read
[2026-05-09 08:44:46] dlc1nta2oa0ac22v-master-0:48780:49296 [3] NCCL INFO Channel 03/0 : 3[3] -> 2[2] via P2P/CUMEM/read
[2026-05-09 08:44:46] dlc1nta2oa0ac22v-master-0:48834:49290 [7] NCCL INFO Channel 18/0 : 7[7] -> 6[6] via P2P/CUMEM/read
[2026-05-09 08:44:46] dlc1nta2oa0ac22v-master-0:48780:49296 [3] NCCL INFO Channel 04/0 : 3[3] -> 2[2] via P2P/CUMEM/read
[2026-05-09 08:44:46] dlc1nta2oa0ac22v-master-0:48780:49296 [3] NCCL INFO Channel 05/0 : 3[3] -> 2[2] via P2P/CUMEM/read
[2026-05-09 08:44:46] dlc1nta2oa0ac22v-master-0:48780:49296 [3] NCCL INFO Channel 06/0 : 3[3] -> 2[2] via P2P/CUMEM/read
[2026-05-09 08:44:46] dlc1nta2oa0ac22v-master-0:48780:49296 [3] NCCL INFO Channel 07/0 : 3[3] -> 2[2] via P2P/CUMEM/read
[2026-05-09 08:44:46] dlc1nta2oa0ac22v-master-0:48834:49290 [7] NCCL INFO Channel 19/0 : 7[7] -> 6[6] via P2P/CUMEM/read
[2026-05-09 08:44:46] dlc1nta2oa0ac22v-master-0:48780:49296 [3] NCCL INFO Channel 08/0 : 3[3] -> 2[2] via P2P/CUMEM/read
[2026-05-09 08:44:46] dlc1nta2oa0ac22v-master-0:48807:49297 [5] NCCL INFO Channel 16/0 : 5[5] -> 4[4] via P2P/CUMEM/read
[2026-05-09 08:44:46] dlc1nta2oa0ac22v-master-0:48834:49290 [7] NCCL INFO Channel 20/0 : 7[7] -> 6[6] via P2P/CUMEM/read
[2026-05-09 08:44:46] dlc1nta2oa0ac22v-master-0:48780:49296 [3] NCCL INFO Channel 09/0 : 3[3] -> 2[2] via P2P/CUMEM/read
[2026-05-09 08:44:46] dlc1nta2oa0ac22v-master-0:48807:49297 [5] NCCL INFO Channel 17/0 : 5[5] -> 4[4] via P2P/CUMEM/read
[2026-05-09 08:44:46] dlc1nta2oa0ac22v-master-0:48834:49290 [7] NCCL INFO Channel 21/0 : 7[7] -> 6[6] via P2P/CUMEM/read
[2026-05-09 08:44:46] dlc1nta2oa0ac22v-master-0:48780:49296 [3] NCCL INFO Channel 10/0 : 3[3] -> 2[2] via P2P/CUMEM/read
[2026-05-09 08:44:46] dlc1nta2oa0ac22v-master-0:48807:49297 [5] NCCL INFO Channel 18/0 : 5[5] -> 4[4] via P2P/CUMEM/read
[2026-05-09 08:44:46] dlc1nta2oa0ac22v-master-0:48807:49297 [5] NCCL INFO Channel 19/0 : 5[5] -> 4[4] via P2P/CUMEM/read
[2026-05-09 08:44:46] dlc1nta2oa0ac22v-master-0:48807:49297 [5] NCCL INFO Channel 20/0 : 5[5] -> 4[4] via P2P/CUMEM/read
[2026-05-09 08:44:46] dlc1nta2oa0ac22v-master-0:48834:49290 [7] NCCL INFO Channel 22/0 : 7[7] -> 6[6] via P2P/CUMEM/read
[2026-05-09 08:44:46] dlc1nta2oa0ac22v-master-0:48780:49296 [3] NCCL INFO Channel 11/0 : 3[3] -> 2[2] via P2P/CUMEM/read
[2026-05-09 08:44:46] dlc1nta2oa0ac22v-master-0:48807:49297 [5] NCCL INFO Channel 21/0 : 5[5] -> 4[4] via P2P/CUMEM/read
[2026-05-09 08:44:46] dlc1nta2oa0ac22v-master-0:48834:49290 [7] NCCL INFO Channel 23/0 : 7[7] -> 6[6] via P2P/CUMEM/read
[2026-05-09 08:44:46] dlc1nta2oa0ac22v-master-0:48807:49297 [5] NCCL INFO Channel 22/0 : 5[5] -> 4[4] via P2P/CUMEM/read
[2026-05-09 08:44:46] dlc1nta2oa0ac22v-master-0:48780:49296 [3] NCCL INFO Channel 12/0 : 3[3] -> 2[2] via P2P/CUMEM/read
[2026-05-09 08:44:46] dlc1nta2oa0ac22v-master-0:48807:49297 [5] NCCL INFO Channel 23/0 : 5[5] -> 4[4] via P2P/CUMEM/read
[2026-05-09 08:44:46] dlc1nta2oa0ac22v-master-0:48780:49296 [3] NCCL INFO Channel 13/0 : 3[3] -> 2[2] via P2P/CUMEM/read
[2026-05-09 08:44:46] dlc1nta2oa0ac22v-master-0:48780:49296 [3] NCCL INFO Channel 14/0 : 3[3] -> 2[2] via P2P/CUMEM/read
[2026-05-09 08:44:46] dlc1nta2oa0ac22v-master-0:48780:49296 [3] NCCL INFO Channel 15/0 : 3[3] -> 2[2] via P2P/CUMEM/read
[2026-05-09 08:44:46] dlc1nta2oa0ac22v-master-0:48780:49296 [3] NCCL INFO Channel 16/0 : 3[3] -> 2[2] via P2P/CUMEM/read
[2026-05-09 08:44:46] dlc1nta2oa0ac22v-master-0:48780:49296 [3] NCCL INFO Channel 17/0 : 3[3] -> 2[2] via P2P/CUMEM/read
[2026-05-09 08:44:46] dlc1nta2oa0ac22v-master-0:48780:49296 [3] NCCL INFO Channel 18/0 : 3[3] -> 2[2] via P2P/CUMEM/read
[2026-05-09 08:44:46] dlc1nta2oa0ac22v-master-0:48780:49296 [3] NCCL INFO Channel 19/0 : 3[3] -> 2[2] via P2P/CUMEM/read
[2026-05-09 08:44:46] dlc1nta2oa0ac22v-master-0:48780:49296 [3] NCCL INFO Channel 20/0 : 3[3] -> 2[2] via P2P/CUMEM/read
[2026-05-09 08:44:46] dlc1nta2oa0ac22v-master-0:48780:49296 [3] NCCL INFO Channel 21/0 : 3[3] -> 2[2] via P2P/CUMEM/read
[2026-05-09 08:44:46] dlc1nta2oa0ac22v-master-0:48780:49296 [3] NCCL INFO Channel 22/0 : 3[3] -> 2[2] via P2P/CUMEM/read
[2026-05-09 08:44:46] dlc1nta2oa0ac22v-master-0:48780:49296 [3] NCCL INFO Channel 23/0 : 3[3] -> 2[2] via P2P/CUMEM/read
[2026-05-09 08:44:46] dlc1nta2oa0ac22v-master-0:48767:49291 [2] NCCL INFO Connected all rings, use ring PXN 0 GDR 1
[2026-05-09 08:44:46] dlc1nta2oa0ac22v-master-0:48834:49290 [7] NCCL INFO Connected all rings, use ring PXN 0 GDR 1
[2026-05-09 08:44:46] dlc1nta2oa0ac22v-master-0:48751:49292 [0] NCCL INFO Connected all rings, use ring PXN 0 GDR 1
[2026-05-09 08:44:46] dlc1nta2oa0ac22v-master-0:48758:49294 [1] NCCL INFO Connected all rings, use ring PXN 0 GDR 1
[2026-05-09 08:44:46] dlc1nta2oa0ac22v-master-0:48821:49295 [6] NCCL INFO Connected all rings, use ring PXN 0 GDR 1
[2026-05-09 08:44:46] dlc1nta2oa0ac22v-master-0:48807:49297 [5] NCCL INFO Connected all rings, use ring PXN 0 GDR 1
[2026-05-09 08:44:46] dlc1nta2oa0ac22v-master-0:48794:49293 [4] NCCL INFO Connected all rings, use ring PXN 0 GDR 1
[2026-05-09 08:44:46] dlc1nta2oa0ac22v-master-0:48780:49296 [3] NCCL INFO Connected all rings, use ring PXN 0 GDR 1
[2026-05-09 08:44:47] (Worker_TP0 pid=48751) INFO 05-09 08:44:46 [kv_cache_utils.py:829] Overriding num_gpu_blocks=0 with num_gpu_blocks_override=512
[2026-05-09 08:44:47] (Worker_TP2 pid=48767) INFO 05-09 08:44:46 [kv_cache_utils.py:829] Overriding num_gpu_blocks=0 with num_gpu_blocks_override=512
[2026-05-09 08:44:47] (Worker_TP3 pid=48780) INFO 05-09 08:44:46 [kv_cache_utils.py:829] Overriding num_gpu_blocks=0 with num_gpu_blocks_override=512
[2026-05-09 08:44:47] (Worker_TP1 pid=48758) INFO 05-09 08:44:46 [kv_cache_utils.py:829] Overriding num_gpu_blocks=0 with num_gpu_blocks_override=512
[2026-05-09 08:44:47] (Worker_TP0 pid=48751) INFO 05-09 08:44:46 [gpu_model_runner.py:5876] Profiling CUDA graph memory: PIECEWISE=48 (largest=498), FULL=48 (largest=498)
[2026-05-09 08:44:47] (Worker_TP4 pid=48794) INFO 05-09 08:44:46 [kv_cache_utils.py:829] Overriding num_gpu_blocks=0 with num_gpu_blocks_override=512
[2026-05-09 08:44:47] (Worker_TP2 pid=48767) INFO 05-09 08:44:46 [gpu_model_runner.py:5876] Profiling CUDA graph memory: PIECEWISE=48 (largest=498), FULL=48 (largest=498)
[2026-05-09 08:44:47] (Worker_TP3 pid=48780) INFO 05-09 08:44:46 [gpu_model_runner.py:5876] Profiling CUDA graph memory: PIECEWISE=48 (largest=498), FULL=48 (largest=498)
[2026-05-09 08:44:47] (Worker_TP1 pid=48758) INFO 05-09 08:44:46 [gpu_model_runner.py:5876] Profiling CUDA graph memory: PIECEWISE=48 (largest=498), FULL=48 (largest=498)
[2026-05-09 08:44:47] (Worker_TP4 pid=48794) INFO 05-09 08:44:46 [gpu_model_runner.py:5876] Profiling CUDA graph memory: PIECEWISE=48 (largest=498), FULL=48 (largest=498)
[2026-05-09 08:44:47] (Worker_TP5 pid=48807) INFO 05-09 08:44:46 [kv_cache_utils.py:829] Overriding num_gpu_blocks=0 with num_gpu_blocks_override=512
[2026-05-09 08:44:47] (Worker_TP7 pid=48834) INFO 05-09 08:44:46 [kv_cache_utils.py:829] Overriding num_gpu_blocks=0 with num_gpu_blocks_override=512
[2026-05-09 08:44:47] (Worker_TP5 pid=48807) INFO 05-09 08:44:46 [gpu_model_runner.py:5876] Profiling CUDA graph memory: PIECEWISE=48 (largest=498), FULL=48 (largest=498)
[2026-05-09 08:44:47] (Worker_TP7 pid=48834) INFO 05-09 08:44:46 [gpu_model_runner.py:5876] Profiling CUDA graph memory: PIECEWISE=48 (largest=498), FULL=48 (largest=498)
[2026-05-09 08:44:47] (Worker_TP6 pid=48821) INFO 05-09 08:44:46 [kv_cache_utils.py:829] Overriding num_gpu_blocks=0 with num_gpu_blocks_override=512
[2026-05-09 08:44:47] (Worker_TP6 pid=48821) INFO 05-09 08:44:46 [gpu_model_runner.py:5876] Profiling CUDA graph memory: PIECEWISE=48 (largest=498), FULL=48 (largest=498)
[2026-05-09 08:44:48] (Worker_TP0 pid=48751) INFO 05-09 08:44:48 [gpu_model_runner.py:5955] Estimated CUDA graph memory: 1.53 GiB total
[2026-05-09 08:44:48] (Worker_TP4 pid=48794) INFO 05-09 08:44:48 [gpu_model_runner.py:5955] Estimated CUDA graph memory: 1.53 GiB total
[2026-05-09 08:44:48] (Worker_TP1 pid=48758) INFO 05-09 08:44:48 [gpu_model_runner.py:5955] Estimated CUDA graph memory: 1.53 GiB total
[2026-05-09 08:44:48] (Worker_TP3 pid=48780) INFO 05-09 08:44:48 [gpu_model_runner.py:5955] Estimated CUDA graph memory: 1.53 GiB total
[2026-05-09 08:44:48] (Worker_TP7 pid=48834) INFO 05-09 08:44:48 [gpu_model_runner.py:5955] Estimated CUDA graph memory: 1.53 GiB total
[2026-05-09 08:44:48] (Worker_TP2 pid=48767) INFO 05-09 08:44:48 [gpu_model_runner.py:5955] Estimated CUDA graph memory: 1.53 GiB total
[2026-05-09 08:44:48] (Worker_TP5 pid=48807) INFO 05-09 08:44:48 [gpu_model_runner.py:5955] Estimated CUDA graph memory: 1.53 GiB total
[2026-05-09 08:44:49] (Worker_TP0 pid=48751) INFO 05-09 08:44:48 [gpu_worker.py:436] Available KV cache memory: 68.54 GiB
[2026-05-09 08:44:49] (Worker_TP0 pid=48751) INFO 05-09 08:44:48 [gpu_worker.py:470] In v0.19, CUDA graph memory profiling will be enabled by default (VLLM_MEMORY_PROFILER_ESTIMATE_CUDAGRAPHS=1), which more accurately accounts for CUDA graph memory during KV cache allocation. To try it now, set VLLM_MEMORY_PROFILER_ESTIMATE_CUDAGRAPHS=1 and increase --gpu-memory-utilization from 0.9000 to 0.9193 to maintain the same effective KV cache size.
[2026-05-09 08:44:49] (Worker_TP6 pid=48821) INFO 05-09 08:44:48 [gpu_model_runner.py:5955] Estimated CUDA graph memory: 1.53 GiB total
[2026-05-09 08:44:49] (Worker_TP4 pid=48794) INFO 05-09 08:44:48 [gpu_worker.py:470] In v0.19, CUDA graph memory profiling will be enabled by default (VLLM_MEMORY_PROFILER_ESTIMATE_CUDAGRAPHS=1), which more accurately accounts for CUDA graph memory during KV cache allocation. To try it now, set VLLM_MEMORY_PROFILER_ESTIMATE_CUDAGRAPHS=1 and increase --gpu-memory-utilization from 0.9000 to 0.9193 to maintain the same effective KV cache size.
[2026-05-09 08:44:49] (Worker_TP1 pid=48758) INFO 05-09 08:44:48 [gpu_worker.py:470] In v0.19, CUDA graph memory profiling will be enabled by default (VLLM_MEMORY_PROFILER_ESTIMATE_CUDAGRAPHS=1), which more accurately accounts for CUDA graph memory during KV cache allocation. To try it now, set VLLM_MEMORY_PROFILER_ESTIMATE_CUDAGRAPHS=1 and increase --gpu-memory-utilization from 0.9000 to 0.9193 to maintain the same effective KV cache size.
[2026-05-09 08:44:49] (Worker_TP3 pid=48780) INFO 05-09 08:44:48 [gpu_worker.py:470] In v0.19, CUDA graph memory profiling will be enabled by default (VLLM_MEMORY_PROFILER_ESTIMATE_CUDAGRAPHS=1), which more accurately accounts for CUDA graph memory during KV cache allocation. To try it now, set VLLM_MEMORY_PROFILER_ESTIMATE_CUDAGRAPHS=1 and increase --gpu-memory-utilization from 0.9000 to 0.9193 to maintain the same effective KV cache size.
[2026-05-09 08:44:49] (Worker_TP2 pid=48767) INFO 05-09 08:44:48 [gpu_worker.py:470] In v0.19, CUDA graph memory profiling will be enabled by default (VLLM_MEMORY_PROFILER_ESTIMATE_CUDAGRAPHS=1), which more accurately accounts for CUDA graph memory during KV cache allocation. To try it now, set VLLM_MEMORY_PROFILER_ESTIMATE_CUDAGRAPHS=1 and increase --gpu-memory-utilization from 0.9000 to 0.9193 to maintain the same effective KV cache size.
[2026-05-09 08:44:49] (Worker_TP5 pid=48807) INFO 05-09 08:44:48 [gpu_worker.py:470] In v0.19, CUDA graph memory profiling will be enabled by default (VLLM_MEMORY_PROFILER_ESTIMATE_CUDAGRAPHS=1), which more accurately accounts for CUDA graph memory during KV cache allocation. To try it now, set VLLM_MEMORY_PROFILER_ESTIMATE_CUDAGRAPHS=1 and increase --gpu-memory-utilization from 0.9000 to 0.9193 to maintain the same effective KV cache size.
[2026-05-09 08:44:49] (Worker_TP7 pid=48834) INFO 05-09 08:44:48 [gpu_worker.py:470] In v0.19, CUDA graph memory profiling will be enabled by default (VLLM_MEMORY_PROFILER_ESTIMATE_CUDAGRAPHS=1), which more accurately accounts for CUDA graph memory during KV cache allocation. To try it now, set VLLM_MEMORY_PROFILER_ESTIMATE_CUDAGRAPHS=1 and increase --gpu-memory-utilization from 0.9000 to 0.9193 to maintain the same effective KV cache size.
[2026-05-09 08:44:49] (Worker_TP6 pid=48821) INFO 05-09 08:44:49 [gpu_worker.py:470] In v0.19, CUDA graph memory profiling will be enabled by default (VLLM_MEMORY_PROFILER_ESTIMATE_CUDAGRAPHS=1), which more accurately accounts for CUDA graph memory during KV cache allocation. To try it now, set VLLM_MEMORY_PROFILER_ESTIMATE_CUDAGRAPHS=1 and increase --gpu-memory-utilization from 0.9000 to 0.9193 to maintain the same effective KV cache size.
[2026-05-09 08:44:49] (EngineCore pid=48581) INFO 05-09 08:44:49 [kv_cache_utils.py:1319] GPU KV cache size: 2,245,680 tokens
[2026-05-09 08:44:49] (EngineCore pid=48581) INFO 05-09 08:44:49 [kv_cache_utils.py:1324] Maximum concurrency for 262,144 tokens per request: 33.92x
[2026-05-09 08:44:49] [2026-05-09 08:44:49,677 AIMaster] (job_event_collector.py 135) WARNING: Failed to watch pods, exception: ("Connection broken: ConnectionResetError(104, 'Connection reset by peer')", ConnectionResetError(104, 'Connection reset by peer'))
[+] [2026-05-09 08:44:59] (Worker_TP0 pid=48751) 
Capturing CUDA graphs (mixed prefill-decode, PIECEWISE):   0%|          | 0/48 [00:00<?, ?it/s]
Capturing CUDA graphs (mixed prefill-decode, PIECEWISE):   2%|▏         | 1/48 [00:00<00:05,  8.48it/s]
Capturing CUDA graphs (mixed prefill-decode, PIECEWISE):   6%|▋         | 3/48 [00:00<00:03, 14.07it/s]
Capturing CUDA graphs (mixed prefill-decode, PIECEWISE):  10%|█         | 5/48 [00:00<00:03, 10.92it/s]
Capturing CUDA graphs (mixed prefill-decode, PIECEWISE):  15%|█▍        | 7/48 [00:00<00:04,  9.96it/s]
Capturing CUDA graphs (mixed prefill-decode, PIECEWISE):  19%|█▉        | 9/48 [00:00<00:03,  9.95it/s]
Capturing CUDA graphs (mixed prefill-decode, PIECEWISE):  23%|██▎       | 11/48 [00:01<00:03,  9.30it/s]
Capturing CUDA graphs (mixed prefill-decode, PIECEWISE):  25%|██▌       | 12/48 [00:01<00:03,  9.20it/s]
Capturing CUDA graphs (mixed prefill-decode, PIECEWISE):  29%|██▉       | 14/48 [00:01<00:03,  9.28it/s]
Capturing CUDA graphs (mixed prefill-decode, PIECEWISE):  31%|███▏      | 15/48 [00:01<00:03,  8.93it/s]
Capturing CUDA graphs (mixed prefill-decode, PIECEWISE):  33%|███▎      | 16/48 [00:01<00:03,  8.99it/s]
Capturing CUDA graphs (mixed prefill-decode, PIECEWISE):  35%|███▌      | 17/48 [00:01<00:03,  8.89it/s]
Capturing CUDA graphs (mixed prefill-decode, PIECEWISE):  38%|███▊      | 18/48 [00:01<00:03,  9.14it/s]
Capturing CUDA graphs (mixed prefill-decode, PIECEWISE):  40%|███▉      | 19/48 [00:02<00:03,  8.90it/s]
Capturing CUDA graphs (mixed prefill-decode, PIECEWISE):  42%|████▏     | 20/48 [00:02<00:03,  8.65it/s]
Capturing CUDA graphs (mixed prefill-decode, PIECEWISE):  44%|████▍     | 21/48 [00:02<00:03,  8.81it/s]
Capturing CUDA graphs (mixed prefill-decode, PIECEWISE):  48%|████▊     | 23/48 [00:02<00:02,  8.98it/s]
Capturing CUDA graphs (mixed prefill-decode, PIECEWISE):  50%|█████     | 24/48 [00:02<00:02,  8.62it/s]
Capturing CUDA graphs (mixed prefill-decode, PIECEWISE):  52%|█████▏    | 25/48 [00:02<00:02,  8.12it/s]
Capturing CUDA graphs (mixed prefill-decode, PIECEWISE):  54%|█████▍    | 26/48 [00:02<00:02,  8.18it/s]
Capturing CUDA graphs (mixed prefill-decode, PIECEWISE):  58%|█████▊    | 28/48 [00:03<00:02,  8.15it/s]
Capturing CUDA graphs (mixed prefill-decode, PIECEWISE):  60%|██████    | 29/48 [00:03<00:02,  8.14it/s]
Capturing CUDA graphs (mixed prefill-decode, PIECEWISE):  62%|██████▎   | 30/48 [00:03<00:02,  8.22it/s]
Capturing CUDA graphs (mixed prefill-decode, PIECEWISE):  65%|██████▍   | 31/48 [00:03<00:02,  8.29it/s]
Capturing CUDA graphs (mixed prefill-decode, PIECEWISE):  67%|██████▋   | 32/48 [00:03<00:01,  8.43it/s]
Capturing CUDA graphs (mixed prefill-decode, PIECEWISE):  69%|██████▉   | 33/48 [00:03<00:01,  8.61it/s]
Capturing CUDA graphs (mixed prefill-decode, PIECEWISE):  71%|███████   | 34/48 [00:03<00:01,  8.69it/s]
Capturing CUDA graphs (mixed prefill-decode, PIECEWISE):  73%|███████▎  | 35/48 [00:03<00:01,  8.78it/s]
Capturing CUDA graphs (mixed prefill-decode, PIECEWISE):  75%|███████▌  | 36/48 [00:04<00:01,  8.15it/s]
Capturing CUDA graphs (mixed prefill-decode, PIECEWISE):  79%|███████▉  | 38/48 [00:04<00:01,  8.49it/s]
Capturing CUDA graphs (mixed prefill-decode, PIECEWISE):  81%|████████▏ | 39/48 [00:04<00:01,  8.71it/s]
Capturing CUDA graphs (mixed prefill-decode, PIECEWISE):  83%|████████▎ | 40/48 [00:04<00:00,  8.41it/s]
Capturing CUDA graphs (mixed prefill-decode, PIECEWISE):  85%|████████▌ | 41/48 [00:04<00:00,  8.71it/s]
Capturing CUDA graphs (mixed prefill-decode, PIECEWISE):  88%|████████▊ | 42/48 [00:04<00:00,  8.69it/s]
Capturing CUDA graphs (mixed prefill-decode, PIECEWISE):  90%|████████▉ | 43/48 [00:04<00:00,  8.86it/s]
Capturing CUDA graphs (mixed prefill-decode...
[2026-05-09 08:45:02] [2026-05-09 08:45:02,085 AIMaster] (config.py 347) INFO: Try loading config from pai-aimaster-new configmap.
[+] [2026-05-09 08:45:05] (Worker_TP0 pid=48751) 
Capturing CUDA graphs (decode, FULL):   0%|          | 0/48 [00:00<?, ?it/s]
Capturing CUDA graphs (decode, FULL):   2%|▏         | 1/48 [00:00<00:24,  1.90it/s]
Capturing CUDA graphs (decode, FULL):   4%|▍         | 2/48 [00:01<00:24,  1.92it/s]
Capturing CUDA graphs (decode, FULL):   6%|▋         | 3/48 [00:01<00:15,  2.99it/s]
Capturing CUDA graphs (decode, FULL):   8%|▊         | 4/48 [00:01<00:10,  4.00it/s]
Capturing CUDA graphs (decode, FULL):  10%|█         | 5/48 [00:01<00:08,  4.84it/s]
Capturing CUDA graphs (decode, FULL):  12%|█▎        | 6/48 [00:01<00:07,  5.83it/s]
Capturing CUDA graphs (decode, FULL):  15%|█▍        | 7/48 [00:01<00:06,  6.71it/s]
Capturing CUDA graphs (decode, FULL):  17%|█▋        | 8/48 [00:01<00:05,  7.18it/s]
Capturing CUDA graphs (decode, FULL):  19%|█▉        | 9/48 [00:01<00:05,  7.47it/s]
Capturing CUDA graphs (decode, FULL):  21%|██        | 10/48 [00:01<00:04,  7.87it/s]
Capturing CUDA graphs (decode, FULL):  23%|██▎       | 11/48 [00:02<00:04,  7.81it/s]
Capturing CUDA graphs (decode, FULL):  25%|██▌       | 12/48 [00:02<00:04,  7.97it/s]
Capturing CUDA graphs (decode, FULL):  27%|██▋       | 13/48 [00:02<00:04,  7.88it/s]
Capturing CUDA graphs (decode, FULL):  29%|██▉       | 14/48 [00:02<00:04,  7.86it/s]
Capturing CUDA graphs (decode, FULL):  31%|███▏      | 15/48 [00:02<00:03,  8.40it/s]
Capturing CUDA graphs (decode, FULL):  33%|███▎      | 16/48 [00:02<00:03,  8.22it/s]
Capturing CUDA graphs (decode, FULL):  35%|███▌      | 17/48 [00:02<00:03,  8.36it/s]
Capturing CUDA graphs (decode, FULL):  38%|███▊      | 18/48 [00:02<00:03,  8.63it/s]
Capturing CUDA graphs (decode, FULL):  40%|███▉      | 19/48 [00:03<00:03,  8.78it/s]
Capturing CUDA graphs (decode, FULL):  42%|████▏     | 20/48 [00:03<00:03,  8.92it/s]
Capturing CUDA graphs (decode, FULL):  44%|████▍     | 21/48 [00:03<00:03,  8.78it/s]
Capturing CUDA graphs (decode, FULL):  46%|████▌     | 22/48 [00:03<00:03,  8.59it/s]
Capturing CUDA graphs (decode, FULL):  48%|████▊     | 23/48 [00:03<00:02,  8.43it/s]
Capturing CUDA graphs (decode, FULL):  50%|█████     | 24/48 [00:03<00:02,  8.17it/s]
Capturing CUDA graphs (decode, FULL):  52%|█████▏    | 25/48 [00:03<00:03,  7.58it/s]
Capturing CUDA graphs (decode, FULL):  54%|█████▍    | 26/48 [00:03<00:02,  7.87it/s]
Capturing CUDA graphs (decode, FULL):  56%|█████▋    | 27/48 [00:04<00:02,  7.62it/s]
Capturing CUDA graphs (decode, FULL):  58%|█████▊    | 28/48 [00:04<00:02,  7.47it/s]
Capturing CUDA graphs (decode, FULL):  60%|██████    | 29/48 [00:04<00:02,  7.99it/s]
Capturing CUDA graphs (decode, FULL):  62%|██████▎   | 30/48 [00:04<00:02,  8.31it/s]
Capturing CUDA graphs (decode, FULL):  65%|██████▍   | 31/48 [00:04<00:02,  7.85it/s]
Capturing CUDA graphs (decode, FULL):  67%|██████▋   | 32/48 [00:04<00:01,  8.17it/s]
Capturing CUDA graphs (decode, FULL):  69%|██████▉   | 33/48 [00:04<00:01,  8.31it/s]
Capturing CUDA graphs (decode, FULL):  71%|███████   | 34/48 [00:04<00:01,  7.95it/s]
Capturing CUDA graphs (decode, FULL):  73%|███████▎  | 35/48 [00:05<00:01,  8.06it/s]
Capturing CUDA graphs (decode, FULL):  75%|███████▌  | 36/48 [00:05<00:01,  8.01it/s]
Capturing CUDA graphs (decode, FULL):  77%|███████▋  | 37/48 [00:05<00:01,  8.46it/s]
Capturing CUDA graphs (decode, FULL):  79%|███████▉  | 38/48 [00:05<00:01,  8.13it/s]
Capturing CUDA graphs (decode, FULL):  81%|████████▏ | 39/48 [00:05<00:01,  8.18it/s]
Capturing CUDA graphs (decode, FULL):  83%|████████▎ | 40/48 [00:05<00:00,  8.33it/s]
Capturing CUDA graphs (decode, FULL):  88%|████████▊ | 42/48 [00:05<00:00,  8.64it/s]
Capturing CUDA graphs (decode, FULL):  90%|████████▉ | 43/48 [00:05<...
[2026-05-09 08:45:06] (Worker_TP5 pid=48807) INFO 05-09 08:45:05 [gpu_worker.py:597] CUDA graph pool memory: 1.4 GiB (actual), 1.53 GiB (estimated), difference: 0.13 GiB (9.4%).
[2026-05-09 08:45:06] (Worker_TP6 pid=48821) INFO 05-09 08:45:05 [gpu_worker.py:597] CUDA graph pool memory: 1.4 GiB (actual), 1.53 GiB (estimated), difference: 0.13 GiB (9.4%).
[2026-05-09 08:45:06] (Worker_TP4 pid=48794) INFO 05-09 08:45:05 [gpu_worker.py:597] CUDA graph pool memory: 1.4 GiB (actual), 1.53 GiB (estimated), difference: 0.13 GiB (9.4%).
[2026-05-09 08:45:06] (Worker_TP3 pid=48780) INFO 05-09 08:45:05 [gpu_worker.py:597] CUDA graph pool memory: 1.4 GiB (actual), 1.53 GiB (estimated), difference: 0.13 GiB (9.4%).
[2026-05-09 08:45:06] (Worker_TP0 pid=48751) INFO 05-09 08:45:05 [gpu_model_runner.py:6046] Graph capturing finished in 13 secs, took 1.40 GiB
[2026-05-09 08:45:06] (Worker_TP0 pid=48751) INFO 05-09 08:45:05 [gpu_worker.py:597] CUDA graph pool memory: 1.4 GiB (actual), 1.53 GiB (estimated), difference: 0.13 GiB (9.4%).
[2026-05-09 08:45:06] (Worker_TP7 pid=48834) INFO 05-09 08:45:05 [gpu_worker.py:597] CUDA graph pool memory: 1.4 GiB (actual), 1.53 GiB (estimated), difference: 0.13 GiB (9.4%).
[2026-05-09 08:45:06] (Worker_TP1 pid=48758) INFO 05-09 08:45:05 [gpu_worker.py:597] CUDA graph pool memory: 1.4 GiB (actual), 1.53 GiB (estimated), difference: 0.13 GiB (9.4%).
[2026-05-09 08:45:06] (Worker_TP2 pid=48767) INFO 05-09 08:45:05 [gpu_worker.py:597] CUDA graph pool memory: 1.4 GiB (actual), 1.53 GiB (estimated), difference: 0.13 GiB (9.4%).
[2026-05-09 08:45:06] (EngineCore pid=48581) INFO 05-09 08:45:05 [core.py:283] init engine (profile, create kv cache, warmup model) took 25.63 seconds
[2026-05-09 08:45:06] [2026-05-09 08:45:06,107 AIMaster] (job_monitor_controller_k8s.py 1099) INFO: All workers: 2, running: 2, failed: 0, pending: 0
[2026-05-09 08:45:06] [2026-05-09 08:45:06,107 AIMaster] (ops_reported_error_detector.py 103) INFO: Detecting whether the job is affected by errors reported by ops platform.
[2026-05-09 08:45:06] [2026-05-09 08:45:06,141 AIMaster] (aimaster_failover_controller.py 81) INFO: Detecting whether aimaster should be migrated.
[2026-05-09 08:45:08] (EngineCore pid=48581) INFO 05-09 08:45:07 [registry.py:126] All limits of multimodal modalities supported by the model are set to 0, running in text-only mode.
[2026-05-09 08:45:08] (EngineCore pid=48581) INFO 05-09 08:45:08 [vllm.py:790] Asynchronous scheduling is disabled.
[2026-05-09 08:45:08] 
Truncating prompts:   0%|          | 0/164 [00:00<?, ?it/s]
Truncating prompts: 100%|██████████| 164/164 [00:00<00:00, 3759.98it/s]
[2026-05-09 08:45:08] ========================================================================
[2026-05-09 08:45:08] vLLM Generation With Progress
[2026-05-09 08:45:08] ========================================================================
[2026-05-09 08:45:08] Model path:             /mnt/data/ebft-distribution-new/outputs/diff_dataset/diff_g2_no_teacher_vicinal_dlc1nta2oa0ac22v/model
[2026-05-09 08:45:08] Dataset path:           /mnt/data/ebft-distribution-new/outputs/diff_dataset_prepared/humaneval_eval_qa.jsonl
[2026-05-09 08:45:08] Loaded prompts:         164
[2026-05-09 08:45:08] Expected outputs:       164
[2026-05-09 08:45:08] Tensor parallel size:   8
[2026-05-09 08:45:08] Data parallel size:     1
[2026-05-09 08:45:08] Max num seqs:           128
[2026-05-09 08:45:08] Progress batch size:    128
[2026-05-09 08:45:08] Prompt max len:         512
[2026-05-09 08:45:08] Prompts truncated:      0
[2026-05-09 08:45:08] Local prompts(rank0):   164
[2026-05-09 08:45:08] Max new tokens:         1024
[2026-05-09 08:45:08] Output path:            /mnt/data/ebft-distribution-new/outputs/diff_dataset/diff_g2_no_teacher_vicinal_dlc1nta2oa0ac22v/supplement_logs/humaneval/eval_results_humaneval_pass1_0509_0843.jsonl
[2026-05-09 08:45:08] ========================================================================
[2026-05-09 08:45:08] 
Generating:   0%|          | 0/164 [00:00<?, ?sample/s]
[2026-05-09 08:45:08] 
Rendering prompts:   0%|          | 0/128 [00:00<?, ?it/s]
Rendering prompts: 100%|██████████| 128/128 [00:00<00:00, 1937.03it/s]
[2026-05-09 08:45:08] 
[2026-05-09 08:45:11] 
Processed prompts:   0%|          | 0/128 [00:00<?, ?it/s, est. speed input: 0.00 toks/s, output: 0.00 toks/s]
[2026-05-09 08:45:11] 
Processed prompts:   1%|          | 1/128 [00:02<05:28,  2.59s/it, est. speed input: 64.14 toks/s, output: 15.07 toks/s]
[2026-05-09 08:45:11] 
Processed prompts:   2%|▏         | 2/128 [00:02<02:27,  1.17s/it, est. speed input: 103.17 toks/s, output: 18.82 toks/s]
[2026-05-09 08:45:12] 
Processed prompts:   4%|▍         | 5/128 [00:02<00:43,  2.80it/s, est. speed input: 223.03 toks/s, output: 40.77 toks/s]
[2026-05-09 08:45:12] 
Processed prompts:   5%|▌         | 7/128 [00:03<00:36,  3.31it/s, est. speed input: 260.41 toks/s, output: 46.47 toks/s]
[2026-05-09 08:45:12] 
Processed prompts:   7%|▋         | 9/128 [00:03<00:28,  4.24it/s, est. speed input: 286.41 toks/s, output: 55.99 toks/s]
[2026-05-09 08:45:12] 
Processed prompts:   9%|▊         | 11/128 [00:03<00:22,  5.21it/s, est. speed input: 327.02 toks/s, output: 71.08 toks/s]
[2026-05-09 08:45:12] 
Processed prompts:  11%|█         | 14/128 [00:03<00:14,  7.96it/s, est. speed input: 448.98 toks/s, output: 90.00 toks/s]
[2026-05-09 08:45:13] 
Processed prompts:  16%|█▌        | 20/128 [00:04<00:08, 12.34it/s, est. speed input: 573.91 toks/s, output: 130.08 toks/s]
[2026-05-09 08:45:13] 
Processed prompts:  17%|█▋        | 22/128 [00:04<00:09, 11.12it/s, est. speed input: 569.28 toks/s, output: 139.13 toks/s]
[2026-05-09 08:45:13] 
Processed prompts:  20%|██        | 26/128 [00:04<00:07, 14.08it/s, est. speed input: 649.79 toks/s, output: 167.34 toks/s]
[2026-05-09 08:45:13] 
Processed prompts:  22%|██▏       | 28/128 [00:04<00:06, 14.89it/s, est. speed input: 696.78 toks/s, output: 195.58 toks/s]
[2026-05-09 08:45:13] 
Processed prompts:  23%|██▎       | 30/128 [00:04<00:06, 14.31it/s, est. speed input: 707.78 toks/s, output: 210.98 toks/s]
[2026-05-09 08:45:13] 
Processed prompts:  27%|██▋       | 35/128 [00:04<00:04, 20.78it/s, est. speed input: 899.12 toks/s, output: 275.04 toks/s]
[2026-05-09 08:45:14] 
Processed prompts:  30%|██▉       | 38/128 [00:05<00:04, 18.21it/s, est. speed input: 914.00 toks/s, output: 296.29 toks/s]
[2026-05-09 08:45:14] 
Processed prompts:  33%|███▎      | 42/128 [00:05<00:03, 22.16it/s, est. speed input: 979.89 toks/s, output: 334.32 toks/s]
[2026-05-09 08:45:14] 
Processed prompts:  35%|███▌      | 45/128 [00:05<00:03, 21.10it/s, est. speed input: 1003.89 toks/s, output: 360.47 toks/s]
[2026-05-09 08:45:14] 
Processed prompts:  40%|███▉      | 51/128 [00:05<00:02, 26.15it/s, est. speed input: 1096.97 toks/s, output: 411.50 toks/s]
[2026-05-09 08:45:14] 
Processed prompts:  42%|████▏     | 54/128 [00:05<00:02, 26.02it/s, est. speed input: 1170.85 toks/s, output: 436.30 toks/s]
[2026-05-09 08:45:14] 
Processed prompts:  45%|████▍     | 57/128 [00:05<00:03, 19.48it/s, est. speed input: 1198.45 toks/s, output: 457.15 toks/s]
[2026-05-09 08:45:15] 
Processed prompts:  47%|████▋     | 60/128 [00:06<00:03, 21.25it/s, est. speed input: 1236.66 toks/s, output: 483.03 toks/s]
[2026-05-09 08:45:16] 
Processed prompts:  49%|████▉     | 63/128 [00:06<00:05, 12.18it/s, est. speed input: 1194.34 toks/s, output: 480.62 toks/s]
[2026-05-09 08:45:16] 
Processed prompts:  51%|█████     | 65/128 [00:07<00:08,  7.20it/s, est. speed input: 1117.98 toks/s, output: 458.61 toks/s]
[2026-05-09 08:45:16] 
Processed prompts:  52%|█████▏    | 67/128 [00:07<00:09,  6.46it/s, est. speed input: 1096.54 toks/s, output: 459.82 toks/s]
[2026-05-09 08:45:17] 
Processed prompts:  54%|█████▍    | 69/128 [00:07<00:08,  7.02it/s, est. speed input: 1123.34 toks/s, output: 481.25 toks/s]
[2026-05-09 08:45:17] 
Processed prompts:  55%|█████▌    | 71/128 [00:08<00:10,  5.70it/s, est. speed input: 1104.04 toks/s, output: 479.92 toks/s](Worker_TP3 pid=48780) (Worker_TP4 pid=48794) (Worker_TP1 pid=48758) /mnt/workspace/venvs/.teacherVenv/lib/python3.12/site-packages/vllm/model_executor/layers/fla/ops/utils.py:113: UserWarning: Input tensor shape suggests potential format mismatch: seq_len (2) < num_heads (4). This may indicate the inputs were passed in head-first format [B, H, T, ...] when head_first=False was specified. Please verify your input tensor format matches the expected shape [B, T, H, ...].
[2026-05-09 08:45:17] /mnt/workspace/venvs/.teacherVenv/lib/python3.12/site-packages/vllm/model_executor/layers/fla/ops/utils.py:113: UserWarning: Input tensor shape suggests potential format mismatch: seq_len (2) < num_heads (4). This may indicate the inputs were passed in head-first format [B, H, T, ...] when head_first=False was specified. Please verify your input tensor format matches the expected shape [B, T, H, ...].
[2026-05-09 08:45:17] (Worker_TP4 pid=48794) (Worker_TP1 pid=48758)   return fn(*contiguous_args, **contiguous_kwargs)
[2026-05-09 08:45:17]   return fn(*contiguous_args, **contiguous_kwargs)
[2026-05-09 08:45:17] /mnt/workspace/venvs/.teacherVenv/lib/python3.12/site-packages/vllm/model_executor/layers/fla/ops/utils.py:113: UserWarning: Input tensor shape suggests potential format mismatch: seq_len (2) < num_heads (4). This may indicate the inputs were passed in head-first format [B, H, T, ...] when head_first=False was specified. Please verify your input tensor format matches the expected shape [B, T, H, ...].
[2026-05-09 08:45:17] (Worker_TP3 pid=48780)   return fn(*contiguous_args, **contiguous_kwargs)
[2026-05-09 08:45:17] (Worker_TP7 pid=48834) /mnt/workspace/venvs/.teacherVenv/lib/python3.12/site-packages/vllm/model_executor/layers/fla/ops/utils.py:113: UserWarning: Input tensor shape suggests potential format mismatch: seq_len (2) < num_heads (4). This may indicate the inputs were passed in head-first format [B, H, T, ...] when head_first=False was specified. Please verify your input tensor format matches the expected shape [B, T, H, ...].
[2026-05-09 08:45:17] (Worker_TP7 pid=48834)   return fn(*contiguous_args, **contiguous_kwargs)
[2026-05-09 08:45:17] (Worker_TP0 pid=48751) /mnt/workspace/venvs/.teacherVenv/lib/python3.12/site-packages/vllm/model_executor/layers/fla/ops/utils.py:113: UserWarning: Input tensor shape suggests potential format mismatch: seq_len (2) < num_heads (4). This may indicate the inputs were passed in head-first format [B, H, T, ...] when head_first=False was specified. Please verify your input tensor format matches the expected shape [B, T, H, ...].
[2026-05-09 08:45:17] (Worker_TP0 pid=48751)   return fn(*contiguous_args, **contiguous_kwargs)
[2026-05-09 08:45:17] (Worker_TP2 pid=48767) /mnt/workspace/venvs/.teacherVenv/lib/python3.12/site-packages/vllm/model_executor/layers/fla/ops/utils.py:113: UserWarning: Input tensor shape suggests potential format mismatch: seq_len (2) < num_heads (4). This may indicate the inputs were passed in head-first format [B, H, T, ...] when head_first=False was specified. Please verify your input tensor format matches the expected shape [B, T, H, ...].
[2026-05-09 08:45:17] (Worker_TP2 pid=48767)   return fn(*contiguous_args, **contiguous_kwargs)
[2026-05-09 08:45:17] (Worker_TP6 pid=48821) (Worker_TP5 pid=48807) /mnt/workspace/venvs/.teacherVenv/lib/python3.12/site-packages/vllm/model_executor/layers/fla/ops/utils.py:113: UserWarning: Input tensor shape suggests potential format mismatch: seq_len (2) < num_heads (4). This may indicate the inputs were passed in head-first format [B, H, T, ...] when head_first=False was specified. Please verify your input tensor format matches the expected shape [B, T, H, ...].
[2026-05-09 08:45:17] /mnt/workspace/venvs/.teacherVenv/lib/python3.12/site-packages/vllm/model_executor/layers/fla/ops/utils.py:113: UserWarning: Input tensor shape suggests potential format mismatch: seq_len (2) < num_heads (4). This may indicate the inputs were passed in head-first format [B, H, T, ...] when head_first=False was specified. Please verify your input tensor format matches the expected shape [B, T, H, ...].
[2026-05-09 08:45:17] (Worker_TP6 pid=48821) (Worker_TP5 pid=48807)   return fn(*contiguous_args, **contiguous_kwargs)
[2026-05-09 08:45:17]   return fn(*contiguous_args, **contiguous_kwargs)
[2026-05-09 08:45:17] (Worker_TP0 pid=48751) /mnt/workspace/venvs/.teacherVenv/lib/python3.12/site-packages/vllm/model_executor/layers/fla/ops/utils.py:113: UserWarning: Input tensor shape suggests potential format mismatch: seq_len (3) < num_heads (4). This may indicate the inputs were passed in head-first format [B, H, T, ...] when head_first=False was specified. Please verify your input tensor format matches the expected shape [B, T, H, ...].
[2026-05-09 08:45:17] (Worker_TP0 pid=48751)   return fn(*contiguous_args, **contiguous_kwargs)
[2026-05-09 08:45:17] (Worker_TP4 pid=48794) /mnt/workspace/venvs/.teacherVenv/lib/python3.12/site-packages/vllm/model_executor/layers/fla/ops/utils.py:113: UserWarning: Input tensor shape suggests potential format mismatch: seq_len (3) < num_heads (4). This may indicate the inputs were passed in head-first format [B, H, T, ...] when head_first=False was specified. Please verify your input tensor format matches the expected shape [B, T, H, ...].
[2026-05-09 08:45:17] (Worker_TP4 pid=48794)   return fn(*contiguous_args, **contiguous_kwargs)
[2026-05-09 08:45:17] (Worker_TP3 pid=48780) /mnt/workspace/venvs/.teacherVenv/lib/python3.12/site-packages/vllm/model_executor/layers/fla/ops/utils.py:113: UserWarning: Input tensor shape suggests potential format mismatch: seq_len (3) < num_heads (4). This may indicate the inputs were passed in head-first format [B, H, T, ...] when head_first=False was specified. Please verify your input tensor format matches the expected shape [B, T, H, ...].
[2026-05-09 08:45:17] (Worker_TP3 pid=48780)   return fn(*contiguous_args, **contiguous_kwargs)
[2026-05-09 08:45:17] (Worker_TP2 pid=48767) (Worker_TP6 pid=48821) /mnt/workspace/venvs/.teacherVenv/lib/python3.12/site-packages/vllm/model_executor/layers/fla/ops/utils.py:113: UserWarning: Input tensor shape suggests potential format mismatch: seq_len (3) < num_heads (4). This may indicate the inputs were passed in head-first format [B, H, T, ...] when head_first=False was specified. Please verify your input tensor format matches the expected shape [B, T, H, ...].
[2026-05-09 08:45:17] (Worker_TP2 pid=48767) /mnt/workspace/venvs/.teacherVenv/lib/python3.12/site-packages/vllm/model_executor/layers/fla/ops/utils.py:113: UserWarning: Input tensor shape suggests potential format mismatch: seq_len (3) < num_heads (4). This may indicate the inputs were passed in head-first format [B, H, T, ...] when head_first=False was specified. Please verify your input tensor format matches the expected shape [B, T, H, ...].
[2026-05-09 08:45:17]   return fn(*contiguous_args, **contiguous_kwargs)
[2026-05-09 08:45:17] (Worker_TP6 pid=48821)   return fn(*contiguous_args, **contiguous_kwargs)
[2026-05-09 08:45:17] (Worker_TP7 pid=48834) /mnt/workspace/venvs/.teacherVenv/lib/python3.12/site-packages/vllm/model_executor/layers/fla/ops/utils.py:113: UserWarning: Input tensor shape suggests potential format mismatch: seq_len (3) < num_heads (4). This may indicate the inputs were passed in head-first format [B, H, T, ...] when head_first=False was specified. Please verify your input tensor format matches the expected shape [B, T, H, ...].
[2026-05-09 08:45:17] (Worker_TP7 pid=48834)   return fn(*contiguous_args, **contiguous_kwargs)
[2026-05-09 08:45:17] (Worker_TP5 pid=48807) /mnt/workspace/venvs/.teacherVenv/lib/python3.12/site-packages/vllm/model_executor/layers/fla/ops/utils.py:113: UserWarning: Input tensor shape suggests potential format mismatch: seq_len (3) < num_heads (4). This may indicate the inputs were passed in head-first format [B, H, T, ...] when head_first=False was specified. Please verify your input tensor format matches the expected shape [B, T, H, ...].
[2026-05-09 08:45:17] (Worker_TP5 pid=48807) (Worker_TP1 pid=48758)   return fn(*contiguous_args, **contiguous_kwargs)
[2026-05-09 08:45:17] /mnt/workspace/venvs/.teacherVenv/lib/python3.12/site-packages/vllm/model_executor/layers/fla/ops/utils.py:113: UserWarning: Input tensor shape suggests potential format mismatch: seq_len (3) < num_heads (4). This may indicate the inputs were passed in head-first format [B, H, T, ...] when head_first=False was specified. Please verify your input tensor format matches the expected shape [B, T, H, ...].
[2026-05-09 08:45:17] (Worker_TP1 pid=48758)   return fn(*contiguous_args, **contiguous_kwargs)
[2026-05-09 08:45:18] 
[2026-05-09 08:45:18] 
Processed prompts:  56%|█████▋    | 72/128 [00:09<00:16,  3.42it/s, est. speed input: 1007.09 toks/s, output: 448.38 toks/s](Worker_TP3 pid=48780) /mnt/workspace/venvs/.teacherVenv/lib/python3.12/site-packages/torch/_dynamo/eval_frame.py:1181: UserWarning: Input tensor shape suggests potential format mismatch: seq_len (1) < num_heads (2). This may indicate the inputs were passed in head-first format [B, H, T, ...] Please verify your input tensor format matches the expected shape [B, T, H, ...].
[2026-05-09 08:45:18] (Worker_TP3 pid=48780)   return fn(*args, **kwargs)
[2026-05-09 08:45:18] (Worker_TP0 pid=48751) /mnt/workspace/venvs/.teacherVenv/lib/python3.12/site-packages/torch/_dynamo/eval_frame.py:1181: UserWarning: Input tensor shape suggests potential format mismatch: seq_len (1) < num_heads (2). This may indicate the inputs were passed in head-first format [B, H, T, ...] Please verify your input tensor format matches the expected shape [B, T, H, ...].
[2026-05-09 08:45:18] (Worker_TP0 pid=48751)   return fn(*args, **kwargs)
[2026-05-09 08:45:18] (Worker_TP5 pid=48807) /mnt/workspace/venvs/.teacherVenv/lib/python3.12/site-packages/torch/_dynamo/eval_frame.py:1181: UserWarning: Input tensor shape suggests potential format mismatch: seq_len (1) < num_heads (2). This may indicate the inputs were passed in head-first format [B, H, T, ...] Please verify your input tensor format matches the expected shape [B, T, H, ...].
[2026-05-09 08:45:18] (Worker_TP5 pid=48807)   return fn(*args, **kwargs)
[2026-05-09 08:45:18] (Worker_TP3 pid=48780) /mnt/workspace/venvs/.teacherVenv/lib/python3.12/site-packages/vllm/model_executor/layers/fla/ops/utils.py:113: UserWarning: Input tensor shape suggests potential format mismatch: seq_len (1) < num_heads (4). This may indicate the inputs were passed in head-first format [B, H, T, ...] when head_first=False was specified. Please verify your input tensor format matches the expected shape [B, T, H, ...].
[2026-05-09 08:45:18] (Worker_TP3 pid=48780)   return fn(*contiguous_args, **contiguous_kwargs)
[2026-05-09 08:45:18] (Worker_TP0 pid=48751) /mnt/workspace/venvs/.teacherVenv/lib/python3.12/site-packages/vllm/model_executor/layers/fla/ops/utils.py:113: UserWarning: Input tensor shape suggests potential format mismatch: seq_len (1) < num_heads (4). This may indicate the inputs were passed in head-first format [B, H, T, ...] when head_first=False was specified. Please verify your input tensor format matches the expected shape [B, T, H, ...].
[2026-05-09 08:45:18] (Worker_TP0 pid=48751)   return fn(*contiguous_args, **contiguous_kwargs)
[2026-05-09 08:45:18] (Worker_TP5 pid=48807) /mnt/workspace/venvs/.teacherVenv/lib/python3.12/site-packages/vllm/model_executor/layers/fla/ops/utils.py:113: UserWarning: Input tensor shape suggests potential format mismatch: seq_len (1) < num_heads (4). This may indicate the inputs were passed in head-first format [B, H, T, ...] when head_first=False was specified. Please verify your input tensor format matches the expected shape [B, T, H, ...].
[2026-05-09 08:45:18] (Worker_TP5 pid=48807)   return fn(*contiguous_args, **contiguous_kwargs)
[2026-05-09 08:45:18] (Worker_TP1 pid=48758) /mnt/workspace/venvs/.teacherVenv/lib/python3.12/site-packages/torch/_dynamo/eval_frame.py:1181: UserWarning: Input tensor shape suggests potential format mismatch: seq_len (1) < num_heads (2). This may indicate the inputs were passed in head-first format [B, H, T, ...] Please verify your input tensor format matches the expected shape [B, T, H, ...].
[2026-05-09 08:45:18] (Worker_TP1 pid=48758)   return fn(*args, **kwargs)
[2026-05-09 08:45:18] (Worker_TP7 pid=48834) /mnt/workspace/venvs/.teacherVenv/lib/python3.12/site-packages/torch/_dynamo/eval_frame.py:1181: UserWarning: Input tensor shape suggests potential format mismatch: seq_len (1) < num_heads (2). This may indicate the inputs were passed in head-first format [B, H, T, ...] Please verify your input tensor format matches the expected shape [B, T, H, ...].
[2026-05-09 08:45:18] (Worker_TP7 pid=48834)   return fn(*args, **kwargs)
[2026-05-09 08:45:18] (Worker_TP4 pid=48794) /mnt/workspace/venvs/.teacherVenv/lib/python3.12/site-packages/torch/_dynamo/eval_frame.py:1181: UserWarning: Input tensor shape suggests potential format mismatch: seq_len (1) < num_heads (2). This may indicate the inputs were passed in head-first format [B, H, T, ...] Please verify your input tensor format matches the expected shape [B, T, H, ...].
[2026-05-09 08:45:18] (Worker_TP4 pid=48794)   return fn(*args, **kwargs)
[2026-05-09 08:45:18] (Worker_TP1 pid=48758) /mnt/workspace/venvs/.teacherVenv/lib/python3.12/site-packages/vllm/model_executor/layers/fla/ops/utils.py:113: UserWarning: Input tensor shape suggests potential format mismatch: seq_len (1) < num_heads (4). This may indicate the inputs were passed in head-first format [B, H, T, ...] when head_first=False was specified. Please verify your input tensor format matches the expected shape [B, T, H, ...].
[2026-05-09 08:45:18] (Worker_TP1 pid=48758)   return fn(*contiguous_args, **contiguous_kwargs)
[2026-05-09 08:45:18] (Worker_TP2 pid=48767) /mnt/workspace/venvs/.teacherVenv/lib/python3.12/site-packages/torch/_dynamo/eval_frame.py:1181: UserWarning: Input tensor shape suggests potential format mismatch: seq_len (1) < num_heads (2). This may indicate the inputs were passed in head-first format [B, H, T, ...] Please verify your input tensor format matches the expected shape [B, T, H, ...].
[2026-05-09 08:45:18] (Worker_TP2 pid=48767)   return fn(*args, **kwargs)
[2026-05-09 08:45:18] (Worker_TP4 pid=48794) (Worker_TP7 pid=48834) /mnt/workspace/venvs/.teacherVenv/lib/python3.12/site-packages/vllm/model_executor/layers/fla/ops/utils.py:113: UserWarning: Input tensor shape suggests potential format mismatch: seq_len (1) < num_heads (4). This may indicate the inputs were passed in head-first format [B, H, T, ...] when head_first=False was specified. Please verify your input tensor format matches the expected shape [B, T, H, ...].
[2026-05-09 08:45:18] (Worker_TP7 pid=48834)   return fn(*contiguous_args, **contiguous_kwargs)
[2026-05-09 08:45:18] /mnt/workspace/venvs/.teacherVenv/lib/python3.12/site-packages/vllm/model_executor/layers/fla/ops/utils.py:113: UserWarning: Input tensor shape suggests potential format mismatch: seq_len (1) < num_heads (4). This may indicate the inputs were passed in head-first format [B, H, T, ...] when head_first=False was specified. Please verify your input tensor format matches the expected shape [B, T, H, ...].
[2026-05-09 08:45:18] (Worker_TP4 pid=48794)   return fn(*contiguous_args, **contiguous_kwargs)
[2026-05-09 08:45:18] (Worker_TP2 pid=48767) /mnt/workspace/venvs/.teacherVenv/lib/python3.12/site-packages/vllm/model_executor/layers/fla/ops/utils.py:113: UserWarning: Input tensor shape suggests potential format mismatch: seq_len (1) < num_heads (4). This may indicate the inputs were passed in head-first format [B, H, T, ...] when head_first=False was specified. Please verify your input tensor format matches the expected shape [B, T, H, ...].
[2026-05-09 08:45:18] (Worker_TP2 pid=48767)   return fn(*contiguous_args, **contiguous_kwargs)
[2026-05-09 08:45:18] (Worker_TP6 pid=48821) /mnt/workspace/venvs/.teacherVenv/lib/python3.12/site-packages/torch/_dynamo/eval_frame.py:1181: UserWarning: Input tensor shape suggests potential format mismatch: seq_len (1) < num_heads (2). This may indicate the inputs were passed in head-first format [B, H, T, ...] Please verify your input tensor format matches the expected shape [B, T, H, ...].
[2026-05-09 08:45:18] (Worker_TP6 pid=48821)   return fn(*args, **kwargs)
[2026-05-09 08:45:18] (Worker_TP6 pid=48821) /mnt/workspace/venvs/.teacherVenv/lib/python3.12/site-packages/vllm/model_executor/layers/fla/ops/utils.py:113: UserWarning: Input tensor shape suggests potential format mismatch: seq_len (1) < num_heads (4). This may indicate the inputs were passed in head-first format [B, H, T, ...] when head_first=False was specified. Please verify your input tensor format matches the expected shape [B, T, H, ...].
[2026-05-09 08:45:18] (Worker_TP6 pid=48821)   return fn(*contiguous_args, **contiguous_kwargs)
[2026-05-09 08:45:18] (Worker_TP0 pid=48751) /mnt/workspace/venvs/.teacherVenv/lib/python3.12/site-packages/vllm/model_executor/layers/fla/ops/utils.py:113: UserWarning: Input tensor shape suggests potential format mismatch: seq_len (3) < num_heads (4). This may indicate the inputs were passed in head-first format [B, H, T, ...] when head_first=False was specified. Please verify your input tensor format matches the expected shape [B, T, H, ...].
[2026-05-09 08:45:18] (Worker_TP0 pid=48751)   return fn(*contiguous_args, **contiguous_kwargs)
[2026-05-09 08:45:18] (Worker_TP3 pid=48780) (Worker_TP1 pid=48758) /mnt/workspace/venvs/.teacherVenv/lib/python3.12/site-packages/vllm/model_executor/layers/fla/ops/utils.py:113: UserWarning: Input tensor shape suggests potential format mismatch: seq_len (3) < num_heads (4). This may indicate the inputs were passed in head-first format [B, H, T, ...] when head_first=False was specified. Please verify your input tensor format matches the expected shape [B, T, H, ...].
[2026-05-09 08:45:18] /mnt/workspace/venvs/.teacherVenv/lib/python3.12/site-packages/vllm/model_executor/layers/fla/ops/utils.py:113: UserWarning: Input tensor shape suggests potential format mismatch: seq_len (3) < num_heads (4). This may indicate the inputs were passed in head-first format [B, H, T, ...] when head_first=False was specified. Please verify your input tensor format matches the expected shape [B, T, H, ...].
[2026-05-09 08:45:18] (Worker_TP3 pid=48780) (Worker_TP1 pid=48758)   return fn(*contiguous_args, **contiguous_kwargs)
[2026-05-09 08:45:18]   return fn(*contiguous_args, **contiguous_kwargs)
[2026-05-09 08:45:18] (Worker_TP7 pid=48834) /mnt/workspace/venvs/.teacherVenv/lib/python3.12/site-packages/vllm/model_executor/layers/fla/ops/utils.py:113: UserWarning: Input tensor shape suggests potential format mismatch: seq_len (3) < num_heads (4). This may indicate the inputs were passed in head-first format [B, H, T, ...] when head_first=False was specified. Please verify your input tensor format matches the expected shape [B, T, H, ...].
[2026-05-09 08:45:18] (Worker_TP7 pid=48834)   return fn(*contiguous_args, **contiguous_kwargs)
[2026-05-09 08:45:18] (Worker_TP4 pid=48794) (Worker_TP6 pid=48821) /mnt/workspace/venvs/.teacherVenv/lib/python3.12/site-packages/vllm/model_executor/layers/fla/ops/utils.py:113: UserWarning: Input tensor shape suggests potential format mismatch: seq_len (3) < num_heads (4). This may indicate the inputs were passed in head-first format [B, H, T, ...] when head_first=False was specified. Please verify your input tensor format matches the expected shape [B, T, H, ...].
[2026-05-09 08:45:18] (Worker_TP4 pid=48794)   return fn(*contiguous_args, **contiguous_kwargs)
[2026-05-09 08:45:18] /mnt/workspace/venvs/.teacherVenv/lib/python3.12/site-packages/vllm/model_executor/layers/fla/ops/utils.py:113: UserWarning: Input tensor shape suggests potential format mismatch: seq_len (3) < num_heads (4). This may indicate the inputs were passed in head-first format [B, H, T, ...] when head_first=False was specified. Please verify your input tensor format matches the expected shape [B, T, H, ...].
[2026-05-09 08:45:18] (Worker_TP6 pid=48821)   return fn(*contiguous_args, **contiguous_kwargs)
[2026-05-09 08:45:18] (Worker_TP2 pid=48767) /mnt/workspace/venvs/.teacherVenv/lib/python3.12/site-packages/vllm/model_executor/layers/fla/ops/utils.py:113: UserWarning: Input tensor shape suggests potential format mismatch: seq_len (3) < num_heads (4). This may indicate the inputs were passed in head-first format [B, H, T, ...] when head_first=False was specified. Please verify your input tensor format matches the expected shape [B, T, H, ...].
[2026-05-09 08:45:18] (Worker_TP2 pid=48767)   return fn(*contiguous_args, **contiguous_kwargs)
[2026-05-09 08:45:18] (Worker_TP5 pid=48807) /mnt/workspace/venvs/.teacherVenv/lib/python3.12/site-packages/vllm/model_executor/layers/fla/ops/utils.py:113: UserWarning: Input tensor shape suggests potential format mismatch: seq_len (3) < num_heads (4). This may indicate the inputs were passed in head-first format [B, H, T, ...] when head_first=False was specified. Please verify your input tensor format matches the expected shape [B, T, H, ...].
[2026-05-09 08:45:18] (Worker_TP5 pid=48807)   return fn(*contiguous_args, **contiguous_kwargs)
[2026-05-09 08:45:18] (Worker_TP0 pid=48751) /mnt/workspace/venvs/.teacherVenv/lib/python3.12/site-packages/vllm/model_executor/layers/fla/ops/utils.py:113: UserWarning: Input tensor shape suggests potential format mismatch: seq_len (2) < num_heads (4). This may indicate the inputs were passed in head-first format [B, H, T, ...] when head_first=False was specified. Please verify your input tensor format matches the expected shape [B, T, H, ...].
[2026-05-09 08:45:18] (Worker_TP0 pid=48751)   return fn(*contiguous_args, **contiguous_kwargs)
[2026-05-09 08:45:18] (Worker_TP4 pid=48794) /mnt/workspace/venvs/.teacherVenv/lib/python3.12/site-packages/vllm/model_executor/layers/fla/ops/utils.py:113: UserWarning: Input tensor shape suggests potential format mismatch: seq_len (2) < num_heads (4). This may indicate the inputs were passed in head-first format [B, H, T, ...] when head_first=False was specified. Please verify your input tensor format matches the expected shape [B, T, H, ...].
[2026-05-09 08:45:18] (Worker_TP4 pid=48794)   return fn(*contiguous_args, **contiguous_kwargs)
[2026-05-09 08:45:18] (Worker_TP3 pid=48780) /mnt/workspace/venvs/.teacherVenv/lib/python3.12/site-packages/vllm/model_executor/layers/fla/ops/utils.py:113: UserWarning: Input tensor shape suggests potential format mismatch: seq_len (2) < num_heads (4). This may indicate the inputs were passed in head-first format [B, H, T, ...] when head_first=False was specified. Please verify your input tensor format matches the expected shape [B, T, H, ...].
[2026-05-09 08:45:18] (Worker_TP3 pid=48780)   return fn(*contiguous_args, **contiguous_kwargs)
[2026-05-09 08:45:18] (Worker_TP1 pid=48758) /mnt/workspace/venvs/.teacherVenv/lib/python3.12/site-packages/vllm/model_executor/layers/fla/ops/utils.py:113: UserWarning: Input tensor shape suggests potential format mismatch: seq_len (2) < num_heads (4). This may indicate the inputs were passed in head-first format [B, H, T, ...] when head_first=False was specified. Please verify your input tensor format matches the expected shape [B, T, H, ...].
[2026-05-09 08:45:18] (Worker_TP1 pid=48758)   return fn(*contiguous_args, **contiguous_kwargs)
[2026-05-09 08:45:18] (Worker_TP2 pid=48767) /mnt/workspace/venvs/.teacherVenv/lib/python3.12/site-packages/vllm/model_executor/layers/fla/ops/utils.py:113: UserWarning: Input tensor shape suggests potential format mismatch: seq_len (2) < num_heads (4). This may indicate the inputs were passed in head-first format [B, H, T, ...] when head_first=False was specified. Please verify your input tensor format matches the expected shape [B, T, H, ...].
[2026-05-09 08:45:18] (Worker_TP2 pid=48767)   return fn(*contiguous_args, **contiguous_kwargs)
[2026-05-09 08:45:18] (Worker_TP7 pid=48834) /mnt/workspace/venvs/.teacherVenv/lib/python3.12/site-packages/vllm/model_executor/layers/fla/ops/utils.py:113: UserWarning: Input tensor shape suggests potential format mismatch: seq_len (2) < num_heads (4). This may indicate the inputs were passed in head-first format [B, H, T, ...] when head_first=False was specified. Please verify your input tensor format matches the expected shape [B, T, H, ...].
[2026-05-09 08:45:18] (Worker_TP7 pid=48834)   return fn(*contiguous_args, **contiguous_kwargs)
[2026-05-09 08:45:18] (Worker_TP6 pid=48821) /mnt/workspace/venvs/.teacherVenv/lib/python3.12/site-packages/vllm/model_executor/layers/fla/ops/utils.py:113: UserWarning: Input tensor shape suggests potential format mismatch: seq_len (2) < num_heads (4). This may indicate the inputs were passed in head-first format [B, H, T, ...] when head_first=False was specified. Please verify your input tensor format matches the expected shape [B, T, H, ...].
[2026-05-09 08:45:18] (Worker_TP6 pid=48821)   return fn(*contiguous_args, **contiguous_kwargs)
[2026-05-09 08:45:18] (Worker_TP5 pid=48807) /mnt/workspace/venvs/.teacherVenv/lib/python3.12/site-packages/vllm/model_executor/layers/fla/ops/utils.py:113: UserWarning: Input tensor shape suggests potential format mismatch: seq_len (2) < num_heads (4). This may indicate the inputs were passed in head-first format [B, H, T, ...] when head_first=False was specified. Please verify your input tensor format matches the expected shape [B, T, H, ...].
[2026-05-09 08:45:18] (Worker_TP5 pid=48807)   return fn(*contiguous_args, **contiguous_kwargs)
[2026-05-09 08:45:18] 
[2026-05-09 08:45:19] 
Processed prompts:  57%|█████▋    | 73/128 [00:10<00:20,  2.62it/s, est. speed input: 957.08 toks/s, output: 441.50 toks/s] 
[2026-05-09 08:45:20] 
Processed prompts:  58%|█████▊    | 74/128 [00:10<00:19,  2.82it/s, est. speed input: 956.54 toks/s, output: 445.30 toks/s]
[2026-05-09 08:45:20] 
Processed prompts:  59%|█████▊    | 75/128 [00:11<00:25,  2.05it/s, est. speed input: 887.65 toks/s, output: 424.51 toks/s]
[2026-05-09 08:45:20] 
Processed prompts:  59%|█████▉    | 76/128 [00:11<00:26,  1.96it/s, est. speed input: 848.90 toks/s, output: 489.77 toks/s]
[2026-05-09 08:45:20] 
Processed prompts:  63%|██████▎   | 81/128 [00:12<00:09,  4.96it/s, est. speed input: 886.16 toks/s, output: 875.37 toks/s]
[2026-05-09 08:45:21] 
Processed prompts:  72%|███████▏  | 92/128 [00:12<00:02, 13.58it/s, est. speed input: 999.26 toks/s, output: 1794.20 toks/s]
[2026-05-09 08:45:21] 
Processed prompts:  80%|███████▉  | 102/128 [00:12<00:01, 22.46it/s, est. speed input: 1092.48 toks/s, output: 2613.14 toks/s]
[2026-05-09 08:45:21] 
Processed prompts:  85%|████████▌ | 109/128 [00:12<00:00, 27.82it/s, est. speed input: 1151.75 toks/s, output: 3165.94 toks/s]
[2026-05-09 08:45:21] 
Processed prompts:  90%|████████▉ | 115/128 [00:12<00:00, 30.65it/s, est. speed input: 1203.75 toks/s, output: 3619.72 toks/s]
[2026-05-09 08:45:21] 
Processed prompts:  98%|█████████▊| 126/128 [00:12<00:00, 34.77it/s, est. speed input: 1345.42 toks/s, output: 4427.25 toks/s]
[2026-05-09 08:45:21] 
Processed prompts: 100%|██████████| 128/128 [00:13<00:00, 34.77it/s, est. speed input: 1353.64 toks/s, output: 4493.96 toks/s]
Processed prompts: 100%|██████████| 128/128 [00:13<00:00,  9.80it/s, est. speed input: 1353.64 toks/s, output: 4493.96 toks/s]
[2026-05-09 08:45:21] 
Generating:  78%|███████▊  | 128/164 [00:13<00:03,  9.73sample/s]
Generating:  78%|███████▊  | 128/164 [00:13<00:03,  9.73sample/s, chunk=1/2, rate=9.73/s, written=128]
[2026-05-09 08:45:21] 
Rendering prompts:   0%|          | 0/36 [00:00<?, ?it/s]
Rendering prompts: 100%|██████████| 36/36 [00:00<00:00, 2011.23it/s]
[2026-05-09 08:45:21] 
[2026-05-09 08:45:22] 
Processed prompts:   0%|          | 0/36 [00:00<?, ?it/s, est. speed input: 0.00 toks/s, output: 0.00 toks/s]
[2026-05-09 08:45:23] 
Processed prompts:   3%|▎         | 1/36 [00:01<00:35,  1.02s/it, est. speed input: 106.05 toks/s, output: 16.69 toks/s]
[2026-05-09 08:45:23] 
Processed prompts:   6%|▌         | 2/36 [00:01<00:17,  1.97it/s, est. speed input: 155.86 toks/s, output: 32.54 toks/s]
[2026-05-09 08:45:23] 
Processed prompts:  11%|█         | 4/36 [00:01<00:07,  4.25it/s, est. speed input: 272.30 toks/s, output: 62.37 toks/s]
[2026-05-09 08:45:23] 
Processed prompts:  14%|█▍        | 5/36 [00:01<00:07,  4.20it/s, est. speed input: 340.09 toks/s, output: 74.43 toks/s]
[2026-05-09 08:45:23] 
Processed prompts:  19%|█▉        | 7/36 [00:01<00:04,  6.22it/s, est. speed input: 570.11 toks/s, output: 106.16 toks/s]
[2026-05-09 08:45:23] 
Processed prompts:  22%|██▏       | 8/36 [00:01<00:04,  6.38it/s, est. speed input: 593.62 toks/s, output: 116.78 toks/s]
[2026-05-09 08:45:24] 
Processed prompts:  25%|██▌       | 9/36 [00:02<00:05,  5.25it/s, est. speed input: 562.16 toks/s, output: 121.80 toks/s]
[2026-05-09 08:45:25] 
Processed prompts:  36%|███▌      | 13/36 [00:02<00:04,  5.29it/s, est. speed input: 593.67 toks/s, output: 158.98 toks/s]
[2026-05-09 08:45:25] 
Processed prompts:  39%|███▉      | 14/36 [00:03<00:04,  4.49it/s, est. speed input: 565.48 toks/s, output: 160.43 toks/s]
[2026-05-09 08:45:25] 
Processed prompts:  47%|████▋     | 17/36 [00:03<00:02,  6.80it/s, est. speed input: 640.07 toks/s, output: 218.35 toks/s]
[2026-05-09 08:45:26] 
Processed prompts:  53%|█████▎    | 19/36 [00:03<00:02,  6.25it/s, est. speed input: 646.76 toks/s, output: 250.84 toks/s]
[2026-05-09 08:45:26] 
Processed prompts:  56%|█████▌    | 20/36 [00:04<00:03,  4.71it/s, est. speed input: 605.51 toks/s, output: 252.59 toks/s](Worker_TP0 pid=48751) /mnt/workspace/venvs/.teacherVenv/lib/python3.12/site-packages/vllm/model_executor/layers/fla/ops/utils.py:113: UserWarning: Input tensor shape suggests potential format mismatch: seq_len (2) < num_heads (4). This may indicate the inputs were passed in head-first format [B, H, T, ...] when head_first=False was specified. Please verify your input tensor format matches the expected shape [B, T, H, ...].
[2026-05-09 08:45:26] (Worker_TP0 pid=48751)   return fn(*contiguous_args, **contiguous_kwargs)
[2026-05-09 08:45:26] (Worker_TP4 pid=48794) (Worker_TP1 pid=48758) (Worker_TP3 pid=48780) /mnt/workspace/venvs/.teacherVenv/lib/python3.12/site-packages/vllm/model_executor/layers/fla/ops/utils.py:113: UserWarning: Input tensor shape suggests potential format mismatch: seq_len (2) < num_heads (4). This may indicate the inputs were passed in head-first format [B, H, T, ...] when head_first=False was specified. Please verify your input tensor format matches the expected shape [B, T, H, ...].
[2026-05-09 08:45:26] /mnt/workspace/venvs/.teacherVenv/lib/python3.12/site-packages/vllm/model_executor/layers/fla/ops/utils.py:113: UserWarning: Input tensor shape suggests potential format mismatch: seq_len (2) < num_heads (4). This may indicate the inputs were passed in head-first format [B, H, T, ...] when head_first=False was specified. Please verify your input tensor format matches the expected shape [B, T, H, ...].
[2026-05-09 08:45:26] (Worker_TP1 pid=48758) (Worker_TP3 pid=48780)   return fn(*contiguous_args, **contiguous_kwargs)
[2026-05-09 08:45:26]   return fn(*contiguous_args, **contiguous_kwargs)
[2026-05-09 08:45:26] (Worker_TP5 pid=48807) /mnt/workspace/venvs/.teacherVenv/lib/python3.12/site-packages/vllm/model_executor/layers/fla/ops/utils.py:113: UserWarning: Input tensor shape suggests potential format mismatch: seq_len (2) < num_heads (4). This may indicate the inputs were passed in head-first format [B, H, T, ...] when head_first=False was specified. Please verify your input tensor format matches the expected shape [B, T, H, ...].
[2026-05-09 08:45:26] (Worker_TP4 pid=48794)   return fn(*contiguous_args, **contiguous_kwargs)
[2026-05-09 08:45:26] /mnt/workspace/venvs/.teacherVenv/lib/python3.12/site-packages/vllm/model_executor/layers/fla/ops/utils.py:113: UserWarning: Input tensor shape suggests potential format mismatch: seq_len (2) < num_heads (4). This may indicate the inputs were passed in head-first format [B, H, T, ...] when head_first=False was specified. Please verify your input tensor format matches the expected shape [B, T, H, ...].
[2026-05-09 08:45:26] (Worker_TP5 pid=48807)   return fn(*contiguous_args, **contiguous_kwargs)
[2026-05-09 08:45:26] (Worker_TP2 pid=48767) /mnt/workspace/venvs/.teacherVenv/lib/python3.12/site-packages/vllm/model_executor/layers/fla/ops/utils.py:113: UserWarning: Input tensor shape suggests potential format mismatch: seq_len (2) < num_heads (4). This may indicate the inputs were passed in head-first format [B, H, T, ...] when head_first=False was specified. Please verify your input tensor format matches the expected shape [B, T, H, ...].
[2026-05-09 08:45:26] (Worker_TP2 pid=48767)   return fn(*contiguous_args, **contiguous_kwargs)
[2026-05-09 08:45:26] (Worker_TP7 pid=48834) /mnt/workspace/venvs/.teacherVenv/lib/python3.12/site-packages/vllm/model_executor/layers/fla/ops/utils.py:113: UserWarning: Input tensor shape suggests potential format mismatch: seq_len (2) < num_heads (4). This may indicate the inputs were passed in head-first format [B, H, T, ...] when head_first=False was specified. Please verify your input tensor format matches the expected shape [B, T, H, ...].
[2026-05-09 08:45:26] (Worker_TP7 pid=48834)   return fn(*contiguous_args, **contiguous_kwargs)
[2026-05-09 08:45:26] (Worker_TP6 pid=48821) /mnt/workspace/venvs/.teacherVenv/lib/python3.12/site-packages/vllm/model_executor/layers/fla/ops/utils.py:113: UserWarning: Input tensor shape suggests potential format mismatch: seq_len (2) < num_heads (4). This may indicate the inputs were passed in head-first format [B, H, T, ...] when head_first=False was specified. Please verify your input tensor format matches the expected shape [B, T, H, ...].
[2026-05-09 08:45:26] (Worker_TP6 pid=48821)   return fn(*contiguous_args, **contiguous_kwargs)
[2026-05-09 08:45:26] 
[2026-05-09 08:45:26] 
Processed prompts:  58%|█████▊    | 21/36 [00:04<00:03,  4.78it/s, est. speed input: 601.05 toks/s, output: 262.56 toks/s](Worker_TP2 pid=48767) (Worker_TP4 pid=48794) (Worker_TP1 pid=48758) /mnt/workspace/venvs/.teacherVenv/lib/python3.12/site-packages/torch/_dynamo/eval_frame.py:1181: UserWarning: Input tensor shape suggests potential format mismatch: seq_len (1) < num_heads (2). This may indicate the inputs were passed in head-first format [B, H, T, ...] Please verify your input tensor format matches the expected shape [B, T, H, ...].
[2026-05-09 08:45:26] /mnt/workspace/venvs/.teacherVenv/lib/python3.12/site-packages/torch/_dynamo/eval_frame.py:1181: UserWarning: Input tensor shape suggests potential format mismatch: seq_len (1) < num_heads (2). This may indicate the inputs were passed in head-first format [B, H, T, ...] Please verify your input tensor format matches the expected shape [B, T, H, ...].
[2026-05-09 08:45:26] /mnt/workspace/venvs/.teacherVenv/lib/python3.12/site-packages/torch/_dynamo/eval_frame.py:1181: UserWarning: Input tensor shape suggests potential format mismatch: seq_len (1) < num_heads (2). This may indicate the inputs were passed in head-first format [B, H, T, ...] Please verify your input tensor format matches the expected shape [B, T, H, ...].
[2026-05-09 08:45:26] (Worker_TP2 pid=48767) (Worker_TP4 pid=48794) (Worker_TP1 pid=48758)   return fn(*args, **kwargs)
[2026-05-09 08:45:26]   return fn(*args, **kwargs)
[2026-05-09 08:45:26]   return fn(*args, **kwargs)
[2026-05-09 08:45:26] (Worker_TP3 pid=48780) /mnt/workspace/venvs/.teacherVenv/lib/python3.12/site-packages/torch/_dynamo/eval_frame.py:1181: UserWarning: Input tensor shape suggests potential format mismatch: seq_len (1) < num_heads (2). This may indicate the inputs were passed in head-first format [B, H, T, ...] Please verify your input tensor format matches the expected shape [B, T, H, ...].
[2026-05-09 08:45:26] (Worker_TP3 pid=48780)   return fn(*args, **kwargs)
[2026-05-09 08:45:26] (Worker_TP0 pid=48751) /mnt/workspace/venvs/.teacherVenv/lib/python3.12/site-packages/torch/_dynamo/eval_frame.py:1181: UserWarning: Input tensor shape suggests potential format mismatch: seq_len (1) < num_heads (2). This may indicate the inputs were passed in head-first format [B, H, T, ...] Please verify your input tensor format matches the expected shape [B, T, H, ...].
[2026-05-09 08:45:26] (Worker_TP2 pid=48767) (Worker_TP0 pid=48751)   return fn(*args, **kwargs)
[2026-05-09 08:45:26] /mnt/workspace/venvs/.teacherVenv/lib/python3.12/site-packages/vllm/model_executor/layers/fla/ops/utils.py:113: UserWarning: Input tensor shape suggests potential format mismatch: seq_len (1) < num_heads (4). This may indicate the inputs were passed in head-first format [B, H, T, ...] when head_first=False was specified. Please verify your input tensor format matches the expected shape [B, T, H, ...].
[2026-05-09 08:45:26] (Worker_TP2 pid=48767)   return fn(*contiguous_args, **contiguous_kwargs)
[2026-05-09 08:45:26] (Worker_TP4 pid=48794) (Worker_TP1 pid=48758) /mnt/workspace/venvs/.teacherVenv/lib/python3.12/site-packages/vllm/model_executor/layers/fla/ops/utils.py:113: UserWarning: Input tensor shape suggests potential format mismatch: seq_len (1) < num_heads (4). This may indicate the inputs were passed in head-first format [B, H, T, ...] when head_first=False was specified. Please verify your input tensor format matches the expected shape [B, T, H, ...].
[2026-05-09 08:45:26] /mnt/workspace/venvs/.teacherVenv/lib/python3.12/site-packages/vllm/model_executor/layers/fla/ops/utils.py:113: UserWarning: Input tensor shape suggests potential format mismatch: seq_len (1) < num_heads (4). This may indicate the inputs were passed in head-first format [B, H, T, ...] when head_first=False was specified. Please verify your input tensor format matches the expected shape [B, T, H, ...].
[2026-05-09 08:45:26] (Worker_TP4 pid=48794) (Worker_TP1 pid=48758)   return fn(*contiguous_args, **contiguous_kwargs)
[2026-05-09 08:45:26]   return fn(*contiguous_args, **contiguous_kwargs)
[2026-05-09 08:45:26] (Worker_TP3 pid=48780) /mnt/workspace/venvs/.teacherVenv/lib/python3.12/site-packages/vllm/model_executor/layers/fla/ops/utils.py:113: UserWarning: Input tensor shape suggests potential format mismatch: seq_len (1) < num_heads (4). This may indicate the inputs were passed in head-first format [B, H, T, ...] when head_first=False was specified. Please verify your input tensor format matches the expected shape [B, T, H, ...].
[2026-05-09 08:45:26] (Worker_TP3 pid=48780)   return fn(*contiguous_args, **contiguous_kwargs)
[2026-05-09 08:45:26] (Worker_TP5 pid=48807) (Worker_TP7 pid=48834) /mnt/workspace/venvs/.teacherVenv/lib/python3.12/site-packages/torch/_dynamo/eval_frame.py:1181: UserWarning: Input tensor shape suggests potential format mismatch: seq_len (1) < num_heads (2). This may indicate the inputs were passed in head-first format [B, H, T, ...] Please verify your input tensor format matches the expected shape [B, T, H, ...].
[2026-05-09 08:45:26] (Worker_TP5 pid=48807) /mnt/workspace/venvs/.teacherVenv/lib/python3.12/site-packages/torch/_dynamo/eval_frame.py:1181: UserWarning: Input tensor shape suggests potential format mismatch: seq_len (1) < num_heads (2). This may indicate the inputs were passed in head-first format [B, H, T, ...] Please verify your input tensor format matches the expected shape [B, T, H, ...].
[2026-05-09 08:45:26] (Worker_TP7 pid=48834)   return fn(*args, **kwargs)
[2026-05-09 08:45:26]   return fn(*args, **kwargs)
[2026-05-09 08:45:26] (Worker_TP0 pid=48751) /mnt/workspace/venvs/.teacherVenv/lib/python3.12/site-packages/vllm/model_executor/layers/fla/ops/utils.py:113: UserWarning: Input tensor shape suggests potential format mismatch: seq_len (1) < num_heads (4). This may indicate the inputs were passed in head-first format [B, H, T, ...] when head_first=False was specified. Please verify your input tensor format matches the expected shape [B, T, H, ...].
[2026-05-09 08:45:26] (Worker_TP0 pid=48751)   return fn(*contiguous_args, **contiguous_kwargs)
[2026-05-09 08:45:26] (Worker_TP5 pid=48807) /mnt/workspace/venvs/.teacherVenv/lib/python3.12/site-packages/vllm/model_executor/layers/fla/ops/utils.py:113: UserWarning: Input tensor shape suggests potential format mismatch: seq_len (1) < num_heads (4). This may indicate the inputs were passed in head-first format [B, H, T, ...] when head_first=False was specified. Please verify your input tensor format matches the expected shape [B, T, H, ...].
[2026-05-09 08:45:26] (Worker_TP5 pid=48807)   return fn(*contiguous_args, **contiguous_kwargs)
[2026-05-09 08:45:26] (Worker_TP7 pid=48834) /mnt/workspace/venvs/.teacherVenv/lib/python3.12/site-packages/vllm/model_executor/layers/fla/ops/utils.py:113: UserWarning: Input tensor shape suggests potential format mismatch: seq_len (1) < num_heads (4). This may indicate the inputs were passed in head-first format [B, H, T, ...] when head_first=False was specified. Please verify your input tensor format matches the expected shape [B, T, H, ...].
[2026-05-09 08:45:26] (Worker_TP7 pid=48834)   return fn(*contiguous_args, **contiguous_kwargs)
[2026-05-09 08:45:26] (Worker_TP6 pid=48821) /mnt/workspace/venvs/.teacherVenv/lib/python3.12/site-packages/torch/_dynamo/eval_frame.py:1181: UserWarning: Input tensor shape suggests potential format mismatch: seq_len (1) < num_heads (2). This may indicate the inputs were passed in head-first format [B, H, T, ...] Please verify your input tensor format matches the expected shape [B, T, H, ...].
[2026-05-09 08:45:26] (Worker_TP6 pid=48821)   return fn(*args, **kwargs)
[2026-05-09 08:45:26] (Worker_TP6 pid=48821) /mnt/workspace/venvs/.teacherVenv/lib/python3.12/site-packages/vllm/model_executor/layers/fla/ops/utils.py:113: UserWarning: Input tensor shape suggests potential format mismatch: seq_len (1) < num_heads (4). This may indicate the inputs were passed in head-first format [B, H, T, ...] when head_first=False was specified. Please verify your input tensor format matches the expected shape [B, T, H, ...].
[2026-05-09 08:45:26] (Worker_TP6 pid=48821)   return fn(*contiguous_args, **contiguous_kwargs)
[2026-05-09 08:45:26] 
[2026-05-09 08:45:26] 
Processed prompts:  61%|██████    | 22/36 [00:04<00:02,  4.83it/s, est. speed input: 635.65 toks/s, output: 275.25 toks/s](Worker_TP2 pid=48767) (Worker_TP0 pid=48751) /mnt/workspace/venvs/.teacherVenv/lib/python3.12/site-packages/vllm/model_executor/layers/fla/ops/utils.py:113: UserWarning: Input tensor shape suggests potential format mismatch: seq_len (3) < num_heads (4). This may indicate the inputs were passed in head-first format [B, H, T, ...] when head_first=False was specified. Please verify your input tensor format matches the expected shape [B, T, H, ...].
[2026-05-09 08:45:26] (Worker_TP0 pid=48751)   return fn(*contiguous_args, **contiguous_kwargs)
[2026-05-09 08:45:26] (Worker_TP1 pid=48758) (Worker_TP3 pid=48780) /mnt/workspace/venvs/.teacherVenv/lib/python3.12/site-packages/vllm/model_executor/layers/fla/ops/utils.py:113: UserWarning: Input tensor shape suggests potential format mismatch: seq_len (3) < num_heads (4). This may indicate the inputs were passed in head-first format [B, H, T, ...] when head_first=False was specified. Please verify your input tensor format matches the expected shape [B, T, H, ...].
[2026-05-09 08:45:26] /mnt/workspace/venvs/.teacherVenv/lib/python3.12/site-packages/vllm/model_executor/layers/fla/ops/utils.py:113: UserWarning: Input tensor shape suggests potential format mismatch: seq_len (3) < num_heads (4). This may indicate the inputs were passed in head-first format [B, H, T, ...] when head_first=False was specified. Please verify your input tensor format matches the expected shape [B, T, H, ...].
[2026-05-09 08:45:26] (Worker_TP2 pid=48767) /mnt/workspace/venvs/.teacherVenv/lib/python3.12/site-packages/vllm/model_executor/layers/fla/ops/utils.py:113: UserWarning: Input tensor shape suggests potential format mismatch: seq_len (3) < num_heads (4). This may indicate the inputs were passed in head-first format [B, H, T, ...] when head_first=False was specified. Please verify your input tensor format matches the expected shape [B, T, H, ...].
[2026-05-09 08:45:26] (Worker_TP4 pid=48794) (Worker_TP1 pid=48758)   return fn(*contiguous_args, **contiguous_kwargs)
[2026-05-09 08:45:26] (Worker_TP3 pid=48780)   return fn(*contiguous_args, **contiguous_kwargs)
[2026-05-09 08:45:26]   return fn(*contiguous_args, **contiguous_kwargs)
[2026-05-09 08:45:26] /mnt/workspace/venvs/.teacherVenv/lib/python3.12/site-packages/vllm/model_executor/layers/fla/ops/utils.py:113: UserWarning: Input tensor shape suggests potential format mismatch: seq_len (3) < num_heads (4). This may indicate the inputs were passed in head-first format [B, H, T, ...] when head_first=False was specified. Please verify your input tensor format matches the expected shape [B, T, H, ...].
[2026-05-09 08:45:26] (Worker_TP4 pid=48794)   return fn(*contiguous_args, **contiguous_kwargs)
[2026-05-09 08:45:26] (Worker_TP5 pid=48807) /mnt/workspace/venvs/.teacherVenv/lib/python3.12/site-packages/vllm/model_executor/layers/fla/ops/utils.py:113: UserWarning: Input tensor shape suggests potential format mismatch: seq_len (3) < num_heads (4). This may indicate the inputs were passed in head-first format [B, H, T, ...] when head_first=False was specified. Please verify your input tensor format matches the expected shape [B, T, H, ...].
[2026-05-09 08:45:26] (Worker_TP5 pid=48807)   return fn(*contiguous_args, **contiguous_kwargs)
[2026-05-09 08:45:26] (Worker_TP7 pid=48834) /mnt/workspace/venvs/.teacherVenv/lib/python3.12/site-packages/vllm/model_executor/layers/fla/ops/utils.py:113: UserWarning: Input tensor shape suggests potential format mismatch: seq_len (3) < num_heads (4). This may indicate the inputs were passed in head-first format [B, H, T, ...] when head_first=False was specified. Please verify your input tensor format matches the expected shape [B, T, H, ...].
[2026-05-09 08:45:26] (Worker_TP7 pid=48834)   return fn(*contiguous_args, **contiguous_kwargs)
[2026-05-09 08:45:26] (Worker_TP6 pid=48821) /mnt/workspace/venvs/.teacherVenv/lib/python3.12/site-packages/vllm/model_executor/layers/fla/ops/utils.py:113: UserWarning: Input tensor shape suggests potential format mismatch: seq_len (3) < num_heads (4). This may indicate the inputs were passed in head-first format [B, H, T, ...] when head_first=False was specified. Please verify your input tensor format matches the expected shape [B, T, H, ...].
[2026-05-09 08:45:26] (Worker_TP6 pid=48821)   return fn(*contiguous_args, **contiguous_kwargs)
[2026-05-09 08:45:27] 
[2026-05-09 08:45:29] 
Processed prompts:  64%|██████▍   | 23/36 [00:05<00:03,  3.53it/s, est. speed input: 612.14 toks/s, output: 275.17 toks/s]
[2026-05-09 08:45:29] 
Processed prompts:  69%|██████▉   | 25/36 [00:07<00:06,  1.69it/s, est. speed input: 468.34 toks/s, output: 263.00 toks/s]
[2026-05-09 08:45:29] 
Processed prompts:  72%|███████▏  | 26/36 [00:07<00:05,  1.85it/s, est. speed input: 460.51 toks/s, output: 272.64 toks/s]
[2026-05-09 08:45:30] 
Processed prompts:  75%|███████▌  | 27/36 [00:08<00:04,  2.00it/s, est. speed input: 458.64 toks/s, output: 387.82 toks/s]
[2026-05-09 08:45:30] 
Processed prompts:  81%|████████  | 29/36 [00:08<00:02,  3.02it/s, est. speed input: 516.38 toks/s, output: 630.10 toks/s]
[2026-05-09 08:45:30] 
Processed prompts:  86%|████████▌ | 31/36 [00:08<00:01,  4.38it/s, est. speed input: 552.01 toks/s, output: 869.04 toks/s]
[2026-05-09 08:45:30] 
Processed prompts:  92%|█████████▏| 33/36 [00:08<00:00,  5.76it/s, est. speed input: 584.12 toks/s, output: 1097.85 toks/s]
[2026-05-09 08:45:30] 
Processed prompts: 100%|██████████| 36/36 [00:08<00:00,  8.05it/s, est. speed input: 650.40 toks/s, output: 1433.05 toks/s]
[2026-05-09 08:45:30] 
Processed prompts: 100%|██████████| 36/36 [00:08<00:00,  8.05it/s, est. speed input: 650.40 toks/s, output: 1433.05 toks/s]
Processed prompts: 100%|██████████| 36/36 [00:08<00:00,  4.19it/s, est. speed input: 650.40 toks/s, output: 1433.05 toks/s]
[2026-05-09 08:45:30] 
Generating: 100%|██████████| 164/164 [00:21<00:00,  7.04sample/s, chunk=1/2, rate=9.73/s, written=128]
Generating: 100%|██████████| 164/164 [00:21<00:00,  7.04sample/s, chunk=2/2, rate=7.53/s, written=164]
Generating: 100%|██████████| 164/164 [00:21<00:00,  7.53sample/s, chunk=2/2, rate=7.53/s, written=164]
[2026-05-09 08:45:30] [done] wrote 164 rows to /mnt/data/ebft-distribution-new/outputs/diff_dataset/diff_g2_no_teacher_vicinal_dlc1nta2oa0ac22v/supplement_logs/humaneval/eval_results_humaneval_pass1_0509_0843.jsonl
[2026-05-09 08:45:30] (EngineCore pid=48581) INFO 05-09 08:45:29 [core.py:1210] Shutdown initiated (timeout=0)
[2026-05-09 08:45:30] (EngineCore pid=48581) INFO 05-09 08:45:29 [core.py:1233] Shutdown complete
[2026-05-09 08:45:30] (Worker_TP2 pid=48767) (Worker_TP3 pid=48780) INFO 05-09 08:45:29 [multiproc_executor.py:859] WorkerProc shutting down.
[2026-05-09 08:45:30] INFO 05-09 08:45:29 [multiproc_executor.py:859] WorkerProc shutting down.
[2026-05-09 08:45:30] (Worker_TP1 pid=48758) INFO 05-09 08:45:29 [multiproc_executor.py:859] WorkerProc shutting down.
[2026-05-09 08:45:30] (Worker_TP0 pid=48751) INFO 05-09 08:45:29 [multiproc_executor.py:764] Parent process exited, terminating worker queues
[2026-05-09 08:45:30] (Worker_TP7 pid=48834) INFO 05-09 08:45:29 [multiproc_executor.py:859] WorkerProc shutting down.
[2026-05-09 08:45:30] (Worker_TP5 pid=48807) INFO 05-09 08:45:29 [multiproc_executor.py:859] WorkerProc shutting down.
[2026-05-09 08:45:30] (Worker_TP6 pid=48821) INFO 05-09 08:45:29 [multiproc_executor.py:859] WorkerProc shutting down.
[2026-05-09 08:45:30] (Worker_TP4 pid=48794) INFO 05-09 08:45:29 [multiproc_executor.py:859] WorkerProc shutting down.
[2026-05-09 08:45:30] (Worker_TP0 pid=48751) INFO 05-09 08:45:29 [multiproc_executor.py:859] WorkerProc shutting down.
[2026-05-09 08:45:30] dlc1nta2oa0ac22v-master-0:48758:48758 [1] NCCL INFO comm 0x55867f6b2d70 rank 1 nranks 8 cudaDev 1 busId 4000 - Destroy COMPLETE
[2026-05-09 08:45:30] dlc1nta2oa0ac22v-master-0:48751:48751 [0] NCCL INFO comm 0x5611665f8a30 rank 0 nranks 8 cudaDev 0 busId 3000 - Destroy COMPLETE
[2026-05-09 08:45:30] dlc1nta2oa0ac22v-master-0:48767:48767 [2] NCCL INFO comm 0x55a5183be030 rank 2 nranks 8 cudaDev 2 busId 9000 - Destroy COMPLETE
[2026-05-09 08:45:30] dlc1nta2oa0ac22v-master-0:48794:48794 [4] NCCL INFO comm 0x55967e09c260 rank 4 nranks 8 cudaDev 4 busId 10000 - Destroy COMPLETE
[2026-05-09 08:45:30] dlc1nta2oa0ac22v-master-0:48807:48807 [5] NCCL INFO comm 0x55f026576eb0 rank 5 nranks 8 cudaDev 5 busId 11000 - Destroy COMPLETE
[2026-05-09 08:45:30] dlc1nta2oa0ac22v-master-0:48834:48834 [7] NCCL INFO comm 0x55ec211cd5c0 rank 7 nranks 8 cudaDev 7 busId 17000 - Destroy COMPLETE
[2026-05-09 08:45:30] dlc1nta2oa0ac22v-master-0:48821:48821 [6] NCCL INFO comm 0x55a02f9a8ab0 rank 6 nranks 8 cudaDev 6 busId 16000 - Destroy COMPLETE
[2026-05-09 08:45:30] dlc1nta2oa0ac22v-master-0:48780:48780 [3] NCCL INFO comm 0x55d2a4ec7de0 rank 3 nranks 8 cudaDev 3 busId a000 - Destroy COMPLETE
[2026-05-09 08:45:36] [2026-05-09 08:45:36,306 AIMaster] (pod_manager.py 415) INFO: Pod Category Summary (Total pods: 2)
[2026-05-09 08:45:36] | Category           |   Count | Percentage   | Pods                                                   |
[2026-05-09 08:45:36] |--------------------|---------|--------------|--------------------------------------------------------|
[2026-05-09 08:45:36] | Running            |       2 | 100.0%       | [dlc1nta2oa0ac22v-master-0, dlc1nta2oa0ac22v-worker-0] |
[2026-05-09 08:45:36] | Pending            |       0 | 0.0%         |                                                        |
[2026-05-09 08:45:36] | Succeeded          |       0 | 0.0%         |                                                        |
[2026-05-09 08:45:36] | Failed             |       0 | 0.0%         |                                                        |
[2026-05-09 08:45:36] | Terminating        |       0 | 0.0%         |                                                        |
[2026-05-09 08:45:36] | Scheduler_evicting |       0 | 0.0%         |                                                        |
[2026-05-09 08:45:36] | Aiph_node_error    |       0 | 0.0%         |                                                        |
[2026-05-09 08:45:36] | Unknown            |       0 | 0.0%         |                                                        |
[2026-05-09 08:45:36] 
[2026-05-09 08:45:36] [2026-05-09 08:45:36,306 AIMaster] (job_monitor_controller_k8s.py 1099) INFO: All workers: 2, running: 2, failed: 0, pending: 0
[2026-05-09 08:45:36] /usr/local/lib/python3.12/multiprocessing/resource_tracker.py:279: UserWarning: resource_tracker: There appear to be 8 leaked semaphore objects to clean up at shutdown
[2026-05-09 08:45:36]   warnings.warn('resource_tracker: There appear to be %d '
[2026-05-09 08:45:36] /usr/local/lib/python3.12/multiprocessing/resource_tracker.py:279: UserWarning: resource_tracker: There appear to be 2 leaked shared_memory objects to clean up at shutdown
[2026-05-09 08:45:36]   warnings.warn('resource_tracker: There appear to be %d '
[2026-05-09 08:45:37] [code-pass1-humaneval] vLLM completed (attempt 1)
[2026-05-09 08:45:37] 
[2026-05-09 08:45:37] ===== Executing code benchmark tests =====
[2026-05-09 08:45:37] /mnt/workspace/venvs/.venv/lib/python3.12/site-packages/torch/cuda/__init__.py:61: FutureWarning: The pynvml package is deprecated. Please install nvidia-ml-py instead. If you did not install pynvml directly, please report this to the maintainers of the package that installed pynvml for you.
[2026-05-09 08:45:37]   import pynvml  # type: ignore[import]
[2026-05-09 08:45:50] {
[2026-05-09 08:45:50]   "benchmark": "HumanEval",
[2026-05-09 08:45:50]   "total": 164,
[2026-05-09 08:45:50]   "result_rows": 164,
[2026-05-09 08:45:50]   "matched_outputs": 164,
[2026-05-09 08:45:50]   "correct": 4,
[2026-05-09 08:45:50]   "accuracy": 0.024390243902439025,
[2026-05-09 08:45:50]   "accuracy_pct": 2.44,
[2026-05-09 08:45:50]   "temperature": 0.0,
[2026-05-09 08:45:50]   "n_samples": 1,
[2026-05-09 08:45:50]   "max_new_tokens": 1024,
[2026-05-09 08:45:50]   "timeout_seconds": 10,
[2026-05-09 08:45:50]   "error_counts": {
[2026-05-09 08:45:50]     "syntax": 96,
[2026-05-09 08:45:50]     "test_failure": 64,
[2026-05-09 08:45:50]     "ok": 4
[2026-05-09 08:45:50]   },
[2026-05-09 08:45:50]   "source_jsonl": "/mnt/data/ebft-distribution-new/outputs/diff_dataset_prepared/humaneval_eval_qa.jsonl",
[2026-05-09 08:45:50]   "results_jsonl": "/mnt/data/ebft-distribution-new/outputs/diff_dataset/diff_g2_no_teacher_vicinal_dlc1nta2oa0ac22v/supplement_logs/humaneval/eval_results_humaneval_pass1_0509_0843.jsonl"
[2026-05-09 08:45:50] }
[2026-05-09 08:45:51] 
[2026-05-09 08:45:51] ========== Code pass@1 eval done ==========
[2026-05-09 08:45:51] Results: /mnt/data/ebft-distribution-new/outputs/diff_dataset/diff_g2_no_teacher_vicinal_dlc1nta2oa0ac22v/supplement_logs/humaneval/eval_results_humaneval_pass1_0509_0843.jsonl
[2026-05-09 08:45:51] Report:  /mnt/data/ebft-distribution-new/outputs/diff_dataset/diff_g2_no_teacher_vicinal_dlc1nta2oa0ac22v/supplement_logs/humaneval/code_eval_report_humaneval_pass1_0509_0843.json
[2026-05-09 08:45:51] Details: /mnt/data/ebft-distribution-new/outputs/diff_dataset/diff_g2_no_teacher_vicinal_dlc1nta2oa0ac22v/supplement_logs/humaneval/code_eval_details_humaneval_pass1_0509_0843.jsonl
[2026-05-09 08:45:51] 
[2026-05-09 08:45:51] ========== Code post-eval datasets completed ==========
[2026-05-09 08:45:51] [archive] moving run outputs to: /mnt/data/ebft-teacher-distribution/outputs_diff_dataset_g2_no_teacher_vicinal/diff_g2_no_teacher_vicinal_dlc1nta2oa0ac22v
[2026-05-09 08:45:52] [done] RUN_DIR=/mnt/data/ebft-teacher-distribution/outputs_diff_dataset_g2_no_teacher_vicinal/diff_g2_no_teacher_vicinal_dlc1nta2oa0ac22v FINAL_RC=0
[2026-05-09 08:46:01] [2026-05-09 08:46:01,419 AIMaster] (job_monitor_controller_k8s.py 1099) INFO: All workers: 2, running: 2, failed: 0, pending: 0
[2026-05-09 08:46:01] [2026-05-09 08:46:01,420 AIMaster] (ops_reported_error_detector.py 103) INFO: Detecting whether the job is affected by errors reported by ops platform.
[2026-05-09 08:46:02] [2026-05-09 08:46:02,122 AIMaster] (config.py 347) INFO: Try loading config from pai-aimaster-new configmap.
[2026-05-09 08:46:06] [2026-05-09 08:46:06,510 AIMaster] (job_monitor_controller_k8s.py 1099) INFO: All workers: 2, running: 2, failed: 0, pending: 0
[2026-05-09 08:46:16] [2026-05-09 08:46:16,586 AIMaster] (pod_manager.py 415) INFO: Pod Category Summary (Total pods: 2)
[2026-05-09 08:46:16] | Category           |   Count | Percentage   | Pods                        |
[2026-05-09 08:46:16] |--------------------|---------|--------------|-----------------------------|
[2026-05-09 08:46:16] | Running            |       1 | 50.0%        | [dlc1nta2oa0ac22v-worker-0] |
[2026-05-09 08:46:16] | Succeeded          |       1 | 50.0%        | [dlc1nta2oa0ac22v-master-0] |
[2026-05-09 08:46:16] | Pending            |       0 | 0.0%         |                             |
[2026-05-09 08:46:16] | Failed             |       0 | 0.0%         |                             |
[2026-05-09 08:46:16] | Terminating        |       0 | 0.0%         |                             |
[2026-05-09 08:46:16] | Scheduler_evicting |       0 | 0.0%         |                             |
[2026-05-09 08:46:16] | Aiph_node_error    |       0 | 0.0%         |                             |
[2026-05-09 08:46:16] | Unknown            |       0 | 0.0%         |                             |
[2026-05-09 08:46:16] 
[2026-05-09 08:46:16] [2026-05-09 08:46:16,587 AIMaster] (job_monitor_controller_k8s.py 1099) INFO: All workers: 2, running: 1, failed: 0, pending: 0
[2026-05-09 08:46:16] [2026-05-09 08:46:16,587 AIMaster] (ops_reported_error_detector.py 103) INFO: Detecting whether the job is affected by errors reported by ops platform.
[2026-05-09 08:46:21] [2026-05-09 08:46:21,669 AIMaster] (job_monitor_controller_k8s.py 1099) INFO: All workers: 2, running: 1, failed: 0, pending: 0
[2026-05-09 08:46:21] [2026-05-09 08:46:21,669 AIMaster] (ops_reported_error_detector.py 103) INFO: Detecting whether the job is affected by errors reported by ops platform.
[2026-05-09 08:46:36] [2026-05-09 08:46:36,791 AIMaster] (job_monitor_controller_k8s.py 1099) INFO: All workers: 2, running: 1, failed: 0, pending: 0
[2026-05-09 08:47:02] [2026-05-09 08:47:02,160 AIMaster] (config.py 347) INFO: Try loading config from pai-aimaster-new configmap.
[2026-05-09 08:47:06] [2026-05-09 08:47:06,906 AIMaster] (job_monitor_controller_k8s.py 1099) INFO: All workers: 2, running: 1, failed: 0, pending: 0
[2026-05-09 08:47:06] [2026-05-09 08:47:06,906 AIMaster] (aimaster_failover_controller.py 81) INFO: Detecting whether aimaster should be migrated.
[2026-05-09 08:47:38] [2026-05-09 08:47:37,089 AIMaster] (job_monitor_controller_k8s.py 1099) INFO: All workers: 2, running: 1, failed: 0, pending: 0
[2026-05-09 08:47:38] [2026-05-09 08:47:37,089 AIMaster] (ops_reported_error_detector.py 103) INFO: Detecting whether the job is affected by errors reported by ops platform.
[2026-05-09 08:47:52] [2026-05-09 08:47:51,134 AIMaster] (job_event_collector.py 135) WARNING: Failed to watch pods, exception: ("Connection broken: ConnectionResetError(104, 'Connection reset by peer')", ConnectionResetError(104, 'Connection reset by peer'))
[2026-05-09 08:48:03] [2026-05-09 08:48:02,197 AIMaster] (config.py 347) INFO: Try loading config from pai-aimaster-new configmap.
[2026-05-09 08:48:08] [2026-05-09 08:48:07,239 AIMaster] (job_monitor_controller_k8s.py 1099) INFO: All workers: 2, running: 1, failed: 0, pending: 0
[2026-05-09 08:48:38] [2026-05-09 08:48:37,417 AIMaster] (job_monitor_controller_k8s.py 1099) INFO: All workers: 2, running: 1, failed: 0, pending: 0
[2026-05-09 08:48:38] [2026-05-09 08:48:37,417 AIMaster] (ops_reported_error_detector.py 103) INFO: Detecting whether the job is affected by errors reported by ops platform.
[2026-05-09 08:49:03] [2026-05-09 08:49:02,232 AIMaster] (config.py 347) INFO: Try loading config from pai-aimaster-new configmap.
[2026-05-09 08:49:08] [2026-05-09 08:49:07,577 AIMaster] (job_monitor_controller_k8s.py 1099) INFO: All workers: 2, running: 1, failed: 0, pending: 0
[2026-05-09 08:49:08] [2026-05-09 08:49:07,577 AIMaster] (aimaster_failover_controller.py 81) INFO: Detecting whether aimaster should be migrated.
[2026-05-09 08:49:23] [2026-05-09 08:49:22,839 AIMaster] (job_event_collector.py 135) WARNING: Failed to watch pods, exception: ("Connection broken: ConnectionResetError(104, 'Connection reset by peer')", ConnectionResetError(104, 'Connection reset by peer'))
[2026-05-09 08:49:38] [2026-05-09 08:49:37,704 AIMaster] (job_monitor_controller_k8s.py 1099) INFO: All workers: 2, running: 1, failed: 0, pending: 0
[2026-05-09 08:49:38] [2026-05-09 08:49:37,705 AIMaster] (ops_reported_error_detector.py 103) INFO: Detecting whether the job is affected by errors reported by ops platform.
[2026-05-09 08:50:03] [2026-05-09 08:50:02,268 AIMaster] (config.py 347) INFO: Try loading config from pai-aimaster-new configmap.
[2026-05-09 08:50:08] [2026-05-09 08:50:07,979 AIMaster] (job_monitor_controller_k8s.py 1099) INFO: All workers: 2, running: 1, failed: 0, pending: 0
[2026-05-09 08:50:39] [2026-05-09 08:50:38,181 AIMaster] (job_monitor_controller_k8s.py 1099) INFO: All workers: 2, running: 1, failed: 0, pending: 0
[2026-05-09 08:50:39] [2026-05-09 08:50:38,181 AIMaster] (ops_reported_error_detector.py 103) INFO: Detecting whether the job is affected by errors reported by ops platform.
[2026-05-09 08:50:55] [2026-05-09 08:50:54,664 AIMaster] (job_event_collector.py 135) WARNING: Failed to watch pods, exception: ("Connection broken: ConnectionResetError(104, 'Connection reset by peer')", ConnectionResetError(104, 'Connection reset by peer'))
[2026-05-09 08:51:03] [2026-05-09 08:51:02,304 AIMaster] (config.py 347) INFO: Try loading config from pai-aimaster-new configmap.
[2026-05-09 08:51:09] [2026-05-09 08:51:08,342 AIMaster] (job_monitor_controller_k8s.py 1099) INFO: All workers: 2, running: 1, failed: 0, pending: 0
[2026-05-09 08:51:09] [2026-05-09 08:51:08,342 AIMaster] (aimaster_failover_controller.py 81) INFO: Detecting whether aimaster should be migrated.
[2026-05-09 08:51:39] [2026-05-09 08:51:38,467 AIMaster] (pod_manager.py 415) INFO: Pod Category Summary (Total pods: 2)
[2026-05-09 08:51:39] | Category           |   Count | Percentage   | Pods                        |
[2026-05-09 08:51:39] |--------------------|---------|--------------|-----------------------------|
[2026-05-09 08:51:39] | Running            |       1 | 50.0%        | [dlc1nta2oa0ac22v-worker-0] |
[2026-05-09 08:51:39] | Succeeded          |       1 | 50.0%        | [dlc1nta2oa0ac22v-master-0] |
[2026-05-09 08:51:39] | Pending            |       0 | 0.0%         |                             |
[2026-05-09 08:51:39] | Failed             |       0 | 0.0%         |                             |
[2026-05-09 08:51:39] | Terminating        |       0 | 0.0%         |                             |
[2026-05-09 08:51:39] | Scheduler_evicting |       0 | 0.0%         |                             |
[2026-05-09 08:51:39] | Aiph_node_error    |       0 | 0.0%         |                             |
[2026-05-09 08:51:39] | Unknown            |       0 | 0.0%         |                             |
[2026-05-09 08:51:39] 
[2026-05-09 08:51:39] [2026-05-09 08:51:38,467 AIMaster] (job_monitor_controller_k8s.py 1099) INFO: All workers: 2, running: 1, failed: 0, pending: 0
[2026-05-09 08:51:39] [2026-05-09 08:51:38,467 AIMaster] (ops_reported_error_detector.py 103) INFO: Detecting whether the job is affected by errors reported by ops platform.
[2026-05-09 08:52:03] [2026-05-09 08:52:02,341 AIMaster] (config.py 347) INFO: Try loading config from pai-aimaster-new configmap.
[2026-05-09 08:52:09] [2026-05-09 08:52:08,632 AIMaster] (job_monitor_controller_k8s.py 1099) INFO: All workers: 2, running: 1, failed: 0, pending: 0
[2026-05-09 08:52:27] [2026-05-09 08:52:26,707 AIMaster] (job_event_collector.py 135) WARNING: Failed to watch pods, exception: ("Connection broken: ConnectionResetError(104, 'Connection reset by peer')", ConnectionResetError(104, 'Connection reset by peer'))
[2026-05-09 08:52:39] [2026-05-09 08:52:38,792 AIMaster] (job_monitor_controller_k8s.py 1099) INFO: All workers: 2, running: 1, failed: 0, pending: 0
[2026-05-09 08:52:39] [2026-05-09 08:52:38,793 AIMaster] (ops_reported_error_detector.py 103) INFO: Detecting whether the job is affected by errors reported by ops platform.
[2026-05-09 08:53:03] [2026-05-09 08:53:02,375 AIMaster] (config.py 347) INFO: Try loading config from pai-aimaster-new configmap.
[2026-05-09 08:53:09] [2026-05-09 08:53:08,979 AIMaster] (job_monitor_controller_k8s.py 1099) INFO: All workers: 2, running: 1, failed: 0, pending: 0
[2026-05-09 08:53:09] [2026-05-09 08:53:08,979 AIMaster] (aimaster_failover_controller.py 81) INFO: Detecting whether aimaster should be migrated.
[2026-05-09 08:53:39] [2026-05-09 08:53:39,109 AIMaster] (job_monitor_controller_k8s.py 1099) INFO: All workers: 2, running: 1, failed: 0, pending: 0
[2026-05-09 08:53:39] [2026-05-09 08:53:39,109 AIMaster] (ops_reported_error_detector.py 103) INFO: Detecting whether the job is affected by errors reported by ops platform.
[2026-05-09 08:53:59] [2026-05-09 08:53:58,522 AIMaster] (job_event_collector.py 135) WARNING: Failed to watch pods, exception: ("Connection broken: ConnectionResetError(104, 'Connection reset by peer')", ConnectionResetError(104, 'Connection reset by peer'))
[2026-05-09 08:54:03] [2026-05-09 08:54:02,411 AIMaster] (config.py 347) INFO: Try loading config from pai-aimaster-new configmap.
[2026-05-09 08:54:09] [2026-05-09 08:54:09,277 AIMaster] (job_monitor_controller_k8s.py 1099) INFO: All workers: 2, running: 1, failed: 0, pending: 0
[2026-05-09 08:54:40] [2026-05-09 08:54:39,397 AIMaster] (job_monitor_controller_k8s.py 1099) INFO: All workers: 2, running: 1, failed: 0, pending: 0
[2026-05-09 08:54:40] [2026-05-09 08:54:39,397 AIMaster] (ops_reported_error_detector.py 103) INFO: Detecting whether the job is affected by errors reported by ops platform.
[2026-05-09 08:55:03] [2026-05-09 08:55:02,447 AIMaster] (config.py 347) INFO: Try loading config from pai-aimaster-new configmap.
[2026-05-09 08:55:10] [2026-05-09 08:55:09,561 AIMaster] (job_monitor_controller_k8s.py 1099) INFO: All workers: 2, running: 1, failed: 0, pending: 0
[2026-05-09 08:55:10] [2026-05-09 08:55:09,561 AIMaster] (aimaster_failover_controller.py 81) INFO: Detecting whether aimaster should be migrated.
[2026-05-09 08:55:31] [2026-05-09 08:55:30,363 AIMaster] (job_event_collector.py 135) WARNING: Failed to watch pods, exception: ("Connection broken: ConnectionResetError(104, 'Connection reset by peer')", ConnectionResetError(104, 'Connection reset by peer'))
[2026-05-09 08:55:40] [2026-05-09 08:55:39,945 AIMaster] (job_monitor_controller_k8s.py 1099) INFO: All workers: 2, running: 1, failed: 0, pending: 0
[2026-05-09 08:55:40] [2026-05-09 08:55:39,946 AIMaster] (ops_reported_error_detector.py 103) INFO: Detecting whether the job is affected by errors reported by ops platform.
[2026-05-09 08:56:03] [2026-05-09 08:56:02,481 AIMaster] (config.py 347) INFO: Try loading config from pai-aimaster-new configmap.
[2026-05-09 08:56:10] [2026-05-09 08:56:10,148 AIMaster] (job_monitor_controller_k8s.py 1099) INFO: All workers: 2, running: 1, failed: 0, pending: 0
[2026-05-09 08:56:40] [2026-05-09 08:56:40,360 AIMaster] (pod_manager.py 415) INFO: Pod Category Summary (Total pods: 2)
[2026-05-09 08:56:40] | Category           |   Count | Percentage   | Pods                        |
[2026-05-09 08:56:40] |--------------------|---------|--------------|-----------------------------|
[2026-05-09 08:56:40] | Running            |       1 | 50.0%        | [dlc1nta2oa0ac22v-worker-0] |
[2026-05-09 08:56:40] | Succeeded          |       1 | 50.0%        | [dlc1nta2oa0ac22v-master-0] |
[2026-05-09 08:56:40] | Pending            |       0 | 0.0%         |                             |
[2026-05-09 08:56:40] | Failed             |       0 | 0.0%         |                             |
[2026-05-09 08:56:40] | Terminating        |       0 | 0.0%         |                             |
[2026-05-09 08:56:40] | Scheduler_evicting |       0 | 0.0%         |                             |
[2026-05-09 08:56:40] | Aiph_node_error    |       0 | 0.0%         |                             |
[2026-05-09 08:56:40] | Unknown            |       0 | 0.0%         |                             |
[2026-05-09 08:56:40] 
[2026-05-09 08:56:40] [2026-05-09 08:56:40,360 AIMaster] (job_monitor_controller_k8s.py 1099) INFO: All workers: 2, running: 1, failed: 0, pending: 0
[2026-05-09 08:56:40] [2026-05-09 08:56:40,360 AIMaster] (ops_reported_error_detector.py 103) INFO: Detecting whether the job is affected by errors reported by ops platform.
[2026-05-09 08:57:03] [2026-05-09 08:57:02,427 AIMaster] (job_event_collector.py 135) WARNING: Failed to watch pods, exception: ("Connection broken: ConnectionResetError(104, 'Connection reset by peer')", ConnectionResetError(104, 'Connection reset by peer'))
[2026-05-09 08:57:03] [2026-05-09 08:57:02,517 AIMaster] (config.py 347) INFO: Try loading config from pai-aimaster-new configmap.
[2026-05-09 08:57:11] [2026-05-09 08:57:10,595 AIMaster] (job_monitor_controller_k8s.py 1099) INFO: All workers: 2, running: 1, failed: 0, pending: 0
[2026-05-09 08:57:11] [2026-05-09 08:57:10,595 AIMaster] (aimaster_failover_controller.py 81) INFO: Detecting whether aimaster should be migrated.
[2026-05-09 08:57:41] [2026-05-09 08:57:40,758 AIMaster] (job_monitor_controller_k8s.py 1099) INFO: All workers: 2, running: 1, failed: 0, pending: 0
[2026-05-09 08:57:41] [2026-05-09 08:57:40,758 AIMaster] (ops_reported_error_detector.py 103) INFO: Detecting whether the job is affected by errors reported by ops platform.
[2026-05-09 08:58:03] [2026-05-09 08:58:02,555 AIMaster] (config.py 347) INFO: Try loading config from pai-aimaster-new configmap.
[2026-05-09 08:58:11] [2026-05-09 08:58:10,937 AIMaster] (job_monitor_controller_k8s.py 1099) INFO: All workers: 2, running: 1, failed: 0, pending: 0
[2026-05-09 08:58:34] [2026-05-09 08:58:34,018 AIMaster] (job_event_collector.py 135) WARNING: Failed to watch pods, exception: ("Connection broken: ConnectionResetError(104, 'Connection reset by peer')", ConnectionResetError(104, 'Connection reset by peer'))
[2026-05-09 08:58:41] [2026-05-09 08:58:41,078 AIMaster] (job_monitor_controller_k8s.py 1099) INFO: All workers: 2, running: 1, failed: 0, pending: 0
[2026-05-09 08:58:41] [2026-05-09 08:58:41,078 AIMaster] (ops_reported_error_detector.py 103) INFO: Detecting whether the job is affected by errors reported by ops platform.
[2026-05-09 08:59:03] [2026-05-09 08:59:02,590 AIMaster] (config.py 347) INFO: Try loading config from pai-aimaster-new configmap.
[2026-05-09 08:59:11] [2026-05-09 08:59:11,286 AIMaster] (job_monitor_controller_k8s.py 1099) INFO: All workers: 2, running: 1, failed: 0, pending: 0
[2026-05-09 08:59:11] [2026-05-09 08:59:11,287 AIMaster] (aimaster_failover_controller.py 81) INFO: Detecting whether aimaster should be migrated.
[2026-05-09 08:59:42] [2026-05-09 08:59:41,512 AIMaster] (job_monitor_controller_k8s.py 1099) INFO: All workers: 2, running: 1, failed: 0, pending: 0
[2026-05-09 08:59:42] [2026-05-09 08:59:41,512 AIMaster] (ops_reported_error_detector.py 103) INFO: Detecting whether the job is affected by errors reported by ops platform.
[2026-05-09 09:00:03] [2026-05-09 09:00:02,652 AIMaster] (config.py 347) INFO: Try loading config from pai-aimaster-new configmap.
[2026-05-09 09:00:06] [2026-05-09 09:00:06,137 AIMaster] (job_event_collector.py 135) WARNING: Failed to watch pods, exception: ("Connection broken: ConnectionResetError(104, 'Connection reset by peer')", ConnectionResetError(104, 'Connection reset by peer'))
[2026-05-09 09:00:12] [2026-05-09 09:00:11,837 AIMaster] (job_monitor_controller_k8s.py 1099) INFO: All workers: 2, running: 1, failed: 0, pending: 0
[2026-05-09 09:00:42] [2026-05-09 09:00:41,968 AIMaster] (job_monitor_controller_k8s.py 1099) INFO: All workers: 2, running: 1, failed: 0, pending: 0
[2026-05-09 09:00:42] [2026-05-09 09:00:41,968 AIMaster] (ops_reported_error_detector.py 103) INFO: Detecting whether the job is affected by errors reported by ops platform.
[2026-05-09 09:01:03] [2026-05-09 09:01:02,688 AIMaster] (config.py 347) INFO: Try loading config from pai-aimaster-new configmap.
[2026-05-09 09:01:12] [2026-05-09 09:01:12,143 AIMaster] (job_monitor_controller_k8s.py 1099) INFO: All workers: 2, running: 1, failed: 0, pending: 0
[2026-05-09 09:01:12] [2026-05-09 09:01:12,143 AIMaster] (aimaster_failover_controller.py 81) INFO: Detecting whether aimaster should be migrated.
[2026-05-09 09:01:38] [2026-05-09 09:01:37,953 AIMaster] (job_event_collector.py 135) WARNING: Failed to watch pods, exception: ("Connection broken: ConnectionResetError(104, 'Connection reset by peer')", ConnectionResetError(104, 'Connection reset by peer'))
[2026-05-09 09:01:42] [2026-05-09 09:01:42,305 AIMaster] (pod_manager.py 415) INFO: Pod Category Summary (Total pods: 2)
[2026-05-09 09:01:42] | Category           |   Count | Percentage   | Pods                        |
[2026-05-09 09:01:42] |--------------------|---------|--------------|-----------------------------|
[2026-05-09 09:01:42] | Running            |       1 | 50.0%        | [dlc1nta2oa0ac22v-worker-0] |
[2026-05-09 09:01:42] | Succeeded          |       1 | 50.0%        | [dlc1nta2oa0ac22v-master-0] |
[2026-05-09 09:01:42] | Pending            |       0 | 0.0%         |                             |
[2026-05-09 09:01:42] | Failed             |       0 | 0.0%         |                             |
[2026-05-09 09:01:42] | Terminating        |       0 | 0.0%         |                             |
[2026-05-09 09:01:42] | Scheduler_evicting |       0 | 0.0%         |                             |
[2026-05-09 09:01:42] | Aiph_node_error    |       0 | 0.0%         |                             |
[2026-05-09 09:01:42] | Unknown            |       0 | 0.0%         |                             |
[2026-05-09 09:01:42] 
[2026-05-09 09:01:42] [2026-05-09 09:01:42,305 AIMaster] (job_monitor_controller_k8s.py 1099) INFO: All workers: 2, running: 1, failed: 0, pending: 0
[2026-05-09 09:01:42] [2026-05-09 09:01:42,305 AIMaster] (ops_reported_error_detector.py 103) INFO: Detecting whether the job is affected by errors reported by ops platform.
[2026-05-09 09:02:03] [2026-05-09 09:02:02,723 AIMaster] (config.py 347) INFO: Try loading config from pai-aimaster-new configmap.
[2026-05-09 09:02:12] [2026-05-09 09:02:12,503 AIMaster] (job_monitor_controller_k8s.py 1099) INFO: All workers: 2, running: 1, failed: 0, pending: 0
[2026-05-09 09:02:42] [2026-05-09 09:02:42,624 AIMaster] (job_monitor_controller_k8s.py 1099) INFO: All workers: 2, running: 1, failed: 0, pending: 0
[2026-05-09 09:02:42] [2026-05-09 09:02:42,624 AIMaster] (ops_reported_error_detector.py 103) INFO: Detecting whether the job is affected by errors reported by ops platform.
[2026-05-09 09:03:03] [2026-05-09 09:03:02,760 AIMaster] (config.py 347) INFO: Try loading config from pai-aimaster-new configmap.
[2026-05-09 09:03:09] [2026-05-09 09:03:09,261 AIMaster] (job_event_collector.py 135) WARNING: Failed to watch pods, exception: ("Connection broken: ConnectionResetError(104, 'Connection reset by peer')", ConnectionResetError(104, 'Connection reset by peer'))
[2026-05-09 09:03:13] [2026-05-09 09:03:12,786 AIMaster] (job_monitor_controller_k8s.py 1099) INFO: All workers: 2, running: 1, failed: 0, pending: 0
[2026-05-09 09:03:13] [2026-05-09 09:03:12,786 AIMaster] (aimaster_failover_controller.py 81) INFO: Detecting whether aimaster should be migrated.
[2026-05-09 09:03:43] [2026-05-09 09:03:42,952 AIMaster] (job_monitor_controller_k8s.py 1099) INFO: All workers: 2, running: 1, failed: 0, pending: 0
[2026-05-09 09:03:43] [2026-05-09 09:03:42,952 AIMaster] (ops_reported_error_detector.py 103) INFO: Detecting whether the job is affected by errors reported by ops platform.
[2026-05-09 09:04:03] [2026-05-09 09:04:02,798 AIMaster] (config.py 347) INFO: Try loading config from pai-aimaster-new configmap.
[2026-05-09 09:04:13] [2026-05-09 09:04:13,112 AIMaster] (job_monitor_controller_k8s.py 1099) INFO: All workers: 2, running: 1, failed: 0, pending: 0
[2026-05-09 09:04:41] [2026-05-09 09:04:41,005 AIMaster] (job_event_collector.py 135) WARNING: Failed to watch pods, exception: ("Connection broken: ConnectionResetError(104, 'Connection reset by peer')", ConnectionResetError(104, 'Connection reset by peer'))
[2026-05-09 09:04:43] [2026-05-09 09:04:43,249 AIMaster] (job_monitor_controller_k8s.py 1099) INFO: All workers: 2, running: 1, failed: 0, pending: 0
[2026-05-09 09:04:43] [2026-05-09 09:04:43,249 AIMaster] (ops_reported_error_detector.py 103) INFO: Detecting whether the job is affected by errors reported by ops platform.
[2026-05-09 09:05:03] [2026-05-09 09:05:02,833 AIMaster] (config.py 347) INFO: Try loading config from pai-aimaster-new configmap.
[2026-05-09 09:05:13] [2026-05-09 09:05:13,569 AIMaster] (job_monitor_controller_k8s.py 1099) INFO: All workers: 2, running: 1, failed: 0, pending: 0
[2026-05-09 09:05:13] [2026-05-09 09:05:13,569 AIMaster] (aimaster_failover_controller.py 81) INFO: Detecting whether aimaster should be migrated.
[2026-05-09 09:05:43] [2026-05-09 09:05:43,699 AIMaster] (job_monitor_controller_k8s.py 1099) INFO: All workers: 2, running: 1, failed: 0, pending: 0
[2026-05-09 09:05:43] [2026-05-09 09:05:43,699 AIMaster] (ops_reported_error_detector.py 103) INFO: Detecting whether the job is affected by errors reported by ops platform.
[2026-05-09 09:06:03] [2026-05-09 09:06:02,869 AIMaster] (config.py 347) INFO: Try loading config from pai-aimaster-new configmap.
[2026-05-09 09:06:13] [2026-05-09 09:06:13,009 AIMaster] (job_event_collector.py 135) WARNING: Failed to watch pods, exception: ("Connection broken: ConnectionResetError(104, 'Connection reset by peer')", ConnectionResetError(104, 'Connection reset by peer'))
[2026-05-09 09:06:14] [2026-05-09 09:06:13,871 AIMaster] (job_monitor_controller_k8s.py 1099) INFO: All workers: 2, running: 1, failed: 0, pending: 0
[2026-05-09 09:06:44] [2026-05-09 09:06:43,997 AIMaster] (pod_manager.py 415) INFO: Pod Category Summary (Total pods: 2)
[2026-05-09 09:06:44] | Category           |   Count | Percentage   | Pods                        |
[2026-05-09 09:06:44] |--------------------|---------|--------------|-----------------------------|
[2026-05-09 09:06:44] | Running            |       1 | 50.0%        | [dlc1nta2oa0ac22v-worker-0] |
[2026-05-09 09:06:44] | Succeeded          |       1 | 50.0%        | [dlc1nta2oa0ac22v-master-0] |
[2026-05-09 09:06:44] | Pending            |       0 | 0.0%         |                             |
[2026-05-09 09:06:44] | Failed             |       0 | 0.0%         |                             |
[2026-05-09 09:06:44] | Terminating        |       0 | 0.0%         |                             |
[2026-05-09 09:06:44] | Scheduler_evicting |       0 | 0.0%         |                             |
[2026-05-09 09:06:44] | Aiph_node_error    |       0 | 0.0%         |                             |
[2026-05-09 09:06:44] | Unknown            |       0 | 0.0%         |                             |
[2026-05-09 09:06:44] 
[2026-05-09 09:06:44] [2026-05-09 09:06:43,997 AIMaster] (job_monitor_controller_k8s.py 1099) INFO: All workers: 2, running: 1, failed: 0, pending: 0
[2026-05-09 09:06:44] [2026-05-09 09:06:43,997 AIMaster] (ops_reported_error_detector.py 103) INFO: Detecting whether the job is affected by errors reported by ops platform.
[2026-05-09 09:07:03] [2026-05-09 09:07:02,906 AIMaster] (config.py 347) INFO: Try loading config from pai-aimaster-new configmap.
[2026-05-09 09:07:14] [2026-05-09 09:07:14,155 AIMaster] (job_monitor_controller_k8s.py 1099) INFO: All workers: 2, running: 1, failed: 0, pending: 0
[2026-05-09 09:07:14] [2026-05-09 09:07:14,155 AIMaster] (aimaster_failover_controller.py 81) INFO: Detecting whether aimaster should be migrated.
[2026-05-09 09:07:44] [2026-05-09 09:07:44,279 AIMaster] (job_monitor_controller_k8s.py 1099) INFO: All workers: 2, running: 1, failed: 0, pending: 0
[2026-05-09 09:07:44] [2026-05-09 09:07:44,279 AIMaster] (ops_reported_error_detector.py 103) INFO: Detecting whether the job is affected by errors reported by ops platform.
[2026-05-09 09:07:44] [2026-05-09 09:07:44,616 AIMaster] (job_event_collector.py 135) WARNING: Failed to watch pods, exception: ("Connection broken: ConnectionResetError(104, 'Connection reset by peer')", ConnectionResetError(104, 'Connection reset by peer'))
[2026-05-09 09:08:03] [2026-05-09 09:08:02,942 AIMaster] (config.py 347) INFO: Try loading config from pai-aimaster-new configmap.
[2026-05-09 09:08:14] [2026-05-09 09:08:14,448 AIMaster] (job_monitor_controller_k8s.py 1099) INFO: All workers: 2, running: 1, failed: 0, pending: 0
[2026-05-09 09:08:44] [2026-05-09 09:08:44,584 AIMaster] (job_monitor_controller_k8s.py 1099) INFO: All workers: 2, running: 1, failed: 0, pending: 0
[2026-05-09 09:08:44] [2026-05-09 09:08:44,584 AIMaster] (ops_reported_error_detector.py 103) INFO: Detecting whether the job is affected by errors reported by ops platform.
[2026-05-09 09:09:03] [2026-05-09 09:09:02,978 AIMaster] (config.py 347) INFO: Try loading config from pai-aimaster-new configmap.
[2026-05-09 09:09:14] [2026-05-09 09:09:14,815 AIMaster] (job_monitor_controller_k8s.py 1099) INFO: All workers: 2, running: 1, failed: 0, pending: 0
[2026-05-09 09:09:14] [2026-05-09 09:09:14,815 AIMaster] (aimaster_failover_controller.py 81) INFO: Detecting whether aimaster should be migrated.
[2026-05-09 09:09:16] [2026-05-09 09:09:16,189 AIMaster] (job_event_collector.py 135) WARNING: Failed to watch pods, exception: ("Connection broken: ConnectionResetError(104, 'Connection reset by peer')", ConnectionResetError(104, 'Connection reset by peer'))
[2026-05-09 09:09:44] [2026-05-09 09:09:44,956 AIMaster] (job_monitor_controller_k8s.py 1099) INFO: All workers: 2, running: 1, failed: 0, pending: 0
[2026-05-09 09:09:44] [2026-05-09 09:09:44,956 AIMaster] (ops_reported_error_detector.py 103) INFO: Detecting whether the job is affected by errors reported by ops platform.
[2026-05-09 09:10:03] [2026-05-09 09:10:03,013 AIMaster] (config.py 347) INFO: Try loading config from pai-aimaster-new configmap.
[2026-05-09 09:10:16] [2026-05-09 09:10:15,119 AIMaster] (job_monitor_controller_k8s.py 1099) INFO: All workers: 2, running: 1, failed: 0, pending: 0
[2026-05-09 09:10:46] [2026-05-09 09:10:45,242 AIMaster] (job_monitor_controller_k8s.py 1099) INFO: All workers: 2, running: 1, failed: 0, pending: 0
[2026-05-09 09:10:46] [2026-05-09 09:10:45,243 AIMaster] (ops_reported_error_detector.py 103) INFO: Detecting whether the job is affected by errors reported by ops platform.
[2026-05-09 09:10:49] [2026-05-09 09:10:48,263 AIMaster] (job_event_collector.py 135) WARNING: Failed to watch pods, exception: ("Connection broken: ConnectionResetError(104, 'Connection reset by peer')", ConnectionResetError(104, 'Connection reset by peer'))
[2026-05-09 09:11:04] [2026-05-09 09:11:03,049 AIMaster] (config.py 347) INFO: Try loading config from pai-aimaster-new configmap.
[2026-05-09 09:11:16] [2026-05-09 09:11:15,434 AIMaster] (job_monitor_controller_k8s.py 1099) INFO: All workers: 2, running: 1, failed: 0, pending: 0
[2026-05-09 09:11:16] [2026-05-09 09:11:15,435 AIMaster] (aimaster_failover_controller.py 81) INFO: Detecting whether aimaster should be migrated.
[2026-05-09 09:11:46] [2026-05-09 09:11:45,567 AIMaster] (pod_manager.py 415) INFO: Pod Category Summary (Total pods: 2)
[2026-05-09 09:11:46] | Category           |   Count | Percentage   | Pods                        |
[2026-05-09 09:11:46] |--------------------|---------|--------------|-----------------------------|
[2026-05-09 09:11:46] | Running            |       1 | 50.0%        | [dlc1nta2oa0ac22v-worker-0] |
[2026-05-09 09:11:46] | Succeeded          |       1 | 50.0%        | [dlc1nta2oa0ac22v-master-0] |
[2026-05-09 09:11:46] | Pending            |       0 | 0.0%         |                             |
[2026-05-09 09:11:46] | Failed             |       0 | 0.0%         |                             |
[2026-05-09 09:11:46] | Terminating        |       0 | 0.0%         |                             |
[2026-05-09 09:11:46] | Scheduler_evicting |       0 | 0.0%         |                             |
[2026-05-09 09:11:46] | Aiph_node_error    |       0 | 0.0%         |                             |
[2026-05-09 09:11:46] | Unknown            |       0 | 0.0%         |                             |
[2026-05-09 09:11:46] 
[2026-05-09 09:11:46] [2026-05-09 09:11:45,567 AIMaster] (job_monitor_controller_k8s.py 1099) INFO: All workers: 2, running: 1, failed: 0, pending: 0
[2026-05-09 09:11:46] [2026-05-09 09:11:45,567 AIMaster] (ops_reported_error_detector.py 103) INFO: Detecting whether the job is affected by errors reported by ops platform.
[2026-05-09 09:12:04] [2026-05-09 09:12:03,085 AIMaster] (config.py 347) INFO: Try loading config from pai-aimaster-new configmap.
[2026-05-09 09:12:16] [2026-05-09 09:12:15,731 AIMaster] (job_monitor_controller_k8s.py 1099) INFO: All workers: 2, running: 1, failed: 0, pending: 0
[2026-05-09 09:12:20] [2026-05-09 09:12:19,978 AIMaster] (job_event_collector.py 135) WARNING: Failed to watch pods, exception: ("Connection broken: ConnectionResetError(104, 'Connection reset by peer')", ConnectionResetError(104, 'Connection reset by peer'))
[2026-05-09 09:12:46] [2026-05-09 09:12:45,903 AIMaster] (job_monitor_controller_k8s.py 1099) INFO: All workers: 2, running: 1, failed: 0, pending: 0
[2026-05-09 09:12:46] [2026-05-09 09:12:45,903 AIMaster] (ops_reported_error_detector.py 103) INFO: Detecting whether the job is affected by errors reported by ops platform.
[2026-05-09 09:13:04] [2026-05-09 09:13:03,121 AIMaster] (config.py 347) INFO: Try loading config from pai-aimaster-new configmap.
[2026-05-09 09:13:16] [2026-05-09 09:13:16,064 AIMaster] (job_monitor_controller_k8s.py 1099) INFO: All workers: 2, running: 1, failed: 0, pending: 0
[2026-05-09 09:13:16] [2026-05-09 09:13:16,064 AIMaster] (aimaster_failover_controller.py 81) INFO: Detecting whether aimaster should be migrated.
[2026-05-09 09:13:47] [2026-05-09 09:13:46,195 AIMaster] (job_monitor_controller_k8s.py 1099) INFO: All workers: 2, running: 1, failed: 0, pending: 0
[2026-05-09 09:13:47] [2026-05-09 09:13:46,195 AIMaster] (ops_reported_error_detector.py 103) INFO: Detecting whether the job is affected by errors reported by ops platform.
[2026-05-09 09:13:52] [2026-05-09 09:13:51,592 AIMaster] (job_event_collector.py 135) WARNING: Failed to watch pods, exception: ("Connection broken: ConnectionResetError(104, 'Connection reset by peer')", ConnectionResetError(104, 'Connection reset by peer'))
[2026-05-09 09:14:04] [2026-05-09 09:14:03,156 AIMaster] (config.py 347) INFO: Try loading config from pai-aimaster-new configmap.
[2026-05-09 09:14:17] [2026-05-09 09:14:16,370 AIMaster] (job_monitor_controller_k8s.py 1099) INFO: All workers: 2, running: 1, failed: 0, pending: 0
[2026-05-09 09:14:47] [2026-05-09 09:14:46,496 AIMaster] (job_monitor_controller_k8s.py 1099) INFO: All workers: 2, running: 1, failed: 0, pending: 0
[2026-05-09 09:14:47] [2026-05-09 09:14:46,496 AIMaster] (ops_reported_error_detector.py 103) INFO: Detecting whether the job is affected by errors reported by ops platform.
[2026-05-09 09:15:04] [2026-05-09 09:15:03,189 AIMaster] (config.py 347) INFO: Try loading config from pai-aimaster-new configmap.
[2026-05-09 09:15:17] [2026-05-09 09:15:16,726 AIMaster] (job_monitor_controller_k8s.py 1099) INFO: All workers: 2, running: 1, failed: 0, pending: 0
[2026-05-09 09:15:17] [2026-05-09 09:15:16,727 AIMaster] (aimaster_failover_controller.py 81) INFO: Detecting whether aimaster should be migrated.
[2026-05-09 09:15:23] [2026-05-09 09:15:22,880 AIMaster] (job_event_collector.py 135) WARNING: Failed to watch pods, exception: ("Connection broken: ConnectionResetError(104, 'Connection reset by peer')", ConnectionResetError(104, 'Connection reset by peer'))
[2026-05-09 09:15:47] [2026-05-09 09:15:46,862 AIMaster] (job_monitor_controller_k8s.py 1099) INFO: All workers: 2, running: 1, failed: 0, pending: 0
[2026-05-09 09:15:47] [2026-05-09 09:15:46,862 AIMaster] (ops_reported_error_detector.py 103) INFO: Detecting whether the job is affected by errors reported by ops platform.
[2026-05-09 09:16:04] [2026-05-09 09:16:03,306 AIMaster] (config.py 347) INFO: Try loading config from pai-aimaster-new configmap.
[2026-05-09 09:16:17] [2026-05-09 09:16:17,022 AIMaster] (job_monitor_controller_k8s.py 1099) INFO: All workers: 2, running: 1, failed: 0, pending: 0
[2026-05-09 09:16:47] [2026-05-09 09:16:47,136 AIMaster] (pod_manager.py 415) INFO: Pod Category Summary (Total pods: 2)
[2026-05-09 09:16:47] | Category           |   Count | Percentage   | Pods                        |
[2026-05-09 09:16:47] |--------------------|---------|--------------|-----------------------------|
[2026-05-09 09:16:47] | Running            |       1 | 50.0%        | [dlc1nta2oa0ac22v-worker-0] |
[2026-05-09 09:16:47] | Succeeded          |       1 | 50.0%        | [dlc1nta2oa0ac22v-master-0] |
[2026-05-09 09:16:47] | Pending            |       0 | 0.0%         |                             |
[2026-05-09 09:16:47] | Failed             |       0 | 0.0%         |                             |
[2026-05-09 09:16:47] | Terminating        |       0 | 0.0%         |                             |
[2026-05-09 09:16:47] | Scheduler_evicting |       0 | 0.0%         |                             |
[2026-05-09 09:16:47] | Aiph_node_error    |       0 | 0.0%         |                             |
[2026-05-09 09:16:47] | Unknown            |       0 | 0.0%         |                             |
[2026-05-09 09:16:47] 
[2026-05-09 09:16:47] [2026-05-09 09:16:47,136 AIMaster] (job_monitor_controller_k8s.py 1099) INFO: All workers: 2, running: 1, failed: 0, pending: 0
[2026-05-09 09:16:47] [2026-05-09 09:16:47,136 AIMaster] (ops_reported_error_detector.py 103) INFO: Detecting whether the job is affected by errors reported by ops platform.
[2026-05-09 09:16:55] [2026-05-09 09:16:54,494 AIMaster] (job_event_collector.py 135) WARNING: Failed to watch pods, exception: ("Connection broken: ConnectionResetError(104, 'Connection reset by peer')", ConnectionResetError(104, 'Connection reset by peer'))
[2026-05-09 09:17:04] [2026-05-09 09:17:03,342 AIMaster] (config.py 347) INFO: Try loading config from pai-aimaster-new configmap.
[2026-05-09 09:17:18] [2026-05-09 09:17:17,352 AIMaster] (job_monitor_controller_k8s.py 1099) INFO: All workers: 2, running: 1, failed: 0, pending: 0
[2026-05-09 09:17:18] [2026-05-09 09:17:17,352 AIMaster] (aimaster_failover_controller.py 81) INFO: Detecting whether aimaster should be migrated.
[2026-05-09 09:17:48] [2026-05-09 09:17:47,481 AIMaster] (job_monitor_controller_k8s.py 1099) INFO: All workers: 2, running: 1, failed: 0, pending: 0
[2026-05-09 09:17:48] [2026-05-09 09:17:47,481 AIMaster] (ops_reported_error_detector.py 103) INFO: Detecting whether the job is affected by errors reported by ops platform.
[2026-05-09 09:18:04] [2026-05-09 09:18:03,377 AIMaster] (config.py 347) INFO: Try loading config from pai-aimaster-new configmap.
[2026-05-09 09:18:18] [2026-05-09 09:18:17,647 AIMaster] (job_monitor_controller_k8s.py 1099) INFO: All workers: 2, running: 1, failed: 0, pending: 0
[2026-05-09 09:18:27] [2026-05-09 09:18:26,890 AIMaster] (job_event_collector.py 135) WARNING: Failed to watch pods, exception: ("Connection broken: ConnectionResetError(104, 'Connection reset by peer')", ConnectionResetError(104, 'Connection reset by peer'))
[2026-05-09 09:18:48] [2026-05-09 09:18:47,819 AIMaster] (job_monitor_controller_k8s.py 1099) INFO: All workers: 2, running: 1, failed: 0, pending: 0
[2026-05-09 09:18:48] [2026-05-09 09:18:47,819 AIMaster] (ops_reported_error_detector.py 103) INFO: Detecting whether the job is affected by errors reported by ops platform.
[2026-05-09 09:19:04] [2026-05-09 09:19:03,417 AIMaster] (config.py 347) INFO: Try loading config from pai-aimaster-new configmap.
[2026-05-09 09:19:18] [2026-05-09 09:19:17,989 AIMaster] (job_monitor_controller_k8s.py 1099) INFO: All workers: 2, running: 1, failed: 0, pending: 0
[2026-05-09 09:19:18] [2026-05-09 09:19:17,989 AIMaster] (aimaster_failover_controller.py 81) INFO: Detecting whether aimaster should be migrated.
[2026-05-09 09:19:48] [2026-05-09 09:19:48,117 AIMaster] (job_monitor_controller_k8s.py 1099) INFO: All workers: 2, running: 1, failed: 0, pending: 0
[2026-05-09 09:19:48] [2026-05-09 09:19:48,117 AIMaster] (ops_reported_error_detector.py 103) INFO: Detecting whether the job is affected by errors reported by ops platform.
[2026-05-09 09:19:58] [2026-05-09 09:19:58,376 AIMaster] (job_event_collector.py 135) WARNING: Failed to watch pods, exception: ("Connection broken: ConnectionResetError(104, 'Connection reset by peer')", ConnectionResetError(104, 'Connection reset by peer'))
[2026-05-09 09:20:04] [2026-05-09 09:20:03,453 AIMaster] (config.py 347) INFO: Try loading config from pai-aimaster-new configmap.
[2026-05-09 09:20:18] [2026-05-09 09:20:18,273 AIMaster] (job_monitor_controller_k8s.py 1099) INFO: All workers: 2, running: 1, failed: 0, pending: 0
[2026-05-09 09:20:48] [2026-05-09 09:20:48,448 AIMaster] (job_monitor_controller_k8s.py 1099) INFO: All workers: 2, running: 1, failed: 0, pending: 0
[2026-05-09 09:20:48] [2026-05-09 09:20:48,448 AIMaster] (ops_reported_error_detector.py 103) INFO: Detecting whether the job is affected by errors reported by ops platform.
[2026-05-09 09:21:03] [2026-05-09 09:21:03,488 AIMaster] (config.py 347) INFO: Try loading config from pai-aimaster-new configmap.
[2026-05-09 09:21:19] [2026-05-09 09:21:18,654 AIMaster] (job_monitor_controller_k8s.py 1099) INFO: All workers: 2, running: 1, failed: 0, pending: 0
[2026-05-09 09:21:19] [2026-05-09 09:21:18,654 AIMaster] (aimaster_failover_controller.py 81) INFO: Detecting whether aimaster should be migrated.
[2026-05-09 09:21:30] [2026-05-09 09:21:30,434 AIMaster] (job_event_collector.py 135) WARNING: Failed to watch pods, exception: ("Connection broken: ConnectionResetError(104, 'Connection reset by peer')", ConnectionResetError(104, 'Connection reset by peer'))
[2026-05-09 09:21:49] [2026-05-09 09:21:48,827 AIMaster] (pod_manager.py 415) INFO: Pod Category Summary (Total pods: 2)
[2026-05-09 09:21:49] | Category           |   Count | Percentage   | Pods                        |
[2026-05-09 09:21:49] |--------------------|---------|--------------|-----------------------------|
[2026-05-09 09:21:49] | Running            |       1 | 50.0%        | [dlc1nta2oa0ac22v-worker-0] |
[2026-05-09 09:21:49] | Succeeded          |       1 | 50.0%        | [dlc1nta2oa0ac22v-master-0] |
[2026-05-09 09:21:49] | Pending            |       0 | 0.0%         |                             |
[2026-05-09 09:21:49] | Failed             |       0 | 0.0%         |                             |
[2026-05-09 09:21:49] | Terminating        |       0 | 0.0%         |                             |
[2026-05-09 09:21:49] | Scheduler_evicting |       0 | 0.0%         |                             |
[2026-05-09 09:21:49] | Aiph_node_error    |       0 | 0.0%         |                             |
[2026-05-09 09:21:49] | Unknown            |       0 | 0.0%         |                             |
[2026-05-09 09:21:49] 
[2026-05-09 09:21:49] [2026-05-09 09:21:48,827 AIMaster] (job_monitor_controller_k8s.py 1099) INFO: All workers: 2, running: 1, failed: 0, pending: 0
[2026-05-09 09:21:49] [2026-05-09 09:21:48,827 AIMaster] (ops_reported_error_detector.py 103) INFO: Detecting whether the job is affected by errors reported by ops platform.
[2026-05-09 09:22:03] [2026-05-09 09:22:03,523 AIMaster] (config.py 347) INFO: Try loading config from pai-aimaster-new configmap.
[2026-05-09 09:22:19] [2026-05-09 09:22:19,013 AIMaster] (job_monitor_controller_k8s.py 1099) INFO: All workers: 2, running: 1, failed: 0, pending: 0
[2026-05-09 09:22:49] [2026-05-09 09:22:49,135 AIMaster] (job_monitor_controller_k8s.py 1099) INFO: All workers: 2, running: 1, failed: 0, pending: 0
[2026-05-09 09:22:49] [2026-05-09 09:22:49,135 AIMaster] (ops_reported_error_detector.py 103) INFO: Detecting whether the job is affected by errors reported by ops platform.
[2026-05-09 09:23:03] [2026-05-09 09:23:02,665 AIMaster] (job_event_collector.py 135) WARNING: Failed to watch pods, exception: ("Connection broken: ConnectionResetError(104, 'Connection reset by peer')", ConnectionResetError(104, 'Connection reset by peer'))
[2026-05-09 09:23:03] [2026-05-09 09:23:03,558 AIMaster] (config.py 347) INFO: Try loading config from pai-aimaster-new configmap.
[2026-05-09 09:23:19] [2026-05-09 09:23:19,362 AIMaster] (job_monitor_controller_k8s.py 1099) INFO: All workers: 2, running: 1, failed: 0, pending: 0
[2026-05-09 09:23:19] [2026-05-09 09:23:19,363 AIMaster] (aimaster_failover_controller.py 81) INFO: Detecting whether aimaster should be migrated.
[2026-05-09 09:23:49] [2026-05-09 09:23:49,528 AIMaster] (job_monitor_controller_k8s.py 1099) INFO: All workers: 2, running: 1, failed: 0, pending: 0
[2026-05-09 09:23:49] [2026-05-09 09:23:49,528 AIMaster] (ops_reported_error_detector.py 103) INFO: Detecting whether the job is affected by errors reported by ops platform.
[2026-05-09 09:24:03] [2026-05-09 09:24:03,595 AIMaster] (config.py 347) INFO: Try loading config from pai-aimaster-new configmap.
[2026-05-09 09:24:20] [2026-05-09 09:24:19,688 AIMaster] (job_monitor_controller_k8s.py 1099) INFO: All workers: 2, running: 1, failed: 0, pending: 0
[2026-05-09 09:24:35] [2026-05-09 09:24:34,900 AIMaster] (job_event_collector.py 135) WARNING: Failed to watch pods, exception: ("Connection broken: ConnectionResetError(104, 'Connection reset by peer')", ConnectionResetError(104, 'Connection reset by peer'))
[2026-05-09 09:24:50] [2026-05-09 09:24:49,815 AIMaster] (job_monitor_controller_k8s.py 1099) INFO: All workers: 2, running: 1, failed: 0, pending: 0
[2026-05-09 09:24:50] [2026-05-09 09:24:49,815 AIMaster] (ops_reported_error_detector.py 103) INFO: Detecting whether the job is affected by errors reported by ops platform.
[2026-05-09 09:25:03] [2026-05-09 09:25:03,630 AIMaster] (config.py 347) INFO: Try loading config from pai-aimaster-new configmap.
[2026-05-09 09:25:20] [2026-05-09 09:25:20,093 AIMaster] (job_monitor_controller_k8s.py 1099) INFO: All workers: 2, running: 1, failed: 0, pending: 0
[2026-05-09 09:25:20] [2026-05-09 09:25:20,094 AIMaster] (aimaster_failover_controller.py 81) INFO: Detecting whether aimaster should be migrated.
[2026-05-09 09:25:50] [2026-05-09 09:25:50,220 AIMaster] (job_monitor_controller_k8s.py 1099) INFO: All workers: 2, running: 1, failed: 0, pending: 0
[2026-05-09 09:25:50] [2026-05-09 09:25:50,220 AIMaster] (ops_reported_error_detector.py 103) INFO: Detecting whether the job is affected by errors reported by ops platform.
[2026-05-09 09:26:03] [2026-05-09 09:26:03,665 AIMaster] (config.py 347) INFO: Try loading config from pai-aimaster-new configmap.
[2026-05-09 09:26:06] [2026-05-09 09:26:06,198 AIMaster] (job_event_collector.py 135) WARNING: Failed to watch pods, exception: ("Connection broken: ConnectionResetError(104, 'Connection reset by peer')", ConnectionResetError(104, 'Connection reset by peer'))
[2026-05-09 09:26:20] [2026-05-09 09:26:20,390 AIMaster] (job_monitor_controller_k8s.py 1099) INFO: All workers: 2, running: 1, failed: 0, pending: 0
[2026-05-09 09:26:50] [2026-05-09 09:26:50,516 AIMaster] (pod_manager.py 415) INFO: Pod Category Summary (Total pods: 2)
[2026-05-09 09:26:50] | Category           |   Count | Percentage   | Pods                        |
[2026-05-09 09:26:50] |--------------------|---------|--------------|-----------------------------|
[2026-05-09 09:26:50] | Running            |       1 | 50.0%        | [dlc1nta2oa0ac22v-worker-0] |
[2026-05-09 09:26:50] | Succeeded          |       1 | 50.0%        | [dlc1nta2oa0ac22v-master-0] |
[2026-05-09 09:26:50] | Pending            |       0 | 0.0%         |                             |
[2026-05-09 09:26:50] | Failed             |       0 | 0.0%         |                             |
[2026-05-09 09:26:50] | Terminating        |       0 | 0.0%         |                             |
[2026-05-09 09:26:50] | Scheduler_evicting |       0 | 0.0%         |                             |
[2026-05-09 09:26:50] | Aiph_node_error    |       0 | 0.0%         |                             |
[2026-05-09 09:26:50] | Unknown            |       0 | 0.0%         |                             |
[2026-05-09 09:26:50] 
[2026-05-09 09:26:50] [2026-05-09 09:26:50,516 AIMaster] (job_monitor_controller_k8s.py 1099) INFO: All workers: 2, running: 1, failed: 0, pending: 0
[2026-05-09 09:26:50] [2026-05-09 09:26:50,516 AIMaster] (ops_reported_error_detector.py 103) INFO: Detecting whether the job is affected by errors reported by ops platform.
[2026-05-09 09:27:03] [2026-05-09 09:27:03,701 AIMaster] (config.py 347) INFO: Try loading config from pai-aimaster-new configmap.
[2026-05-09 09:27:21] [2026-05-09 09:27:20,753 AIMaster] (job_monitor_controller_k8s.py 1099) INFO: All workers: 2, running: 1, failed: 0, pending: 0
[2026-05-09 09:27:21] [2026-05-09 09:27:20,753 AIMaster] (aimaster_failover_controller.py 81) INFO: Detecting whether aimaster should be migrated.
[2026-05-09 09:27:38] [2026-05-09 09:27:37,985 AIMaster] (job_event_collector.py 135) WARNING: Failed to watch pods, exception: ("Connection broken: ConnectionResetError(104, 'Connection reset by peer')", ConnectionResetError(104, 'Connection reset by peer'))
[2026-05-09 09:27:51] [2026-05-09 09:27:50,878 AIMaster] (job_monitor_controller_k8s.py 1099) INFO: All workers: 2, running: 1, failed: 0, pending: 0
[2026-05-09 09:27:51] [2026-05-09 09:27:50,878 AIMaster] (ops_reported_error_detector.py 103) INFO: Detecting whether the job is affected by errors reported by ops platform.
[2026-05-09 09:28:03] [2026-05-09 09:28:03,737 AIMaster] (config.py 347) INFO: Try loading config from pai-aimaster-new configmap.
[2026-05-09 09:28:21] [2026-05-09 09:28:21,057 AIMaster] (job_monitor_controller_k8s.py 1099) INFO: All workers: 2, running: 1, failed: 0, pending: 0
[2026-05-09 09:28:51] [2026-05-09 09:28:51,222 AIMaster] (job_monitor_controller_k8s.py 1099) INFO: All workers: 2, running: 1, failed: 0, pending: 0
[2026-05-09 09:28:51] [2026-05-09 09:28:51,222 AIMaster] (ops_reported_error_detector.py 103) INFO: Detecting whether the job is affected by errors reported by ops platform.
[2026-05-09 09:29:03] [2026-05-09 09:29:03,771 AIMaster] (config.py 347) INFO: Try loading config from pai-aimaster-new configmap.
[2026-05-09 09:29:10] [2026-05-09 09:29:10,046 AIMaster] (job_event_collector.py 135) WARNING: Failed to watch pods, exception: ("Connection broken: ConnectionResetError(104, 'Connection reset by peer')", ConnectionResetError(104, 'Connection reset by peer'))
[2026-05-09 09:29:21] [2026-05-09 09:29:21,420 AIMaster] (job_monitor_controller_k8s.py 1099) INFO: All workers: 2, running: 1, failed: 0, pending: 0
[2026-05-09 09:29:21] [2026-05-09 09:29:21,420 AIMaster] (aimaster_failover_controller.py 81) INFO: Detecting whether aimaster should be migrated.
[2026-05-09 09:29:51] [2026-05-09 09:29:51,613 AIMaster] (job_monitor_controller_k8s.py 1099) INFO: All workers: 2, running: 1, failed: 0, pending: 0
[2026-05-09 09:29:51] [2026-05-09 09:29:51,613 AIMaster] (ops_reported_error_detector.py 103) INFO: Detecting whether the job is affected by errors reported by ops platform.
[2026-05-09 09:30:04] [2026-05-09 09:30:03,810 AIMaster] (config.py 347) INFO: Try loading config from pai-aimaster-new configmap.
[2026-05-09 09:30:21] [2026-05-09 09:30:21,770 AIMaster] (job_monitor_controller_k8s.py 1099) INFO: All workers: 2, running: 1, failed: 0, pending: 0
[2026-05-09 09:30:41] [2026-05-09 09:30:41,702 AIMaster] (job_event_collector.py 135) WARNING: Failed to watch pods, exception: ("Connection broken: ConnectionResetError(104, 'Connection reset by peer')", ConnectionResetError(104, 'Connection reset by peer'))
[2026-05-09 09:30:52] [2026-05-09 09:30:51,923 AIMaster] (job_monitor_controller_k8s.py 1099) INFO: All workers: 2, running: 1, failed: 0, pending: 0
[2026-05-09 09:30:52] [2026-05-09 09:30:51,923 AIMaster] (ops_reported_error_detector.py 103) INFO: Detecting whether the job is affected by errors reported by ops platform.
[2026-05-09 09:31:03] [2026-05-09 09:31:03,846 AIMaster] (config.py 347) INFO: Try loading config from pai-aimaster-new configmap.
[2026-05-09 09:31:22] [2026-05-09 09:31:22,081 AIMaster] (job_monitor_controller_k8s.py 1099) INFO: All workers: 2, running: 1, failed: 0, pending: 0
[2026-05-09 09:31:22] [2026-05-09 09:31:22,081 AIMaster] (aimaster_failover_controller.py 81) INFO: Detecting whether aimaster should be migrated.
[2026-05-09 09:31:52] [2026-05-09 09:31:52,216 AIMaster] (pod_manager.py 415) INFO: Pod Category Summary (Total pods: 2)
[2026-05-09 09:31:52] | Category           |   Count | Percentage   | Pods                        |
[2026-05-09 09:31:52] |--------------------|---------|--------------|-----------------------------|
[2026-05-09 09:31:52] | Running            |       1 | 50.0%        | [dlc1nta2oa0ac22v-worker-0] |
[2026-05-09 09:31:52] | Succeeded          |       1 | 50.0%        | [dlc1nta2oa0ac22v-master-0] |
[2026-05-09 09:31:52] | Pending            |       0 | 0.0%         |                             |
[2026-05-09 09:31:52] | Failed             |       0 | 0.0%         |                             |
[2026-05-09 09:31:52] | Terminating        |       0 | 0.0%         |                             |
[2026-05-09 09:31:52] | Scheduler_evicting |       0 | 0.0%         |                             |
[2026-05-09 09:31:52] | Aiph_node_error    |       0 | 0.0%         |                             |
[2026-05-09 09:31:52] | Unknown            |       0 | 0.0%         |                             |
[2026-05-09 09:31:52] 
[2026-05-09 09:31:52] [2026-05-09 09:31:52,216 AIMaster] (job_monitor_controller_k8s.py 1099) INFO: All workers: 2, running: 1, failed: 0, pending: 0
[2026-05-09 09:31:52] [2026-05-09 09:31:52,216 AIMaster] (ops_reported_error_detector.py 103) INFO: Detecting whether the job is affected by errors reported by ops platform.
[2026-05-09 09:32:04] [2026-05-09 09:32:03,882 AIMaster] (config.py 347) INFO: Try loading config from pai-aimaster-new configmap.
[2026-05-09 09:32:13] [2026-05-09 09:32:12,966 AIMaster] (job_event_collector.py 135) WARNING: Failed to watch pods, exception: ("Connection broken: ConnectionResetError(104, 'Connection reset by peer')", ConnectionResetError(104, 'Connection reset by peer'))
[2026-05-09 09:32:22] [2026-05-09 09:32:22,392 AIMaster] (job_monitor_controller_k8s.py 1099) INFO: All workers: 2, running: 1, failed: 0, pending: 0
[2026-05-09 09:32:52] [2026-05-09 09:32:52,540 AIMaster] (job_monitor_controller_k8s.py 1099) INFO: All workers: 2, running: 1, failed: 0, pending: 0
[2026-05-09 09:32:52] [2026-05-09 09:32:52,540 AIMaster] (ops_reported_error_detector.py 103) INFO: Detecting whether the job is affected by errors reported by ops platform.
[2026-05-09 09:33:04] [2026-05-09 09:33:03,919 AIMaster] (config.py 347) INFO: Try loading config from pai-aimaster-new configmap.
[2026-05-09 09:33:22] [2026-05-09 09:33:22,692 AIMaster] (job_monitor_controller_k8s.py 1099) INFO: All workers: 2, running: 1, failed: 0, pending: 0
[2026-05-09 09:33:22] [2026-05-09 09:33:22,693 AIMaster] (aimaster_failover_controller.py 81) INFO: Detecting whether aimaster should be migrated.
[2026-05-09 09:33:45] [2026-05-09 09:33:45,006 AIMaster] (job_event_collector.py 135) WARNING: Failed to watch pods, exception: ("Connection broken: ConnectionResetError(104, 'Connection reset by peer')", ConnectionResetError(104, 'Connection reset by peer'))
[2026-05-09 09:33:52] [2026-05-09 09:33:52,824 AIMaster] (job_monitor_controller_k8s.py 1099) INFO: All workers: 2, running: 1, failed: 0, pending: 0
[2026-05-09 09:33:52] [2026-05-09 09:33:52,824 AIMaster] (ops_reported_error_detector.py 103) INFO: Detecting whether the job is affected by errors reported by ops platform.
[2026-05-09 09:34:04] [2026-05-09 09:34:03,956 AIMaster] (config.py 347) INFO: Try loading config from pai-aimaster-new configmap.
[2026-05-09 09:34:23] [2026-05-09 09:34:23,017 AIMaster] (job_monitor_controller_k8s.py 1099) INFO: All workers: 2, running: 1, failed: 0, pending: 0
[2026-05-09 09:34:54] [2026-05-09 09:34:53,164 AIMaster] (job_monitor_controller_k8s.py 1099) INFO: All workers: 2, running: 1, failed: 0, pending: 0
[2026-05-09 09:34:54] [2026-05-09 09:34:53,164 AIMaster] (ops_reported_error_detector.py 103) INFO: Detecting whether the job is affected by errors reported by ops platform.
[2026-05-09 09:35:04] [2026-05-09 09:35:03,992 AIMaster] (config.py 347) INFO: Try loading config from pai-aimaster-new configmap.
[2026-05-09 09:35:17] [2026-05-09 09:35:16,912 AIMaster] (job_event_collector.py 135) WARNING: Failed to watch pods, exception: ("Connection broken: ConnectionResetError(104, 'Connection reset by peer')", ConnectionResetError(104, 'Connection reset by peer'))
[2026-05-09 09:35:24] [2026-05-09 09:35:23,314 AIMaster] (job_monitor_controller_k8s.py 1099) INFO: All workers: 2, running: 1, failed: 0, pending: 0
[2026-05-09 09:35:24] [2026-05-09 09:35:23,314 AIMaster] (aimaster_failover_controller.py 81) INFO: Detecting whether aimaster should be migrated.
[2026-05-09 09:35:54] [2026-05-09 09:35:53,630 AIMaster] (job_monitor_controller_k8s.py 1099) INFO: All workers: 2, running: 1, failed: 0, pending: 0
[2026-05-09 09:35:54] [2026-05-09 09:35:53,631 AIMaster] (ops_reported_error_detector.py 103) INFO: Detecting whether the job is affected by errors reported by ops platform.
[2026-05-09 09:36:04] [2026-05-09 09:36:04,026 AIMaster] (config.py 347) INFO: Try loading config from pai-aimaster-new configmap.
[2026-05-09 09:36:24] [2026-05-09 09:36:23,814 AIMaster] (job_monitor_controller_k8s.py 1099) INFO: All workers: 2, running: 1, failed: 0, pending: 0
[2026-05-09 09:36:49] [2026-05-09 09:36:48,487 AIMaster] (job_event_collector.py 135) WARNING: Failed to watch pods, exception: ("Connection broken: ConnectionResetError(104, 'Connection reset by peer')", ConnectionResetError(104, 'Connection reset by peer'))
[2026-05-09 09:36:54] [2026-05-09 09:36:53,951 AIMaster] (pod_manager.py 415) INFO: Pod Category Summary (Total pods: 2)
[2026-05-09 09:36:54] | Category           |   Count | Percentage   | Pods                        |
[2026-05-09 09:36:54] |--------------------|---------|--------------|-----------------------------|
[2026-05-09 09:36:54] | Running            |       1 | 50.0%        | [dlc1nta2oa0ac22v-worker-0] |
[2026-05-09 09:36:54] | Succeeded          |       1 | 50.0%        | [dlc1nta2oa0ac22v-master-0] |
[2026-05-09 09:36:54] | Pending            |       0 | 0.0%         |                             |
[2026-05-09 09:36:54] | Failed             |       0 | 0.0%         |                             |
[2026-05-09 09:36:54] | Terminating        |       0 | 0.0%         |                             |
[2026-05-09 09:36:54] | Scheduler_evicting |       0 | 0.0%         |                             |
[2026-05-09 09:36:54] | Aiph_node_error    |       0 | 0.0%         |                             |
[2026-05-09 09:36:54] | Unknown            |       0 | 0.0%         |                             |
[2026-05-09 09:36:54] 
[2026-05-09 09:36:54] [2026-05-09 09:36:53,951 AIMaster] (job_monitor_controller_k8s.py 1099) INFO: All workers: 2, running: 1, failed: 0, pending: 0
[2026-05-09 09:36:54] [2026-05-09 09:36:53,951 AIMaster] (ops_reported_error_detector.py 103) INFO: Detecting whether the job is affected by errors reported by ops platform.
[2026-05-09 09:37:04] [2026-05-09 09:37:04,063 AIMaster] (config.py 347) INFO: Try loading config from pai-aimaster-new configmap.
[2026-05-09 09:37:25] [2026-05-09 09:37:24,102 AIMaster] (job_monitor_controller_k8s.py 1099) INFO: All workers: 2, running: 1, failed: 0, pending: 0
[2026-05-09 09:37:25] [2026-05-09 09:37:24,102 AIMaster] (aimaster_failover_controller.py 81) INFO: Detecting whether aimaster should be migrated.
[2026-05-09 09:37:55] [2026-05-09 09:37:54,223 AIMaster] (job_monitor_controller_k8s.py 1099) INFO: All workers: 2, running: 1, failed: 0, pending: 0
[2026-05-09 09:37:55] [2026-05-09 09:37:54,223 AIMaster] (ops_reported_error_detector.py 103) INFO: Detecting whether the job is affected by errors reported by ops platform.
[2026-05-09 09:38:04] [2026-05-09 09:38:04,098 AIMaster] (config.py 347) INFO: Try loading config from pai-aimaster-new configmap.
[2026-05-09 09:38:21] [2026-05-09 09:38:20,160 AIMaster] (job_event_collector.py 135) WARNING: Failed to watch pods, exception: ("Connection broken: ConnectionResetError(104, 'Connection reset by peer')", ConnectionResetError(104, 'Connection reset by peer'))
[2026-05-09 09:38:25] [2026-05-09 09:38:24,442 AIMaster] (job_monitor_controller_k8s.py 1099) INFO: All workers: 2, running: 1, failed: 0, pending: 0
[2026-05-09 09:38:55] [2026-05-09 09:38:54,569 AIMaster] (job_monitor_controller_k8s.py 1099) INFO: All workers: 2, running: 1, failed: 0, pending: 0
[2026-05-09 09:38:55] [2026-05-09 09:38:54,569 AIMaster] (ops_reported_error_detector.py 103) INFO: Detecting whether the job is affected by errors reported by ops platform.
[2026-05-09 09:39:04] [2026-05-09 09:39:04,133 AIMaster] (config.py 347) INFO: Try loading config from pai-aimaster-new configmap.
[2026-05-09 09:39:25] [2026-05-09 09:39:24,785 AIMaster] (job_monitor_controller_k8s.py 1099) INFO: All workers: 2, running: 1, failed: 0, pending: 0
[2026-05-09 09:39:25] [2026-05-09 09:39:24,786 AIMaster] (aimaster_failover_controller.py 81) INFO: Detecting whether aimaster should be migrated.
[2026-05-09 09:39:52] [2026-05-09 09:39:52,167 AIMaster] (job_event_collector.py 135) WARNING: Failed to watch pods, exception: ("Connection broken: ConnectionResetError(104, 'Connection reset by peer')", ConnectionResetError(104, 'Connection reset by peer'))
[2026-05-09 09:39:55] [2026-05-09 09:39:54,921 AIMaster] (job_monitor_controller_k8s.py 1099) INFO: All workers: 2, running: 1, failed: 0, pending: 0
[2026-05-09 09:39:55] [2026-05-09 09:39:54,921 AIMaster] (ops_reported_error_detector.py 103) INFO: Detecting whether the job is affected by errors reported by ops platform.
[2026-05-09 09:40:04] [2026-05-09 09:40:04,168 AIMaster] (config.py 347) INFO: Try loading config from pai-aimaster-new configmap.
[2026-05-09 09:40:25] [2026-05-09 09:40:25,075 AIMaster] (job_monitor_controller_k8s.py 1099) INFO: All workers: 2, running: 1, failed: 0, pending: 0
[2026-05-09 09:40:55] [2026-05-09 09:40:55,200 AIMaster] (job_monitor_controller_k8s.py 1099) INFO: All workers: 2, running: 1, failed: 0, pending: 0
[2026-05-09 09:40:55] [2026-05-09 09:40:55,200 AIMaster] (ops_reported_error_detector.py 103) INFO: Detecting whether the job is affected by errors reported by ops platform.
[2026-05-09 09:41:04] [2026-05-09 09:41:04,202 AIMaster] (config.py 347) INFO: Try loading config from pai-aimaster-new configmap.
[2026-05-09 09:41:24] [2026-05-09 09:41:24,186 AIMaster] (job_event_collector.py 135) WARNING: Failed to watch pods, exception: ("Connection broken: ConnectionResetError(104, 'Connection reset by peer')", ConnectionResetError(104, 'Connection reset by peer'))
[2026-05-09 09:41:26] [2026-05-09 09:41:25,368 AIMaster] (job_monitor_controller_k8s.py 1099) INFO: All workers: 2, running: 1, failed: 0, pending: 0
[2026-05-09 09:41:26] [2026-05-09 09:41:25,368 AIMaster] (aimaster_failover_controller.py 81) INFO: Detecting whether aimaster should be migrated.
[2026-05-09 09:41:56] [2026-05-09 09:41:55,713 AIMaster] (pod_manager.py 415) INFO: Pod Category Summary (Total pods: 2)
[2026-05-09 09:41:56] | Category           |   Count | Percentage   | Pods                        |
[2026-05-09 09:41:56] |--------------------|---------|--------------|-----------------------------|
[2026-05-09 09:41:56] | Running            |       1 | 50.0%        | [dlc1nta2oa0ac22v-worker-0] |
[2026-05-09 09:41:56] | Succeeded          |       1 | 50.0%        | [dlc1nta2oa0ac22v-master-0] |
[2026-05-09 09:41:56] | Pending            |       0 | 0.0%         |                             |
[2026-05-09 09:41:56] | Failed             |       0 | 0.0%         |                             |
[2026-05-09 09:41:56] | Terminating        |       0 | 0.0%         |                             |
[2026-05-09 09:41:56] | Scheduler_evicting |       0 | 0.0%         |                             |
[2026-05-09 09:41:56] | Aiph_node_error    |       0 | 0.0%         |                             |
[2026-05-09 09:41:56] | Unknown            |       0 | 0.0%         |                             |
[2026-05-09 09:41:56] 
[2026-05-09 09:41:56] [2026-05-09 09:41:55,713 AIMaster] (job_monitor_controller_k8s.py 1099) INFO: All workers: 2, running: 1, failed: 0, pending: 0
[2026-05-09 09:41:56] [2026-05-09 09:41:55,713 AIMaster] (ops_reported_error_detector.py 103) INFO: Detecting whether the job is affected by errors reported by ops platform.
[2026-05-09 09:42:04] [2026-05-09 09:42:04,236 AIMaster] (config.py 347) INFO: Try loading config from pai-aimaster-new configmap.
[2026-05-09 09:42:26] [2026-05-09 09:42:25,870 AIMaster] (job_monitor_controller_k8s.py 1099) INFO: All workers: 2, running: 1, failed: 0, pending: 0
[2026-05-09 09:42:56] [2026-05-09 09:42:56,011 AIMaster] (job_monitor_controller_k8s.py 1099) INFO: All workers: 2, running: 1, failed: 0, pending: 0
[2026-05-09 09:42:56] [2026-05-09 09:42:56,011 AIMaster] (ops_reported_error_detector.py 103) INFO: Detecting whether the job is affected by errors reported by ops platform.
[2026-05-09 09:42:56] [2026-05-09 09:42:56,030 AIMaster] (job_event_collector.py 135) WARNING: Failed to watch pods, exception: ("Connection broken: ConnectionResetError(104, 'Connection reset by peer')", ConnectionResetError(104, 'Connection reset by peer'))
[2026-05-09 09:43:04] [2026-05-09 09:43:04,270 AIMaster] (config.py 347) INFO: Try loading config from pai-aimaster-new configmap.
[2026-05-09 09:43:26] [2026-05-09 09:43:26,272 AIMaster] (job_monitor_controller_k8s.py 1099) INFO: All workers: 2, running: 1, failed: 0, pending: 0
[2026-05-09 09:43:26] [2026-05-09 09:43:26,272 AIMaster] (aimaster_failover_controller.py 81) INFO: Detecting whether aimaster should be migrated.
[2026-05-09 09:43:57] [2026-05-09 09:43:56,400 AIMaster] (job_monitor_controller_k8s.py 1099) INFO: All workers: 2, running: 1, failed: 0, pending: 0
[2026-05-09 09:43:57] [2026-05-09 09:43:56,400 AIMaster] (ops_reported_error_detector.py 103) INFO: Detecting whether the job is affected by errors reported by ops platform.
[2026-05-09 09:44:04] [2026-05-09 09:44:04,306 AIMaster] (config.py 347) INFO: Try loading config from pai-aimaster-new configmap.
[2026-05-09 09:44:27] [2026-05-09 09:44:26,558 AIMaster] (job_monitor_controller_k8s.py 1099) INFO: All workers: 2, running: 1, failed: 0, pending: 0
[2026-05-09 09:44:28] [2026-05-09 09:44:27,785 AIMaster] (job_event_collector.py 135) WARNING: Failed to watch pods, exception: ("Connection broken: ConnectionResetError(104, 'Connection reset by peer')", ConnectionResetError(104, 'Connection reset by peer'))
[2026-05-09 09:44:57] [2026-05-09 09:44:56,681 AIMaster] (job_monitor_controller_k8s.py 1099) INFO: All workers: 2, running: 1, failed: 0, pending: 0
[2026-05-09 09:44:57] [2026-05-09 09:44:56,681 AIMaster] (ops_reported_error_detector.py 103) INFO: Detecting whether the job is affected by errors reported by ops platform.
[2026-05-09 09:45:04] [2026-05-09 09:45:04,341 AIMaster] (config.py 347) INFO: Try loading config from pai-aimaster-new configmap.
[2026-05-09 09:45:27] [2026-05-09 09:45:26,844 AIMaster] (job_monitor_controller_k8s.py 1099) INFO: All workers: 2, running: 1, failed: 0, pending: 0
[2026-05-09 09:45:27] [2026-05-09 09:45:26,845 AIMaster] (aimaster_failover_controller.py 81) INFO: Detecting whether aimaster should be migrated.
[2026-05-09 09:45:57] [2026-05-09 09:45:56,969 AIMaster] (job_monitor_controller_k8s.py 1099) INFO: All workers: 2, running: 1, failed: 0, pending: 0
[2026-05-09 09:45:57] [2026-05-09 09:45:56,970 AIMaster] (ops_reported_error_detector.py 103) INFO: Detecting whether the job is affected by errors reported by ops platform.
[2026-05-09 09:46:00] [2026-05-09 09:45:59,879 AIMaster] (job_event_collector.py 135) WARNING: Failed to watch pods, exception: ("Connection broken: ConnectionResetError(104, 'Connection reset by peer')", ConnectionResetError(104, 'Connection reset by peer'))
[2026-05-09 09:46:04] [2026-05-09 09:46:04,376 AIMaster] (config.py 347) INFO: Try loading config from pai-aimaster-new configmap.
[2026-05-09 09:46:27] [2026-05-09 09:46:27,132 AIMaster] (job_monitor_controller_k8s.py 1099) INFO: All workers: 2, running: 1, failed: 0, pending: 0
[2026-05-09 09:46:57] [2026-05-09 09:46:57,263 AIMaster] (pod_manager.py 415) INFO: Pod Category Summary (Total pods: 2)
[2026-05-09 09:46:57] | Category           |   Count | Percentage   | Pods                        |
[2026-05-09 09:46:57] |--------------------|---------|--------------|-----------------------------|
[2026-05-09 09:46:57] | Running            |       1 | 50.0%        | [dlc1nta2oa0ac22v-worker-0] |
[2026-05-09 09:46:57] | Succeeded          |       1 | 50.0%        | [dlc1nta2oa0ac22v-master-0] |
[2026-05-09 09:46:57] | Pending            |       0 | 0.0%         |                             |
[2026-05-09 09:46:57] | Failed             |       0 | 0.0%         |                             |
[2026-05-09 09:46:57] | Terminating        |       0 | 0.0%         |                             |
[2026-05-09 09:46:57] | Scheduler_evicting |       0 | 0.0%         |                             |
[2026-05-09 09:46:57] | Aiph_node_error    |       0 | 0.0%         |                             |
[2026-05-09 09:46:57] | Unknown            |       0 | 0.0%         |                             |
[2026-05-09 09:46:57] 
[2026-05-09 09:46:57] [2026-05-09 09:46:57,263 AIMaster] (job_monitor_controller_k8s.py 1099) INFO: All workers: 2, running: 1, failed: 0, pending: 0
[2026-05-09 09:46:57] [2026-05-09 09:46:57,263 AIMaster] (ops_reported_error_detector.py 103) INFO: Detecting whether the job is affected by errors reported by ops platform.
[2026-05-09 09:47:04] [2026-05-09 09:47:04,411 AIMaster] (config.py 347) INFO: Try loading config from pai-aimaster-new configmap.
[2026-05-09 09:47:27] [2026-05-09 09:47:27,429 AIMaster] (job_monitor_controller_k8s.py 1099) INFO: All workers: 2, running: 1, failed: 0, pending: 0
[2026-05-09 09:47:27] [2026-05-09 09:47:27,429 AIMaster] (aimaster_failover_controller.py 81) INFO: Detecting whether aimaster should be migrated.
[2026-05-09 09:47:32] [2026-05-09 09:47:31,722 AIMaster] (job_event_collector.py 135) WARNING: Failed to watch pods, exception: ("Connection broken: ConnectionResetError(104, 'Connection reset by peer')", ConnectionResetError(104, 'Connection reset by peer'))
[2026-05-09 09:47:58] [2026-05-09 09:47:57,604 AIMaster] (job_monitor_controller_k8s.py 1099) INFO: All workers: 2, running: 1, failed: 0, pending: 0
[2026-05-09 09:47:58] [2026-05-09 09:47:57,604 AIMaster] (ops_reported_error_detector.py 103) INFO: Detecting whether the job is affected by errors reported by ops platform.
[2026-05-09 09:48:04] [2026-05-09 09:48:04,446 AIMaster] (config.py 347) INFO: Try loading config from pai-aimaster-new configmap.
[2026-05-09 09:48:28] [2026-05-09 09:48:27,912 AIMaster] (job_monitor_controller_k8s.py 1099) INFO: All workers: 2, running: 1, failed: 0, pending: 0
[2026-05-09 09:48:58] [2026-05-09 09:48:58,048 AIMaster] (job_monitor_controller_k8s.py 1099) INFO: All workers: 2, running: 1, failed: 0, pending: 0
[2026-05-09 09:48:58] [2026-05-09 09:48:58,048 AIMaster] (ops_reported_error_detector.py 103) INFO: Detecting whether the job is affected by errors reported by ops platform.
[2026-05-09 09:49:03] [2026-05-09 09:49:03,221 AIMaster] (job_event_collector.py 135) WARNING: Failed to watch pods, exception: ("Connection broken: ConnectionResetError(104, 'Connection reset by peer')", ConnectionResetError(104, 'Connection reset by peer'))
[2026-05-09 09:49:04] [2026-05-09 09:49:04,481 AIMaster] (config.py 347) INFO: Try loading config from pai-aimaster-new configmap.
[2026-05-09 09:49:28] [2026-05-09 09:49:28,246 AIMaster] (job_monitor_controller_k8s.py 1099) INFO: All workers: 2, running: 1, failed: 0, pending: 0
[2026-05-09 09:49:28] [2026-05-09 09:49:28,247 AIMaster] (aimaster_failover_controller.py 81) INFO: Detecting whether aimaster should be migrated.
[2026-05-09 09:49:58] [2026-05-09 09:49:58,394 AIMaster] (job_monitor_controller_k8s.py 1099) INFO: All workers: 2, running: 1, failed: 0, pending: 0
[2026-05-09 09:49:58] [2026-05-09 09:49:58,394 AIMaster] (ops_reported_error_detector.py 103) INFO: Detecting whether the job is affected by errors reported by ops platform.
[2026-05-09 09:50:04] [2026-05-09 09:50:04,518 AIMaster] (config.py 347) INFO: Try loading config from pai-aimaster-new configmap.
[2026-05-09 09:50:29] [2026-05-09 09:50:28,614 AIMaster] (job_monitor_controller_k8s.py 1099) INFO: All workers: 2, running: 1, failed: 0, pending: 0
[2026-05-09 09:50:34] [2026-05-09 09:50:34,507 AIMaster] (job_event_collector.py 135) WARNING: Failed to watch pods, exception: ("Connection broken: ConnectionResetError(104, 'Connection reset by peer')", ConnectionResetError(104, 'Connection reset by peer'))
[2026-05-09 09:50:59] [2026-05-09 09:50:58,758 AIMaster] (job_monitor_controller_k8s.py 1099) INFO: All workers: 2, running: 1, failed: 0, pending: 0
[2026-05-09 09:50:59] [2026-05-09 09:50:58,758 AIMaster] (ops_reported_error_detector.py 103) INFO: Detecting whether the job is affected by errors reported by ops platform.
[2026-05-09 09:51:04] [2026-05-09 09:51:04,551 AIMaster] (config.py 347) INFO: Try loading config from pai-aimaster-new configmap.
[2026-05-09 09:51:29] [2026-05-09 09:51:28,906 AIMaster] (job_monitor_controller_k8s.py 1099) INFO: All workers: 2, running: 1, failed: 0, pending: 0
[2026-05-09 09:51:29] [2026-05-09 09:51:28,906 AIMaster] (aimaster_failover_controller.py 81) INFO: Detecting whether aimaster should be migrated.
[2026-05-09 09:51:59] [2026-05-09 09:51:59,036 AIMaster] (pod_manager.py 415) INFO: Pod Category Summary (Total pods: 2)
[2026-05-09 09:51:59] | Category           |   Count | Percentage   | Pods                        |
[2026-05-09 09:51:59] |--------------------|---------|--------------|-----------------------------|
[2026-05-09 09:51:59] | Running            |       1 | 50.0%        | [dlc1nta2oa0ac22v-worker-0] |
[2026-05-09 09:51:59] | Succeeded          |       1 | 50.0%        | [dlc1nta2oa0ac22v-master-0] |
[2026-05-09 09:51:59] | Pending            |       0 | 0.0%         |                             |
[2026-05-09 09:51:59] | Failed             |       0 | 0.0%         |                             |
[2026-05-09 09:51:59] | Terminating        |       0 | 0.0%         |                             |
[2026-05-09 09:51:59] | Scheduler_evicting |       0 | 0.0%         |                             |
[2026-05-09 09:51:59] | Aiph_node_error    |       0 | 0.0%         |                             |
[2026-05-09 09:51:59] | Unknown            |       0 | 0.0%         |                             |
[2026-05-09 09:51:59] 
[2026-05-09 09:51:59] [2026-05-09 09:51:59,036 AIMaster] (job_monitor_controller_k8s.py 1099) INFO: All workers: 2, running: 1, failed: 0, pending: 0
[2026-05-09 09:51:59] [2026-05-09 09:51:59,037 AIMaster] (ops_reported_error_detector.py 103) INFO: Detecting whether the job is affected by errors reported by ops platform.
[2026-05-09 09:52:04] [2026-05-09 09:52:04,586 AIMaster] (config.py 347) INFO: Try loading config from pai-aimaster-new configmap.
[2026-05-09 09:52:06] [2026-05-09 09:52:06,021 AIMaster] (job_event_collector.py 135) WARNING: Failed to watch pods, exception: ("Connection broken: ConnectionResetError(104, 'Connection reset by peer')", ConnectionResetError(104, 'Connection reset by peer'))
[2026-05-09 09:52:29] [2026-05-09 09:52:29,184 AIMaster] (job_monitor_controller_k8s.py 1099) INFO: All workers: 2, running: 1, failed: 0, pending: 0
[2026-05-09 09:52:59] [2026-05-09 09:52:59,333 AIMaster] (job_monitor_controller_k8s.py 1099) INFO: All workers: 2, running: 1, failed: 0, pending: 0
[2026-05-09 09:52:59] [2026-05-09 09:52:59,333 AIMaster] (ops_reported_error_detector.py 103) INFO: Detecting whether the job is affected by errors reported by ops platform.
[2026-05-09 09:53:04] [2026-05-09 09:53:04,622 AIMaster] (config.py 347) INFO: Try loading config from pai-aimaster-new configmap.
[2026-05-09 09:53:29] [2026-05-09 09:53:29,500 AIMaster] (job_monitor_controller_k8s.py 1099) INFO: All workers: 2, running: 1, failed: 0, pending: 0
[2026-05-09 09:53:29] [2026-05-09 09:53:29,500 AIMaster] (aimaster_failover_controller.py 81) INFO: Detecting whether aimaster should be migrated.
[2026-05-09 09:53:38] [2026-05-09 09:53:37,990 AIMaster] (job_event_collector.py 135) WARNING: Failed to watch pods, exception: ("Connection broken: ConnectionResetError(104, 'Connection reset by peer')", ConnectionResetError(104, 'Connection reset by peer'))
[2026-05-09 09:53:59] [2026-05-09 09:53:59,627 AIMaster] (job_monitor_controller_k8s.py 1099) INFO: All workers: 2, running: 1, failed: 0, pending: 0
[2026-05-09 09:53:59] [2026-05-09 09:53:59,627 AIMaster] (ops_reported_error_detector.py 103) INFO: Detecting whether the job is affected by errors reported by ops platform.
[2026-05-09 09:54:04] [2026-05-09 09:54:04,657 AIMaster] (config.py 347) INFO: Try loading config from pai-aimaster-new configmap.
[2026-05-09 09:54:30] [2026-05-09 09:54:29,809 AIMaster] (job_monitor_controller_k8s.py 1099) INFO: All workers: 2, running: 1, failed: 0, pending: 0
[2026-05-09 09:55:00] [2026-05-09 09:54:59,934 AIMaster] (job_monitor_controller_k8s.py 1099) INFO: All workers: 2, running: 1, failed: 0, pending: 0
[2026-05-09 09:55:00] [2026-05-09 09:54:59,934 AIMaster] (ops_reported_error_detector.py 103) INFO: Detecting whether the job is affected by errors reported by ops platform.
[2026-05-09 09:55:04] [2026-05-09 09:55:04,693 AIMaster] (config.py 347) INFO: Try loading config from pai-aimaster-new configmap.
[2026-05-09 09:55:09] [2026-05-09 09:55:09,308 AIMaster] (job_event_collector.py 135) WARNING: Failed to watch pods, exception: ("Connection broken: ConnectionResetError(104, 'Connection reset by peer')", ConnectionResetError(104, 'Connection reset by peer'))
[2026-05-09 09:55:30] [2026-05-09 09:55:30,129 AIMaster] (job_monitor_controller_k8s.py 1099) INFO: All workers: 2, running: 1, failed: 0, pending: 0
[2026-05-09 09:55:30] [2026-05-09 09:55:30,130 AIMaster] (aimaster_failover_controller.py 81) INFO: Detecting whether aimaster should be migrated.
[2026-05-09 09:56:00] [2026-05-09 09:56:00,257 AIMaster] (job_monitor_controller_k8s.py 1099) INFO: All workers: 2, running: 1, failed: 0, pending: 0
[2026-05-09 09:56:00] [2026-05-09 09:56:00,258 AIMaster] (ops_reported_error_detector.py 103) INFO: Detecting whether the job is affected by errors reported by ops platform.
[2026-05-09 09:56:04] [2026-05-09 09:56:04,729 AIMaster] (config.py 347) INFO: Try loading config from pai-aimaster-new configmap.
[2026-05-09 09:56:30] [2026-05-09 09:56:30,418 AIMaster] (job_monitor_controller_k8s.py 1099) INFO: All workers: 2, running: 1, failed: 0, pending: 0
[2026-05-09 09:56:40] [2026-05-09 09:56:40,552 AIMaster] (job_event_collector.py 135) WARNING: Failed to watch pods, exception: ("Connection broken: ConnectionResetError(104, 'Connection reset by peer')", ConnectionResetError(104, 'Connection reset by peer'))
[2026-05-09 09:57:00] [2026-05-09 09:57:00,544 AIMaster] (pod_manager.py 415) INFO: Pod Category Summary (Total pods: 2)
[2026-05-09 09:57:00] | Category           |   Count | Percentage   | Pods                        |
[2026-05-09 09:57:00] |--------------------|---------|--------------|-----------------------------|
[2026-05-09 09:57:00] | Running            |       1 | 50.0%        | [dlc1nta2oa0ac22v-worker-0] |
[2026-05-09 09:57:00] | Succeeded          |       1 | 50.0%        | [dlc1nta2oa0ac22v-master-0] |
[2026-05-09 09:57:00] | Pending            |       0 | 0.0%         |                             |
[2026-05-09 09:57:00] | Failed             |       0 | 0.0%         |                             |
[2026-05-09 09:57:00] | Terminating        |       0 | 0.0%         |                             |
[2026-05-09 09:57:00] | Scheduler_evicting |       0 | 0.0%         |                             |
[2026-05-09 09:57:00] | Aiph_node_error    |       0 | 0.0%         |                             |
[2026-05-09 09:57:00] | Unknown            |       0 | 0.0%         |                             |
[2026-05-09 09:57:00] 
[2026-05-09 09:57:00] [2026-05-09 09:57:00,544 AIMaster] (job_monitor_controller_k8s.py 1099) INFO: All workers: 2, running: 1, failed: 0, pending: 0
[2026-05-09 09:57:00] [2026-05-09 09:57:00,544 AIMaster] (ops_reported_error_detector.py 103) INFO: Detecting whether the job is affected by errors reported by ops platform.
[2026-05-09 09:57:04] [2026-05-09 09:57:04,765 AIMaster] (config.py 347) INFO: Try loading config from pai-aimaster-new configmap.
[2026-05-09 09:57:30] [2026-05-09 09:57:30,700 AIMaster] (job_monitor_controller_k8s.py 1099) INFO: All workers: 2, running: 1, failed: 0, pending: 0
[2026-05-09 09:57:30] [2026-05-09 09:57:30,700 AIMaster] (aimaster_failover_controller.py 81) INFO: Detecting whether aimaster should be migrated.
[2026-05-09 09:58:01] [2026-05-09 09:58:00,860 AIMaster] (job_monitor_controller_k8s.py 1099) INFO: All workers: 2, running: 1, failed: 0, pending: 0
[2026-05-09 09:58:01] [2026-05-09 09:58:00,860 AIMaster] (ops_reported_error_detector.py 103) INFO: Detecting whether the job is affected by errors reported by ops platform.
[2026-05-09 09:58:04] [2026-05-09 09:58:04,800 AIMaster] (config.py 347) INFO: Try loading config from pai-aimaster-new configmap.
[2026-05-09 09:58:12] [2026-05-09 09:58:12,072 AIMaster] (job_event_collector.py 135) WARNING: Failed to watch pods, exception: ("Connection broken: ConnectionResetError(104, 'Connection reset by peer')", ConnectionResetError(104, 'Connection reset by peer'))
[2026-05-09 09:58:31] [2026-05-09 09:58:31,017 AIMaster] (job_monitor_controller_k8s.py 1099) INFO: All workers: 2, running: 1, failed: 0, pending: 0
[2026-05-09 09:59:01] [2026-05-09 09:59:01,170 AIMaster] (job_monitor_controller_k8s.py 1099) INFO: All workers: 2, running: 1, failed: 0, pending: 0
[2026-05-09 09:59:01] [2026-05-09 09:59:01,170 AIMaster] (ops_reported_error_detector.py 103) INFO: Detecting whether the job is affected by errors reported by ops platform.
[2026-05-09 09:59:04] [2026-05-09 09:59:04,837 AIMaster] (config.py 347) INFO: Try loading config from pai-aimaster-new configmap.
[2026-05-09 09:59:31] [2026-05-09 09:59:31,326 AIMaster] (job_monitor_controller_k8s.py 1099) INFO: All workers: 2, running: 1, failed: 0, pending: 0
[2026-05-09 09:59:31] [2026-05-09 09:59:31,326 AIMaster] (aimaster_failover_controller.py 81) INFO: Detecting whether aimaster should be migrated.
[2026-05-09 09:59:43] [2026-05-09 09:59:43,344 AIMaster] (job_event_collector.py 135) WARNING: Failed to watch pods, exception: ("Connection broken: ConnectionResetError(104, 'Connection reset by peer')", ConnectionResetError(104, 'Connection reset by peer'))
[2026-05-09 10:00:01] [2026-05-09 10:00:01,458 AIMaster] (job_monitor_controller_k8s.py 1099) INFO: All workers: 2, running: 1, failed: 0, pending: 0
[2026-05-09 10:00:01] [2026-05-09 10:00:01,458 AIMaster] (ops_reported_error_detector.py 103) INFO: Detecting whether the job is affected by errors reported by ops platform.
[2026-05-09 10:00:04] [2026-05-09 10:00:04,874 AIMaster] (config.py 347) INFO: Try loading config from pai-aimaster-new configmap.
[2026-05-09 10:00:31] [2026-05-09 10:00:31,669 AIMaster] (job_monitor_controller_k8s.py 1099) INFO: All workers: 2, running: 1, failed: 0, pending: 0
[2026-05-09 10:01:01] [2026-05-09 10:01:01,845 AIMaster] (job_monitor_controller_k8s.py 1099) INFO: All workers: 2, running: 1, failed: 0, pending: 0
[2026-05-09 10:01:01] [2026-05-09 10:01:01,845 AIMaster] (ops_reported_error_detector.py 103) INFO: Detecting whether the job is affected by errors reported by ops platform.
[2026-05-09 10:01:04] [2026-05-09 10:01:04,910 AIMaster] (config.py 347) INFO: Try loading config from pai-aimaster-new configmap.
[2026-05-09 10:01:15] [2026-05-09 10:01:15,306 AIMaster] (job_event_collector.py 135) WARNING: Failed to watch pods, exception: ("Connection broken: ConnectionResetError(104, 'Connection reset by peer')", ConnectionResetError(104, 'Connection reset by peer'))
[2026-05-09 10:01:32] [2026-05-09 10:01:32,061 AIMaster] (job_monitor_controller_k8s.py 1099) INFO: All workers: 2, running: 1, failed: 0, pending: 0
[2026-05-09 10:01:32] [2026-05-09 10:01:32,062 AIMaster] (aimaster_failover_controller.py 81) INFO: Detecting whether aimaster should be migrated.
[2026-05-09 10:02:02] [2026-05-09 10:02:02,192 AIMaster] (pod_manager.py 415) INFO: Pod Category Summary (Total pods: 2)
[2026-05-09 10:02:02] | Category           |   Count | Percentage   | Pods                        |
[2026-05-09 10:02:02] |--------------------|---------|--------------|-----------------------------|
[2026-05-09 10:02:02] | Running            |       1 | 50.0%        | [dlc1nta2oa0ac22v-worker-0] |
[2026-05-09 10:02:02] | Succeeded          |       1 | 50.0%        | [dlc1nta2oa0ac22v-master-0] |
[2026-05-09 10:02:02] | Pending            |       0 | 0.0%         |                             |
[2026-05-09 10:02:02] | Failed             |       0 | 0.0%         |                             |
[2026-05-09 10:02:02] | Terminating        |       0 | 0.0%         |                             |
[2026-05-09 10:02:02] | Scheduler_evicting |       0 | 0.0%         |                             |
[2026-05-09 10:02:02] | Aiph_node_error    |       0 | 0.0%         |                             |
[2026-05-09 10:02:02] | Unknown            |       0 | 0.0%         |                             |
[2026-05-09 10:02:02] 
[2026-05-09 10:02:02] [2026-05-09 10:02:02,192 AIMaster] (job_monitor_controller_k8s.py 1099) INFO: All workers: 2, running: 1, failed: 0, pending: 0
[2026-05-09 10:02:02] [2026-05-09 10:02:02,192 AIMaster] (ops_reported_error_detector.py 103) INFO: Detecting whether the job is affected by errors reported by ops platform.
[2026-05-09 10:02:04] [2026-05-09 10:02:04,943 AIMaster] (config.py 347) INFO: Try loading config from pai-aimaster-new configmap.
[2026-05-09 10:02:32] [2026-05-09 10:02:32,378 AIMaster] (job_monitor_controller_k8s.py 1099) INFO: All workers: 2, running: 1, failed: 0, pending: 0
[2026-05-09 10:02:46] [2026-05-09 10:02:46,635 AIMaster] (job_event_collector.py 135) WARNING: Failed to watch pods, exception: ("Connection broken: ConnectionResetError(104, 'Connection reset by peer')", ConnectionResetError(104, 'Connection reset by peer'))
[2026-05-09 10:03:03] [2026-05-09 10:03:02,510 AIMaster] (job_monitor_controller_k8s.py 1099) INFO: All workers: 2, running: 1, failed: 0, pending: 0
[2026-05-09 10:03:03] [2026-05-09 10:03:02,510 AIMaster] (ops_reported_error_detector.py 103) INFO: Detecting whether the job is affected by errors reported by ops platform.
[2026-05-09 10:03:05] [2026-05-09 10:03:04,980 AIMaster] (config.py 347) INFO: Try loading config from pai-aimaster-new configmap.
[2026-05-09 10:03:33] [2026-05-09 10:03:32,681 AIMaster] (job_monitor_controller_k8s.py 1099) INFO: All workers: 2, running: 1, failed: 0, pending: 0
[2026-05-09 10:03:33] [2026-05-09 10:03:32,682 AIMaster] (aimaster_failover_controller.py 81) INFO: Detecting whether aimaster should be migrated.
[2026-05-09 10:04:03] [2026-05-09 10:04:02,817 AIMaster] (job_monitor_controller_k8s.py 1099) INFO: All workers: 2, running: 1, failed: 0, pending: 0
[2026-05-09 10:04:03] [2026-05-09 10:04:02,817 AIMaster] (ops_reported_error_detector.py 103) INFO: Detecting whether the job is affected by errors reported by ops platform.
[2026-05-09 10:04:05] [2026-05-09 10:04:05,016 AIMaster] (config.py 347) INFO: Try loading config from pai-aimaster-new configmap.
[2026-05-09 10:04:19] [2026-05-09 10:04:18,130 AIMaster] (job_event_collector.py 135) WARNING: Failed to watch pods, exception: ("Connection broken: ConnectionResetError(104, 'Connection reset by peer')", ConnectionResetError(104, 'Connection reset by peer'))
[2026-05-09 10:04:33] [2026-05-09 10:04:32,980 AIMaster] (job_monitor_controller_k8s.py 1099) INFO: All workers: 2, running: 1, failed: 0, pending: 0
[2026-05-09 10:05:04] [2026-05-09 10:05:03,113 AIMaster] (job_monitor_controller_k8s.py 1099) INFO: All workers: 2, running: 1, failed: 0, pending: 0
[2026-05-09 10:05:04] [2026-05-09 10:05:03,113 AIMaster] (ops_reported_error_detector.py 103) INFO: Detecting whether the job is affected by errors reported by ops platform.
[2026-05-09 10:05:05] [2026-05-09 10:05:05,049 AIMaster] (config.py 347) INFO: Try loading config from pai-aimaster-new configmap.
[2026-05-09 10:05:34] [2026-05-09 10:05:33,275 AIMaster] (job_monitor_controller_k8s.py 1099) INFO: All workers: 2, running: 1, failed: 0, pending: 0
[2026-05-09 10:05:34] [2026-05-09 10:05:33,275 AIMaster] (aimaster_failover_controller.py 81) INFO: Detecting whether aimaster should be migrated.
[2026-05-09 10:05:50] [2026-05-09 10:05:49,678 AIMaster] (job_event_collector.py 135) WARNING: Failed to watch pods, exception: ("Connection broken: ConnectionResetError(104, 'Connection reset by peer')", ConnectionResetError(104, 'Connection reset by peer'))
[2026-05-09 10:06:04] [2026-05-09 10:06:03,405 AIMaster] (job_monitor_controller_k8s.py 1099) INFO: All workers: 2, running: 1, failed: 0, pending: 0
[2026-05-09 10:06:04] [2026-05-09 10:06:03,405 AIMaster] (ops_reported_error_detector.py 103) INFO: Detecting whether the job is affected by errors reported by ops platform.
[2026-05-09 10:06:05] [2026-05-09 10:06:05,085 AIMaster] (config.py 347) INFO: Try loading config from pai-aimaster-new configmap.
[2026-05-09 10:06:34] [2026-05-09 10:06:33,588 AIMaster] (job_monitor_controller_k8s.py 1099) INFO: All workers: 2, running: 1, failed: 0, pending: 0
[2026-05-09 10:07:04] [2026-05-09 10:07:03,721 AIMaster] (pod_manager.py 415) INFO: Pod Category Summary (Total pods: 2)
[2026-05-09 10:07:04] | Category           |   Count | Percentage   | Pods                        |
[2026-05-09 10:07:04] |--------------------|---------|--------------|-----------------------------|
[2026-05-09 10:07:04] | Running            |       1 | 50.0%        | [dlc1nta2oa0ac22v-worker-0] |
[2026-05-09 10:07:04] | Succeeded          |       1 | 50.0%        | [dlc1nta2oa0ac22v-master-0] |
[2026-05-09 10:07:04] | Pending            |       0 | 0.0%         |                             |
[2026-05-09 10:07:04] | Failed             |       0 | 0.0%         |                             |
[2026-05-09 10:07:04] | Terminating        |       0 | 0.0%         |                             |
[2026-05-09 10:07:04] | Scheduler_evicting |       0 | 0.0%         |                             |
[2026-05-09 10:07:04] | Aiph_node_error    |       0 | 0.0%         |                             |
[2026-05-09 10:07:04] | Unknown            |       0 | 0.0%         |                             |
[2026-05-09 10:07:04] 
[2026-05-09 10:07:04] [2026-05-09 10:07:03,721 AIMaster] (job_monitor_controller_k8s.py 1099) INFO: All workers: 2, running: 1, failed: 0, pending: 0
[2026-05-09 10:07:04] [2026-05-09 10:07:03,721 AIMaster] (ops_reported_error_detector.py 103) INFO: Detecting whether the job is affected by errors reported by ops platform.
[2026-05-09 10:07:05] [2026-05-09 10:07:05,120 AIMaster] (config.py 347) INFO: Try loading config from pai-aimaster-new configmap.
[2026-05-09 10:07:22] [2026-05-09 10:07:21,465 AIMaster] (job_event_collector.py 135) WARNING: Failed to watch pods, exception: ("Connection broken: ConnectionResetError(104, 'Connection reset by peer')", ConnectionResetError(104, 'Connection reset by peer'))
[2026-05-09 10:07:34] [2026-05-09 10:07:33,918 AIMaster] (job_monitor_controller_k8s.py 1099) INFO: All workers: 2, running: 1, failed: 0, pending: 0
[2026-05-09 10:07:34] [2026-05-09 10:07:33,918 AIMaster] (aimaster_failover_controller.py 81) INFO: Detecting whether aimaster should be migrated.
[2026-05-09 10:08:04] [2026-05-09 10:08:04,098 AIMaster] (job_monitor_controller_k8s.py 1099) INFO: All workers: 2, running: 1, failed: 0, pending: 0
[2026-05-09 10:08:04] [2026-05-09 10:08:04,098 AIMaster] (ops_reported_error_detector.py 103) INFO: Detecting whether the job is affected by errors reported by ops platform.
[2026-05-09 10:08:05] [2026-05-09 10:08:05,154 AIMaster] (config.py 347) INFO: Try loading config from pai-aimaster-new configmap.
[2026-05-09 10:08:35] [2026-05-09 10:08:34,281 AIMaster] (job_monitor_controller_k8s.py 1099) INFO: All workers: 2, running: 1, failed: 0, pending: 0
[2026-05-09 10:08:54] [2026-05-09 10:08:53,568 AIMaster] (job_event_collector.py 135) WARNING: Failed to watch pods, exception: ("Connection broken: ConnectionResetError(104, 'Connection reset by peer')", ConnectionResetError(104, 'Connection reset by peer'))
[2026-05-09 10:09:05] [2026-05-09 10:09:04,415 AIMaster] (job_monitor_controller_k8s.py 1099) INFO: All workers: 2, running: 1, failed: 0, pending: 0
[2026-05-09 10:09:05] [2026-05-09 10:09:04,415 AIMaster] (ops_reported_error_detector.py 103) INFO: Detecting whether the job is affected by errors reported by ops platform.
[2026-05-09 10:09:05] [2026-05-09 10:09:05,190 AIMaster] (config.py 347) INFO: Try loading config from pai-aimaster-new configmap.
[2026-05-09 10:09:35] [2026-05-09 10:09:34,587 AIMaster] (job_monitor_controller_k8s.py 1099) INFO: All workers: 2, running: 1, failed: 0, pending: 0
[2026-05-09 10:09:35] [2026-05-09 10:09:34,588 AIMaster] (aimaster_failover_controller.py 81) INFO: Detecting whether aimaster should be migrated.
[2026-05-09 10:10:05] [2026-05-09 10:10:04,706 AIMaster] (job_monitor_controller_k8s.py 1099) INFO: All workers: 2, running: 1, failed: 0, pending: 0
[2026-05-09 10:10:05] [2026-05-09 10:10:04,706 AIMaster] (ops_reported_error_detector.py 103) INFO: Detecting whether the job is affected by errors reported by ops platform.
[2026-05-09 10:10:05] [2026-05-09 10:10:05,223 AIMaster] (config.py 347) INFO: Try loading config from pai-aimaster-new configmap.
[2026-05-09 10:10:25] [2026-05-09 10:10:25,035 AIMaster] (job_event_collector.py 135) WARNING: Failed to watch pods, exception: ("Connection broken: ConnectionResetError(104, 'Connection reset by peer')", ConnectionResetError(104, 'Connection reset by peer'))
[2026-05-09 10:10:35] [2026-05-09 10:10:34,868 AIMaster] (job_monitor_controller_k8s.py 1099) INFO: All workers: 2, running: 1, failed: 0, pending: 0
[2026-05-09 10:11:05] [2026-05-09 10:11:05,072 AIMaster] (job_monitor_controller_k8s.py 1099) INFO: All workers: 2, running: 1, failed: 0, pending: 0
[2026-05-09 10:11:05] [2026-05-09 10:11:05,072 AIMaster] (ops_reported_error_detector.py 103) INFO: Detecting whether the job is affected by errors reported by ops platform.
[2026-05-09 10:11:05] [2026-05-09 10:11:05,259 AIMaster] (config.py 347) INFO: Try loading config from pai-aimaster-new configmap.
[2026-05-09 10:11:35] [2026-05-09 10:11:35,316 AIMaster] (job_monitor_controller_k8s.py 1099) INFO: All workers: 2, running: 1, failed: 0, pending: 0
[2026-05-09 10:11:35] [2026-05-09 10:11:35,317 AIMaster] (aimaster_failover_controller.py 81) INFO: Detecting whether aimaster should be migrated.
[2026-05-09 10:11:57] [2026-05-09 10:11:56,819 AIMaster] (job_event_collector.py 135) WARNING: Failed to watch pods, exception: ("Connection broken: ConnectionResetError(104, 'Connection reset by peer')", ConnectionResetError(104, 'Connection reset by peer'))
[2026-05-09 10:12:05] [2026-05-09 10:12:05,311 AIMaster] (config.py 347) INFO: Try loading config from pai-aimaster-new configmap.
[2026-05-09 10:12:06] [2026-05-09 10:12:05,539 AIMaster] (pod_manager.py 415) INFO: Pod Category Summary (Total pods: 2)
[2026-05-09 10:12:06] | Category           |   Count | Percentage   | Pods                        |
[2026-05-09 10:12:06] |--------------------|---------|--------------|-----------------------------|
[2026-05-09 10:12:06] | Running            |       1 | 50.0%        | [dlc1nta2oa0ac22v-worker-0] |
[2026-05-09 10:12:06] | Succeeded          |       1 | 50.0%        | [dlc1nta2oa0ac22v-master-0] |
[2026-05-09 10:12:06] | Pending            |       0 | 0.0%         |                             |
[2026-05-09 10:12:06] | Failed             |       0 | 0.0%         |                             |
[2026-05-09 10:12:06] | Terminating        |       0 | 0.0%         |                             |
[2026-05-09 10:12:06] | Scheduler_evicting |       0 | 0.0%         |                             |
[2026-05-09 10:12:06] | Aiph_node_error    |       0 | 0.0%         |                             |
[2026-05-09 10:12:06] | Unknown            |       0 | 0.0%         |                             |
[2026-05-09 10:12:06] 
[2026-05-09 10:12:06] [2026-05-09 10:12:05,539 AIMaster] (job_monitor_controller_k8s.py 1099) INFO: All workers: 2, running: 1, failed: 0, pending: 0
[2026-05-09 10:12:06] [2026-05-09 10:12:05,539 AIMaster] (ops_reported_error_detector.py 103) INFO: Detecting whether the job is affected by errors reported by ops platform.
[2026-05-09 10:12:36] [2026-05-09 10:12:35,706 AIMaster] (job_monitor_controller_k8s.py 1099) INFO: All workers: 2, running: 1, failed: 0, pending: 0
[2026-05-09 10:13:05] [2026-05-09 10:13:05,345 AIMaster] (config.py 347) INFO: Try loading config from pai-aimaster-new configmap.
[2026-05-09 10:13:06] [2026-05-09 10:13:05,830 AIMaster] (job_monitor_controller_k8s.py 1099) INFO: All workers: 2, running: 1, failed: 0, pending: 0
[2026-05-09 10:13:06] [2026-05-09 10:13:05,830 AIMaster] (ops_reported_error_detector.py 103) INFO: Detecting whether the job is affected by errors reported by ops platform.
[2026-05-09 10:13:29] [2026-05-09 10:13:28,916 AIMaster] (job_event_collector.py 135) WARNING: Failed to watch pods, exception: ("Connection broken: ConnectionResetError(104, 'Connection reset by peer')", ConnectionResetError(104, 'Connection reset by peer'))
[2026-05-09 10:13:36] [2026-05-09 10:13:35,988 AIMaster] (job_monitor_controller_k8s.py 1099) INFO: All workers: 2, running: 1, failed: 0, pending: 0
[2026-05-09 10:13:36] [2026-05-09 10:13:35,988 AIMaster] (aimaster_failover_controller.py 81) INFO: Detecting whether aimaster should be migrated.
[2026-05-09 10:14:05] [2026-05-09 10:14:05,379 AIMaster] (config.py 347) INFO: Try loading config from pai-aimaster-new configmap.
[2026-05-09 10:14:06] [2026-05-09 10:14:06,124 AIMaster] (job_monitor_controller_k8s.py 1099) INFO: All workers: 2, running: 1, failed: 0, pending: 0
[2026-05-09 10:14:06] [2026-05-09 10:14:06,124 AIMaster] (ops_reported_error_detector.py 103) INFO: Detecting whether the job is affected by errors reported by ops platform.
[2026-05-09 10:14:36] [2026-05-09 10:14:36,282 AIMaster] (job_monitor_controller_k8s.py 1099) INFO: All workers: 2, running: 1, failed: 0, pending: 0
[2026-05-09 10:15:01] [2026-05-09 10:15:01,091 AIMaster] (job_event_collector.py 135) WARNING: Failed to watch pods, exception: ("Connection broken: ConnectionResetError(104, 'Connection reset by peer')", ConnectionResetError(104, 'Connection reset by peer'))
[2026-05-09 10:15:05] [2026-05-09 10:15:05,416 AIMaster] (config.py 347) INFO: Try loading config from pai-aimaster-new configmap.
[2026-05-09 10:15:06] [2026-05-09 10:15:06,421 AIMaster] (job_monitor_controller_k8s.py 1099) INFO: All workers: 2, running: 1, failed: 0, pending: 0
[2026-05-09 10:15:06] [2026-05-09 10:15:06,421 AIMaster] (ops_reported_error_detector.py 103) INFO: Detecting whether the job is affected by errors reported by ops platform.
[2026-05-09 10:15:37] [2026-05-09 10:15:36,601 AIMaster] (job_monitor_controller_k8s.py 1099) INFO: All workers: 2, running: 1, failed: 0, pending: 0
[2026-05-09 10:15:37] [2026-05-09 10:15:36,601 AIMaster] (aimaster_failover_controller.py 81) INFO: Detecting whether aimaster should be migrated.
[2026-05-09 10:16:05] [2026-05-09 10:16:05,450 AIMaster] (config.py 347) INFO: Try loading config from pai-aimaster-new configmap.
[2026-05-09 10:16:07] [2026-05-09 10:16:06,743 AIMaster] (job_monitor_controller_k8s.py 1099) INFO: All workers: 2, running: 1, failed: 0, pending: 0
[2026-05-09 10:16:07] [2026-05-09 10:16:06,744 AIMaster] (ops_reported_error_detector.py 103) INFO: Detecting whether the job is affected by errors reported by ops platform.
[2026-05-09 10:16:33] [2026-05-09 10:16:32,504 AIMaster] (job_event_collector.py 135) WARNING: Failed to watch pods, exception: ("Connection broken: ConnectionResetError(104, 'Connection reset by peer')", ConnectionResetError(104, 'Connection reset by peer'))
[2026-05-09 10:16:37] [2026-05-09 10:16:37,031 AIMaster] (job_monitor_controller_k8s.py 1099) INFO: All workers: 2, running: 1, failed: 0, pending: 0
[2026-05-09 10:17:05] [2026-05-09 10:17:05,486 AIMaster] (config.py 347) INFO: Try loading config from pai-aimaster-new configmap.
[2026-05-09 10:17:07] [2026-05-09 10:17:07,154 AIMaster] (pod_manager.py 415) INFO: Pod Category Summary (Total pods: 2)
[2026-05-09 10:17:07] | Category           |   Count | Percentage   | Pods                        |
[2026-05-09 10:17:07] |--------------------|---------|--------------|-----------------------------|
[2026-05-09 10:17:07] | Running            |       1 | 50.0%        | [dlc1nta2oa0ac22v-worker-0] |
[2026-05-09 10:17:07] | Succeeded          |       1 | 50.0%        | [dlc1nta2oa0ac22v-master-0] |
[2026-05-09 10:17:07] | Pending            |       0 | 0.0%         |                             |
[2026-05-09 10:17:07] | Failed             |       0 | 0.0%         |                             |
[2026-05-09 10:17:07] | Terminating        |       0 | 0.0%         |                             |
[2026-05-09 10:17:07] | Scheduler_evicting |       0 | 0.0%         |                             |
[2026-05-09 10:17:07] | Aiph_node_error    |       0 | 0.0%         |                             |
[2026-05-09 10:17:07] | Unknown            |       0 | 0.0%         |                             |
[2026-05-09 10:17:07] 
[2026-05-09 10:17:07] [2026-05-09 10:17:07,154 AIMaster] (job_monitor_controller_k8s.py 1099) INFO: All workers: 2, running: 1, failed: 0, pending: 0
[2026-05-09 10:17:07] [2026-05-09 10:17:07,154 AIMaster] (ops_reported_error_detector.py 103) INFO: Detecting whether the job is affected by errors reported by ops platform.
[2026-05-09 10:17:37] [2026-05-09 10:17:37,305 AIMaster] (job_monitor_controller_k8s.py 1099) INFO: All workers: 2, running: 1, failed: 0, pending: 0
[2026-05-09 10:17:37] [2026-05-09 10:17:37,305 AIMaster] (aimaster_failover_controller.py 81) INFO: Detecting whether aimaster should be migrated.
[2026-05-09 10:18:04] [2026-05-09 10:18:04,163 AIMaster] (job_event_collector.py 135) WARNING: Failed to watch pods, exception: ("Connection broken: ConnectionResetError(104, 'Connection reset by peer')", ConnectionResetError(104, 'Connection reset by peer'))
[2026-05-09 10:18:05] [2026-05-09 10:18:05,522 AIMaster] (config.py 347) INFO: Try loading config from pai-aimaster-new configmap.
[2026-05-09 10:18:07] [2026-05-09 10:18:07,503 AIMaster] (job_monitor_controller_k8s.py 1099) INFO: All workers: 2, running: 1, failed: 0, pending: 0
[2026-05-09 10:18:07] [2026-05-09 10:18:07,503 AIMaster] (ops_reported_error_detector.py 103) INFO: Detecting whether the job is affected by errors reported by ops platform.
[2026-05-09 10:18:38] [2026-05-09 10:18:37,662 AIMaster] (job_monitor_controller_k8s.py 1099) INFO: All workers: 2, running: 1, failed: 0, pending: 0
[2026-05-09 10:19:05] [2026-05-09 10:19:05,555 AIMaster] (config.py 347) INFO: Try loading config from pai-aimaster-new configmap.
[2026-05-09 10:19:08] [2026-05-09 10:19:07,829 AIMaster] (job_monitor_controller_k8s.py 1099) INFO: All workers: 2, running: 1, failed: 0, pending: 0
[2026-05-09 10:19:08] [2026-05-09 10:19:07,829 AIMaster] (ops_reported_error_detector.py 103) INFO: Detecting whether the job is affected by errors reported by ops platform.
[2026-05-09 10:19:35] [2026-05-09 10:19:35,382 AIMaster] (job_event_collector.py 135) WARNING: Failed to watch pods, exception: ("Connection broken: ConnectionResetError(104, 'Connection reset by peer')", ConnectionResetError(104, 'Connection reset by peer'))
[2026-05-09 10:19:38] [2026-05-09 10:19:37,989 AIMaster] (job_monitor_controller_k8s.py 1099) INFO: All workers: 2, running: 1, failed: 0, pending: 0
[2026-05-09 10:19:38] [2026-05-09 10:19:37,990 AIMaster] (aimaster_failover_controller.py 81) INFO: Detecting whether aimaster should be migrated.
[2026-05-09 10:20:05] [2026-05-09 10:20:05,589 AIMaster] (config.py 347) INFO: Try loading config from pai-aimaster-new configmap.
[2026-05-09 10:20:08] [2026-05-09 10:20:08,128 AIMaster] (job_monitor_controller_k8s.py 1099) INFO: All workers: 2, running: 1, failed: 0, pending: 0
[2026-05-09 10:20:08] [2026-05-09 10:20:08,128 AIMaster] (ops_reported_error_detector.py 103) INFO: Detecting whether the job is affected by errors reported by ops platform.
[2026-05-09 10:20:38] [2026-05-09 10:20:38,291 AIMaster] (job_monitor_controller_k8s.py 1099) INFO: All workers: 2, running: 1, failed: 0, pending: 0
[2026-05-09 10:21:05] [2026-05-09 10:21:05,624 AIMaster] (config.py 347) INFO: Try loading config from pai-aimaster-new configmap.
[2026-05-09 10:21:07] [2026-05-09 10:21:07,324 AIMaster] (job_event_collector.py 135) WARNING: Failed to watch pods, exception: ("Connection broken: ConnectionResetError(104, 'Connection reset by peer')", ConnectionResetError(104, 'Connection reset by peer'))
[2026-05-09 10:21:08] [2026-05-09 10:21:08,411 AIMaster] (job_monitor_controller_k8s.py 1099) INFO: All workers: 2, running: 1, failed: 0, pending: 0
[2026-05-09 10:21:08] [2026-05-09 10:21:08,411 AIMaster] (ops_reported_error_detector.py 103) INFO: Detecting whether the job is affected by errors reported by ops platform.
[2026-05-09 10:21:38] [2026-05-09 10:21:38,597 AIMaster] (job_monitor_controller_k8s.py 1099) INFO: All workers: 2, running: 1, failed: 0, pending: 0
[2026-05-09 10:21:38] [2026-05-09 10:21:38,597 AIMaster] (aimaster_failover_controller.py 81) INFO: Detecting whether aimaster should be migrated.
[2026-05-09 10:22:05] [2026-05-09 10:22:05,659 AIMaster] (config.py 347) INFO: Try loading config from pai-aimaster-new configmap.
[2026-05-09 10:22:09] [2026-05-09 10:22:08,781 AIMaster] (pod_manager.py 415) INFO: Pod Category Summary (Total pods: 2)
[2026-05-09 10:22:09] | Category           |   Count | Percentage   | Pods                        |
[2026-05-09 10:22:09] |--------------------|---------|--------------|-----------------------------|
[2026-05-09 10:22:09] | Running            |       1 | 50.0%        | [dlc1nta2oa0ac22v-worker-0] |
[2026-05-09 10:22:09] | Succeeded          |       1 | 50.0%        | [dlc1nta2oa0ac22v-master-0] |
[2026-05-09 10:22:09] | Pending            |       0 | 0.0%         |                             |
[2026-05-09 10:22:09] | Failed             |       0 | 0.0%         |                             |
[2026-05-09 10:22:09] | Terminating        |       0 | 0.0%         |                             |
[2026-05-09 10:22:09] | Scheduler_evicting |       0 | 0.0%         |                             |
[2026-05-09 10:22:09] | Aiph_node_error    |       0 | 0.0%         |                             |
[2026-05-09 10:22:09] | Unknown            |       0 | 0.0%         |                             |
[2026-05-09 10:22:09] 
[2026-05-09 10:22:09] [2026-05-09 10:22:08,781 AIMaster] (job_monitor_controller_k8s.py 1099) INFO: All workers: 2, running: 1, failed: 0, pending: 0
[2026-05-09 10:22:09] [2026-05-09 10:22:08,781 AIMaster] (ops_reported_error_detector.py 103) INFO: Detecting whether the job is affected by errors reported by ops platform.
[2026-05-09 10:22:38] [2026-05-09 10:22:38,620 AIMaster] (job_event_collector.py 135) WARNING: Failed to watch pods, exception: ("Connection broken: ConnectionResetError(104, 'Connection reset by peer')", ConnectionResetError(104, 'Connection reset by peer'))
[2026-05-09 10:22:39] [2026-05-09 10:22:39,000 AIMaster] (job_monitor_controller_k8s.py 1099) INFO: All workers: 2, running: 1, failed: 0, pending: 0
[2026-05-09 10:23:05] [2026-05-09 10:23:05,693 AIMaster] (config.py 347) INFO: Try loading config from pai-aimaster-new configmap.
[2026-05-09 10:23:09] [2026-05-09 10:23:09,136 AIMaster] (job_monitor_controller_k8s.py 1099) INFO: All workers: 2, running: 1, failed: 0, pending: 0
[2026-05-09 10:23:09] [2026-05-09 10:23:09,137 AIMaster] (ops_reported_error_detector.py 103) INFO: Detecting whether the job is affected by errors reported by ops platform.
[2026-05-09 10:23:39] [2026-05-09 10:23:39,305 AIMaster] (job_monitor_controller_k8s.py 1099) INFO: All workers: 2, running: 1, failed: 0, pending: 0
[2026-05-09 10:23:39] [2026-05-09 10:23:39,306 AIMaster] (aimaster_failover_controller.py 81) INFO: Detecting whether aimaster should be migrated.
[2026-05-09 10:24:05] [2026-05-09 10:24:05,730 AIMaster] (config.py 347) INFO: Try loading config from pai-aimaster-new configmap.
[2026-05-09 10:24:09] [2026-05-09 10:24:09,434 AIMaster] (job_monitor_controller_k8s.py 1099) INFO: All workers: 2, running: 1, failed: 0, pending: 0
[2026-05-09 10:24:09] [2026-05-09 10:24:09,435 AIMaster] (ops_reported_error_detector.py 103) INFO: Detecting whether the job is affected by errors reported by ops platform.
[2026-05-09 10:24:10] [2026-05-09 10:24:09,865 AIMaster] (job_event_collector.py 135) WARNING: Failed to watch pods, exception: ("Connection broken: ConnectionResetError(104, 'Connection reset by peer')", ConnectionResetError(104, 'Connection reset by peer'))
[2026-05-09 10:24:39] [2026-05-09 10:24:39,601 AIMaster] (job_monitor_controller_k8s.py 1099) INFO: All workers: 2, running: 1, failed: 0, pending: 0
[2026-05-09 10:25:05] [2026-05-09 10:25:05,769 AIMaster] (config.py 347) INFO: Try loading config from pai-aimaster-new configmap.
[2026-05-09 10:25:09] [2026-05-09 10:25:09,751 AIMaster] (job_monitor_controller_k8s.py 1099) INFO: All workers: 2, running: 1, failed: 0, pending: 0
[2026-05-09 10:25:09] [2026-05-09 10:25:09,751 AIMaster] (ops_reported_error_detector.py 103) INFO: Detecting whether the job is affected by errors reported by ops platform.
[2026-05-09 10:25:40] [2026-05-09 10:25:39,917 AIMaster] (job_monitor_controller_k8s.py 1099) INFO: All workers: 2, running: 1, failed: 0, pending: 0
[2026-05-09 10:25:40] [2026-05-09 10:25:39,917 AIMaster] (aimaster_failover_controller.py 81) INFO: Detecting whether aimaster should be migrated.
[2026-05-09 10:25:41] [2026-05-09 10:25:41,038 AIMaster] (job_event_collector.py 135) WARNING: Failed to watch pods, exception: ("Connection broken: ConnectionResetError(104, 'Connection reset by peer')", ConnectionResetError(104, 'Connection reset by peer'))
[2026-05-09 10:26:05] [2026-05-09 10:26:05,805 AIMaster] (config.py 347) INFO: Try loading config from pai-aimaster-new configmap.
[2026-05-09 10:26:10] [2026-05-09 10:26:10,045 AIMaster] (job_monitor_controller_k8s.py 1099) INFO: All workers: 2, running: 1, failed: 0, pending: 0
[2026-05-09 10:26:10] [2026-05-09 10:26:10,045 AIMaster] (ops_reported_error_detector.py 103) INFO: Detecting whether the job is affected by errors reported by ops platform.
[2026-05-09 10:26:40] [2026-05-09 10:26:40,277 AIMaster] (job_monitor_controller_k8s.py 1099) INFO: All workers: 2, running: 1, failed: 0, pending: 0
[2026-05-09 10:27:06] [2026-05-09 10:27:05,846 AIMaster] (config.py 347) INFO: Try loading config from pai-aimaster-new configmap.
[2026-05-09 10:27:10] [2026-05-09 10:27:10,409 AIMaster] (pod_manager.py 415) INFO: Pod Category Summary (Total pods: 2)
[2026-05-09 10:27:10] | Category           |   Count | Percentage   | Pods                        |
[2026-05-09 10:27:10] |--------------------|---------|--------------|-----------------------------|
[2026-05-09 10:27:10] | Running            |       1 | 50.0%        | [dlc1nta2oa0ac22v-worker-0] |
[2026-05-09 10:27:10] | Succeeded          |       1 | 50.0%        | [dlc1nta2oa0ac22v-master-0] |
[2026-05-09 10:27:10] | Pending            |       0 | 0.0%         |                             |
[2026-05-09 10:27:10] | Failed             |       0 | 0.0%         |                             |
[2026-05-09 10:27:10] | Terminating        |       0 | 0.0%         |                             |
[2026-05-09 10:27:10] | Scheduler_evicting |       0 | 0.0%         |                             |
[2026-05-09 10:27:10] | Aiph_node_error    |       0 | 0.0%         |                             |
[2026-05-09 10:27:10] | Unknown            |       0 | 0.0%         |                             |
[2026-05-09 10:27:10] 
[2026-05-09 10:27:10] [2026-05-09 10:27:10,409 AIMaster] (job_monitor_controller_k8s.py 1099) INFO: All workers: 2, running: 1, failed: 0, pending: 0
[2026-05-09 10:27:10] [2026-05-09 10:27:10,409 AIMaster] (ops_reported_error_detector.py 103) INFO: Detecting whether the job is affected by errors reported by ops platform.
[2026-05-09 10:27:12] [2026-05-09 10:27:12,603 AIMaster] (job_event_collector.py 135) WARNING: Failed to watch pods, exception: ("Connection broken: ConnectionResetError(104, 'Connection reset by peer')", ConnectionResetError(104, 'Connection reset by peer'))
[2026-05-09 10:27:40] [2026-05-09 10:27:40,595 AIMaster] (job_monitor_controller_k8s.py 1099) INFO: All workers: 2, running: 1, failed: 0, pending: 0
[2026-05-09 10:27:40] [2026-05-09 10:27:40,595 AIMaster] (aimaster_failover_controller.py 81) INFO: Detecting whether aimaster should be migrated.
[2026-05-09 10:28:06] [2026-05-09 10:28:05,879 AIMaster] (config.py 347) INFO: Try loading config from pai-aimaster-new configmap.
[2026-05-09 10:28:10] [2026-05-09 10:28:10,745 AIMaster] (job_monitor_controller_k8s.py 1099) INFO: All workers: 2, running: 1, failed: 0, pending: 0
[2026-05-09 10:28:10] [2026-05-09 10:28:10,745 AIMaster] (ops_reported_error_detector.py 103) INFO: Detecting whether the job is affected by errors reported by ops platform.
[2026-05-09 10:28:41] [2026-05-09 10:28:40,925 AIMaster] (job_monitor_controller_k8s.py 1099) INFO: All workers: 2, running: 1, failed: 0, pending: 0
[2026-05-09 10:28:44] [2026-05-09 10:28:43,950 AIMaster] (job_event_collector.py 135) WARNING: Failed to watch pods, exception: ("Connection broken: ConnectionResetError(104, 'Connection reset by peer')", ConnectionResetError(104, 'Connection reset by peer'))
[2026-05-09 10:29:06] [2026-05-09 10:29:05,913 AIMaster] (config.py 347) INFO: Try loading config from pai-aimaster-new configmap.
[2026-05-09 10:29:11] [2026-05-09 10:29:11,046 AIMaster] (job_monitor_controller_k8s.py 1099) INFO: All workers: 2, running: 1, failed: 0, pending: 0
[2026-05-09 10:29:11] [2026-05-09 10:29:11,047 AIMaster] (ops_reported_error_detector.py 103) INFO: Detecting whether the job is affected by errors reported by ops platform.
[2026-05-09 10:29:41] [2026-05-09 10:29:41,283 AIMaster] (job_monitor_controller_k8s.py 1099) INFO: All workers: 2, running: 1, failed: 0, pending: 0
[2026-05-09 10:29:41] [2026-05-09 10:29:41,283 AIMaster] (aimaster_failover_controller.py 81) INFO: Detecting whether aimaster should be migrated.
[2026-05-09 10:30:06] [2026-05-09 10:30:05,947 AIMaster] (config.py 347) INFO: Try loading config from pai-aimaster-new configmap.
[2026-05-09 10:30:11] [2026-05-09 10:30:11,540 AIMaster] (job_monitor_controller_k8s.py 1099) INFO: All workers: 2, running: 1, failed: 0, pending: 0
[2026-05-09 10:30:11] [2026-05-09 10:30:11,540 AIMaster] (ops_reported_error_detector.py 103) INFO: Detecting whether the job is affected by errors reported by ops platform.
[2026-05-09 10:30:15] [2026-05-09 10:30:15,568 AIMaster] (job_event_collector.py 135) WARNING: Failed to watch pods, exception: ("Connection broken: ConnectionResetError(104, 'Connection reset by peer')", ConnectionResetError(104, 'Connection reset by peer'))
[2026-05-09 10:30:41] [2026-05-09 10:30:41,714 AIMaster] (job_monitor_controller_k8s.py 1099) INFO: All workers: 2, running: 1, failed: 0, pending: 0
[2026-05-09 10:31:06] [2026-05-09 10:31:05,985 AIMaster] (config.py 347) INFO: Try loading config from pai-aimaster-new configmap.
[2026-05-09 10:31:11] [2026-05-09 10:31:11,920 AIMaster] (job_monitor_controller_k8s.py 1099) INFO: All workers: 2, running: 1, failed: 0, pending: 0
[2026-05-09 10:31:11] [2026-05-09 10:31:11,920 AIMaster] (ops_reported_error_detector.py 103) INFO: Detecting whether the job is affected by errors reported by ops platform.
[2026-05-09 10:31:43] [2026-05-09 10:31:42,095 AIMaster] (job_monitor_controller_k8s.py 1099) INFO: All workers: 2, running: 1, failed: 0, pending: 0
[2026-05-09 10:31:43] [2026-05-09 10:31:42,096 AIMaster] (aimaster_failover_controller.py 81) INFO: Detecting whether aimaster should be migrated.
[2026-05-09 10:31:48] [2026-05-09 10:31:47,391 AIMaster] (job_event_collector.py 135) WARNING: Failed to watch pods, exception: ("Connection broken: ConnectionResetError(104, 'Connection reset by peer')", ConnectionResetError(104, 'Connection reset by peer'))
[2026-05-09 10:32:07] [2026-05-09 10:32:06,032 AIMaster] (config.py 347) INFO: Try loading config from pai-aimaster-new configmap.
[2026-05-09 10:32:13] [2026-05-09 10:32:12,224 AIMaster] (pod_manager.py 415) INFO: Pod Category Summary (Total pods: 2)
[2026-05-09 10:32:13] | Category           |   Count | Percentage   | Pods                        |
[2026-05-09 10:32:13] |--------------------|---------|--------------|-----------------------------|
[2026-05-09 10:32:13] | Running            |       1 | 50.0%        | [dlc1nta2oa0ac22v-worker-0] |
[2026-05-09 10:32:13] | Succeeded          |       1 | 50.0%        | [dlc1nta2oa0ac22v-master-0] |
[2026-05-09 10:32:13] | Pending            |       0 | 0.0%         |                             |
[2026-05-09 10:32:13] | Failed             |       0 | 0.0%         |                             |
[2026-05-09 10:32:13] | Terminating        |       0 | 0.0%         |                             |
[2026-05-09 10:32:13] | Scheduler_evicting |       0 | 0.0%         |                             |
[2026-05-09 10:32:13] | Aiph_node_error    |       0 | 0.0%         |                             |
[2026-05-09 10:32:13] | Unknown            |       0 | 0.0%         |                             |
[2026-05-09 10:32:13] 
[2026-05-09 10:32:13] [2026-05-09 10:32:12,224 AIMaster] (job_monitor_controller_k8s.py 1099) INFO: All workers: 2, running: 1, failed: 0, pending: 0
[2026-05-09 10:32:13] [2026-05-09 10:32:12,224 AIMaster] (ops_reported_error_detector.py 103) INFO: Detecting whether the job is affected by errors reported by ops platform.
[2026-05-09 10:32:43] [2026-05-09 10:32:42,387 AIMaster] (job_monitor_controller_k8s.py 1099) INFO: All workers: 2, running: 1, failed: 0, pending: 0
[2026-05-09 10:33:07] [2026-05-09 10:33:06,067 AIMaster] (config.py 347) INFO: Try loading config from pai-aimaster-new configmap.
[2026-05-09 10:33:13] [2026-05-09 10:33:12,517 AIMaster] (job_monitor_controller_k8s.py 1099) INFO: All workers: 2, running: 1, failed: 0, pending: 0
[2026-05-09 10:33:13] [2026-05-09 10:33:12,517 AIMaster] (ops_reported_error_detector.py 103) INFO: Detecting whether the job is affected by errors reported by ops platform.
[2026-05-09 10:33:20] [2026-05-09 10:33:19,247 AIMaster] (job_event_collector.py 135) WARNING: Failed to watch pods, exception: ("Connection broken: ConnectionResetError(104, 'Connection reset by peer')", ConnectionResetError(104, 'Connection reset by peer'))
[2026-05-09 10:33:43] [2026-05-09 10:33:42,776 AIMaster] (job_monitor_controller_k8s.py 1099) INFO: All workers: 2, running: 1, failed: 0, pending: 0
[2026-05-09 10:33:43] [2026-05-09 10:33:42,776 AIMaster] (aimaster_failover_controller.py 81) INFO: Detecting whether aimaster should be migrated.
[2026-05-09 10:34:07] [2026-05-09 10:34:06,102 AIMaster] (config.py 347) INFO: Try loading config from pai-aimaster-new configmap.
[2026-05-09 10:34:13] [2026-05-09 10:34:12,907 AIMaster] (job_monitor_controller_k8s.py 1099) INFO: All workers: 2, running: 1, failed: 0, pending: 0
[2026-05-09 10:34:13] [2026-05-09 10:34:12,907 AIMaster] (ops_reported_error_detector.py 103) INFO: Detecting whether the job is affected by errors reported by ops platform.
[2026-05-09 10:34:44] [2026-05-09 10:34:43,147 AIMaster] (job_monitor_controller_k8s.py 1099) INFO: All workers: 2, running: 1, failed: 0, pending: 0
[2026-05-09 10:34:52] [2026-05-09 10:34:51,302 AIMaster] (job_event_collector.py 135) WARNING: Failed to watch pods, exception: ("Connection broken: ConnectionResetError(104, 'Connection reset by peer')", ConnectionResetError(104, 'Connection reset by peer'))
[2026-05-09 10:35:07] [2026-05-09 10:35:06,136 AIMaster] (config.py 347) INFO: Try loading config from pai-aimaster-new configmap.
[2026-05-09 10:35:14] [2026-05-09 10:35:13,307 AIMaster] (job_monitor_controller_k8s.py 1099) INFO: All workers: 2, running: 1, failed: 0, pending: 0
[2026-05-09 10:35:14] [2026-05-09 10:35:13,308 AIMaster] (ops_reported_error_detector.py 103) INFO: Detecting whether the job is affected by errors reported by ops platform.
[2026-05-09 10:35:44] [2026-05-09 10:35:43,478 AIMaster] (job_monitor_controller_k8s.py 1099) INFO: All workers: 2, running: 1, failed: 0, pending: 0
[2026-05-09 10:35:44] [2026-05-09 10:35:43,479 AIMaster] (aimaster_failover_controller.py 81) INFO: Detecting whether aimaster should be migrated.
[2026-05-09 10:36:07] [2026-05-09 10:36:06,172 AIMaster] (config.py 347) INFO: Try loading config from pai-aimaster-new configmap.
[2026-05-09 10:36:14] [2026-05-09 10:36:13,617 AIMaster] (job_monitor_controller_k8s.py 1099) INFO: All workers: 2, running: 1, failed: 0, pending: 0
[2026-05-09 10:36:14] [2026-05-09 10:36:13,617 AIMaster] (ops_reported_error_detector.py 103) INFO: Detecting whether the job is affected by errors reported by ops platform.
[2026-05-09 10:36:23] [2026-05-09 10:36:23,000 AIMaster] (job_event_collector.py 135) WARNING: Failed to watch pods, exception: ("Connection broken: ConnectionResetError(104, 'Connection reset by peer')", ConnectionResetError(104, 'Connection reset by peer'))
[2026-05-09 10:36:44] [2026-05-09 10:36:43,821 AIMaster] (job_monitor_controller_k8s.py 1099) INFO: All workers: 2, running: 1, failed: 0, pending: 0
[2026-05-09 10:37:07] [2026-05-09 10:37:06,207 AIMaster] (config.py 347) INFO: Try loading config from pai-aimaster-new configmap.
[2026-05-09 10:37:14] [2026-05-09 10:37:14,148 AIMaster] (pod_manager.py 415) INFO: Pod Category Summary (Total pods: 2)
[2026-05-09 10:37:14] | Category           |   Count | Percentage   | Pods                        |
[2026-05-09 10:37:14] |--------------------|---------|--------------|-----------------------------|
[2026-05-09 10:37:14] | Running            |       1 | 50.0%        | [dlc1nta2oa0ac22v-worker-0] |
[2026-05-09 10:37:14] | Succeeded          |       1 | 50.0%        | [dlc1nta2oa0ac22v-master-0] |
[2026-05-09 10:37:14] | Pending            |       0 | 0.0%         |                             |
[2026-05-09 10:37:14] | Failed             |       0 | 0.0%         |                             |
[2026-05-09 10:37:14] | Terminating        |       0 | 0.0%         |                             |
[2026-05-09 10:37:14] | Scheduler_evicting |       0 | 0.0%         |                             |
[2026-05-09 10:37:14] | Aiph_node_error    |       0 | 0.0%         |                             |
[2026-05-09 10:37:14] | Unknown            |       0 | 0.0%         |                             |
[2026-05-09 10:37:14] 
[2026-05-09 10:37:14] [2026-05-09 10:37:14,149 AIMaster] (job_monitor_controller_k8s.py 1099) INFO: All workers: 2, running: 1, failed: 0, pending: 0
[2026-05-09 10:37:14] [2026-05-09 10:37:14,149 AIMaster] (ops_reported_error_detector.py 103) INFO: Detecting whether the job is affected by errors reported by ops platform.
[2026-05-09 10:37:45] [2026-05-09 10:37:44,350 AIMaster] (job_monitor_controller_k8s.py 1099) INFO: All workers: 2, running: 1, failed: 0, pending: 0
[2026-05-09 10:37:45] [2026-05-09 10:37:44,350 AIMaster] (aimaster_failover_controller.py 81) INFO: Detecting whether aimaster should be migrated.
[2026-05-09 10:37:55] [2026-05-09 10:37:54,993 AIMaster] (job_event_collector.py 135) WARNING: Failed to watch pods, exception: ("Connection broken: ConnectionResetError(104, 'Connection reset by peer')", ConnectionResetError(104, 'Connection reset by peer'))
[2026-05-09 10:38:07] [2026-05-09 10:38:06,241 AIMaster] (config.py 347) INFO: Try loading config from pai-aimaster-new configmap.
[2026-05-09 10:38:15] [2026-05-09 10:38:14,521 AIMaster] (job_monitor_controller_k8s.py 1099) INFO: All workers: 2, running: 1, failed: 0, pending: 0
[2026-05-09 10:38:15] [2026-05-09 10:38:14,521 AIMaster] (ops_reported_error_detector.py 103) INFO: Detecting whether the job is affected by errors reported by ops platform.
[2026-05-09 10:38:45] [2026-05-09 10:38:44,680 AIMaster] (job_monitor_controller_k8s.py 1099) INFO: All workers: 2, running: 1, failed: 0, pending: 0
[2026-05-09 10:39:07] [2026-05-09 10:39:06,275 AIMaster] (config.py 347) INFO: Try loading config from pai-aimaster-new configmap.
[2026-05-09 10:39:15] [2026-05-09 10:39:14,817 AIMaster] (job_monitor_controller_k8s.py 1099) INFO: All workers: 2, running: 1, failed: 0, pending: 0
[2026-05-09 10:39:15] [2026-05-09 10:39:14,817 AIMaster] (ops_reported_error_detector.py 103) INFO: Detecting whether the job is affected by errors reported by ops platform.
[2026-05-09 10:39:27] [2026-05-09 10:39:26,432 AIMaster] (job_event_collector.py 135) WARNING: Failed to watch pods, exception: ("Connection broken: ConnectionResetError(104, 'Connection reset by peer')", ConnectionResetError(104, 'Connection reset by peer'))
[2026-05-09 10:39:45] [2026-05-09 10:39:44,973 AIMaster] (job_monitor_controller_k8s.py 1099) INFO: All workers: 2, running: 1, failed: 0, pending: 0
[2026-05-09 10:39:45] [2026-05-09 10:39:44,973 AIMaster] (aimaster_failover_controller.py 81) INFO: Detecting whether aimaster should be migrated.
[2026-05-09 10:40:07] [2026-05-09 10:40:06,311 AIMaster] (config.py 347) INFO: Try loading config from pai-aimaster-new configmap.
[2026-05-09 10:40:15] [2026-05-09 10:40:15,143 AIMaster] (job_monitor_controller_k8s.py 1099) INFO: All workers: 2, running: 1, failed: 0, pending: 0
[2026-05-09 10:40:15] [2026-05-09 10:40:15,144 AIMaster] (ops_reported_error_detector.py 103) INFO: Detecting whether the job is affected by errors reported by ops platform.
[2026-05-09 10:40:45] [2026-05-09 10:40:45,300 AIMaster] (job_monitor_controller_k8s.py 1099) INFO: All workers: 2, running: 1, failed: 0, pending: 0
[2026-05-09 10:40:58] [2026-05-09 10:40:58,114 AIMaster] (job_event_collector.py 135) WARNING: Failed to watch pods, exception: ("Connection broken: ConnectionResetError(104, 'Connection reset by peer')", ConnectionResetError(104, 'Connection reset by peer'))
[2026-05-09 10:41:07] [2026-05-09 10:41:06,348 AIMaster] (config.py 347) INFO: Try loading config from pai-aimaster-new configmap.
[2026-05-09 10:41:16] [2026-05-09 10:41:15,431 AIMaster] (job_monitor_controller_k8s.py 1099) INFO: All workers: 2, running: 1, failed: 0, pending: 0
[2026-05-09 10:41:16] [2026-05-09 10:41:15,431 AIMaster] (ops_reported_error_detector.py 103) INFO: Detecting whether the job is affected by errors reported by ops platform.
[2026-05-09 10:41:46] [2026-05-09 10:41:45,593 AIMaster] (job_monitor_controller_k8s.py 1099) INFO: All workers: 2, running: 1, failed: 0, pending: 0
[2026-05-09 10:41:46] [2026-05-09 10:41:45,593 AIMaster] (aimaster_failover_controller.py 81) INFO: Detecting whether aimaster should be migrated.
[2026-05-09 10:42:07] [2026-05-09 10:42:06,385 AIMaster] (config.py 347) INFO: Try loading config from pai-aimaster-new configmap.
[2026-05-09 10:42:16] [2026-05-09 10:42:15,719 AIMaster] (pod_manager.py 415) INFO: Pod Category Summary (Total pods: 2)
[2026-05-09 10:42:16] | Category           |   Count | Percentage   | Pods                        |
[2026-05-09 10:42:16] |--------------------|---------|--------------|-----------------------------|
[2026-05-09 10:42:16] | Running            |       1 | 50.0%        | [dlc1nta2oa0ac22v-worker-0] |
[2026-05-09 10:42:16] | Succeeded          |       1 | 50.0%        | [dlc1nta2oa0ac22v-master-0] |
[2026-05-09 10:42:16] | Pending            |       0 | 0.0%         |                             |
[2026-05-09 10:42:16] | Failed             |       0 | 0.0%         |                             |
[2026-05-09 10:42:16] | Terminating        |       0 | 0.0%         |                             |
[2026-05-09 10:42:16] | Scheduler_evicting |       0 | 0.0%         |                             |
[2026-05-09 10:42:16] | Aiph_node_error    |       0 | 0.0%         |                             |
[2026-05-09 10:42:16] | Unknown            |       0 | 0.0%         |                             |
[2026-05-09 10:42:16] 
[2026-05-09 10:42:16] [2026-05-09 10:42:15,719 AIMaster] (job_monitor_controller_k8s.py 1099) INFO: All workers: 2, running: 1, failed: 0, pending: 0
[2026-05-09 10:42:16] [2026-05-09 10:42:15,719 AIMaster] (ops_reported_error_detector.py 103) INFO: Detecting whether the job is affected by errors reported by ops platform.
[2026-05-09 10:42:30] [2026-05-09 10:42:30,095 AIMaster] (job_event_collector.py 135) WARNING: Failed to watch pods, exception: ("Connection broken: ConnectionResetError(104, 'Connection reset by peer')", ConnectionResetError(104, 'Connection reset by peer'))
[2026-05-09 10:42:46] [2026-05-09 10:42:45,894 AIMaster] (job_monitor_controller_k8s.py 1099) INFO: All workers: 2, running: 1, failed: 0, pending: 0
[2026-05-09 10:43:07] [2026-05-09 10:43:06,421 AIMaster] (config.py 347) INFO: Try loading config from pai-aimaster-new configmap.
[2026-05-09 10:43:16] [2026-05-09 10:43:16,095 AIMaster] (job_monitor_controller_k8s.py 1099) INFO: All workers: 2, running: 1, failed: 0, pending: 0
[2026-05-09 10:43:16] [2026-05-09 10:43:16,095 AIMaster] (ops_reported_error_detector.py 103) INFO: Detecting whether the job is affected by errors reported by ops platform.
[2026-05-09 10:43:46] [2026-05-09 10:43:46,297 AIMaster] (job_monitor_controller_k8s.py 1099) INFO: All workers: 2, running: 1, failed: 0, pending: 0
[2026-05-09 10:43:46] [2026-05-09 10:43:46,298 AIMaster] (aimaster_failover_controller.py 81) INFO: Detecting whether aimaster should be migrated.
[2026-05-09 10:44:01] [2026-05-09 10:44:01,296 AIMaster] (job_event_collector.py 135) WARNING: Failed to watch pods, exception: ("Connection broken: ConnectionResetError(104, 'Connection reset by peer')", ConnectionResetError(104, 'Connection reset by peer'))
[2026-05-09 10:44:07] [2026-05-09 10:44:06,458 AIMaster] (config.py 347) INFO: Try loading config from pai-aimaster-new configmap.
[2026-05-09 10:44:17] [2026-05-09 10:44:16,458 AIMaster] (job_monitor_controller_k8s.py 1099) INFO: All workers: 2, running: 1, failed: 0, pending: 0
[2026-05-09 10:44:17] [2026-05-09 10:44:16,458 AIMaster] (ops_reported_error_detector.py 103) INFO: Detecting whether the job is affected by errors reported by ops platform.
[2026-05-09 10:44:47] [2026-05-09 10:44:46,651 AIMaster] (job_monitor_controller_k8s.py 1099) INFO: All workers: 2, running: 1, failed: 0, pending: 0
[2026-05-09 10:45:07] [2026-05-09 10:45:06,493 AIMaster] (config.py 347) INFO: Try loading config from pai-aimaster-new configmap.
[2026-05-09 10:45:17] [2026-05-09 10:45:16,895 AIMaster] (job_monitor_controller_k8s.py 1099) INFO: All workers: 2, running: 1, failed: 0, pending: 0
[2026-05-09 10:45:17] [2026-05-09 10:45:16,895 AIMaster] (ops_reported_error_detector.py 103) INFO: Detecting whether the job is affected by errors reported by ops platform.
[2026-05-09 10:45:33] [2026-05-09 10:45:33,199 AIMaster] (job_event_collector.py 135) WARNING: Failed to watch pods, exception: ("Connection broken: ConnectionResetError(104, 'Connection reset by peer')", ConnectionResetError(104, 'Connection reset by peer'))
[2026-05-09 10:45:47] [2026-05-09 10:45:47,059 AIMaster] (job_monitor_controller_k8s.py 1099) INFO: All workers: 2, running: 1, failed: 0, pending: 0
[2026-05-09 10:45:47] [2026-05-09 10:45:47,059 AIMaster] (aimaster_failover_controller.py 81) INFO: Detecting whether aimaster should be migrated.
[2026-05-09 10:46:07] [2026-05-09 10:46:06,529 AIMaster] (config.py 347) INFO: Try loading config from pai-aimaster-new configmap.
[2026-05-09 10:46:17] [2026-05-09 10:46:17,185 AIMaster] (job_monitor_controller_k8s.py 1099) INFO: All workers: 2, running: 1, failed: 0, pending: 0
[2026-05-09 10:46:17] [2026-05-09 10:46:17,185 AIMaster] (ops_reported_error_detector.py 103) INFO: Detecting whether the job is affected by errors reported by ops platform.
[2026-05-09 10:46:47] [2026-05-09 10:46:47,353 AIMaster] (job_monitor_controller_k8s.py 1099) INFO: All workers: 2, running: 1, failed: 0, pending: 0
[2026-05-09 10:47:05] [2026-05-09 10:47:05,196 AIMaster] (job_event_collector.py 135) WARNING: Failed to watch pods, exception: ("Connection broken: ConnectionResetError(104, 'Connection reset by peer')", ConnectionResetError(104, 'Connection reset by peer'))
[2026-05-09 10:47:07] [2026-05-09 10:47:06,564 AIMaster] (config.py 347) INFO: Try loading config from pai-aimaster-new configmap.
[2026-05-09 10:47:17] [2026-05-09 10:47:17,479 AIMaster] (pod_manager.py 415) INFO: Pod Category Summary (Total pods: 2)
[2026-05-09 10:47:17] | Category           |   Count | Percentage   | Pods                        |
[2026-05-09 10:47:17] |--------------------|---------|--------------|-----------------------------|
[2026-05-09 10:47:17] | Running            |       1 | 50.0%        | [dlc1nta2oa0ac22v-worker-0] |
[2026-05-09 10:47:17] | Succeeded          |       1 | 50.0%        | [dlc1nta2oa0ac22v-master-0] |
[2026-05-09 10:47:17] | Pending            |       0 | 0.0%         |                             |
[2026-05-09 10:47:17] | Failed             |       0 | 0.0%         |                             |
[2026-05-09 10:47:17] | Terminating        |       0 | 0.0%         |                             |
[2026-05-09 10:47:17] | Scheduler_evicting |       0 | 0.0%         |                             |
[2026-05-09 10:47:17] | Aiph_node_error    |       0 | 0.0%         |                             |
[2026-05-09 10:47:17] | Unknown            |       0 | 0.0%         |                             |
[2026-05-09 10:47:17] 
[2026-05-09 10:47:17] [2026-05-09 10:47:17,479 AIMaster] (job_monitor_controller_k8s.py 1099) INFO: All workers: 2, running: 1, failed: 0, pending: 0
[2026-05-09 10:47:17] [2026-05-09 10:47:17,479 AIMaster] (ops_reported_error_detector.py 103) INFO: Detecting whether the job is affected by errors reported by ops platform.
[2026-05-09 10:47:48] [2026-05-09 10:47:47,652 AIMaster] (job_monitor_controller_k8s.py 1099) INFO: All workers: 2, running: 1, failed: 0, pending: 0
[2026-05-09 10:47:48] [2026-05-09 10:47:47,652 AIMaster] (aimaster_failover_controller.py 81) INFO: Detecting whether aimaster should be migrated.
[2026-05-09 10:48:07] [2026-05-09 10:48:06,621 AIMaster] (config.py 347) INFO: Try loading config from pai-aimaster-new configmap.
[2026-05-09 10:48:18] [2026-05-09 10:48:17,874 AIMaster] (job_monitor_controller_k8s.py 1099) INFO: All workers: 2, running: 1, failed: 0, pending: 0
[2026-05-09 10:48:18] [2026-05-09 10:48:17,874 AIMaster] (ops_reported_error_detector.py 103) INFO: Detecting whether the job is affected by errors reported by ops platform.
[2026-05-09 10:48:36] [2026-05-09 10:48:36,396 AIMaster] (job_event_collector.py 135) WARNING: Failed to watch pods, exception: ("Connection broken: ConnectionResetError(104, 'Connection reset by peer')", ConnectionResetError(104, 'Connection reset by peer'))
[2026-05-09 10:48:48] [2026-05-09 10:48:48,125 AIMaster] (job_monitor_controller_k8s.py 1099) INFO: All workers: 2, running: 1, failed: 0, pending: 0
[2026-05-09 10:49:07] [2026-05-09 10:49:06,656 AIMaster] (config.py 347) INFO: Try loading config from pai-aimaster-new configmap.
[2026-05-09 10:49:18] [2026-05-09 10:49:18,335 AIMaster] (job_monitor_controller_k8s.py 1099) INFO: All workers: 2, running: 1, failed: 0, pending: 0
[2026-05-09 10:49:18] [2026-05-09 10:49:18,335 AIMaster] (ops_reported_error_detector.py 103) INFO: Detecting whether the job is affected by errors reported by ops platform.
[2026-05-09 10:49:48] [2026-05-09 10:49:48,617 AIMaster] (job_monitor_controller_k8s.py 1099) INFO: All workers: 2, running: 1, failed: 0, pending: 0
[2026-05-09 10:49:48] [2026-05-09 10:49:48,617 AIMaster] (aimaster_failover_controller.py 81) INFO: Detecting whether aimaster should be migrated.
[2026-05-09 10:50:07] [2026-05-09 10:50:06,692 AIMaster] (config.py 347) INFO: Try loading config from pai-aimaster-new configmap.
[2026-05-09 10:50:08] [2026-05-09 10:50:08,282 AIMaster] (job_event_collector.py 135) WARNING: Failed to watch pods, exception: ("Connection broken: ConnectionResetError(104, 'Connection reset by peer')", ConnectionResetError(104, 'Connection reset by peer'))
[2026-05-09 10:50:19] [2026-05-09 10:50:18,755 AIMaster] (job_monitor_controller_k8s.py 1099) INFO: All workers: 2, running: 1, failed: 0, pending: 0
[2026-05-09 10:50:19] [2026-05-09 10:50:18,756 AIMaster] (ops_reported_error_detector.py 103) INFO: Detecting whether the job is affected by errors reported by ops platform.
[2026-05-09 10:50:49] [2026-05-09 10:50:48,917 AIMaster] (job_monitor_controller_k8s.py 1099) INFO: All workers: 2, running: 1, failed: 0, pending: 0
[2026-05-09 10:51:07] [2026-05-09 10:51:06,733 AIMaster] (config.py 347) INFO: Try loading config from pai-aimaster-new configmap.
[2026-05-09 10:51:19] [2026-05-09 10:51:19,038 AIMaster] (job_monitor_controller_k8s.py 1099) INFO: All workers: 2, running: 1, failed: 0, pending: 0
[2026-05-09 10:51:19] [2026-05-09 10:51:19,039 AIMaster] (ops_reported_error_detector.py 103) INFO: Detecting whether the job is affected by errors reported by ops platform.
[2026-05-09 10:51:40] [2026-05-09 10:51:39,914 AIMaster] (job_event_collector.py 135) WARNING: Failed to watch pods, exception: ("Connection broken: ConnectionResetError(104, 'Connection reset by peer')", ConnectionResetError(104, 'Connection reset by peer'))
[2026-05-09 10:51:49] [2026-05-09 10:51:49,206 AIMaster] (job_monitor_controller_k8s.py 1099) INFO: All workers: 2, running: 1, failed: 0, pending: 0
[2026-05-09 10:51:49] [2026-05-09 10:51:49,206 AIMaster] (aimaster_failover_controller.py 81) INFO: Detecting whether aimaster should be migrated.
[2026-05-09 10:52:07] [2026-05-09 10:52:06,768 AIMaster] (config.py 347) INFO: Try loading config from pai-aimaster-new configmap.
[2026-05-09 10:52:19] [2026-05-09 10:52:19,375 AIMaster] (pod_manager.py 415) INFO: Pod Category Summary (Total pods: 2)
[2026-05-09 10:52:19] | Category           |   Count | Percentage   | Pods                        |
[2026-05-09 10:52:19] |--------------------|---------|--------------|-----------------------------|
[2026-05-09 10:52:19] | Running            |       1 | 50.0%        | [dlc1nta2oa0ac22v-worker-0] |
[2026-05-09 10:52:19] | Succeeded          |       1 | 50.0%        | [dlc1nta2oa0ac22v-master-0] |
[2026-05-09 10:52:19] | Pending            |       0 | 0.0%         |                             |
[2026-05-09 10:52:19] | Failed             |       0 | 0.0%         |                             |
[2026-05-09 10:52:19] | Terminating        |       0 | 0.0%         |                             |
[2026-05-09 10:52:19] | Scheduler_evicting |       0 | 0.0%         |                             |
[2026-05-09 10:52:19] | Aiph_node_error    |       0 | 0.0%         |                             |
[2026-05-09 10:52:19] | Unknown            |       0 | 0.0%         |                             |
[2026-05-09 10:52:19] 
[2026-05-09 10:52:19] [2026-05-09 10:52:19,375 AIMaster] (job_monitor_controller_k8s.py 1099) INFO: All workers: 2, running: 1, failed: 0, pending: 0
[2026-05-09 10:52:19] [2026-05-09 10:52:19,375 AIMaster] (ops_reported_error_detector.py 103) INFO: Detecting whether the job is affected by errors reported by ops platform.
[2026-05-09 10:52:49] [2026-05-09 10:52:49,661 AIMaster] (job_monitor_controller_k8s.py 1099) INFO: All workers: 2, running: 1, failed: 0, pending: 0
[2026-05-09 10:53:07] [2026-05-09 10:53:06,805 AIMaster] (config.py 347) INFO: Try loading config from pai-aimaster-new configmap.
[2026-05-09 10:53:11] [2026-05-09 10:53:11,526 AIMaster] (job_event_collector.py 135) WARNING: Failed to watch pods, exception: ("Connection broken: ConnectionResetError(104, 'Connection reset by peer')", ConnectionResetError(104, 'Connection reset by peer'))
[2026-05-09 10:53:20] [2026-05-09 10:53:19,788 AIMaster] (job_monitor_controller_k8s.py 1099) INFO: All workers: 2, running: 1, failed: 0, pending: 0
[2026-05-09 10:53:20] [2026-05-09 10:53:19,788 AIMaster] (ops_reported_error_detector.py 103) INFO: Detecting whether the job is affected by errors reported by ops platform.
[2026-05-09 10:53:50] [2026-05-09 10:53:49,951 AIMaster] (job_monitor_controller_k8s.py 1099) INFO: All workers: 2, running: 1, failed: 0, pending: 0
[2026-05-09 10:53:50] [2026-05-09 10:53:49,951 AIMaster] (aimaster_failover_controller.py 81) INFO: Detecting whether aimaster should be migrated.
[2026-05-09 10:54:07] [2026-05-09 10:54:06,841 AIMaster] (config.py 347) INFO: Try loading config from pai-aimaster-new configmap.
[2026-05-09 10:54:20] [2026-05-09 10:54:20,142 AIMaster] (job_monitor_controller_k8s.py 1099) INFO: All workers: 2, running: 1, failed: 0, pending: 0
[2026-05-09 10:54:20] [2026-05-09 10:54:20,142 AIMaster] (ops_reported_error_detector.py 103) INFO: Detecting whether the job is affected by errors reported by ops platform.
[2026-05-09 10:54:43] [2026-05-09 10:54:43,546 AIMaster] (job_event_collector.py 135) WARNING: Failed to watch pods, exception: ("Connection broken: ConnectionResetError(104, 'Connection reset by peer')", ConnectionResetError(104, 'Connection reset by peer'))
[2026-05-09 10:54:50] [2026-05-09 10:54:50,304 AIMaster] (job_monitor_controller_k8s.py 1099) INFO: All workers: 2, running: 1, failed: 0, pending: 0
[2026-05-09 10:55:07] [2026-05-09 10:55:06,880 AIMaster] (config.py 347) INFO: Try loading config from pai-aimaster-new configmap.
[2026-05-09 10:55:20] [2026-05-09 10:55:20,449 AIMaster] (job_monitor_controller_k8s.py 1099) INFO: All workers: 2, running: 1, failed: 0, pending: 0
[2026-05-09 10:55:20] [2026-05-09 10:55:20,450 AIMaster] (ops_reported_error_detector.py 103) INFO: Detecting whether the job is affected by errors reported by ops platform.
[2026-05-09 10:55:50] [2026-05-09 10:55:50,612 AIMaster] (job_monitor_controller_k8s.py 1099) INFO: All workers: 2, running: 1, failed: 0, pending: 0
[2026-05-09 10:55:50] [2026-05-09 10:55:50,612 AIMaster] (aimaster_failover_controller.py 81) INFO: Detecting whether aimaster should be migrated.
[2026-05-09 10:56:07] [2026-05-09 10:56:06,919 AIMaster] (config.py 347) INFO: Try loading config from pai-aimaster-new configmap.
[2026-05-09 10:56:15] [2026-05-09 10:56:15,159 AIMaster] (job_event_collector.py 135) WARNING: Failed to watch pods, exception: ("Connection broken: ConnectionResetError(104, 'Connection reset by peer')", ConnectionResetError(104, 'Connection reset by peer'))
[2026-05-09 10:56:20] [2026-05-09 10:56:20,759 AIMaster] (job_monitor_controller_k8s.py 1099) INFO: All workers: 2, running: 1, failed: 0, pending: 0
[2026-05-09 10:56:20] [2026-05-09 10:56:20,759 AIMaster] (ops_reported_error_detector.py 103) INFO: Detecting whether the job is affected by errors reported by ops platform.
[2026-05-09 10:56:50] [2026-05-09 10:56:50,920 AIMaster] (job_monitor_controller_k8s.py 1099) INFO: All workers: 2, running: 1, failed: 0, pending: 0
[2026-05-09 10:57:08] [2026-05-09 10:57:07,019 AIMaster] (config.py 347) INFO: Try loading config from pai-aimaster-new configmap.
[2026-05-09 10:57:22] [2026-05-09 10:57:21,079 AIMaster] (pod_manager.py 415) INFO: Pod Category Summary (Total pods: 2)
[2026-05-09 10:57:22] | Category           |   Count | Percentage   | Pods                        |
[2026-05-09 10:57:22] |--------------------|---------|--------------|-----------------------------|
[2026-05-09 10:57:22] | Running            |       1 | 50.0%        | [dlc1nta2oa0ac22v-worker-0] |
[2026-05-09 10:57:22] | Succeeded          |       1 | 50.0%        | [dlc1nta2oa0ac22v-master-0] |
[2026-05-09 10:57:22] | Pending            |       0 | 0.0%         |                             |
[2026-05-09 10:57:22] | Failed             |       0 | 0.0%         |                             |
[2026-05-09 10:57:22] | Terminating        |       0 | 0.0%         |                             |
[2026-05-09 10:57:22] | Scheduler_evicting |       0 | 0.0%         |                             |
[2026-05-09 10:57:22] | Aiph_node_error    |       0 | 0.0%         |                             |
[2026-05-09 10:57:22] | Unknown            |       0 | 0.0%         |                             |
[2026-05-09 10:57:22] 
[2026-05-09 10:57:22] [2026-05-09 10:57:21,079 AIMaster] (job_monitor_controller_k8s.py 1099) INFO: All workers: 2, running: 1, failed: 0, pending: 0
[2026-05-09 10:57:22] [2026-05-09 10:57:21,079 AIMaster] (ops_reported_error_detector.py 103) INFO: Detecting whether the job is affected by errors reported by ops platform.
[2026-05-09 10:57:47] [2026-05-09 10:57:46,535 AIMaster] (job_event_collector.py 135) WARNING: Failed to watch pods, exception: ("Connection broken: ConnectionResetError(104, 'Connection reset by peer')", ConnectionResetError(104, 'Connection reset by peer'))
[2026-05-09 10:57:52] [2026-05-09 10:57:51,256 AIMaster] (job_monitor_controller_k8s.py 1099) INFO: All workers: 2, running: 1, failed: 0, pending: 0
[2026-05-09 10:57:52] [2026-05-09 10:57:51,257 AIMaster] (aimaster_failover_controller.py 81) INFO: Detecting whether aimaster should be migrated.
[2026-05-09 10:58:08] [2026-05-09 10:58:07,053 AIMaster] (config.py 347) INFO: Try loading config from pai-aimaster-new configmap.
[2026-05-09 10:58:22] [2026-05-09 10:58:21,420 AIMaster] (job_monitor_controller_k8s.py 1099) INFO: All workers: 2, running: 1, failed: 0, pending: 0
[2026-05-09 10:58:22] [2026-05-09 10:58:21,420 AIMaster] (ops_reported_error_detector.py 103) INFO: Detecting whether the job is affected by errors reported by ops platform.
[2026-05-09 10:58:52] [2026-05-09 10:58:51,586 AIMaster] (job_monitor_controller_k8s.py 1099) INFO: All workers: 2, running: 1, failed: 0, pending: 0
[2026-05-09 10:59:08] [2026-05-09 10:59:07,090 AIMaster] (config.py 347) INFO: Try loading config from pai-aimaster-new configmap.
[2026-05-09 10:59:19] [2026-05-09 10:59:18,336 AIMaster] (job_event_collector.py 135) WARNING: Failed to watch pods, exception: ("Connection broken: ConnectionResetError(104, 'Connection reset by peer')", ConnectionResetError(104, 'Connection reset by peer'))
[2026-05-09 10:59:22] [2026-05-09 10:59:21,723 AIMaster] (job_monitor_controller_k8s.py 1099) INFO: All workers: 2, running: 1, failed: 0, pending: 0
[2026-05-09 10:59:22] [2026-05-09 10:59:21,723 AIMaster] (ops_reported_error_detector.py 103) INFO: Detecting whether the job is affected by errors reported by ops platform.
[2026-05-09 10:59:52] [2026-05-09 10:59:51,909 AIMaster] (job_monitor_controller_k8s.py 1099) INFO: All workers: 2, running: 1, failed: 0, pending: 0
[2026-05-09 10:59:52] [2026-05-09 10:59:51,909 AIMaster] (aimaster_failover_controller.py 81) INFO: Detecting whether aimaster should be migrated.
[2026-05-09 11:00:08] [2026-05-09 11:00:07,126 AIMaster] (config.py 347) INFO: Try loading config from pai-aimaster-new configmap.
[2026-05-09 11:00:22] [2026-05-09 11:00:22,046 AIMaster] (job_monitor_controller_k8s.py 1099) INFO: All workers: 2, running: 1, failed: 0, pending: 0
[2026-05-09 11:00:22] [2026-05-09 11:00:22,046 AIMaster] (ops_reported_error_detector.py 103) INFO: Detecting whether the job is affected by errors reported by ops platform.
[2026-05-09 11:00:50] [2026-05-09 11:00:49,965 AIMaster] (job_event_collector.py 135) WARNING: Failed to watch pods, exception: ("Connection broken: ConnectionResetError(104, 'Connection reset by peer')", ConnectionResetError(104, 'Connection reset by peer'))
[2026-05-09 11:00:53] [2026-05-09 11:00:52,225 AIMaster] (job_monitor_controller_k8s.py 1099) INFO: All workers: 2, running: 1, failed: 0, pending: 0
[2026-05-09 11:01:08] [2026-05-09 11:01:07,161 AIMaster] (config.py 347) INFO: Try loading config from pai-aimaster-new configmap.
[2026-05-09 11:01:23] [2026-05-09 11:01:22,365 AIMaster] (job_monitor_controller_k8s.py 1099) INFO: All workers: 2, running: 1, failed: 0, pending: 0
[2026-05-09 11:01:23] [2026-05-09 11:01:22,365 AIMaster] (ops_reported_error_detector.py 103) INFO: Detecting whether the job is affected by errors reported by ops platform.
[2026-05-09 11:01:53] [2026-05-09 11:01:52,531 AIMaster] (job_monitor_controller_k8s.py 1099) INFO: All workers: 2, running: 1, failed: 0, pending: 0
[2026-05-09 11:01:53] [2026-05-09 11:01:52,531 AIMaster] (aimaster_failover_controller.py 81) INFO: Detecting whether aimaster should be migrated.
[2026-05-09 11:02:08] [2026-05-09 11:02:07,275 AIMaster] (config.py 347) INFO: Try loading config from pai-aimaster-new configmap.
[2026-05-09 11:02:22] [2026-05-09 11:02:21,674 AIMaster] (job_event_collector.py 135) WARNING: Failed to watch pods, exception: ("Connection broken: ConnectionResetError(104, 'Connection reset by peer')", ConnectionResetError(104, 'Connection reset by peer'))
[2026-05-09 11:02:23] [2026-05-09 11:02:22,679 AIMaster] (pod_manager.py 415) INFO: Pod Category Summary (Total pods: 2)
[2026-05-09 11:02:23] | Category           |   Count | Percentage   | Pods                        |
[2026-05-09 11:02:23] |--------------------|---------|--------------|-----------------------------|
[2026-05-09 11:02:23] | Running            |       1 | 50.0%        | [dlc1nta2oa0ac22v-worker-0] |
[2026-05-09 11:02:23] | Succeeded          |       1 | 50.0%        | [dlc1nta2oa0ac22v-master-0] |
[2026-05-09 11:02:23] | Pending            |       0 | 0.0%         |                             |
[2026-05-09 11:02:23] | Failed             |       0 | 0.0%         |                             |
[2026-05-09 11:02:23] | Terminating        |       0 | 0.0%         |                             |
[2026-05-09 11:02:23] | Scheduler_evicting |       0 | 0.0%         |                             |
[2026-05-09 11:02:23] | Aiph_node_error    |       0 | 0.0%         |                             |
[2026-05-09 11:02:23] | Unknown            |       0 | 0.0%         |                             |
[2026-05-09 11:02:23] 
[2026-05-09 11:02:23] [2026-05-09 11:02:22,679 AIMaster] (job_monitor_controller_k8s.py 1099) INFO: All workers: 2, running: 1, failed: 0, pending: 0
[2026-05-09 11:02:23] [2026-05-09 11:02:22,679 AIMaster] (ops_reported_error_detector.py 103) INFO: Detecting whether the job is affected by errors reported by ops platform.
[2026-05-09 11:02:53] [2026-05-09 11:02:52,916 AIMaster] (job_monitor_controller_k8s.py 1099) INFO: All workers: 2, running: 1, failed: 0, pending: 0
[2026-05-09 11:03:08] [2026-05-09 11:03:07,337 AIMaster] (config.py 347) INFO: Try loading config from pai-aimaster-new configmap.
[2026-05-09 11:03:23] [2026-05-09 11:03:23,057 AIMaster] (job_monitor_controller_k8s.py 1099) INFO: All workers: 2, running: 1, failed: 0, pending: 0
[2026-05-09 11:03:23] [2026-05-09 11:03:23,057 AIMaster] (ops_reported_error_detector.py 103) INFO: Detecting whether the job is affected by errors reported by ops platform.
[2026-05-09 11:03:53] [2026-05-09 11:03:53,214 AIMaster] (job_monitor_controller_k8s.py 1099) INFO: All workers: 2, running: 1, failed: 0, pending: 0
[2026-05-09 11:03:53] [2026-05-09 11:03:53,214 AIMaster] (aimaster_failover_controller.py 81) INFO: Detecting whether aimaster should be migrated.
[2026-05-09 11:03:54] [2026-05-09 11:03:53,270 AIMaster] (job_event_collector.py 135) WARNING: Failed to watch pods, exception: ("Connection broken: ConnectionResetError(104, 'Connection reset by peer')", ConnectionResetError(104, 'Connection reset by peer'))
[2026-05-09 11:04:08] [2026-05-09 11:04:07,373 AIMaster] (config.py 347) INFO: Try loading config from pai-aimaster-new configmap.
[2026-05-09 11:04:24] [2026-05-09 11:04:23,405 AIMaster] (job_monitor_controller_k8s.py 1099) INFO: All workers: 2, running: 1, failed: 0, pending: 0
[2026-05-09 11:04:24] [2026-05-09 11:04:23,406 AIMaster] (ops_reported_error_detector.py 103) INFO: Detecting whether the job is affected by errors reported by ops platform.
[2026-05-09 11:04:54] [2026-05-09 11:04:53,600 AIMaster] (job_monitor_controller_k8s.py 1099) INFO: All workers: 2, running: 1, failed: 0, pending: 0
[2026-05-09 11:05:08] [2026-05-09 11:05:07,411 AIMaster] (config.py 347) INFO: Try loading config from pai-aimaster-new configmap.
[2026-05-09 11:05:24] [2026-05-09 11:05:23,763 AIMaster] (job_monitor_controller_k8s.py 1099) INFO: All workers: 2, running: 1, failed: 0, pending: 0
[2026-05-09 11:05:24] [2026-05-09 11:05:23,763 AIMaster] (ops_reported_error_detector.py 103) INFO: Detecting whether the job is affected by errors reported by ops platform.
[2026-05-09 11:05:26] [2026-05-09 11:05:25,371 AIMaster] (job_event_collector.py 135) WARNING: Failed to watch pods, exception: ("Connection broken: ConnectionResetError(104, 'Connection reset by peer')", ConnectionResetError(104, 'Connection reset by peer'))
[2026-05-09 11:05:54] [2026-05-09 11:05:53,956 AIMaster] (job_monitor_controller_k8s.py 1099) INFO: All workers: 2, running: 1, failed: 0, pending: 0
[2026-05-09 11:05:54] [2026-05-09 11:05:53,956 AIMaster] (aimaster_failover_controller.py 81) INFO: Detecting whether aimaster should be migrated.
[2026-05-09 11:06:08] [2026-05-09 11:06:07,449 AIMaster] (config.py 347) INFO: Try loading config from pai-aimaster-new configmap.
[2026-05-09 11:06:24] [2026-05-09 11:06:24,103 AIMaster] (job_monitor_controller_k8s.py 1099) INFO: All workers: 2, running: 1, failed: 0, pending: 0
[2026-05-09 11:06:24] [2026-05-09 11:06:24,103 AIMaster] (ops_reported_error_detector.py 103) INFO: Detecting whether the job is affected by errors reported by ops platform.
[2026-05-09 11:06:54] [2026-05-09 11:06:54,329 AIMaster] (job_monitor_controller_k8s.py 1099) INFO: All workers: 2, running: 1, failed: 0, pending: 0
[2026-05-09 11:06:57] [2026-05-09 11:06:56,918 AIMaster] (job_event_collector.py 135) WARNING: Failed to watch pods, exception: ("Connection broken: ConnectionResetError(104, 'Connection reset by peer')", ConnectionResetError(104, 'Connection reset by peer'))
[2026-05-09 11:07:08] [2026-05-09 11:07:07,492 AIMaster] (config.py 347) INFO: Try loading config from pai-aimaster-new configmap.
[2026-05-09 11:07:25] [2026-05-09 11:07:24,448 AIMaster] (pod_manager.py 415) INFO: Pod Category Summary (Total pods: 2)
[2026-05-09 11:07:25] | Category           |   Count | Percentage   | Pods                        |
[2026-05-09 11:07:25] |--------------------|---------|--------------|-----------------------------|
[2026-05-09 11:07:25] | Running            |       1 | 50.0%        | [dlc1nta2oa0ac22v-worker-0] |
[2026-05-09 11:07:25] | Succeeded          |       1 | 50.0%        | [dlc1nta2oa0ac22v-master-0] |
[2026-05-09 11:07:25] | Pending            |       0 | 0.0%         |                             |
[2026-05-09 11:07:25] | Failed             |       0 | 0.0%         |                             |
[2026-05-09 11:07:25] | Terminating        |       0 | 0.0%         |                             |
[2026-05-09 11:07:25] | Scheduler_evicting |       0 | 0.0%         |                             |
[2026-05-09 11:07:25] | Aiph_node_error    |       0 | 0.0%         |                             |
[2026-05-09 11:07:25] | Unknown            |       0 | 0.0%         |                             |
[2026-05-09 11:07:25] 
[2026-05-09 11:07:25] [2026-05-09 11:07:24,448 AIMaster] (job_monitor_controller_k8s.py 1099) INFO: All workers: 2, running: 1, failed: 0, pending: 0
[2026-05-09 11:07:25] [2026-05-09 11:07:24,448 AIMaster] (ops_reported_error_detector.py 103) INFO: Detecting whether the job is affected by errors reported by ops platform.
[2026-05-09 11:07:55] [2026-05-09 11:07:54,651 AIMaster] (job_monitor_controller_k8s.py 1099) INFO: All workers: 2, running: 1, failed: 0, pending: 0
[2026-05-09 11:07:55] [2026-05-09 11:07:54,652 AIMaster] (aimaster_failover_controller.py 81) INFO: Detecting whether aimaster should be migrated.
[2026-05-09 11:08:08] [2026-05-09 11:08:07,528 AIMaster] (config.py 347) INFO: Try loading config from pai-aimaster-new configmap.
[2026-05-09 11:08:25] [2026-05-09 11:08:24,812 AIMaster] (job_monitor_controller_k8s.py 1099) INFO: All workers: 2, running: 1, failed: 0, pending: 0
[2026-05-09 11:08:25] [2026-05-09 11:08:24,812 AIMaster] (ops_reported_error_detector.py 103) INFO: Detecting whether the job is affected by errors reported by ops platform.
[2026-05-09 11:08:29] [2026-05-09 11:08:28,516 AIMaster] (job_event_collector.py 135) WARNING: Failed to watch pods, exception: ("Connection broken: ConnectionResetError(104, 'Connection reset by peer')", ConnectionResetError(104, 'Connection reset by peer'))
[2026-05-09 11:08:55] [2026-05-09 11:08:54,975 AIMaster] (job_monitor_controller_k8s.py 1099) INFO: All workers: 2, running: 1, failed: 0, pending: 0
[2026-05-09 11:09:08] [2026-05-09 11:09:07,563 AIMaster] (config.py 347) INFO: Try loading config from pai-aimaster-new configmap.
[2026-05-09 11:09:25] [2026-05-09 11:09:25,224 AIMaster] (job_monitor_controller_k8s.py 1099) INFO: All workers: 2, running: 1, failed: 0, pending: 0
[2026-05-09 11:09:25] [2026-05-09 11:09:25,224 AIMaster] (ops_reported_error_detector.py 103) INFO: Detecting whether the job is affected by errors reported by ops platform.
[2026-05-09 11:09:55] [2026-05-09 11:09:55,404 AIMaster] (job_monitor_controller_k8s.py 1099) INFO: All workers: 2, running: 1, failed: 0, pending: 0
[2026-05-09 11:09:55] [2026-05-09 11:09:55,404 AIMaster] (aimaster_failover_controller.py 81) INFO: Detecting whether aimaster should be migrated.
[2026-05-09 11:10:00] [2026-05-09 11:09:59,673 AIMaster] (job_event_collector.py 135) WARNING: Failed to watch pods, exception: ("Connection broken: ConnectionResetError(104, 'Connection reset by peer')", ConnectionResetError(104, 'Connection reset by peer'))
[2026-05-09 11:10:08] [2026-05-09 11:10:07,605 AIMaster] (config.py 347) INFO: Try loading config from pai-aimaster-new configmap.
[2026-05-09 11:10:26] [2026-05-09 11:10:25,532 AIMaster] (job_monitor_controller_k8s.py 1099) INFO: All workers: 2, running: 1, failed: 0, pending: 0
[2026-05-09 11:10:26] [2026-05-09 11:10:25,532 AIMaster] (ops_reported_error_detector.py 103) INFO: Detecting whether the job is affected by errors reported by ops platform.
[2026-05-09 11:10:56] [2026-05-09 11:10:55,711 AIMaster] (job_monitor_controller_k8s.py 1099) INFO: All workers: 2, running: 1, failed: 0, pending: 0
[2026-05-09 11:11:08] [2026-05-09 11:11:07,641 AIMaster] (config.py 347) INFO: Try loading config from pai-aimaster-new configmap.
[2026-05-09 11:11:26] [2026-05-09 11:11:25,851 AIMaster] (job_monitor_controller_k8s.py 1099) INFO: All workers: 2, running: 1, failed: 0, pending: 0
[2026-05-09 11:11:26] [2026-05-09 11:11:25,851 AIMaster] (ops_reported_error_detector.py 103) INFO: Detecting whether the job is affected by errors reported by ops platform.
[2026-05-09 11:11:31] [2026-05-09 11:11:30,955 AIMaster] (job_event_collector.py 135) WARNING: Failed to watch pods, exception: ("Connection broken: ConnectionResetError(104, 'Connection reset by peer')", ConnectionResetError(104, 'Connection reset by peer'))
[2026-05-09 11:11:56] [2026-05-09 11:11:56,000 AIMaster] (job_monitor_controller_k8s.py 1099) INFO: All workers: 2, running: 1, failed: 0, pending: 0
[2026-05-09 11:11:56] [2026-05-09 11:11:56,000 AIMaster] (aimaster_failover_controller.py 81) INFO: Detecting whether aimaster should be migrated.
[2026-05-09 11:12:08] [2026-05-09 11:12:07,674 AIMaster] (config.py 347) INFO: Try loading config from pai-aimaster-new configmap.
[2026-05-09 11:12:26] [2026-05-09 11:12:26,154 AIMaster] (pod_manager.py 415) INFO: Pod Category Summary (Total pods: 2)
[2026-05-09 11:12:26] | Category           |   Count | Percentage   | Pods                        |
[2026-05-09 11:12:26] |--------------------|---------|--------------|-----------------------------|
[2026-05-09 11:12:26] | Running            |       1 | 50.0%        | [dlc1nta2oa0ac22v-worker-0] |
[2026-05-09 11:12:26] | Succeeded          |       1 | 50.0%        | [dlc1nta2oa0ac22v-master-0] |
[2026-05-09 11:12:26] | Pending            |       0 | 0.0%         |                             |
[2026-05-09 11:12:26] | Failed             |       0 | 0.0%         |                             |
[2026-05-09 11:12:26] | Terminating        |       0 | 0.0%         |                             |
[2026-05-09 11:12:26] | Scheduler_evicting |       0 | 0.0%         |                             |
[2026-05-09 11:12:26] | Aiph_node_error    |       0 | 0.0%         |                             |
[2026-05-09 11:12:26] | Unknown            |       0 | 0.0%         |                             |
[2026-05-09 11:12:26] 
[2026-05-09 11:12:26] [2026-05-09 11:12:26,154 AIMaster] (job_monitor_controller_k8s.py 1099) INFO: All workers: 2, running: 1, failed: 0, pending: 0
[2026-05-09 11:12:26] [2026-05-09 11:12:26,154 AIMaster] (ops_reported_error_detector.py 103) INFO: Detecting whether the job is affected by errors reported by ops platform.
[2026-05-09 11:12:56] [2026-05-09 11:12:56,329 AIMaster] (job_monitor_controller_k8s.py 1099) INFO: All workers: 2, running: 1, failed: 0, pending: 0
[2026-05-09 11:13:03] [2026-05-09 11:13:02,857 AIMaster] (job_event_collector.py 135) WARNING: Failed to watch pods, exception: ("Connection broken: ConnectionResetError(104, 'Connection reset by peer')", ConnectionResetError(104, 'Connection reset by peer'))
[2026-05-09 11:13:08] [2026-05-09 11:13:07,727 AIMaster] (config.py 347) INFO: Try loading config from pai-aimaster-new configmap.
[2026-05-09 11:13:26] [2026-05-09 11:13:26,498 AIMaster] (job_monitor_controller_k8s.py 1099) INFO: All workers: 2, running: 1, failed: 0, pending: 0
[2026-05-09 11:13:26] [2026-05-09 11:13:26,498 AIMaster] (ops_reported_error_detector.py 103) INFO: Detecting whether the job is affected by errors reported by ops platform.
[2026-05-09 11:13:57] [2026-05-09 11:13:56,657 AIMaster] (job_monitor_controller_k8s.py 1099) INFO: All workers: 2, running: 1, failed: 0, pending: 0
[2026-05-09 11:13:57] [2026-05-09 11:13:56,657 AIMaster] (aimaster_failover_controller.py 81) INFO: Detecting whether aimaster should be migrated.
[2026-05-09 11:14:08] [2026-05-09 11:14:07,764 AIMaster] (config.py 347) INFO: Try loading config from pai-aimaster-new configmap.
[2026-05-09 11:14:27] [2026-05-09 11:14:26,840 AIMaster] (job_monitor_controller_k8s.py 1099) INFO: All workers: 2, running: 1, failed: 0, pending: 0
[2026-05-09 11:14:27] [2026-05-09 11:14:26,840 AIMaster] (ops_reported_error_detector.py 103) INFO: Detecting whether the job is affected by errors reported by ops platform.
[2026-05-09 11:14:35] [2026-05-09 11:14:34,782 AIMaster] (job_event_collector.py 135) WARNING: Failed to watch pods, exception: ("Connection broken: ConnectionResetError(104, 'Connection reset by peer')", ConnectionResetError(104, 'Connection reset by peer'))
[2026-05-09 11:14:57] [2026-05-09 11:14:57,104 AIMaster] (job_monitor_controller_k8s.py 1099) INFO: All workers: 2, running: 1, failed: 0, pending: 0
[2026-05-09 11:15:08] [2026-05-09 11:15:07,799 AIMaster] (config.py 347) INFO: Try loading config from pai-aimaster-new configmap.
[2026-05-09 11:15:27] [2026-05-09 11:15:27,359 AIMaster] (job_monitor_controller_k8s.py 1099) INFO: All workers: 2, running: 1, failed: 0, pending: 0
[2026-05-09 11:15:27] [2026-05-09 11:15:27,359 AIMaster] (ops_reported_error_detector.py 103) INFO: Detecting whether the job is affected by errors reported by ops platform.
[2026-05-09 11:15:57] [2026-05-09 11:15:57,624 AIMaster] (job_monitor_controller_k8s.py 1099) INFO: All workers: 2, running: 1, failed: 0, pending: 0
[2026-05-09 11:15:57] [2026-05-09 11:15:57,624 AIMaster] (aimaster_failover_controller.py 81) INFO: Detecting whether aimaster should be migrated.
[2026-05-09 11:16:06] [2026-05-09 11:16:06,391 AIMaster] (job_event_collector.py 135) WARNING: Failed to watch pods, exception: ("Connection broken: ConnectionResetError(104, 'Connection reset by peer')", ConnectionResetError(104, 'Connection reset by peer'))
[2026-05-09 11:16:08] [2026-05-09 11:16:07,833 AIMaster] (config.py 347) INFO: Try loading config from pai-aimaster-new configmap.
[2026-05-09 11:16:28] [2026-05-09 11:16:27,849 AIMaster] (job_monitor_controller_k8s.py 1099) INFO: All workers: 2, running: 1, failed: 0, pending: 0
[2026-05-09 11:16:28] [2026-05-09 11:16:27,849 AIMaster] (ops_reported_error_detector.py 103) INFO: Detecting whether the job is affected by errors reported by ops platform.
[2026-05-09 11:16:58] [2026-05-09 11:16:58,003 AIMaster] (job_monitor_controller_k8s.py 1099) INFO: All workers: 2, running: 1, failed: 0, pending: 0
[2026-05-09 11:17:08] [2026-05-09 11:17:07,869 AIMaster] (config.py 347) INFO: Try loading config from pai-aimaster-new configmap.
[2026-05-09 11:17:28] [2026-05-09 11:17:28,159 AIMaster] (pod_manager.py 415) INFO: Pod Category Summary (Total pods: 2)
[2026-05-09 11:17:28] | Category           |   Count | Percentage   | Pods                        |
[2026-05-09 11:17:28] |--------------------|---------|--------------|-----------------------------|
[2026-05-09 11:17:28] | Running            |       1 | 50.0%        | [dlc1nta2oa0ac22v-worker-0] |
[2026-05-09 11:17:28] | Succeeded          |       1 | 50.0%        | [dlc1nta2oa0ac22v-master-0] |
[2026-05-09 11:17:28] | Pending            |       0 | 0.0%         |                             |
[2026-05-09 11:17:28] | Failed             |       0 | 0.0%         |                             |
[2026-05-09 11:17:28] | Terminating        |       0 | 0.0%         |                             |
[2026-05-09 11:17:28] | Scheduler_evicting |       0 | 0.0%         |                             |
[2026-05-09 11:17:28] | Aiph_node_error    |       0 | 0.0%         |                             |
[2026-05-09 11:17:28] | Unknown            |       0 | 0.0%         |                             |
[2026-05-09 11:17:28] 
[2026-05-09 11:17:28] [2026-05-09 11:17:28,159 AIMaster] (job_monitor_controller_k8s.py 1099) INFO: All workers: 2, running: 1, failed: 0, pending: 0
[2026-05-09 11:17:28] [2026-05-09 11:17:28,159 AIMaster] (ops_reported_error_detector.py 103) INFO: Detecting whether the job is affected by errors reported by ops platform.
[2026-05-09 11:17:38] [2026-05-09 11:17:38,231 AIMaster] (job_event_collector.py 135) WARNING: Failed to watch pods, exception: ("Connection broken: ConnectionResetError(104, 'Connection reset by peer')", ConnectionResetError(104, 'Connection reset by peer'))
[2026-05-09 11:17:58] [2026-05-09 11:17:58,413 AIMaster] (job_monitor_controller_k8s.py 1099) INFO: All workers: 2, running: 1, failed: 0, pending: 0
[2026-05-09 11:17:58] [2026-05-09 11:17:58,413 AIMaster] (aimaster_failover_controller.py 81) INFO: Detecting whether aimaster should be migrated.
[2026-05-09 11:18:08] [2026-05-09 11:18:07,904 AIMaster] (config.py 347) INFO: Try loading config from pai-aimaster-new configmap.
[2026-05-09 11:18:28] [2026-05-09 11:18:28,538 AIMaster] (job_monitor_controller_k8s.py 1099) INFO: All workers: 2, running: 1, failed: 0, pending: 0
[2026-05-09 11:18:28] [2026-05-09 11:18:28,538 AIMaster] (ops_reported_error_detector.py 103) INFO: Detecting whether the job is affected by errors reported by ops platform.
[2026-05-09 11:18:58] [2026-05-09 11:18:58,690 AIMaster] (job_monitor_controller_k8s.py 1099) INFO: All workers: 2, running: 1, failed: 0, pending: 0
[2026-05-09 11:19:08] [2026-05-09 11:19:07,940 AIMaster] (config.py 347) INFO: Try loading config from pai-aimaster-new configmap.
[2026-05-09 11:19:09] [2026-05-09 11:19:09,594 AIMaster] (job_event_collector.py 135) WARNING: Failed to watch pods, exception: ("Connection broken: ConnectionResetError(104, 'Connection reset by peer')", ConnectionResetError(104, 'Connection reset by peer'))
[2026-05-09 11:19:29] [2026-05-09 11:19:28,897 AIMaster] (job_monitor_controller_k8s.py 1099) INFO: All workers: 2, running: 1, failed: 0, pending: 0
[2026-05-09 11:19:29] [2026-05-09 11:19:28,897 AIMaster] (ops_reported_error_detector.py 103) INFO: Detecting whether the job is affected by errors reported by ops platform.
[2026-05-09 11:19:59] [2026-05-09 11:19:59,079 AIMaster] (job_monitor_controller_k8s.py 1099) INFO: All workers: 2, running: 1, failed: 0, pending: 0
[2026-05-09 11:19:59] [2026-05-09 11:19:59,079 AIMaster] (aimaster_failover_controller.py 81) INFO: Detecting whether aimaster should be migrated.
[2026-05-09 11:20:08] [2026-05-09 11:20:07,974 AIMaster] (config.py 347) INFO: Try loading config from pai-aimaster-new configmap.
[2026-05-09 11:20:29] [2026-05-09 11:20:29,308 AIMaster] (job_monitor_controller_k8s.py 1099) INFO: All workers: 2, running: 1, failed: 0, pending: 0
[2026-05-09 11:20:29] [2026-05-09 11:20:29,308 AIMaster] (ops_reported_error_detector.py 103) INFO: Detecting whether the job is affected by errors reported by ops platform.
[2026-05-09 11:20:41] [2026-05-09 11:20:41,738 AIMaster] (job_event_collector.py 135) WARNING: Failed to watch pods, exception: ("Connection broken: ConnectionResetError(104, 'Connection reset by peer')", ConnectionResetError(104, 'Connection reset by peer'))
[2026-05-09 11:20:59] [2026-05-09 11:20:59,467 AIMaster] (job_monitor_controller_k8s.py 1099) INFO: All workers: 2, running: 1, failed: 0, pending: 0
[2026-05-09 11:21:08] [2026-05-09 11:21:08,009 AIMaster] (config.py 347) INFO: Try loading config from pai-aimaster-new configmap.
[2026-05-09 11:21:29] [2026-05-09 11:21:29,668 AIMaster] (job_monitor_controller_k8s.py 1099) INFO: All workers: 2, running: 1, failed: 0, pending: 0
[2026-05-09 11:21:29] [2026-05-09 11:21:29,668 AIMaster] (ops_reported_error_detector.py 103) INFO: Detecting whether the job is affected by errors reported by ops platform.
[2026-05-09 11:21:59] [2026-05-09 11:21:59,844 AIMaster] (job_monitor_controller_k8s.py 1099) INFO: All workers: 2, running: 1, failed: 0, pending: 0
[2026-05-09 11:21:59] [2026-05-09 11:21:59,845 AIMaster] (aimaster_failover_controller.py 81) INFO: Detecting whether aimaster should be migrated.
[2026-05-09 11:22:08] [2026-05-09 11:22:08,043 AIMaster] (config.py 347) INFO: Try loading config from pai-aimaster-new configmap.
[2026-05-09 11:22:13] [2026-05-09 11:22:13,813 AIMaster] (job_event_collector.py 135) WARNING: Failed to watch pods, exception: ("Connection broken: ConnectionResetError(104, 'Connection reset by peer')", ConnectionResetError(104, 'Connection reset by peer'))
[2026-05-09 11:22:30] [2026-05-09 11:22:29,989 AIMaster] (pod_manager.py 415) INFO: Pod Category Summary (Total pods: 2)
[2026-05-09 11:22:30] | Category           |   Count | Percentage   | Pods                        |
[2026-05-09 11:22:30] |--------------------|---------|--------------|-----------------------------|
[2026-05-09 11:22:30] | Running            |       1 | 50.0%        | [dlc1nta2oa0ac22v-worker-0] |
[2026-05-09 11:22:30] | Succeeded          |       1 | 50.0%        | [dlc1nta2oa0ac22v-master-0] |
[2026-05-09 11:22:30] | Pending            |       0 | 0.0%         |                             |
[2026-05-09 11:22:30] | Failed             |       0 | 0.0%         |                             |
[2026-05-09 11:22:30] | Terminating        |       0 | 0.0%         |                             |
[2026-05-09 11:22:30] | Scheduler_evicting |       0 | 0.0%         |                             |
[2026-05-09 11:22:30] | Aiph_node_error    |       0 | 0.0%         |                             |
[2026-05-09 11:22:30] | Unknown            |       0 | 0.0%         |                             |
[2026-05-09 11:22:30] 
[2026-05-09 11:22:30] [2026-05-09 11:22:29,989 AIMaster] (job_monitor_controller_k8s.py 1099) INFO: All workers: 2, running: 1, failed: 0, pending: 0
[2026-05-09 11:22:30] [2026-05-09 11:22:29,989 AIMaster] (ops_reported_error_detector.py 103) INFO: Detecting whether the job is affected by errors reported by ops platform.
[2026-05-09 11:23:00] [2026-05-09 11:23:00,157 AIMaster] (job_monitor_controller_k8s.py 1099) INFO: All workers: 2, running: 1, failed: 0, pending: 0
[2026-05-09 11:23:08] [2026-05-09 11:23:08,077 AIMaster] (config.py 347) INFO: Try loading config from pai-aimaster-new configmap.
[2026-05-09 11:23:31] [2026-05-09 11:23:30,293 AIMaster] (job_monitor_controller_k8s.py 1099) INFO: All workers: 2, running: 1, failed: 0, pending: 0
[2026-05-09 11:23:31] [2026-05-09 11:23:30,293 AIMaster] (ops_reported_error_detector.py 103) INFO: Detecting whether the job is affected by errors reported by ops platform.
[2026-05-09 11:23:46] [2026-05-09 11:23:45,973 AIMaster] (job_event_collector.py 135) WARNING: Failed to watch pods, exception: ("Connection broken: ConnectionResetError(104, 'Connection reset by peer')", ConnectionResetError(104, 'Connection reset by peer'))
[2026-05-09 11:24:01] [2026-05-09 11:24:00,457 AIMaster] (job_monitor_controller_k8s.py 1099) INFO: All workers: 2, running: 1, failed: 0, pending: 0
[2026-05-09 11:24:01] [2026-05-09 11:24:00,457 AIMaster] (aimaster_failover_controller.py 81) INFO: Detecting whether aimaster should be migrated.
[2026-05-09 11:24:09] [2026-05-09 11:24:08,113 AIMaster] (config.py 347) INFO: Try loading config from pai-aimaster-new configmap.
[2026-05-09 11:24:31] [2026-05-09 11:24:30,588 AIMaster] (job_monitor_controller_k8s.py 1099) INFO: All workers: 2, running: 1, failed: 0, pending: 0
[2026-05-09 11:24:31] [2026-05-09 11:24:30,588 AIMaster] (ops_reported_error_detector.py 103) INFO: Detecting whether the job is affected by errors reported by ops platform.
[2026-05-09 11:25:01] [2026-05-09 11:25:00,799 AIMaster] (job_monitor_controller_k8s.py 1099) INFO: All workers: 2, running: 1, failed: 0, pending: 0
[2026-05-09 11:25:09] [2026-05-09 11:25:08,148 AIMaster] (config.py 347) INFO: Try loading config from pai-aimaster-new configmap.
[2026-05-09 11:25:18] [2026-05-09 11:25:17,636 AIMaster] (job_event_collector.py 135) WARNING: Failed to watch pods, exception: ("Connection broken: ConnectionResetError(104, 'Connection reset by peer')", ConnectionResetError(104, 'Connection reset by peer'))
[2026-05-09 11:25:31] [2026-05-09 11:25:30,926 AIMaster] (job_monitor_controller_k8s.py 1099) INFO: All workers: 2, running: 1, failed: 0, pending: 0
[2026-05-09 11:25:31] [2026-05-09 11:25:30,926 AIMaster] (ops_reported_error_detector.py 103) INFO: Detecting whether the job is affected by errors reported by ops platform.
[2026-05-09 11:26:01] [2026-05-09 11:26:01,086 AIMaster] (job_monitor_controller_k8s.py 1099) INFO: All workers: 2, running: 1, failed: 0, pending: 0
[2026-05-09 11:26:01] [2026-05-09 11:26:01,086 AIMaster] (aimaster_failover_controller.py 81) INFO: Detecting whether aimaster should be migrated.
[2026-05-09 11:26:09] [2026-05-09 11:26:08,182 AIMaster] (config.py 347) INFO: Try loading config from pai-aimaster-new configmap.
[2026-05-09 11:26:32] [2026-05-09 11:26:31,225 AIMaster] (job_monitor_controller_k8s.py 1099) INFO: All workers: 2, running: 1, failed: 0, pending: 0
[2026-05-09 11:26:32] [2026-05-09 11:26:31,225 AIMaster] (ops_reported_error_detector.py 103) INFO: Detecting whether the job is affected by errors reported by ops platform.
[2026-05-09 11:26:49] [2026-05-09 11:26:49,065 AIMaster] (job_event_collector.py 135) WARNING: Failed to watch pods, exception: ("Connection broken: ConnectionResetError(104, 'Connection reset by peer')", ConnectionResetError(104, 'Connection reset by peer'))
[2026-05-09 11:27:02] [2026-05-09 11:27:01,405 AIMaster] (job_monitor_controller_k8s.py 1099) INFO: All workers: 2, running: 1, failed: 0, pending: 0
[2026-05-09 11:27:09] [2026-05-09 11:27:08,219 AIMaster] (config.py 347) INFO: Try loading config from pai-aimaster-new configmap.
[2026-05-09 11:27:32] [2026-05-09 11:27:31,568 AIMaster] (pod_manager.py 415) INFO: Pod Category Summary (Total pods: 2)
[2026-05-09 11:27:32] | Category           |   Count | Percentage   | Pods                        |
[2026-05-09 11:27:32] |--------------------|---------|--------------|-----------------------------|
[2026-05-09 11:27:32] | Running            |       1 | 50.0%        | [dlc1nta2oa0ac22v-worker-0] |
[2026-05-09 11:27:32] | Succeeded          |       1 | 50.0%        | [dlc1nta2oa0ac22v-master-0] |
[2026-05-09 11:27:32] | Pending            |       0 | 0.0%         |                             |
[2026-05-09 11:27:32] | Failed             |       0 | 0.0%         |                             |
[2026-05-09 11:27:32] | Terminating        |       0 | 0.0%         |                             |
[2026-05-09 11:27:32] | Scheduler_evicting |       0 | 0.0%         |                             |
[2026-05-09 11:27:32] | Aiph_node_error    |       0 | 0.0%         |                             |
[2026-05-09 11:27:32] | Unknown            |       0 | 0.0%         |                             |
[2026-05-09 11:27:32] 
[2026-05-09 11:27:32] [2026-05-09 11:27:31,568 AIMaster] (job_monitor_controller_k8s.py 1099) INFO: All workers: 2, running: 1, failed: 0, pending: 0
[2026-05-09 11:27:32] [2026-05-09 11:27:31,569 AIMaster] (ops_reported_error_detector.py 103) INFO: Detecting whether the job is affected by errors reported by ops platform.
[2026-05-09 11:28:02] [2026-05-09 11:28:01,722 AIMaster] (job_monitor_controller_k8s.py 1099) INFO: All workers: 2, running: 1, failed: 0, pending: 0
[2026-05-09 11:28:02] [2026-05-09 11:28:01,723 AIMaster] (aimaster_failover_controller.py 81) INFO: Detecting whether aimaster should be migrated.
[2026-05-09 11:28:09] [2026-05-09 11:28:08,255 AIMaster] (config.py 347) INFO: Try loading config from pai-aimaster-new configmap.
[2026-05-09 11:28:21] [2026-05-09 11:28:20,356 AIMaster] (job_event_collector.py 135) WARNING: Failed to watch pods, exception: ("Connection broken: ConnectionResetError(104, 'Connection reset by peer')", ConnectionResetError(104, 'Connection reset by peer'))
[2026-05-09 11:28:32] [2026-05-09 11:28:31,857 AIMaster] (job_monitor_controller_k8s.py 1099) INFO: All workers: 2, running: 1, failed: 0, pending: 0
[2026-05-09 11:28:32] [2026-05-09 11:28:31,857 AIMaster] (ops_reported_error_detector.py 103) INFO: Detecting whether the job is affected by errors reported by ops platform.
[2026-05-09 11:29:02] [2026-05-09 11:29:02,056 AIMaster] (job_monitor_controller_k8s.py 1099) INFO: All workers: 2, running: 1, failed: 0, pending: 0
[2026-05-09 11:29:09] [2026-05-09 11:29:08,288 AIMaster] (config.py 347) INFO: Try loading config from pai-aimaster-new configmap.
[2026-05-09 11:29:32] [2026-05-09 11:29:32,176 AIMaster] (job_monitor_controller_k8s.py 1099) INFO: All workers: 2, running: 1, failed: 0, pending: 0
[2026-05-09 11:29:32] [2026-05-09 11:29:32,177 AIMaster] (ops_reported_error_detector.py 103) INFO: Detecting whether the job is affected by errors reported by ops platform.
[2026-05-09 11:29:52] [2026-05-09 11:29:51,601 AIMaster] (job_event_collector.py 135) WARNING: Failed to watch pods, exception: ("Connection broken: ConnectionResetError(104, 'Connection reset by peer')", ConnectionResetError(104, 'Connection reset by peer'))
[2026-05-09 11:30:03] [2026-05-09 11:30:02,381 AIMaster] (job_monitor_controller_k8s.py 1099) INFO: All workers: 2, running: 1, failed: 0, pending: 0
[2026-05-09 11:30:03] [2026-05-09 11:30:02,381 AIMaster] (aimaster_failover_controller.py 81) INFO: Detecting whether aimaster should be migrated.
[2026-05-09 11:30:09] [2026-05-09 11:30:08,324 AIMaster] (config.py 347) INFO: Try loading config from pai-aimaster-new configmap.
[2026-05-09 11:30:33] [2026-05-09 11:30:32,531 AIMaster] (job_monitor_controller_k8s.py 1099) INFO: All workers: 2, running: 1, failed: 0, pending: 0
[2026-05-09 11:30:33] [2026-05-09 11:30:32,531 AIMaster] (ops_reported_error_detector.py 103) INFO: Detecting whether the job is affected by errors reported by ops platform.
[2026-05-09 11:31:03] [2026-05-09 11:31:02,699 AIMaster] (job_monitor_controller_k8s.py 1099) INFO: All workers: 2, running: 1, failed: 0, pending: 0
[2026-05-09 11:31:09] [2026-05-09 11:31:08,360 AIMaster] (config.py 347) INFO: Try loading config from pai-aimaster-new configmap.
[2026-05-09 11:31:23] [2026-05-09 11:31:23,236 AIMaster] (job_event_collector.py 135) WARNING: Failed to watch pods, exception: ("Connection broken: ConnectionResetError(104, 'Connection reset by peer')", ConnectionResetError(104, 'Connection reset by peer'))
[2026-05-09 11:31:33] [2026-05-09 11:31:32,850 AIMaster] (job_monitor_controller_k8s.py 1099) INFO: All workers: 2, running: 1, failed: 0, pending: 0
[2026-05-09 11:31:33] [2026-05-09 11:31:32,850 AIMaster] (ops_reported_error_detector.py 103) INFO: Detecting whether the job is affected by errors reported by ops platform.
[2026-05-09 11:32:03] [2026-05-09 11:32:03,037 AIMaster] (job_monitor_controller_k8s.py 1099) INFO: All workers: 2, running: 1, failed: 0, pending: 0
[2026-05-09 11:32:03] [2026-05-09 11:32:03,037 AIMaster] (aimaster_failover_controller.py 81) INFO: Detecting whether aimaster should be migrated.
[2026-05-09 11:32:09] [2026-05-09 11:32:08,395 AIMaster] (config.py 347) INFO: Try loading config from pai-aimaster-new configmap.
[2026-05-09 11:32:33] [2026-05-09 11:32:33,228 AIMaster] (pod_manager.py 415) INFO: Pod Category Summary (Total pods: 2)
[2026-05-09 11:32:33] | Category           |   Count | Percentage   | Pods                        |
[2026-05-09 11:32:33] |--------------------|---------|--------------|-----------------------------|
[2026-05-09 11:32:33] | Running            |       1 | 50.0%        | [dlc1nta2oa0ac22v-worker-0] |
[2026-05-09 11:32:33] | Succeeded          |       1 | 50.0%        | [dlc1nta2oa0ac22v-master-0] |
[2026-05-09 11:32:33] | Pending            |       0 | 0.0%         |                             |
[2026-05-09 11:32:33] | Failed             |       0 | 0.0%         |                             |
[2026-05-09 11:32:33] | Terminating        |       0 | 0.0%         |                             |
[2026-05-09 11:32:33] | Scheduler_evicting |       0 | 0.0%         |                             |
[2026-05-09 11:32:33] | Aiph_node_error    |       0 | 0.0%         |                             |
[2026-05-09 11:32:33] | Unknown            |       0 | 0.0%         |                             |
[2026-05-09 11:32:33] 
[2026-05-09 11:32:33] [2026-05-09 11:32:33,228 AIMaster] (job_monitor_controller_k8s.py 1099) INFO: All workers: 2, running: 1, failed: 0, pending: 0
[2026-05-09 11:32:33] [2026-05-09 11:32:33,228 AIMaster] (ops_reported_error_detector.py 103) INFO: Detecting whether the job is affected by errors reported by ops platform.
[2026-05-09 11:32:55] [2026-05-09 11:32:54,800 AIMaster] (job_event_collector.py 135) WARNING: Failed to watch pods, exception: ("Connection broken: ConnectionResetError(104, 'Connection reset by peer')", ConnectionResetError(104, 'Connection reset by peer'))
[2026-05-09 11:33:04] [2026-05-09 11:33:03,394 AIMaster] (job_monitor_controller_k8s.py 1099) INFO: All workers: 2, running: 1, failed: 0, pending: 0
[2026-05-09 11:33:09] [2026-05-09 11:33:08,429 AIMaster] (config.py 347) INFO: Try loading config from pai-aimaster-new configmap.
[2026-05-09 11:33:34] [2026-05-09 11:33:33,537 AIMaster] (job_monitor_controller_k8s.py 1099) INFO: All workers: 2, running: 1, failed: 0, pending: 0
[2026-05-09 11:33:34] [2026-05-09 11:33:33,537 AIMaster] (ops_reported_error_detector.py 103) INFO: Detecting whether the job is affected by errors reported by ops platform.
[2026-05-09 11:34:04] [2026-05-09 11:34:03,729 AIMaster] (job_monitor_controller_k8s.py 1099) INFO: All workers: 2, running: 1, failed: 0, pending: 0
[2026-05-09 11:34:04] [2026-05-09 11:34:03,729 AIMaster] (aimaster_failover_controller.py 81) INFO: Detecting whether aimaster should be migrated.
[2026-05-09 11:34:09] [2026-05-09 11:34:08,464 AIMaster] (config.py 347) INFO: Try loading config from pai-aimaster-new configmap.
[2026-05-09 11:34:26] [2026-05-09 11:34:26,245 AIMaster] (job_event_collector.py 135) WARNING: Failed to watch pods, exception: ("Connection broken: ConnectionResetError(104, 'Connection reset by peer')", ConnectionResetError(104, 'Connection reset by peer'))
[2026-05-09 11:34:34] [2026-05-09 11:34:33,861 AIMaster] (job_monitor_controller_k8s.py 1099) INFO: All workers: 2, running: 1, failed: 0, pending: 0
[2026-05-09 11:34:34] [2026-05-09 11:34:33,861 AIMaster] (ops_reported_error_detector.py 103) INFO: Detecting whether the job is affected by errors reported by ops platform.
