[2026-05-16 16:39:14]   Attempting uninstall: numpy
[2026-05-16 16:39:14]     Found existing installation: numpy 2.4.5
[2026-05-16 16:39:14]     Uninstalling numpy-2.4.5:
[2026-05-16 16:39:14]       Successfully uninstalled numpy-2.4.5
[2026-05-16 16:39:15]      ━━━━━━━━━━━━━━━━━━━━━━━━━━━━━━━━━━━━━━━━ 1.2/1.2 MB 129.8 kB/s  0:00:10
[2026-05-16 16:39:15] Collecting mdurl~=0.1 (from markdown-it-py>=2.2.0->rich>=13.8.0->typer->huggingface_hub==1.10.1)
[2026-05-16 16:39:16]   Downloading mdurl-0.1.2-py3-none-any.whl (10.0 kB)
[2026-05-16 16:39:16] Installing collected packages: py-spy, py-cpuinfo, opencensus-context, nvidia-ml-py, hjson, distlib, colorful, zipp, xxhash, wrapt, werkzeug, urllib3, typing-inspection, tqdm, tensorboard-data-server, smmap, six, shellingham, sentencepiece, safetensors, rpds-py, regex, pyyaml, pyparsing, pynvml, pygments, pydantic-core, pycparser, pyasn1, pyarrow, psutil, protobuf, propcache, prometheus_client, platformdirs, packaging, optree, numpy, ninja, multidict, msgpack, mdurl, markdown, loralib, kiwisolver, idna, hf-xet, h11, grpcio, fsspec, frozenlist, fonttools, einops, dill, cycler, click, charset_normalizer, certifi, attrs, annotated-types, annotated-doc, aiohappyeyeballs, absl-py, yarl, tensorboard, smart_open, sentry-sdk, requests, referencing, python-discovery, python-dateutil, pydantic, pyasn1-modules, proto-plus, opentelemetry-proto, nvitop, multiprocess, markdown-it-py, lightning-utilities, jsonlines, importlib-metadata, httpcore, googleapis-common-protos, gitdb, contourpy, cffi, anyio, aiosignal, virtualenv, rich, pandas, opentelemetry-api, matplotlib, jsonschema-specifications, httpx, gitpython, cryptography, aiohttp, wandb, typer, torchmetrics, torchdata, opentelemetry-semantic-conventions, jsonschema, google-auth, deepspeed, bitsandbytes, aiohttp_cors, ray, opentelemetry-sdk, huggingface_hub, google-api-core, tokenizers, opentelemetry-exporter-prometheus, opencensus, datasets, accelerate, transformers, transformers-stream-generator, peft, optimum
[2026-05-16 16:39:17]   Attempting uninstall: fsspec
[2026-05-16 16:39:17]     Found existing installation: fsspec 2026.4.0
[2026-05-16 16:39:17]     Uninstalling fsspec-2026.4.0:
[2026-05-16 16:39:17]       Successfully uninstalled fsspec-2026.4.0
[2026-05-16 16:39:19]   Attempting uninstall: packaging
[2026-05-16 16:39:19]     Found existing installation: packaging 26.2
[2026-05-16 16:39:19]     Uninstalling packaging-26.2:
[2026-05-16 16:39:19]       Successfully uninstalled packaging-26.2
[2026-05-16 16:39:19]   Attempting uninstall: numpy
[2026-05-16 16:39:19]     Found existing installation: numpy 2.4.5
[2026-05-16 16:39:19]     Uninstalling numpy-2.4.5:
[2026-05-16 16:39:19]       Successfully uninstalled numpy-2.4.5
[2026-05-16 16:39:22]   Attempting uninstall: fsspec
[2026-05-16 16:39:22]     Found existing installation: fsspec 2026.4.0
[2026-05-16 16:39:22]     Uninstalling fsspec-2026.4.0:
[2026-05-16 16:39:22]       Successfully uninstalled fsspec-2026.4.0
[2026-05-16 16:39:31] [2026-05-16 16:39:31,168 AIMaster] (job_monitor_controller_k8s.py 1099) INFO: All workers: 2, running: 2, failed: 0, pending: 0
[2026-05-16 16:39:31] [2026-05-16 16:39:31,168 AIMaster] (ops_reported_error_detector.py 103) INFO: Detecting whether the job is affected by errors reported by ops platform.
[2026-05-16 16:39:42] 
[2026-05-16 16:39:42] Successfully installed absl-py-2.4.0 accelerate-1.13.0 aiohappyeyeballs-2.6.1 aiohttp-3.13.5 aiohttp_cors-0.8.1 aiosignal-1.4.0 annotated-doc-0.0.4 annotated-types-0.7.0 anyio-4.13.0 attrs-26.1.0 bitsandbytes-0.49.2 certifi-2026.4.22 cffi-2.0.0 charset_normalizer-3.4.7 click-8.3.3 colorful-0.5.8 contourpy-1.3.3 cryptography-48.0.0 cycler-0.12.1 datasets-4.8.4 deepspeed-0.18.9 dill-0.4.1 distlib-0.4.0 einops-0.8.2 fonttools-4.63.0 frozenlist-1.8.0 fsspec-2026.2.0 gitdb-4.0.12 gitpython-3.1.50 google-api-core-2.30.3 google-auth-2.53.0 googleapis-common-protos-1.75.0 grpcio-1.80.0 h11-0.16.0 hf-xet-1.5.0 hjson-3.1.0 httpcore-1.0.9 httpx-0.28.1 huggingface_hub-1.10.1 idna-3.15 importlib-metadata-8.7.1 jsonlines-4.0.0 jsonschema-4.26.0 jsonschema-specifications-2025.9.1 kiwisolver-1.5.0 lightning-utilities-0.15.3 loralib-0.1.2 markdown-3.10.2 markdown-it-py-4.2.0 matplotlib-3.10.8 mdurl-0.1.2 msgpack-1.1.2 multidict-6.7.1 multiprocess-0.70.19 ninja-1.13.0 numpy-2.2.6 nvidia-ml-py-13.590.48 nvitop-1.6.2 opencensus-0.11.4 opencensus-context-0.1.3 opentelemetry-api-1.41.1 opentelemetry-exporter-prometheus-0.62b1 opentelemetry-proto-1.41.1 opentelemetry-sdk-1.41.1 opentelemetry-semantic-conventions-0.62b1 optimum-2.1.0 optree-0.19.0 packaging-26.0 pandas-3.0.2 peft-0.18.1 platformdirs-4.9.6 prometheus_client-0.25.0 propcache-0.5.2 proto-plus-1.28.0 protobuf-6.33.6 psutil-7.2.2 py-cpuinfo-9.0.0 py-spy-0.4.2 pyarrow-23.0.1 pyasn1-0.6.3 pyasn1-modules-0.4.2 pycparser-3.0 pydantic-2.13.4 pydantic-core-2.46.4 pygments-2.20.0 pynvml-13.0.1 pyparsing-3.3.2 python-dateutil-2.9.0.post0 python-discovery-1.3.1 pyyaml-6.0.3 ray-2.48.0 referencing-0.37.0 regex-2026.5.9 requests-2.34.2 rich-15.0.0 rpds-py-0.30.0 safetensors-0.7.0 sentencepiece-0.2.1 sentry-sdk-2.60.0 shellingham-1.5.4 six-1.17.0 smart_open-7.6.1 smmap-5.0.3 tensorboard-2.20.0 tensorboard-data-server-0.7.2 tokenizers-0.22.2 torchdata-0.11.0 torchmetrics-1.9.0 tqdm-4.67.3 transformers-5.8.1 transformers-stream-generator-0.0.5 typer-0.25.1 typing-inspection-0.4.2 urllib3-2.7.0 virtualenv-21.3.3 wandb-0.25.1 werkzeug-3.1.8 wrapt-2.1.2 xxhash-3.7.0 yarl-1.23.0 zipp-3.23.1
[2026-05-16 16:39:42] 
[2026-05-16 16:39:42] [16:39:42] Installing student transformers from git ref db9f18c370c92e971172e69bc9a88854947d9fc5
[2026-05-16 16:39:43] Looking in indexes: https://mirrors.aliyun.com/pypi/simple/
[2026-05-16 16:39:43] Looking in links: /mnt/data/ebft-distribution-new/caches/wheels
[2026-05-16 16:39:43] Collecting git+https://github.com/huggingface/transformers.git@db9f18c370c92e971172e69bc9a88854947d9fc5
[2026-05-16 16:39:43]   Cloning https://github.com/huggingface/transformers.git (to revision db9f18c370c92e971172e69bc9a88854947d9fc5) to /tmp/pip-req-build-cuqryf3t
[2026-05-16 16:39:43]   Running command git clone --filter=blob:none --quiet https://github.com/huggingface/transformers.git /tmp/pip-req-build-cuqryf3t
[2026-05-16 16:39:46] [2026-05-16 16:39:46,045 AIMaster] (job_event_collector.py 135) WARNING: Failed to watch pods, exception: ("Connection broken: ConnectionResetError(104, 'Connection reset by peer')", ConnectionResetError(104, 'Connection reset by peer'))
[2026-05-16 16:39:47] [2026-05-16 16:39:46,759 AIMaster] (config.py 347) INFO: Try loading config from pai-aimaster-new configmap.
[2026-05-16 16:39:48] 
[2026-05-16 16:39:48] Successfully installed absl-py-2.4.0 accelerate-1.13.0 aiohappyeyeballs-2.6.1 aiohttp-3.13.5 aiohttp_cors-0.8.1 aiosignal-1.4.0 annotated-doc-0.0.4 annotated-types-0.7.0 anyio-4.13.0 attrs-26.1.0 bitsandbytes-0.49.2 certifi-2026.4.22 cffi-2.0.0 charset_normalizer-3.4.7 click-8.3.3 colorful-0.5.8 contourpy-1.3.3 cryptography-48.0.0 cycler-0.12.1 datasets-4.8.4 deepspeed-0.18.9 dill-0.4.1 distlib-0.4.0 einops-0.8.2 fonttools-4.63.0 frozenlist-1.8.0 fsspec-2026.2.0 gitdb-4.0.12 gitpython-3.1.50 google-api-core-2.30.3 google-auth-2.53.0 googleapis-common-protos-1.75.0 grpcio-1.80.0 h11-0.16.0 hf-xet-1.5.0 hjson-3.1.0 httpcore-1.0.9 httpx-0.28.1 huggingface_hub-1.10.1 idna-3.15 importlib-metadata-8.7.1 jsonlines-4.0.0 jsonschema-4.26.0 jsonschema-specifications-2025.9.1 kiwisolver-1.5.0 lightning-utilities-0.15.3 loralib-0.1.2 markdown-3.10.2 markdown-it-py-4.2.0 matplotlib-3.10.8 mdurl-0.1.2 msgpack-1.1.2 multidict-6.7.1 multiprocess-0.70.19 ninja-1.13.0 numpy-2.2.6 nvidia-ml-py-13.590.48 nvitop-1.6.2 opencensus-0.11.4 opencensus-context-0.1.3 opentelemetry-api-1.41.1 opentelemetry-exporter-prometheus-0.62b1 opentelemetry-proto-1.41.1 opentelemetry-sdk-1.41.1 opentelemetry-semantic-conventions-0.62b1 optimum-2.1.0 optree-0.19.0 packaging-26.0 pandas-3.0.2 peft-0.18.1 platformdirs-4.9.6 prometheus_client-0.25.0 propcache-0.5.2 proto-plus-1.28.0 protobuf-6.33.6 psutil-7.2.2 py-cpuinfo-9.0.0 py-spy-0.4.2 pyarrow-23.0.1 pyasn1-0.6.3 pyasn1-modules-0.4.2 pycparser-3.0 pydantic-2.13.4 pydantic-core-2.46.4 pygments-2.20.0 pynvml-13.0.1 pyparsing-3.3.2 python-dateutil-2.9.0.post0 python-discovery-1.3.1 pyyaml-6.0.3 ray-2.48.0 referencing-0.37.0 regex-2026.5.9 requests-2.34.2 rich-15.0.0 rpds-py-0.30.0 safetensors-0.7.0 sentencepiece-0.2.1 sentry-sdk-2.60.0 shellingham-1.5.4 six-1.17.0 smart_open-7.6.1 smmap-5.0.3 tensorboard-2.20.0 tensorboard-data-server-0.7.2 tokenizers-0.22.2 torchdata-0.11.0 torchmetrics-1.9.0 tqdm-4.67.3 transformers-5.8.1 transformers-stream-generator-0.0.5 typer-0.25.1 typing-inspection-0.4.2 urllib3-2.7.0 virtualenv-21.3.3 wandb-0.25.1 werkzeug-3.1.8 wrapt-2.1.2 xxhash-3.7.0 yarl-1.23.0 zipp-3.23.1
[2026-05-16 16:39:48] 
[2026-05-16 16:39:48] [16:39:47] Installing student transformers from git ref db9f18c370c92e971172e69bc9a88854947d9fc5
[2026-05-16 16:39:49] Looking in indexes: https://mirrors.aliyun.com/pypi/simple/
[2026-05-16 16:39:49] Looking in links: /mnt/data/ebft-distribution-new/caches/wheels
[2026-05-16 16:39:49] Collecting git+https://github.com/huggingface/transformers.git@db9f18c370c92e971172e69bc9a88854947d9fc5
[2026-05-16 16:39:49]   Cloning https://github.com/huggingface/transformers.git (to revision db9f18c370c92e971172e69bc9a88854947d9fc5) to /tmp/pip-req-build-xvg10ov8
[2026-05-16 16:39:49]   Running command git clone --filter=blob:none --quiet https://github.com/huggingface/transformers.git /tmp/pip-req-build-xvg10ov8
[2026-05-16 16:39:54]   Running command git rev-parse -q --verify 'sha^db9f18c370c92e971172e69bc9a88854947d9fc5'
[2026-05-16 16:39:54]   Running command git fetch -q https://github.com/huggingface/transformers.git db9f18c370c92e971172e69bc9a88854947d9fc5
[2026-05-16 16:39:57]   Running command git checkout -q db9f18c370c92e971172e69bc9a88854947d9fc5
[2026-05-16 16:40:01]   Resolved https://github.com/huggingface/transformers.git to commit db9f18c370c92e971172e69bc9a88854947d9fc5
[2026-05-16 16:40:01]   Installing build dependencies: started
[2026-05-16 16:40:01]   Running command git rev-parse -q --verify 'sha^db9f18c370c92e971172e69bc9a88854947d9fc5'
[2026-05-16 16:40:01]   Running command git fetch -q https://github.com/huggingface/transformers.git db9f18c370c92e971172e69bc9a88854947d9fc5
[2026-05-16 16:40:01] [2026-05-16 16:40:01,330 AIMaster] (job_monitor_controller_k8s.py 1099) INFO: All workers: 2, running: 2, failed: 0, pending: 0
[2026-05-16 16:40:02]   Installing build dependencies: finished with status 'done'
[2026-05-16 16:40:02]   Getting requirements to build wheel: started
[2026-05-16 16:40:03]   Running command git checkout -q db9f18c370c92e971172e69bc9a88854947d9fc5
[2026-05-16 16:40:03]   Getting requirements to build wheel: finished with status 'done'
[2026-05-16 16:40:03]   Preparing metadata (pyproject.toml): started
[2026-05-16 16:40:03]   Preparing metadata (pyproject.toml): finished with status 'done'
[2026-05-16 16:40:03] Requirement already satisfied: huggingface-hub<2.0,>=1.5.0 in /mnt/workspace/venvs/.venv/lib/python3.12/site-packages (from transformers==5.6.0.dev0) (1.10.1)
[2026-05-16 16:40:03] Requirement already satisfied: numpy>=1.17 in /mnt/workspace/venvs/.venv/lib/python3.12/site-packages (from transformers==5.6.0.dev0) (2.2.6)
[2026-05-16 16:40:03] Requirement already satisfied: packaging>=20.0 in /mnt/workspace/venvs/.venv/lib/python3.12/site-packages (from transformers==5.6.0.dev0) (26.0)
[2026-05-16 16:40:03] Requirement already satisfied: pyyaml>=5.1 in /mnt/workspace/venvs/.venv/lib/python3.12/site-packages (from transformers==5.6.0.dev0) (6.0.3)
[2026-05-16 16:40:03] Requirement already satisfied: regex>=2025.10.22 in /mnt/workspace/venvs/.venv/lib/python3.12/site-packages (from transformers==5.6.0.dev0) (2026.5.9)
[2026-05-16 16:40:03] Requirement already satisfied: tokenizers<=0.23.0,>=0.22.0 in /mnt/workspace/venvs/.venv/lib/python3.12/site-packages (from transformers==5.6.0.dev0) (0.22.2)
[2026-05-16 16:40:03] Requirement already satisfied: typer in /mnt/workspace/venvs/.venv/lib/python3.12/site-packages (from transformers==5.6.0.dev0) (0.25.1)
[2026-05-16 16:40:03] Requirement already satisfied: safetensors>=0.4.3 in /mnt/workspace/venvs/.venv/lib/python3.12/site-packages (from transformers==5.6.0.dev0) (0.7.0)
[2026-05-16 16:40:03] Requirement already satisfied: tqdm>=4.27 in /mnt/workspace/venvs/.venv/lib/python3.12/site-packages (from transformers==5.6.0.dev0) (4.67.3)
[2026-05-16 16:40:03] Requirement already satisfied: filelock>=3.10.0 in /mnt/workspace/venvs/.venv/lib/python3.12/site-packages (from huggingface-hub<2.0,>=1.5.0->transformers==5.6.0.dev0) (3.29.0)
[2026-05-16 16:40:03] Requirement already satisfied: fsspec>=2023.5.0 in /mnt/workspace/venvs/.venv/lib/python3.12/site-packages (from huggingface-hub<2.0,>=1.5.0->transformers==5.6.0.dev0) (2026.2.0)
[2026-05-16 16:40:03] Requirement already satisfied: hf-xet<2.0.0,>=1.4.3 in /mnt/workspace/venvs/.venv/lib/python3.12/site-packages (from huggingface-hub<2.0,>=1.5.0->transformers==5.6.0.dev0) (1.5.0)
[2026-05-16 16:40:03] Requirement already satisfied: httpx<1,>=0.23.0 in /mnt/workspace/venvs/.venv/lib/python3.12/site-packages (from huggingface-hub<2.0,>=1.5.0->transformers==5.6.0.dev0) (0.28.1)
[2026-05-16 16:40:03] Requirement already satisfied: typing-extensions>=4.1.0 in /mnt/workspace/venvs/.venv/lib/python3.12/site-packages (from huggingface-hub<2.0,>=1.5.0->transformers==5.6.0.dev0) (4.15.0)
[2026-05-16 16:40:03] Requirement already satisfied: anyio in /mnt/workspace/venvs/.venv/lib/python3.12/site-packages (from httpx<1,>=0.23.0->huggingface-hub<2.0,>=1.5.0->transformers==5.6.0.dev0) (4.13.0)
[2026-05-16 16:40:03] Requirement already satisfied: certifi in /mnt/workspace/venvs/.venv/lib/python3.12/site-packages (from httpx<1,>=0.23.0->huggingface-hub<2.0,>=1.5.0->transformers==5.6.0.dev0) (2026.4.22)
[2026-05-16 16:40:03] Requirement already satisfied: httpcore==1.* in /mnt/workspace/venvs/.venv/lib/python3.12/site-packages (from httpx<1,>=0.23.0->huggingface-hub<2.0,>=1.5.0->transformers==5.6.0.dev0) (1.0.9)
[2026-05-16 16:40:03] Requirement already satisfied: idna in /mnt/workspace/venvs/.venv/lib/python3.12/site-packages (from httpx<1,>=0.23.0->huggingface-hub<2.0,>=1.5.0->transformers==5.6.0.dev0) (3.15)
[2026-05-16 16:40:03] Requirement already satisfied: h11>=0.16 in /mnt/workspace/venvs/.venv/lib/python3.12/site-packages (from httpcore==1.*->httpx<1,>=0.23.0->huggingface-hub<2.0,>=1.5.0->transformers==5.6.0.dev0) (0.16.0)
[2026-05-16 16:40:03] Requirement already satisfied: click>=8.2.1 in /mnt/workspace/venvs/.venv/lib/python3.12/site-packages (from typer->transformers==5.6.0.dev0) (8.3.3)
[2026-05-16 16:40:03] Requirement already satisfied: shellingham>=1.3.0 in /mnt/workspace/venvs/.venv/lib/python3.12/site-packages (from typer->transformers==5.6.0.dev0) (1.5.4)
[2026-05-16 16:40:03] Requirement already satisfied: rich>=13.8.0 in /mnt/workspace/venvs/.venv/lib/python3.12/site-packages (from typer->transformers==5.6.0.dev0) (15.0.0)
[2026-05-16 16:40:03] Requirement already satisfied: annotated-doc>=0.0.2 in /mnt/workspace/venvs/.venv/lib/python3.12/site-packages (from typer->transformers==5.6.0.dev0) (0.0.4)
[2026-05-16 16:40:03] Requirement already satisfied: markdown-it-py>=2.2.0 in /mnt/workspace/venvs/.venv/lib/python3.12/site-packages (from rich>=13.8.0->typer->transformers==5.6.0.dev0) (4.2.0)
[2026-05-16 16:40:03] Requirement already satisfied: pygments<3.0.0,>=2.13.0 in /mnt/workspace/venvs/.venv/lib/python3.12/site-packages (from rich>=13.8.0->typer->transformers==5.6.0.dev0) (2.20.0)
[2026-05-16 16:40:03] Requirement already satisfied: mdurl~=0.1 in /mnt/workspace/venvs/.venv/lib/python3.12/site-packages (from markdown-it-py>=2.2.0->rich>=13.8.0->typer->transformers==5.6.0.dev0) (0.1.2)
[2026-05-16 16:40:03] Building wheels for collected packages: transformers
[2026-05-16 16:40:03]   Building wheel for transformers (pyproject.toml): started
[2026-05-16 16:40:06]   Building wheel for transformers (pyproject.toml): finished with status 'done'
[2026-05-16 16:40:06]   Created wheel for transformers: filename=transformers-5.6.0.dev0-py3-none-any.whl size=11353921 sha256=511080cd5b2d24f13922324de1a1ba8707e5b5c668068f66965ad5e53e9908d4
[2026-05-16 16:40:06]   Stored in directory: /root/.cache/pip/wheels/96/a0/0a/65fe9775eed2664c721510a616fa31feb2014a6e8188a703c6
[2026-05-16 16:40:06] Successfully built transformers
[2026-05-16 16:40:06] Installing collected packages: transformers
[2026-05-16 16:40:06]   Attempting uninstall: transformers
[2026-05-16 16:40:06]     Found existing installation: transformers 5.8.1
[2026-05-16 16:40:06]     Uninstalling transformers-5.8.1:
[2026-05-16 16:40:06]       Successfully uninstalled transformers-5.8.1
[2026-05-16 16:40:07]   Resolved https://github.com/huggingface/transformers.git to commit db9f18c370c92e971172e69bc9a88854947d9fc5
[2026-05-16 16:40:07]   Installing build dependencies: started
[2026-05-16 16:40:08]   Installing build dependencies: finished with status 'done'
[2026-05-16 16:40:08]   Getting requirements to build wheel: started
[2026-05-16 16:40:09]   Getting requirements to build wheel: finished with status 'done'
[2026-05-16 16:40:09]   Preparing metadata (pyproject.toml): started
[2026-05-16 16:40:09]   Preparing metadata (pyproject.toml): finished with status 'done'
[2026-05-16 16:40:09] Requirement already satisfied: huggingface-hub<2.0,>=1.5.0 in /mnt/workspace/venvs/.venv/lib/python3.12/site-packages (from transformers==5.6.0.dev0) (1.10.1)
[2026-05-16 16:40:09] Requirement already satisfied: numpy>=1.17 in /mnt/workspace/venvs/.venv/lib/python3.12/site-packages (from transformers==5.6.0.dev0) (2.2.6)
[2026-05-16 16:40:09] Requirement already satisfied: packaging>=20.0 in /mnt/workspace/venvs/.venv/lib/python3.12/site-packages (from transformers==5.6.0.dev0) (26.0)
[2026-05-16 16:40:09] Requirement already satisfied: pyyaml>=5.1 in /mnt/workspace/venvs/.venv/lib/python3.12/site-packages (from transformers==5.6.0.dev0) (6.0.3)
[2026-05-16 16:40:09] Requirement already satisfied: regex>=2025.10.22 in /mnt/workspace/venvs/.venv/lib/python3.12/site-packages (from transformers==5.6.0.dev0) (2026.5.9)
[2026-05-16 16:40:09] Requirement already satisfied: tokenizers<=0.23.0,>=0.22.0 in /mnt/workspace/venvs/.venv/lib/python3.12/site-packages (from transformers==5.6.0.dev0) (0.22.2)
[2026-05-16 16:40:09] Requirement already satisfied: typer in /mnt/workspace/venvs/.venv/lib/python3.12/site-packages (from transformers==5.6.0.dev0) (0.25.1)
[2026-05-16 16:40:09] Requirement already satisfied: safetensors>=0.4.3 in /mnt/workspace/venvs/.venv/lib/python3.12/site-packages (from transformers==5.6.0.dev0) (0.7.0)
[2026-05-16 16:40:09] Requirement already satisfied: tqdm>=4.27 in /mnt/workspace/venvs/.venv/lib/python3.12/site-packages (from transformers==5.6.0.dev0) (4.67.3)
[2026-05-16 16:40:09] Requirement already satisfied: filelock>=3.10.0 in /mnt/workspace/venvs/.venv/lib/python3.12/site-packages (from huggingface-hub<2.0,>=1.5.0->transformers==5.6.0.dev0) (3.29.0)
[2026-05-16 16:40:09] Requirement already satisfied: fsspec>=2023.5.0 in /mnt/workspace/venvs/.venv/lib/python3.12/site-packages (from huggingface-hub<2.0,>=1.5.0->transformers==5.6.0.dev0) (2026.2.0)
[2026-05-16 16:40:09] Requirement already satisfied: hf-xet<2.0.0,>=1.4.3 in /mnt/workspace/venvs/.venv/lib/python3.12/site-packages (from huggingface-hub<2.0,>=1.5.0->transformers==5.6.0.dev0) (1.5.0)
[2026-05-16 16:40:09] Requirement already satisfied: httpx<1,>=0.23.0 in /mnt/workspace/venvs/.venv/lib/python3.12/site-packages (from huggingface-hub<2.0,>=1.5.0->transformers==5.6.0.dev0) (0.28.1)
[2026-05-16 16:40:09] Requirement already satisfied: typing-extensions>=4.1.0 in /mnt/workspace/venvs/.venv/lib/python3.12/site-packages (from huggingface-hub<2.0,>=1.5.0->transformers==5.6.0.dev0) (4.15.0)
[2026-05-16 16:40:09] Requirement already satisfied: anyio in /mnt/workspace/venvs/.venv/lib/python3.12/site-packages (from httpx<1,>=0.23.0->huggingface-hub<2.0,>=1.5.0->transformers==5.6.0.dev0) (4.13.0)
[2026-05-16 16:40:09] Requirement already satisfied: certifi in /mnt/workspace/venvs/.venv/lib/python3.12/site-packages (from httpx<1,>=0.23.0->huggingface-hub<2.0,>=1.5.0->transformers==5.6.0.dev0) (2026.4.22)
[2026-05-16 16:40:09] Requirement already satisfied: httpcore==1.* in /mnt/workspace/venvs/.venv/lib/python3.12/site-packages (from httpx<1,>=0.23.0->huggingface-hub<2.0,>=1.5.0->transformers==5.6.0.dev0) (1.0.9)
[2026-05-16 16:40:09] Requirement already satisfied: idna in /mnt/workspace/venvs/.venv/lib/python3.12/site-packages (from httpx<1,>=0.23.0->huggingface-hub<2.0,>=1.5.0->transformers==5.6.0.dev0) (3.15)
[2026-05-16 16:40:09] Requirement already satisfied: h11>=0.16 in /mnt/workspace/venvs/.venv/lib/python3.12/site-packages (from httpcore==1.*->httpx<1,>=0.23.0->huggingface-hub<2.0,>=1.5.0->transformers==5.6.0.dev0) (0.16.0)
[2026-05-16 16:40:09] Requirement already satisfied: click>=8.2.1 in /mnt/workspace/venvs/.venv/lib/python3.12/site-packages (from typer->transformers==5.6.0.dev0) (8.3.3)
[2026-05-16 16:40:09] Requirement already satisfied: shellingham>=1.3.0 in /mnt/workspace/venvs/.venv/lib/python3.12/site-packages (from typer->transformers==5.6.0.dev0) (1.5.4)
[2026-05-16 16:40:09] Requirement already satisfied: rich>=13.8.0 in /mnt/workspace/venvs/.venv/lib/python3.12/site-packages (from typer->transformers==5.6.0.dev0) (15.0.0)
[2026-05-16 16:40:09] Requirement already satisfied: annotated-doc>=0.0.2 in /mnt/workspace/venvs/.venv/lib/python3.12/site-packages (from typer->transformers==5.6.0.dev0) (0.0.4)
[2026-05-16 16:40:09] Requirement already satisfied: markdown-it-py>=2.2.0 in /mnt/workspace/venvs/.venv/lib/python3.12/site-packages (from rich>=13.8.0->typer->transformers==5.6.0.dev0) (4.2.0)
[2026-05-16 16:40:09] Requirement already satisfied: pygments<3.0.0,>=2.13.0 in /mnt/workspace/venvs/.venv/lib/python3.12/site-packages (from rich>=13.8.0->typer->transformers==5.6.0.dev0) (2.20.0)
[2026-05-16 16:40:09] Requirement already satisfied: mdurl~=0.1 in /mnt/workspace/venvs/.venv/lib/python3.12/site-packages (from markdown-it-py>=2.2.0->rich>=13.8.0->typer->transformers==5.6.0.dev0) (0.1.2)
[2026-05-16 16:40:09] Building wheels for collected packages: transformers
[2026-05-16 16:40:09]   Building wheel for transformers (pyproject.toml): started
[2026-05-16 16:40:12]   Building wheel for transformers (pyproject.toml): finished with status 'done'
[2026-05-16 16:40:12]   Created wheel for transformers: filename=transformers-5.6.0.dev0-py3-none-any.whl size=11353921 sha256=87507cca27eeb68762ebd4b5682763374d873ca0ad8c7ecae36147ad801e9e1d
[2026-05-16 16:40:12]   Stored in directory: /root/.cache/pip/wheels/96/a0/0a/65fe9775eed2664c721510a616fa31feb2014a6e8188a703c6
[2026-05-16 16:40:12] Successfully built transformers
[2026-05-16 16:40:12] Installing collected packages: transformers
[2026-05-16 16:40:12]   Attempting uninstall: transformers
[2026-05-16 16:40:12]     Found existing installation: transformers 5.8.1
[2026-05-16 16:40:13] Successfully installed transformers-5.6.0.dev0
[2026-05-16 16:40:13] 
[2026-05-16 16:40:13] [16:40:13] Installing student flash-attn==2.8.3
[2026-05-16 16:40:13] 
[2026-05-16 16:40:13] [16:40:13] Installing flash-attn from local wheel /mnt/data/ebft-distribution-new/code/flash_attn-2.8.3+cu124torch2.5-cp312-cp312-linux_x86_64.whl
[2026-05-16 16:40:13] Looking in indexes: https://mirrors.aliyun.com/pypi/simple/
[2026-05-16 16:40:13] Looking in links: /mnt/data/ebft-distribution-new/caches/wheels
[2026-05-16 16:40:13] Processing /mnt/data/ebft-distribution-new/code/flash_attn-2.8.3+cu124torch2.5-cp312-cp312-linux_x86_64.whl
[2026-05-16 16:40:13]     Uninstalling transformers-5.8.1:
[2026-05-16 16:40:13]       Successfully uninstalled transformers-5.8.1
[2026-05-16 16:40:14] Requirement already satisfied: torch in /mnt/workspace/venvs/.venv/lib/python3.12/site-packages (from flash-attn==2.8.3+cu124torch2.5) (2.5.1+cu124)
[2026-05-16 16:40:14] Requirement already satisfied: einops in /mnt/workspace/venvs/.venv/lib/python3.12/site-packages (from flash-attn==2.8.3+cu124torch2.5) (0.8.2)
[2026-05-16 16:40:14] Requirement already satisfied: filelock in /mnt/workspace/venvs/.venv/lib/python3.12/site-packages (from torch->flash-attn==2.8.3+cu124torch2.5) (3.29.0)
[2026-05-16 16:40:14] Requirement already satisfied: typing-extensions>=4.8.0 in /mnt/workspace/venvs/.venv/lib/python3.12/site-packages (from torch->flash-attn==2.8.3+cu124torch2.5) (4.15.0)
[2026-05-16 16:40:14] Requirement already satisfied: networkx in /mnt/workspace/venvs/.venv/lib/python3.12/site-packages (from torch->flash-attn==2.8.3+cu124torch2.5) (3.6.1)
[2026-05-16 16:40:14] Requirement already satisfied: jinja2 in /mnt/workspace/venvs/.venv/lib/python3.12/site-packages (from torch->flash-attn==2.8.3+cu124torch2.5) (3.1.6)
[2026-05-16 16:40:14] Requirement already satisfied: fsspec in /mnt/workspace/venvs/.venv/lib/python3.12/site-packages (from torch->flash-attn==2.8.3+cu124torch2.5) (2026.2.0)
[2026-05-16 16:40:14] Requirement already satisfied: nvidia-cuda-nvrtc-cu12==12.4.127 in /mnt/workspace/venvs/.venv/lib/python3.12/site-packages (from torch->flash-attn==2.8.3+cu124torch2.5) (12.4.127)
[2026-05-16 16:40:14] Requirement already satisfied: nvidia-cuda-runtime-cu12==12.4.127 in /mnt/workspace/venvs/.venv/lib/python3.12/site-packages (from torch->flash-attn==2.8.3+cu124torch2.5) (12.4.127)
[2026-05-16 16:40:14] Requirement already satisfied: nvidia-cuda-cupti-cu12==12.4.127 in /mnt/workspace/venvs/.venv/lib/python3.12/site-packages (from torch->flash-attn==2.8.3+cu124torch2.5) (12.4.127)
[2026-05-16 16:40:14] Requirement already satisfied: nvidia-cudnn-cu12==9.1.0.70 in /mnt/workspace/venvs/.venv/lib/python3.12/site-packages (from torch->flash-attn==2.8.3+cu124torch2.5) (9.1.0.70)
[2026-05-16 16:40:14] Requirement already satisfied: nvidia-cublas-cu12==12.4.5.8 in /mnt/workspace/venvs/.venv/lib/python3.12/site-packages (from torch->flash-attn==2.8.3+cu124torch2.5) (12.4.5.8)
[2026-05-16 16:40:14] Requirement already satisfied: nvidia-cufft-cu12==11.2.1.3 in /mnt/workspace/venvs/.venv/lib/python3.12/site-packages (from torch->flash-attn==2.8.3+cu124torch2.5) (11.2.1.3)
[2026-05-16 16:40:14] Requirement already satisfied: nvidia-curand-cu12==10.3.5.147 in /mnt/workspace/venvs/.venv/lib/python3.12/site-packages (from torch->flash-attn==2.8.3+cu124torch2.5) (10.3.5.147)
[2026-05-16 16:40:14] Requirement already satisfied: nvidia-cusolver-cu12==11.6.1.9 in /mnt/workspace/venvs/.venv/lib/python3.12/site-packages (from torch->flash-attn==2.8.3+cu124torch2.5) (11.6.1.9)
[2026-05-16 16:40:14] Requirement already satisfied: nvidia-cusparse-cu12==12.3.1.170 in /mnt/workspace/venvs/.venv/lib/python3.12/site-packages (from torch->flash-attn==2.8.3+cu124torch2.5) (12.3.1.170)
[2026-05-16 16:40:14] Requirement already satisfied: nvidia-nccl-cu12==2.21.5 in /mnt/workspace/venvs/.venv/lib/python3.12/site-packages (from torch->flash-attn==2.8.3+cu124torch2.5) (2.21.5)
[2026-05-16 16:40:14] Requirement already satisfied: nvidia-nvtx-cu12==12.4.127 in /mnt/workspace/venvs/.venv/lib/python3.12/site-packages (from torch->flash-attn==2.8.3+cu124torch2.5) (12.4.127)
[2026-05-16 16:40:14] Requirement already satisfied: nvidia-nvjitlink-cu12==12.4.127 in /mnt/workspace/venvs/.venv/lib/python3.12/site-packages (from torch->flash-attn==2.8.3+cu124torch2.5) (12.4.127)
[2026-05-16 16:40:14] Requirement already satisfied: triton==3.1.0 in /mnt/workspace/venvs/.venv/lib/python3.12/site-packages (from torch->flash-attn==2.8.3+cu124torch2.5) (3.1.0)
[2026-05-16 16:40:14] Requirement already satisfied: setuptools in /mnt/workspace/venvs/.venv/lib/python3.12/site-packages (from torch->flash-attn==2.8.3+cu124torch2.5) (82.0.1)
[2026-05-16 16:40:14] Requirement already satisfied: sympy==1.13.1 in /mnt/workspace/venvs/.venv/lib/python3.12/site-packages (from torch->flash-attn==2.8.3+cu124torch2.5) (1.13.1)
[2026-05-16 16:40:14] Requirement already satisfied: mpmath<1.4,>=1.1.0 in /mnt/workspace/venvs/.venv/lib/python3.12/site-packages (from sympy==1.13.1->torch->flash-attn==2.8.3+cu124torch2.5) (1.3.0)
[2026-05-16 16:40:14] Requirement already satisfied: MarkupSafe>=2.0 in /mnt/workspace/venvs/.venv/lib/python3.12/site-packages (from jinja2->torch->flash-attn==2.8.3+cu124torch2.5) (3.0.3)
[2026-05-16 16:40:14] Installing collected packages: flash-attn
[2026-05-16 16:40:16] Successfully installed flash-attn-2.8.3+cu124torch2.5
[2026-05-16 16:40:16] 
[2026-05-16 16:40:16] [16:40:16] Installing this repo (editable) into /mnt/workspace/venvs/.venv
[2026-05-16 16:40:17] Looking in indexes: https://mirrors.aliyun.com/pypi/simple/
[2026-05-16 16:40:17] Looking in links: /mnt/data/ebft-distribution-new/caches/wheels
[2026-05-16 16:40:17] Obtaining file:///mnt/data/ebft-distribution-new/code
[2026-05-16 16:40:17]   Installing build dependencies: started
[2026-05-16 16:40:18]   Installing build dependencies: finished with status 'done'
[2026-05-16 16:40:18]   Checking if build backend supports build_editable: started
[2026-05-16 16:40:18]   Checking if build backend supports build_editable: finished with status 'done'
[2026-05-16 16:40:18]   Getting requirements to build editable: started
[2026-05-16 16:40:19] Successfully installed transformers-5.6.0.dev0
[2026-05-16 16:40:19] 
[2026-05-16 16:40:19] [16:40:19] Installing student flash-attn==2.8.3
[2026-05-16 16:40:20]   Getting requirements to build editable: finished with status 'done'
[2026-05-16 16:40:20]   Preparing editable metadata (pyproject.toml): started
[2026-05-16 16:40:20]   Preparing editable metadata (pyproject.toml): finished with status 'done'
[2026-05-16 16:40:20] Requirement already satisfied: accelerate in /mnt/workspace/venvs/.venv/lib/python3.12/site-packages (from openrlhf==0.8.9) (1.13.0)
[2026-05-16 16:40:20] 
[2026-05-16 16:40:20] [16:40:19] Installing flash-attn from local wheel /mnt/data/ebft-distribution-new/code/flash_attn-2.8.3+cu124torch2.5-cp312-cp312-linux_x86_64.whl
[2026-05-16 16:40:20] Looking in indexes: https://mirrors.aliyun.com/pypi/simple/
[2026-05-16 16:40:20] Looking in links: /mnt/data/ebft-distribution-new/caches/wheels
[2026-05-16 16:40:20] Processing /mnt/data/ebft-distribution-new/code/flash_attn-2.8.3+cu124torch2.5-cp312-cp312-linux_x86_64.whl
[2026-05-16 16:40:20] Requirement already satisfied: torch in /mnt/workspace/venvs/.venv/lib/python3.12/site-packages (from flash-attn==2.8.3+cu124torch2.5) (2.5.1+cu124)
[2026-05-16 16:40:20] Requirement already satisfied: einops in /mnt/workspace/venvs/.venv/lib/python3.12/site-packages (from flash-attn==2.8.3+cu124torch2.5) (0.8.2)
[2026-05-16 16:40:20] Requirement already satisfied: filelock in /mnt/workspace/venvs/.venv/lib/python3.12/site-packages (from torch->flash-attn==2.8.3+cu124torch2.5) (3.29.0)
[2026-05-16 16:40:20] Requirement already satisfied: typing-extensions>=4.8.0 in /mnt/workspace/venvs/.venv/lib/python3.12/site-packages (from torch->flash-attn==2.8.3+cu124torch2.5) (4.15.0)
[2026-05-16 16:40:20] Requirement already satisfied: networkx in /mnt/workspace/venvs/.venv/lib/python3.12/site-packages (from torch->flash-attn==2.8.3+cu124torch2.5) (3.6.1)
[2026-05-16 16:40:20] Requirement already satisfied: jinja2 in /mnt/workspace/venvs/.venv/lib/python3.12/site-packages (from torch->flash-attn==2.8.3+cu124torch2.5) (3.1.6)
[2026-05-16 16:40:20] Requirement already satisfied: fsspec in /mnt/workspace/venvs/.venv/lib/python3.12/site-packages (from torch->flash-attn==2.8.3+cu124torch2.5) (2026.2.0)
[2026-05-16 16:40:20] Requirement already satisfied: nvidia-cuda-nvrtc-cu12==12.4.127 in /mnt/workspace/venvs/.venv/lib/python3.12/site-packages (from torch->flash-attn==2.8.3+cu124torch2.5) (12.4.127)
[2026-05-16 16:40:20] Requirement already satisfied: nvidia-cuda-runtime-cu12==12.4.127 in /mnt/workspace/venvs/.venv/lib/python3.12/site-packages (from torch->flash-attn==2.8.3+cu124torch2.5) (12.4.127)
[2026-05-16 16:40:20] Requirement already satisfied: nvidia-cuda-cupti-cu12==12.4.127 in /mnt/workspace/venvs/.venv/lib/python3.12/site-packages (from torch->flash-attn==2.8.3+cu124torch2.5) (12.4.127)
[2026-05-16 16:40:20] Requirement already satisfied: nvidia-cudnn-cu12==9.1.0.70 in /mnt/workspace/venvs/.venv/lib/python3.12/site-packages (from torch->flash-attn==2.8.3+cu124torch2.5) (9.1.0.70)
[2026-05-16 16:40:20] Requirement already satisfied: nvidia-cublas-cu12==12.4.5.8 in /mnt/workspace/venvs/.venv/lib/python3.12/site-packages (from torch->flash-attn==2.8.3+cu124torch2.5) (12.4.5.8)
[2026-05-16 16:40:20] Requirement already satisfied: nvidia-cufft-cu12==11.2.1.3 in /mnt/workspace/venvs/.venv/lib/python3.12/site-packages (from torch->flash-attn==2.8.3+cu124torch2.5) (11.2.1.3)
[2026-05-16 16:40:20] Requirement already satisfied: nvidia-curand-cu12==10.3.5.147 in /mnt/workspace/venvs/.venv/lib/python3.12/site-packages (from torch->flash-attn==2.8.3+cu124torch2.5) (10.3.5.147)
[2026-05-16 16:40:20] Requirement already satisfied: nvidia-cusolver-cu12==11.6.1.9 in /mnt/workspace/venvs/.venv/lib/python3.12/site-packages (from torch->flash-attn==2.8.3+cu124torch2.5) (11.6.1.9)
[2026-05-16 16:40:20] Requirement already satisfied: nvidia-cusparse-cu12==12.3.1.170 in /mnt/workspace/venvs/.venv/lib/python3.12/site-packages (from torch->flash-attn==2.8.3+cu124torch2.5) (12.3.1.170)
[2026-05-16 16:40:20] Requirement already satisfied: nvidia-nccl-cu12==2.21.5 in /mnt/workspace/venvs/.venv/lib/python3.12/site-packages (from torch->flash-attn==2.8.3+cu124torch2.5) (2.21.5)
[2026-05-16 16:40:20] Requirement already satisfied: nvidia-nvtx-cu12==12.4.127 in /mnt/workspace/venvs/.venv/lib/python3.12/site-packages (from torch->flash-attn==2.8.3+cu124torch2.5) (12.4.127)
[2026-05-16 16:40:20] Requirement already satisfied: nvidia-nvjitlink-cu12==12.4.127 in /mnt/workspace/venvs/.venv/lib/python3.12/site-packages (from torch->flash-attn==2.8.3+cu124torch2.5) (12.4.127)
[2026-05-16 16:40:20] Requirement already satisfied: triton==3.1.0 in /mnt/workspace/venvs/.venv/lib/python3.12/site-packages (from torch->flash-attn==2.8.3+cu124torch2.5) (3.1.0)
[2026-05-16 16:40:20] Requirement already satisfied: setuptools in /mnt/workspace/venvs/.venv/lib/python3.12/site-packages (from torch->flash-attn==2.8.3+cu124torch2.5) (82.0.1)
[2026-05-16 16:40:20] Requirement already satisfied: sympy==1.13.1 in /mnt/workspace/venvs/.venv/lib/python3.12/site-packages (from torch->flash-attn==2.8.3+cu124torch2.5) (1.13.1)
[2026-05-16 16:40:20] Requirement already satisfied: mpmath<1.4,>=1.1.0 in /mnt/workspace/venvs/.venv/lib/python3.12/site-packages (from sympy==1.13.1->torch->flash-attn==2.8.3+cu124torch2.5) (1.3.0)
[2026-05-16 16:40:20] Requirement already satisfied: MarkupSafe>=2.0 in /mnt/workspace/venvs/.venv/lib/python3.12/site-packages (from jinja2->torch->flash-attn==2.8.3+cu124torch2.5) (3.0.3)
[2026-05-16 16:40:20] Installing collected packages: flash-attn
[2026-05-16 16:40:21] Collecting autopep8 (from openrlhf==0.8.9)
[2026-05-16 16:40:21]   Downloading autopep8-2.3.2-py2.py3-none-any.whl (45 kB)
[2026-05-16 16:40:21] Collecting black (from openrlhf==0.8.9)
[2026-05-16 16:40:21]   Downloading black-26.3.1-cp312-cp312-manylinux2014_x86_64.manylinux_2_17_x86_64.manylinux_2_28_x86_64.whl (1.8 MB)
[2026-05-16 16:40:22]      ━━━━━━━━━━━━━━━━━━━━━━━━━━━━━━━━━━━━━━━━ 1.8/1.8 MB 1.1 MB/s  0:00:01
[2026-05-16 16:40:22] Requirement already satisfied: bitsandbytes in /mnt/workspace/venvs/.venv/lib/python3.12/site-packages (from openrlhf==0.8.9) (0.49.2)
[2026-05-16 16:40:22] Requirement already satisfied: datasets in /mnt/workspace/venvs/.venv/lib/python3.12/site-packages (from openrlhf==0.8.9) (4.8.4)
[2026-05-16 16:40:22] Requirement already satisfied: deepspeed in /mnt/workspace/venvs/.venv/lib/python3.12/site-packages (from openrlhf==0.8.9) (0.18.9)
[2026-05-16 16:40:22] Requirement already satisfied: einops in /mnt/workspace/venvs/.venv/lib/python3.12/site-packages (from openrlhf==0.8.9) (0.8.2)
[2026-05-16 16:40:22] Requirement already satisfied: grpcio in /mnt/workspace/venvs/.venv/lib/python3.12/site-packages (from openrlhf==0.8.9) (1.80.0)
[2026-05-16 16:40:22] Collecting isort (from openrlhf==0.8.9)
[2026-05-16 16:40:22]   Downloading isort-8.0.1-py3-none-any.whl (89 kB)
[2026-05-16 16:40:22] Requirement already satisfied: jsonlines in /mnt/workspace/venvs/.venv/lib/python3.12/site-packages (from openrlhf==0.8.9) (4.0.0)
[2026-05-16 16:40:22] Requirement already satisfied: loralib in /mnt/workspace/venvs/.venv/lib/python3.12/site-packages (from openrlhf==0.8.9) (0.1.2)
[2026-05-16 16:40:22] Requirement already satisfied: optimum in /mnt/workspace/venvs/.venv/lib/python3.12/site-packages (from openrlhf==0.8.9) (2.1.0)
[2026-05-16 16:40:22] Requirement already satisfied: optree in /mnt/workspace/venvs/.venv/lib/python3.12/site-packages (from openrlhf==0.8.9) (0.19.0)
[2026-05-16 16:40:22] Requirement already satisfied: packaging in /mnt/workspace/venvs/.venv/lib/python3.12/site-packages (from openrlhf==0.8.9) (26.0)
[2026-05-16 16:40:22] Requirement already satisfied: peft in /mnt/workspace/venvs/.venv/lib/python3.12/site-packages (from openrlhf==0.8.9) (0.18.1)
[2026-05-16 16:40:22] Requirement already satisfied: pynvml in /mnt/workspace/venvs/.venv/lib/python3.12/site-packages (from openrlhf==0.8.9) (13.0.1)
[2026-05-16 16:40:22] Requirement already satisfied: ray==2.48.0 in /mnt/workspace/venvs/.venv/lib/python3.12/site-packages (from ray[default]==2.48.0->openrlhf==0.8.9) (2.48.0)
[2026-05-16 16:40:22] Requirement already satisfied: tensorboard in /mnt/workspace/venvs/.venv/lib/python3.12/site-packages (from openrlhf==0.8.9) (2.20.0)
[2026-05-16 16:40:22] Requirement already satisfied: torch in /mnt/workspace/venvs/.venv/lib/python3.12/site-packages (from openrlhf==0.8.9) (2.5.1+cu124)
[2026-05-16 16:40:22] Requirement already satisfied: torchdata in /mnt/workspace/venvs/.venv/lib/python3.12/site-packages (from openrlhf==0.8.9) (0.11.0)
[2026-05-16 16:40:22] Requirement already satisfied: torchmetrics in /mnt/workspace/venvs/.venv/lib/python3.12/site-packages (from openrlhf==0.8.9) (1.9.0)
[2026-05-16 16:40:22] Requirement already satisfied: tqdm in /mnt/workspace/venvs/.venv/lib/python3.12/site-packages (from openrlhf==0.8.9) (4.67.3)
[2026-05-16 16:40:22] Requirement already satisfied: transformers in /mnt/workspace/venvs/.venv/lib/python3.12/site-packages (from openrlhf==0.8.9) (5.6.0.dev0)
[2026-05-16 16:40:22] Requirement already satisfied: transformers_stream_generator in /mnt/workspace/venvs/.venv/lib/python3.12/site-packages (from openrlhf==0.8.9) (0.0.5)
[2026-05-16 16:40:22] Requirement already satisfied: matplotlib in /mnt/workspace/venvs/.venv/lib/python3.12/site-packages (from openrlhf==0.8.9) (3.10.8)
[2026-05-16 16:40:22] Requirement already satisfied: pyyaml in /mnt/workspace/venvs/.venv/lib/python3.12/site-packages (from openrlhf==0.8.9) (6.0.3)
[2026-05-16 16:40:22] Requirement already satisfied: wandb in /mnt/workspace/venvs/.venv/lib/python3.12/site-packages (from openrlhf==0.8.9) (0.25.1)
[2026-05-16 16:40:22] Requirement already satisfied: wheel in /mnt/workspace/venvs/.venv/lib/python3.12/site-packages (from openrlhf==0.8.9) (0.46.3)
[2026-05-16 16:40:22] Requirement already satisfied: nvitop in /mnt/workspace/venvs/.venv/lib/python3.12/site-packages (from openrlhf==0.8.9) (1.6.2)
[2026-05-16 16:40:22] Requirement already satisfied: click>=7.0 in /mnt/workspace/venvs/.venv/lib/python3.12/site-packages (from ray==2.48.0->ray[default]==2.48.0->openrlhf==0.8.9) (8.3.3)
[2026-05-16 16:40:22] Requirement already satisfied: filelock in /mnt/workspace/venvs/.venv/lib/python3.12/site-packages (from ray==2.48.0->ray[default]==2.48.0->openrlhf==0.8.9) (3.29.0)
[2026-05-16 16:40:22] Requirement already satisfied: jsonschema in /mnt/workspace/venvs/.venv/lib/python3.12/site-packages (from ray==2.48.0->ray[default]==2.48.0->openrlhf==0.8.9) (4.26.0)
[2026-05-16 16:40:22] Requirement already satisfied: msgpack<2.0.0,>=1.0.0 in /mnt/workspace/venvs/.venv/lib/python3.12/site-packages (from ray==2.48.0->ray[default]==2.48.0->openrlhf==0.8.9) (1.1.2)
[2026-05-16 16:40:22] Requirement already satisfied: protobuf!=3.19.5,>=3.15.3 in /mnt/workspace/venvs/.venv/lib/python3.12/site-packages (from ray==2.48.0->ray[default]==2.48.0->openrlhf==0.8.9) (6.33.6)
[2026-05-16 16:40:22] Requirement already satisfied: requests in /mnt/workspace/venvs/.venv/lib/python3.12/site-packages (from ray==2.48.0->ray[default]==2.48.0->openrlhf==0.8.9) (2.34.2)
[2026-05-16 16:40:22] Requirement already satisfied: aiohttp>=3.7 in /mnt/workspace/venvs/.venv/lib/python3.12/site-packages (from ray[default]==2.48.0->openrlhf==0.8.9) (3.13.5)
[2026-05-16 16:40:22] Requirement already satisfied: aiohttp_cors in /mnt/workspace/venvs/.venv/lib/python3.12/site-packages (from ray[default]==2.48.0->openrlhf==0.8.9) (0.8.1)
[2026-05-16 16:40:22] Requirement already satisfied: colorful in /mnt/workspace/venvs/.venv/lib/python3.12/site-packages (from ray[default]==2.48.0->openrlhf==0.8.9) (0.5.8)
[2026-05-16 16:40:22] Requirement already satisfied: py-spy>=0.4.0 in /mnt/workspace/venvs/.venv/lib/python3.12/site-packages (from ray[default]==2.48.0->openrlhf==0.8.9) (0.4.2)
[2026-05-16 16:40:22] Requirement already satisfied: opencensus in /mnt/workspace/venvs/.venv/lib/python3.12/site-packages (from ray[default]==2.48.0->openrlhf==0.8.9) (0.11.4)
[2026-05-16 16:40:22] Requirement already satisfied: opentelemetry-sdk>=1.30.0 in /mnt/workspace/venvs/.venv/lib/python3.12/site-packages (from ray[default]==2.48.0->openrlhf==0.8.9) (1.41.1)
[2026-05-16 16:40:22] Requirement already satisfied: opentelemetry-exporter-prometheus in /mnt/workspace/venvs/.venv/lib/python3.12/site-packages (from ray[default]==2.48.0->openrlhf==0.8.9) (0.62b1)
[2026-05-16 16:40:22] Requirement already satisfied: opentelemetry-proto in /mnt/workspace/venvs/.venv/lib/python3.12/site-packages (from ray[default]==2.48.0->openrlhf==0.8.9) (1.41.1)
[2026-05-16 16:40:22] Requirement already satisfied: pydantic!=2.0.*,!=2.1.*,!=2.2.*,!=2.3.*,!=2.4.*,<3 in /mnt/workspace/venvs/.venv/lib/python3.12/site-packages (from ray[default]==2.48.0->openrlhf==0.8.9) (2.13.4)
[2026-05-16 16:40:22] Requirement already satisfied: prometheus_client>=0.7.1 in /mnt/workspace/venvs/.venv/lib/python3.12/site-packages (from ray[default]==2.48.0->openrlhf==0.8.9) (0.25.0)
[2026-05-16 16:40:22] Requirement already satisfied: smart_open in /mnt/workspace/venvs/.venv/lib/python3.12/site-packages (from ray[default]==2.48.0->openrlhf==0.8.9) (7.6.1)
[2026-05-16 16:40:22] Requirement already satisfied: virtualenv!=20.21.1,>=20.0.24 in /mnt/workspace/venvs/.venv/lib/python3.12/site-packages (from ray[default]==2.48.0->openrlhf==0.8.9) (21.3.3)
[2026-05-16 16:40:22] Requirement already satisfied: annotated-types>=0.6.0 in /mnt/workspace/venvs/.venv/lib/python3.12/site-packages (from pydantic!=2.0.*,!=2.1.*,!=2.2.*,!=2.3.*,!=2.4.*,<3->ray[default]==2.48.0->openrlhf==0.8.9) (0.7.0)
[2026-05-16 16:40:22] Requirement already satisfied: pydantic-core==2.46.4 in /mnt/workspace/venvs/.venv/lib/python3.12/site-packages (from pydantic!=2.0.*,!=2.1.*,!=2.2.*,!=2.3.*,!=2.4.*,<3->ray[default]==2.48.0->openrlhf==0.8.9) (2.46.4)
[2026-05-16 16:40:22] Requirement already satisfied: typing-extensions>=4.14.1 in /mnt/workspace/venvs/.venv/lib/python3.12/site-packages (from pydantic!=2.0.*,!=2.1.*,!=2.2.*,!=2.3.*,!=2.4.*,<3->ray[default]==2.48.0->openrlhf==0.8.9) (4.15.0)
[2026-05-16 16:40:22] Requirement already satisfied: typing-inspection>=0.4.2 in /mnt/workspace/venvs/.venv/lib/python3.12/site-packages (from pydantic!=2.0.*,!=2.1.*,!=2.2.*,!=2.3.*,!=2.4.*,<3->ray[default]==2.48.0->openrlhf==0.8.9) (0.4.2)
[2026-05-16 16:40:22] Requirement already satisfied: aiohappyeyeballs>=2.5.0 in /mnt/workspace/venvs/.venv/lib/python3.12/site-packages (from aiohttp>=3.7->ray[default]==2.48.0->openrlhf==0.8.9) (2.6.1)
[2026-05-16 16:40:22] Requirement already satisfied: aiosignal>=1.4.0 in /mnt/workspace/venvs/.venv/lib/python3.12/site-packages (from aiohttp>=3.7->ray[default]==2.48.0->openrlhf==0.8.9) (1.4.0)
[2026-05-16 16:40:22] Requirement already satisfied: attrs>=17.3.0 in /mnt/workspace/venvs/.venv/lib/python3.12/site-packages (from aiohttp>=3.7->ray[default]==2.48.0->openrlhf==0.8.9) (26.1.0)
[2026-05-16 16:40:22] Requirement already satisfied: frozenlist>=1.1.1 in /mnt/workspace/venvs/.venv/lib/python3.12/site-packages (from aiohttp>=3.7->ray[default]==2.48.0->openrlhf==0.8.9) (1.8.0)
[2026-05-16 16:40:22] Requirement already satisfied: multidict<7.0,>=4.5 in /mnt/workspace/venvs/.venv/lib/python3.12/site-packages (from aiohttp>=3.7->ray[default]==2.48.0->openrlhf==0.8.9) (6.7.1)
[2026-05-16 16:40:22] Requirement already satisfied: propcache>=0.2.0 in /mnt/workspace/venvs/.venv/lib/python3.12/site-packages (from aiohttp>=3.7->ray[default]==2.48.0->openrlhf==0.8.9) (0.5.2)
[2026-05-16 16:40:22] Requirement already satisfied: yarl<2.0,>=1.17.0 in /mnt/workspace/venvs/.venv/lib/python3.12/site-packages (from aiohttp>=3.7->ray[default]==2.48.0->openrlhf==0.8.9) (1.23.0)
[2026-05-16 16:40:22] Requirement already satisfied: idna>=2.0 in /mnt/workspace/venvs/.venv/lib/python3.12/site-packages (from yarl<2.0,>=1.17.0->aiohttp>=3.7->ray[default]==2.48.0->openrlhf==0.8.9) (3.15)
[2026-05-16 16:40:22] Requirement already satisfied: opentelemetry-api==1.41.1 in /mnt/workspace/venvs/.venv/lib/python3.12/site-packages (from opentelemetry-sdk>=1.30.0->ray[default]==2.48.0->openrlhf==0.8.9) (1.41.1)
[2026-05-16 16:40:22] Requirement already satisfied: opentelemetry-semantic-conventions==0.62b1 in /mnt/workspace/venvs/.venv/lib/python3.12/site-packages (from opentelemetry-sdk>=1.30.0->ray[default]==2.48.0->openrlhf==0.8.9) (0.62b1)
[2026-05-16 16:40:22] Requirement already satisfied: importlib-metadata<8.8.0,>=6.0 in /mnt/workspace/venvs/.venv/lib/python3.12/site-packages (from opentelemetry-api==1.41.1->opentelemetry-sdk>=1.30.0->ray[default]==2.48.0->openrlhf==0.8.9) (8.7.1)
[2026-05-16 16:40:22] Requirement already satisfied: zipp>=3.20 in /mnt/workspace/venvs/.venv/lib/python3.12/site-packages (from importlib-metadata<8.8.0,>=6.0->opentelemetry-api==1.41.1->opentelemetry-sdk>=1.30.0->ray[default]==2.48.0->openrlhf==0.8.9) (3.23.1)
[2026-05-16 16:40:22] Requirement already satisfied: distlib<1,>=0.3.7 in /mnt/workspace/venvs/.venv/lib/python3.12/site-packages (from virtualenv!=20.21.1,>=20.0.24->ray[default]==2.48.0->openrlhf==0.8.9) (0.4.0)
[2026-05-16 16:40:22] Requirement already satisfied: platformdirs<5,>=3.9.1 in /mnt/workspace/venvs/.venv/lib/python3.12/site-packages (from virtualenv!=20.21.1,>=20.0.24->ray[default]==2.48.0->openrlhf==0.8.9) (4.9.6)
[2026-05-16 16:40:22] Requirement already satisfied: python-discovery>=1.3.1 in /mnt/workspace/venvs/.venv/lib/python3.12/site-packages (from virtualenv!=20.21.1,>=20.0.24->ray[default]==2.48.0->openrlhf==0.8.9) (1.3.1)
[2026-05-16 16:40:22] Successfully installed flash-attn-2.8.3+cu124torch2.5
[2026-05-16 16:40:22] 
[2026-05-16 16:40:22] [16:40:22] Installing this repo (editable) into /mnt/workspace/venvs/.venv
[2026-05-16 16:40:23] Requirement already satisfied: numpy>=1.17 in /mnt/workspace/venvs/.venv/lib/python3.12/site-packages (from accelerate->openrlhf==0.8.9) (2.2.6)
[2026-05-16 16:40:23] Requirement already satisfied: psutil in /mnt/workspace/venvs/.venv/lib/python3.12/site-packages (from accelerate->openrlhf==0.8.9) (7.2.2)
[2026-05-16 16:40:23] Requirement already satisfied: huggingface_hub>=0.21.0 in /mnt/workspace/venvs/.venv/lib/python3.12/site-packages (from accelerate->openrlhf==0.8.9) (1.10.1)
[2026-05-16 16:40:23] Requirement already satisfied: safetensors>=0.4.3 in /mnt/workspace/venvs/.venv/lib/python3.12/site-packages (from accelerate->openrlhf==0.8.9) (0.7.0)
[2026-05-16 16:40:23] Requirement already satisfied: fsspec>=2023.5.0 in /mnt/workspace/venvs/.venv/lib/python3.12/site-packages (from huggingface_hub>=0.21.0->accelerate->openrlhf==0.8.9) (2026.2.0)
[2026-05-16 16:40:23] Requirement already satisfied: hf-xet<2.0.0,>=1.4.3 in /mnt/workspace/venvs/.venv/lib/python3.12/site-packages (from huggingface_hub>=0.21.0->accelerate->openrlhf==0.8.9) (1.5.0)
[2026-05-16 16:40:23] Requirement already satisfied: httpx<1,>=0.23.0 in /mnt/workspace/venvs/.venv/lib/python3.12/site-packages (from huggingface_hub>=0.21.0->accelerate->openrlhf==0.8.9) (0.28.1)
[2026-05-16 16:40:23] Requirement already satisfied: typer in /mnt/workspace/venvs/.venv/lib/python3.12/site-packages (from huggingface_hub>=0.21.0->accelerate->openrlhf==0.8.9) (0.25.1)
[2026-05-16 16:40:23] Requirement already satisfied: anyio in /mnt/workspace/venvs/.venv/lib/python3.12/site-packages (from httpx<1,>=0.23.0->huggingface_hub>=0.21.0->accelerate->openrlhf==0.8.9) (4.13.0)
[2026-05-16 16:40:23] Requirement already satisfied: certifi in /mnt/workspace/venvs/.venv/lib/python3.12/site-packages (from httpx<1,>=0.23.0->huggingface_hub>=0.21.0->accelerate->openrlhf==0.8.9) (2026.4.22)
[2026-05-16 16:40:23] Requirement already satisfied: httpcore==1.* in /mnt/workspace/venvs/.venv/lib/python3.12/site-packages (from httpx<1,>=0.23.0->huggingface_hub>=0.21.0->accelerate->openrlhf==0.8.9) (1.0.9)
[2026-05-16 16:40:23] Requirement already satisfied: h11>=0.16 in /mnt/workspace/venvs/.venv/lib/python3.12/site-packages (from httpcore==1.*->httpx<1,>=0.23.0->huggingface_hub>=0.21.0->accelerate->openrlhf==0.8.9) (0.16.0)
[2026-05-16 16:40:23] Requirement already satisfied: networkx in /mnt/workspace/venvs/.venv/lib/python3.12/site-packages (from torch->openrlhf==0.8.9) (3.6.1)
[2026-05-16 16:40:23] Requirement already satisfied: jinja2 in /mnt/workspace/venvs/.venv/lib/python3.12/site-packages (from torch->openrlhf==0.8.9) (3.1.6)
[2026-05-16 16:40:23] Requirement already satisfied: nvidia-cuda-nvrtc-cu12==12.4.127 in /mnt/workspace/venvs/.venv/lib/python3.12/site-packages (from torch->openrlhf==0.8.9) (12.4.127)
[2026-05-16 16:40:23] Requirement already satisfied: nvidia-cuda-runtime-cu12==12.4.127 in /mnt/workspace/venvs/.venv/lib/python3.12/site-packages (from torch->openrlhf==0.8.9) (12.4.127)
[2026-05-16 16:40:23] Requirement already satisfied: nvidia-cuda-cupti-cu12==12.4.127 in /mnt/workspace/venvs/.venv/lib/python3.12/site-packages (from torch->openrlhf==0.8.9) (12.4.127)
[2026-05-16 16:40:23] Requirement already satisfied: nvidia-cudnn-cu12==9.1.0.70 in /mnt/workspace/venvs/.venv/lib/python3.12/site-packages (from torch->openrlhf==0.8.9) (9.1.0.70)
[2026-05-16 16:40:23] Requirement already satisfied: nvidia-cublas-cu12==12.4.5.8 in /mnt/workspace/venvs/.venv/lib/python3.12/site-packages (from torch->openrlhf==0.8.9) (12.4.5.8)
[2026-05-16 16:40:23] Requirement already satisfied: nvidia-cufft-cu12==11.2.1.3 in /mnt/workspace/venvs/.venv/lib/python3.12/site-packages (from torch->openrlhf==0.8.9) (11.2.1.3)
[2026-05-16 16:40:23] Requirement already satisfied: nvidia-curand-cu12==10.3.5.147 in /mnt/workspace/venvs/.venv/lib/python3.12/site-packages (from torch->openrlhf==0.8.9) (10.3.5.147)
[2026-05-16 16:40:23] Requirement already satisfied: nvidia-cusolver-cu12==11.6.1.9 in /mnt/workspace/venvs/.venv/lib/python3.12/site-packages (from torch->openrlhf==0.8.9) (11.6.1.9)
[2026-05-16 16:40:23] Requirement already satisfied: nvidia-cusparse-cu12==12.3.1.170 in /mnt/workspace/venvs/.venv/lib/python3.12/site-packages (from torch->openrlhf==0.8.9) (12.3.1.170)
[2026-05-16 16:40:23] Requirement already satisfied: nvidia-nccl-cu12==2.21.5 in /mnt/workspace/venvs/.venv/lib/python3.12/site-packages (from torch->openrlhf==0.8.9) (2.21.5)
[2026-05-16 16:40:23] Requirement already satisfied: nvidia-nvtx-cu12==12.4.127 in /mnt/workspace/venvs/.venv/lib/python3.12/site-packages (from torch->openrlhf==0.8.9) (12.4.127)
[2026-05-16 16:40:23] Requirement already satisfied: nvidia-nvjitlink-cu12==12.4.127 in /mnt/workspace/venvs/.venv/lib/python3.12/site-packages (from torch->openrlhf==0.8.9) (12.4.127)
[2026-05-16 16:40:23] Requirement already satisfied: triton==3.1.0 in /mnt/workspace/venvs/.venv/lib/python3.12/site-packages (from torch->openrlhf==0.8.9) (3.1.0)
[2026-05-16 16:40:23] Requirement already satisfied: setuptools in /mnt/workspace/venvs/.venv/lib/python3.12/site-packages (from torch->openrlhf==0.8.9) (82.0.1)
[2026-05-16 16:40:23] Requirement already satisfied: sympy==1.13.1 in /mnt/workspace/venvs/.venv/lib/python3.12/site-packages (from torch->openrlhf==0.8.9) (1.13.1)
[2026-05-16 16:40:23] Requirement already satisfied: mpmath<1.4,>=1.1.0 in /mnt/workspace/venvs/.venv/lib/python3.12/site-packages (from sympy==1.13.1->torch->openrlhf==0.8.9) (1.3.0)
[2026-05-16 16:40:23] Collecting pycodestyle>=2.12.0 (from autopep8->openrlhf==0.8.9)
[2026-05-16 16:40:23]   Downloading pycodestyle-2.14.0-py2.py3-none-any.whl (31 kB)
[2026-05-16 16:40:23] Collecting mypy-extensions>=0.4.3 (from black->openrlhf==0.8.9)
[2026-05-16 16:40:23]   Downloading mypy_extensions-1.1.0-py3-none-any.whl (5.0 kB)
[2026-05-16 16:40:23] Looking in indexes: https://mirrors.aliyun.com/pypi/simple/
[2026-05-16 16:40:23] Looking in links: /mnt/data/ebft-distribution-new/caches/wheels
[2026-05-16 16:40:23] Obtaining file:///mnt/data/ebft-distribution-new/code
[2026-05-16 16:40:23]   Installing build dependencies: started
[2026-05-16 16:40:24] Collecting pathspec>=1.0.0 (from black->openrlhf==0.8.9)
[2026-05-16 16:40:24]   Downloading pathspec-1.1.1-py3-none-any.whl (57 kB)
[2026-05-16 16:40:24] Collecting pytokens~=0.4.0 (from black->openrlhf==0.8.9)
[2026-05-16 16:40:24]   Downloading pytokens-0.4.1-cp312-cp312-manylinux2014_x86_64.manylinux_2_17_x86_64.manylinux_2_28_x86_64.whl (269 kB)
[2026-05-16 16:40:24] Requirement already satisfied: pyarrow>=21.0.0 in /mnt/workspace/venvs/.venv/lib/python3.12/site-packages (from datasets->openrlhf==0.8.9) (23.0.1)
[2026-05-16 16:40:24] Requirement already satisfied: dill<0.4.2,>=0.3.0 in /mnt/workspace/venvs/.venv/lib/python3.12/site-packages (from datasets->openrlhf==0.8.9) (0.4.1)
[2026-05-16 16:40:24] Requirement already satisfied: pandas in /mnt/workspace/venvs/.venv/lib/python3.12/site-packages (from datasets->openrlhf==0.8.9) (3.0.2)
[2026-05-16 16:40:24] Requirement already satisfied: xxhash in /mnt/workspace/venvs/.venv/lib/python3.12/site-packages (from datasets->openrlhf==0.8.9) (3.7.0)
[2026-05-16 16:40:24] Requirement already satisfied: multiprocess<0.70.20 in /mnt/workspace/venvs/.venv/lib/python3.12/site-packages (from datasets->openrlhf==0.8.9) (0.70.19)
[2026-05-16 16:40:24] Requirement already satisfied: charset_normalizer<4,>=2 in /mnt/workspace/venvs/.venv/lib/python3.12/site-packages (from requests->ray==2.48.0->ray[default]==2.48.0->openrlhf==0.8.9) (3.4.7)
[2026-05-16 16:40:24] Requirement already satisfied: urllib3<3,>=1.26 in /mnt/workspace/venvs/.venv/lib/python3.12/site-packages (from requests->ray==2.48.0->ray[default]==2.48.0->openrlhf==0.8.9) (2.7.0)
[2026-05-16 16:40:24] Requirement already satisfied: hjson in /mnt/workspace/venvs/.venv/lib/python3.12/site-packages (from deepspeed->openrlhf==0.8.9) (3.1.0)
[2026-05-16 16:40:24] Requirement already satisfied: ninja in /mnt/workspace/venvs/.venv/lib/python3.12/site-packages (from deepspeed->openrlhf==0.8.9) (1.13.0)
[2026-05-16 16:40:24] Requirement already satisfied: py-cpuinfo in /mnt/workspace/venvs/.venv/lib/python3.12/site-packages (from deepspeed->openrlhf==0.8.9) (9.0.0)
[2026-05-16 16:40:24] Requirement already satisfied: MarkupSafe>=2.0 in /mnt/workspace/venvs/.venv/lib/python3.12/site-packages (from jinja2->torch->openrlhf==0.8.9) (3.0.3)
[2026-05-16 16:40:24] Requirement already satisfied: jsonschema-specifications>=2023.03.6 in /mnt/workspace/venvs/.venv/lib/python3.12/site-packages (from jsonschema->ray==2.48.0->ray[default]==2.48.0->openrlhf==0.8.9) (2025.9.1)
[2026-05-16 16:40:24] Requirement already satisfied: referencing>=0.28.4 in /mnt/workspace/venvs/.venv/lib/python3.12/site-packages (from jsonschema->ray==2.48.0->ray[default]==2.48.0->openrlhf==0.8.9) (0.37.0)
[2026-05-16 16:40:24] Requirement already satisfied: rpds-py>=0.25.0 in /mnt/workspace/venvs/.venv/lib/python3.12/site-packages (from jsonschema->ray==2.48.0->ray[default]==2.48.0->openrlhf==0.8.9) (0.30.0)
[2026-05-16 16:40:24] Requirement already satisfied: contourpy>=1.0.1 in /mnt/workspace/venvs/.venv/lib/python3.12/site-packages (from matplotlib->openrlhf==0.8.9) (1.3.3)
[2026-05-16 16:40:24] Requirement already satisfied: cycler>=0.10 in /mnt/workspace/venvs/.venv/lib/python3.12/site-packages (from matplotlib->openrlhf==0.8.9) (0.12.1)
[2026-05-16 16:40:24] Requirement already satisfied: fonttools>=4.22.0 in /mnt/workspace/venvs/.venv/lib/python3.12/site-packages (from matplotlib->openrlhf==0.8.9) (4.63.0)
[2026-05-16 16:40:24] Requirement already satisfied: kiwisolver>=1.3.1 in /mnt/workspace/venvs/.venv/lib/python3.12/site-packages (from matplotlib->openrlhf==0.8.9) (1.5.0)
[2026-05-16 16:40:24] Requirement already satisfied: pillow>=8 in /mnt/workspace/venvs/.venv/lib/python3.12/site-packages (from matplotlib->openrlhf==0.8.9) (12.2.0)
[2026-05-16 16:40:24] Requirement already satisfied: pyparsing>=3 in /mnt/workspace/venvs/.venv/lib/python3.12/site-packages (from matplotlib->openrlhf==0.8.9) (3.3.2)
[2026-05-16 16:40:24] Requirement already satisfied: python-dateutil>=2.7 in /mnt/workspace/venvs/.venv/lib/python3.12/site-packages (from matplotlib->openrlhf==0.8.9) (2.9.0.post0)
[2026-05-16 16:40:24] Requirement already satisfied: six>=1.5 in /mnt/workspace/venvs/.venv/lib/python3.12/site-packages (from python-dateutil>=2.7->matplotlib->openrlhf==0.8.9) (1.17.0)
[2026-05-16 16:40:24] Requirement already satisfied: nvidia-ml-py<13.591.0a0,>=11.450.51 in /mnt/workspace/venvs/.venv/lib/python3.12/site-packages (from nvitop->openrlhf==0.8.9) (13.590.48)
[2026-05-16 16:40:24] Requirement already satisfied: opencensus-context>=0.1.3 in /mnt/workspace/venvs/.venv/lib/python3.12/site-packages (from opencensus->ray[default]==2.48.0->openrlhf==0.8.9) (0.1.3)
[2026-05-16 16:40:24] Requirement already satisfied: google-api-core<3.0.0,>=1.0.0 in /mnt/workspace/venvs/.venv/lib/python3.12/site-packages (from opencensus->ray[default]==2.48.0->openrlhf==0.8.9) (2.30.3)
[2026-05-16 16:40:24] Requirement already satisfied: googleapis-common-protos<2.0.0,>=1.63.2 in /mnt/workspace/venvs/.venv/lib/python3.12/site-packages (from google-api-core<3.0.0,>=1.0.0->opencensus->ray[default]==2.48.0->openrlhf==0.8.9) (1.75.0)
[2026-05-16 16:40:24] Requirement already satisfied: proto-plus<2.0.0,>=1.22.3 in /mnt/workspace/venvs/.venv/lib/python3.12/site-packages (from google-api-core<3.0.0,>=1.0.0->opencensus->ray[default]==2.48.0->openrlhf==0.8.9) (1.28.0)
[2026-05-16 16:40:24] Requirement already satisfied: google-auth<3.0.0,>=2.14.1 in /mnt/workspace/venvs/.venv/lib/python3.12/site-packages (from google-api-core<3.0.0,>=1.0.0->opencensus->ray[default]==2.48.0->openrlhf==0.8.9) (2.53.0)
[2026-05-16 16:40:24] Requirement already satisfied: pyasn1-modules>=0.2.1 in /mnt/workspace/venvs/.venv/lib/python3.12/site-packages (from google-auth<3.0.0,>=2.14.1->google-api-core<3.0.0,>=1.0.0->opencensus->ray[default]==2.48.0->openrlhf==0.8.9) (0.4.2)
[2026-05-16 16:40:24] Requirement already satisfied: cryptography>=38.0.3 in /mnt/workspace/venvs/.venv/lib/python3.12/site-packages (from google-auth<3.0.0,>=2.14.1->google-api-core<3.0.0,>=1.0.0->opencensus->ray[default]==2.48.0->openrlhf==0.8.9) (48.0.0)
[2026-05-16 16:40:24] Requirement already satisfied: cffi>=2.0.0 in /mnt/workspace/venvs/.venv/lib/python3.12/site-packages (from cryptography>=38.0.3->google-auth<3.0.0,>=2.14.1->google-api-core<3.0.0,>=1.0.0->opencensus->ray[default]==2.48.0->openrlhf==0.8.9) (2.0.0)
[2026-05-16 16:40:24] Requirement already satisfied: pycparser in /mnt/workspace/venvs/.venv/lib/python3.12/site-packages (from cffi>=2.0.0->cryptography>=38.0.3->google-auth<3.0.0,>=2.14.1->google-api-core<3.0.0,>=1.0.0->opencensus->ray[default]==2.48.0->openrlhf==0.8.9) (3.0)
[2026-05-16 16:40:24] Requirement already satisfied: pyasn1<0.7.0,>=0.6.1 in /mnt/workspace/venvs/.venv/lib/python3.12/site-packages (from pyasn1-modules>=0.2.1->google-auth<3.0.0,>=2.14.1->google-api-core<3.0.0,>=1.0.0->opencensus->ray[default]==2.48.0->openrlhf==0.8.9) (0.6.3)
[2026-05-16 16:40:24] Requirement already satisfied: regex>=2025.10.22 in /mnt/workspace/venvs/.venv/lib/python3.12/site-packages (from transformers->openrlhf==0.8.9) (2026.5.9)
[2026-05-16 16:40:24] Requirement already satisfied: tokenizers<=0.23.0,>=0.22.0 in /mnt/workspace/venvs/.venv/lib/python3.12/site-packages (from transformers->openrlhf==0.8.9) (0.22.2)
[2026-05-16 16:40:24] Requirement already satisfied: wrapt in /mnt/workspace/venvs/.venv/lib/python3.12/site-packages (from smart_open->ray[default]==2.48.0->openrlhf==0.8.9) (2.1.2)
[2026-05-16 16:40:24] Requirement already satisfied: absl-py>=0.4 in /mnt/workspace/venvs/.venv/lib/python3.12/site-packages (from tensorboard->openrlhf==0.8.9) (2.4.0)
[2026-05-16 16:40:24] Requirement already satisfied: markdown>=2.6.8 in /mnt/workspace/venvs/.venv/lib/python3.12/site-packages (from tensorboard->openrlhf==0.8.9) (3.10.2)
[2026-05-16 16:40:24] Requirement already satisfied: tensorboard-data-server<0.8.0,>=0.7.0 in /mnt/workspace/venvs/.venv/lib/python3.12/site-packages (from tensorboard->openrlhf==0.8.9) (0.7.2)
[2026-05-16 16:40:24] Requirement already satisfied: werkzeug>=1.0.1 in /mnt/workspace/venvs/.venv/lib/python3.12/site-packages (from tensorboard->openrlhf==0.8.9) (3.1.8)
[2026-05-16 16:40:24] Requirement already satisfied: lightning-utilities>=0.15.3 in /mnt/workspace/venvs/.venv/lib/python3.12/site-packages (from torchmetrics->openrlhf==0.8.9) (0.15.3)
[2026-05-16 16:40:24] Requirement already satisfied: shellingham>=1.3.0 in /mnt/workspace/venvs/.venv/lib/python3.12/site-packages (from typer->huggingface_hub>=0.21.0->accelerate->openrlhf==0.8.9) (1.5.4)
[2026-05-16 16:40:24] Requirement already satisfied: rich>=13.8.0 in /mnt/workspace/venvs/.venv/lib/python3.12/site-packages (from typer->huggingface_hub>=0.21.0->accelerate->openrlhf==0.8.9) (15.0.0)
[2026-05-16 16:40:24] Requirement already satisfied: annotated-doc>=0.0.2 in /mnt/workspace/venvs/.venv/lib/python3.12/site-packages (from typer->huggingface_hub>=0.21.0->accelerate->openrlhf==0.8.9) (0.0.4)
[2026-05-16 16:40:24] Requirement already satisfied: markdown-it-py>=2.2.0 in /mnt/workspace/venvs/.venv/lib/python3.12/site-packages (from rich>=13.8.0->typer->huggingface_hub>=0.21.0->accelerate->openrlhf==0.8.9) (4.2.0)
[2026-05-16 16:40:24] Requirement already satisfied: pygments<3.0.0,>=2.13.0 in /mnt/workspace/venvs/.venv/lib/python3.12/site-packages (from rich>=13.8.0->typer->huggingface_hub>=0.21.0->accelerate->openrlhf==0.8.9) (2.20.0)
[2026-05-16 16:40:24] Requirement already satisfied: mdurl~=0.1 in /mnt/workspace/venvs/.venv/lib/python3.12/site-packages (from markdown-it-py>=2.2.0->rich>=13.8.0->typer->huggingface_hub>=0.21.0->accelerate->openrlhf==0.8.9) (0.1.2)
[2026-05-16 16:40:24] Requirement already satisfied: gitpython!=3.1.29,>=1.0.0 in /mnt/workspace/venvs/.venv/lib/python3.12/site-packages (from wandb->openrlhf==0.8.9) (3.1.50)
[2026-05-16 16:40:24] Requirement already satisfied: sentry-sdk>=2.0.0 in /mnt/workspace/venvs/.venv/lib/python3.12/site-packages (from wandb->openrlhf==0.8.9) (2.60.0)
[2026-05-16 16:40:24] Requirement already satisfied: gitdb<5,>=4.0.1 in /mnt/workspace/venvs/.venv/lib/python3.12/site-packages (from gitpython!=3.1.29,>=1.0.0->wandb->openrlhf==0.8.9) (4.0.12)
[2026-05-16 16:40:24] Requirement already satisfied: smmap<6,>=3.0.1 in /mnt/workspace/venvs/.venv/lib/python3.12/site-packages (from gitdb<5,>=4.0.1->gitpython!=3.1.29,>=1.0.0->wandb->openrlhf==0.8.9) (5.0.3)
[2026-05-16 16:40:24] Building wheels for collected packages: openrlhf
[2026-05-16 16:40:24]   Building editable for openrlhf (pyproject.toml): started
[2026-05-16 16:40:24]   Installing build dependencies: finished with status 'done'
[2026-05-16 16:40:24]   Checking if build backend supports build_editable: started
[2026-05-16 16:40:24]   Checking if build backend supports build_editable: finished with status 'done'
[2026-05-16 16:40:24]   Getting requirements to build editable: started
[2026-05-16 16:40:25]   Building editable for openrlhf (pyproject.toml): finished with status 'done'
[2026-05-16 16:40:25]   Created wheel for openrlhf: filename=openrlhf-0.8.9-0.editable-cp312-cp312-manylinux1_x86_64.whl size=6458 sha256=55193015d89a4d0790bb73d0e10ec7878c15ff796fe0ee1048c6b42c9b7e2ee1
[2026-05-16 16:40:25]   Stored in directory: /tmp/pip-ephem-wheel-cache-hu_h_fxj/wheels/d4/f3/cc/bacfe9c43ade13e34d9eb488aa24a8dd8094bb696b13dce906
[2026-05-16 16:40:25] Successfully built openrlhf
[2026-05-16 16:40:25] Installing collected packages: pytokens, pycodestyle, pathspec, mypy-extensions, isort, black, autopep8, openrlhf
[2026-05-16 16:40:25]   Getting requirements to build editable: finished with status 'done'
[2026-05-16 16:40:25]   Preparing editable metadata (pyproject.toml): started
[2026-05-16 16:40:26] 
[2026-05-16 16:40:26] Successfully installed autopep8-2.3.2 black-26.3.1 isort-8.0.1 mypy-extensions-1.1.0 openrlhf-0.8.9 pathspec-1.1.1 pycodestyle-2.14.0 pytokens-0.4.1
[2026-05-16 16:40:26] 
[2026-05-16 16:40:26] [16:40:25] Installing analysis evaluation stack (math-verify + deps)
[2026-05-16 16:40:26] Looking in indexes: https://mirrors.aliyun.com/pypi/simple/
[2026-05-16 16:40:26] Looking in links: /mnt/data/ebft-distribution-new/caches/wheels
[2026-05-16 16:40:26] Collecting math-verify
[2026-05-16 16:40:26]   Downloading math_verify-0.9.0-py3-none-any.whl (29 kB)
[2026-05-16 16:40:26]   Preparing editable metadata (pyproject.toml): finished with status 'done'
[2026-05-16 16:40:26] Requirement already satisfied: accelerate in /mnt/workspace/venvs/.venv/lib/python3.12/site-packages (from openrlhf==0.8.9) (1.13.0)
[2026-05-16 16:40:26] Collecting autopep8 (from openrlhf==0.8.9)
[2026-05-16 16:40:26]   Downloading autopep8-2.3.2-py2.py3-none-any.whl (45 kB)
[2026-05-16 16:40:26] Collecting black (from openrlhf==0.8.9)
[2026-05-16 16:40:27] Collecting pebble
[2026-05-16 16:40:27]   Downloading pebble-5.2.0-py3-none-any.whl (34 kB)
[2026-05-16 16:40:27] Processing /mnt/data/ebft-distribution-new/caches/wheels/word2number-1.1-py3-none-any.whl
[2026-05-16 16:40:27] Collecting latex2sympy2
[2026-05-16 16:40:27]   Downloading latex2sympy2-1.9.1-py3-none-any.whl (89 kB)
[2026-05-16 16:40:27] Collecting antlr4-python3-runtime
[2026-05-16 16:40:27]   Downloading antlr4_python3_runtime-4.13.2-py3-none-any.whl (144 kB)
[2026-05-16 16:40:27]   Downloading black-26.3.1-cp312-cp312-manylinux2014_x86_64.manylinux_2_17_x86_64.manylinux_2_28_x86_64.whl (1.8 MB)
[2026-05-16 16:40:28] Collecting latex2sympy2_extended==1.11.0 (from math-verify)
[2026-05-16 16:40:28]   Downloading latex2sympy2_extended-1.11.0-py3-none-any.whl (209 kB)
[2026-05-16 16:40:28] Requirement already satisfied: sympy in /mnt/workspace/venvs/.venv/lib/python3.12/site-packages (from latex2sympy2_extended==1.11.0->math-verify) (1.13.1)
[2026-05-16 16:40:28] INFO: pip is looking at multiple versions of latex2sympy2 to determine which version is compatible with other requirements. This could take a while.
[2026-05-16 16:40:28] Collecting latex2sympy2
[2026-05-16 16:40:28]   Downloading latex2sympy2-1.9.0-py3-none-any.whl (89 kB)
[2026-05-16 16:40:28]   Downloading latex2sympy2-1.8.6-py3-none-any.whl (88 kB)
[2026-05-16 16:40:28]   Downloading latex2sympy2-1.8.5-py3-none-any.whl (88 kB)
[2026-05-16 16:40:28]   Downloading latex2sympy2-1.8.3-py3-none-any.whl (86 kB)
[2026-05-16 16:40:28]   Downloading latex2sympy2-1.8.2-py3-none-any.whl (85 kB)
[2026-05-16 16:40:28]   Downloading latex2sympy2-1.8.0-py3-none-any.whl (84 kB)
[2026-05-16 16:40:28]   Downloading latex2sympy2-1.7.9-py3-none-any.whl (84 kB)
[2026-05-16 16:40:28] INFO: pip is still looking at multiple versions of latex2sympy2 to determine which version is compatible with other requirements. This could take a while.
[2026-05-16 16:40:28]   Downloading latex2sympy2-1.7.8-py3-none-any.whl (83 kB)
[2026-05-16 16:40:28]   Downloading latex2sympy2-1.7.7-py3-none-any.whl (83 kB)
[2026-05-16 16:40:28]   Downloading latex2sympy2-1.7.6-py3-none-any.whl (83 kB)
[2026-05-16 16:40:28]   Downloading latex2sympy2-1.7.4-py3-none-any.whl (83 kB)
[2026-05-16 16:40:28]   Downloading latex2sympy2-1.7.2-py3-none-any.whl (83 kB)
[2026-05-16 16:40:28] INFO: This is taking longer than usual. You might need to provide the dependency resolver with stricter constraints to reduce runtime. See https://pip.pypa.io/warnings/backtracking for guidance. If you want to abort this run, press Ctrl + C.
[2026-05-16 16:40:28]   Downloading latex2sympy2-1.6.20-py3-none-any.whl (76 kB)
[2026-05-16 16:40:28]   Downloading latex2sympy2-1.6.19-py3-none-any.whl (76 kB)
[2026-05-16 16:40:28]   Downloading latex2sympy2-1.6.18-py3-none-any.whl (76 kB)
[2026-05-16 16:40:28]   Downloading latex2sympy2-1.6.16-py3-none-any.whl (76 kB)
[2026-05-16 16:40:28]   Downloading latex2sympy2-1.6.14-py3-none-any.whl (75 kB)
[2026-05-16 16:40:28]   Downloading latex2sympy2-1.6.12-py3-none-any.whl (75 kB)
[2026-05-16 16:40:28]   Downloading latex2sympy2-1.6.11-py3-none-any.whl (75 kB)
[2026-05-16 16:40:28]   Downloading latex2sympy2-1.6.10-py3-none-any.whl (75 kB)
[2026-05-16 16:40:28]   Downloading latex2sympy2-1.6.9-py3-none-any.whl (75 kB)
[2026-05-16 16:40:28]   Downloading latex2sympy2-1.6.8-py3-none-any.whl (74 kB)
[2026-05-16 16:40:28]   Downloading latex2sympy2-1.6.7-py3-none-any.whl (74 kB)
[2026-05-16 16:40:28]   Downloading latex2sympy2-1.6.6-py3-none-any.whl (74 kB)
[2026-05-16 16:40:28]   Downloading latex2sympy2-1.6.5-py3-none-any.whl (73 kB)
[2026-05-16 16:40:28]   Downloading latex2sympy2-1.6.4-py3-none-any.whl (73 kB)
[2026-05-16 16:40:28]   Downloading latex2sympy2-1.6.3-py3-none-any.whl (73 kB)
[2026-05-16 16:40:28]   Downloading latex2sympy2-1.6.2-py3-none-any.whl (73 kB)
[2026-05-16 16:40:28]   Downloading latex2sympy2-1.6.1-py3-none-any.whl (73 kB)
[2026-05-16 16:40:28]   Downloading latex2sympy2-1.6.0-py3-none-any.whl (73 kB)
[2026-05-16 16:40:28]   Downloading latex2sympy2-1.5.9-py3-none-any.whl (73 kB)
[2026-05-16 16:40:28]   Downloading latex2sympy2-1.5.8-py3-none-any.whl (73 kB)
[2026-05-16 16:40:28]   Downloading latex2sympy2-1.5.7-py3-none-any.whl (73 kB)
[2026-05-16 16:40:28]      ━━━━━━━━━━━━━━━━━━━━━━━━━━━━━━━━━━━━━━━━ 1.8/1.8 MB 1.5 MB/s  0:00:01
[2026-05-16 16:40:28] Requirement already satisfied: bitsandbytes in /mnt/workspace/venvs/.venv/lib/python3.12/site-packages (from openrlhf==0.8.9) (0.49.2)
[2026-05-16 16:40:28] Requirement already satisfied: datasets in /mnt/workspace/venvs/.venv/lib/python3.12/site-packages (from openrlhf==0.8.9) (4.8.4)
[2026-05-16 16:40:28] Requirement already satisfied: deepspeed in /mnt/workspace/venvs/.venv/lib/python3.12/site-packages (from openrlhf==0.8.9) (0.18.9)
[2026-05-16 16:40:28] Requirement already satisfied: einops in /mnt/workspace/venvs/.venv/lib/python3.12/site-packages (from openrlhf==0.8.9) (0.8.2)
[2026-05-16 16:40:28] Requirement already satisfied: grpcio in /mnt/workspace/venvs/.venv/lib/python3.12/site-packages (from openrlhf==0.8.9) (1.80.0)
[2026-05-16 16:40:28] Collecting isort (from openrlhf==0.8.9)
[2026-05-16 16:40:28]   Downloading isort-8.0.1-py3-none-any.whl (89 kB)
[2026-05-16 16:40:28] Requirement already satisfied: jsonlines in /mnt/workspace/venvs/.venv/lib/python3.12/site-packages (from openrlhf==0.8.9) (4.0.0)
[2026-05-16 16:40:28] Requirement already satisfied: loralib in /mnt/workspace/venvs/.venv/lib/python3.12/site-packages (from openrlhf==0.8.9) (0.1.2)
[2026-05-16 16:40:28] Requirement already satisfied: optimum in /mnt/workspace/venvs/.venv/lib/python3.12/site-packages (from openrlhf==0.8.9) (2.1.0)
[2026-05-16 16:40:28] Requirement already satisfied: optree in /mnt/workspace/venvs/.venv/lib/python3.12/site-packages (from openrlhf==0.8.9) (0.19.0)
[2026-05-16 16:40:28] Requirement already satisfied: packaging in /mnt/workspace/venvs/.venv/lib/python3.12/site-packages (from openrlhf==0.8.9) (26.0)
[2026-05-16 16:40:28] Requirement already satisfied: peft in /mnt/workspace/venvs/.venv/lib/python3.12/site-packages (from openrlhf==0.8.9) (0.18.1)
[2026-05-16 16:40:28] Requirement already satisfied: pynvml in /mnt/workspace/venvs/.venv/lib/python3.12/site-packages (from openrlhf==0.8.9) (13.0.1)
[2026-05-16 16:40:28] Requirement already satisfied: ray==2.48.0 in /mnt/workspace/venvs/.venv/lib/python3.12/site-packages (from ray[default]==2.48.0->openrlhf==0.8.9) (2.48.0)
[2026-05-16 16:40:28] Requirement already satisfied: tensorboard in /mnt/workspace/venvs/.venv/lib/python3.12/site-packages (from openrlhf==0.8.9) (2.20.0)
[2026-05-16 16:40:28] Requirement already satisfied: torch in /mnt/workspace/venvs/.venv/lib/python3.12/site-packages (from openrlhf==0.8.9) (2.5.1+cu124)
[2026-05-16 16:40:28] Requirement already satisfied: torchdata in /mnt/workspace/venvs/.venv/lib/python3.12/site-packages (from openrlhf==0.8.9) (0.11.0)
[2026-05-16 16:40:28] Requirement already satisfied: torchmetrics in /mnt/workspace/venvs/.venv/lib/python3.12/site-packages (from openrlhf==0.8.9) (1.9.0)
[2026-05-16 16:40:28] Requirement already satisfied: tqdm in /mnt/workspace/venvs/.venv/lib/python3.12/site-packages (from openrlhf==0.8.9) (4.67.3)
[2026-05-16 16:40:28] Requirement already satisfied: transformers in /mnt/workspace/venvs/.venv/lib/python3.12/site-packages (from openrlhf==0.8.9) (5.6.0.dev0)
[2026-05-16 16:40:28] Requirement already satisfied: transformers_stream_generator in /mnt/workspace/venvs/.venv/lib/python3.12/site-packages (from openrlhf==0.8.9) (0.0.5)
[2026-05-16 16:40:28] Requirement already satisfied: matplotlib in /mnt/workspace/venvs/.venv/lib/python3.12/site-packages (from openrlhf==0.8.9) (3.10.8)
[2026-05-16 16:40:28] Requirement already satisfied: pyyaml in /mnt/workspace/venvs/.venv/lib/python3.12/site-packages (from openrlhf==0.8.9) (6.0.3)
[2026-05-16 16:40:28] Requirement already satisfied: wandb in /mnt/workspace/venvs/.venv/lib/python3.12/site-packages (from openrlhf==0.8.9) (0.25.1)
[2026-05-16 16:40:28] Requirement already satisfied: wheel in /mnt/workspace/venvs/.venv/lib/python3.12/site-packages (from openrlhf==0.8.9) (0.46.3)
[2026-05-16 16:40:28] Requirement already satisfied: nvitop in /mnt/workspace/venvs/.venv/lib/python3.12/site-packages (from openrlhf==0.8.9) (1.6.2)
[2026-05-16 16:40:28] Requirement already satisfied: click>=7.0 in /mnt/workspace/venvs/.venv/lib/python3.12/site-packages (from ray==2.48.0->ray[default]==2.48.0->openrlhf==0.8.9) (8.3.3)
[2026-05-16 16:40:28] Requirement already satisfied: filelock in /mnt/workspace/venvs/.venv/lib/python3.12/site-packages (from ray==2.48.0->ray[default]==2.48.0->openrlhf==0.8.9) (3.29.0)
[2026-05-16 16:40:28] Requirement already satisfied: jsonschema in /mnt/workspace/venvs/.venv/lib/python3.12/site-packages (from ray==2.48.0->ray[default]==2.48.0->openrlhf==0.8.9) (4.26.0)
[2026-05-16 16:40:28] Requirement already satisfied: msgpack<2.0.0,>=1.0.0 in /mnt/workspace/venvs/.venv/lib/python3.12/site-packages (from ray==2.48.0->ray[default]==2.48.0->openrlhf==0.8.9) (1.1.2)
[2026-05-16 16:40:28] Requirement already satisfied: protobuf!=3.19.5,>=3.15.3 in /mnt/workspace/venvs/.venv/lib/python3.12/site-packages (from ray==2.48.0->ray[default]==2.48.0->openrlhf==0.8.9) (6.33.6)
[2026-05-16 16:40:28] Requirement already satisfied: requests in /mnt/workspace/venvs/.venv/lib/python3.12/site-packages (from ray==2.48.0->ray[default]==2.48.0->openrlhf==0.8.9) (2.34.2)
[2026-05-16 16:40:28] Requirement already satisfied: aiohttp>=3.7 in /mnt/workspace/venvs/.venv/lib/python3.12/site-packages (from ray[default]==2.48.0->openrlhf==0.8.9) (3.13.5)
[2026-05-16 16:40:28] Requirement already satisfied: aiohttp_cors in /mnt/workspace/venvs/.venv/lib/python3.12/site-packages (from ray[default]==2.48.0->openrlhf==0.8.9) (0.8.1)
[2026-05-16 16:40:28] Requirement already satisfied: colorful in /mnt/workspace/venvs/.venv/lib/python3.12/site-packages (from ray[default]==2.48.0->openrlhf==0.8.9) (0.5.8)
[2026-05-16 16:40:28] Requirement already satisfied: py-spy>=0.4.0 in /mnt/workspace/venvs/.venv/lib/python3.12/site-packages (from ray[default]==2.48.0->openrlhf==0.8.9) (0.4.2)
[2026-05-16 16:40:28] Requirement already satisfied: opencensus in /mnt/workspace/venvs/.venv/lib/python3.12/site-packages (from ray[default]==2.48.0->openrlhf==0.8.9) (0.11.4)
[2026-05-16 16:40:28] Requirement already satisfied: opentelemetry-sdk>=1.30.0 in /mnt/workspace/venvs/.venv/lib/python3.12/site-packages (from ray[default]==2.48.0->openrlhf==0.8.9) (1.41.1)
[2026-05-16 16:40:28] Requirement already satisfied: opentelemetry-exporter-prometheus in /mnt/workspace/venvs/.venv/lib/python3.12/site-packages (from ray[default]==2.48.0->openrlhf==0.8.9) (0.62b1)
[2026-05-16 16:40:28] Requirement already satisfied: opentelemetry-proto in /mnt/workspace/venvs/.venv/lib/python3.12/site-packages (from ray[default]==2.48.0->openrlhf==0.8.9) (1.41.1)
[2026-05-16 16:40:28] Requirement already satisfied: pydantic!=2.0.*,!=2.1.*,!=2.2.*,!=2.3.*,!=2.4.*,<3 in /mnt/workspace/venvs/.venv/lib/python3.12/site-packages (from ray[default]==2.48.0->openrlhf==0.8.9) (2.13.4)
[2026-05-16 16:40:28] Requirement already satisfied: prometheus_client>=0.7.1 in /mnt/workspace/venvs/.venv/lib/python3.12/site-packages (from ray[default]==2.48.0->openrlhf==0.8.9) (0.25.0)
[2026-05-16 16:40:28] Requirement already satisfied: smart_open in /mnt/workspace/venvs/.venv/lib/python3.12/site-packages (from ray[default]==2.48.0->openrlhf==0.8.9) (7.6.1)
[2026-05-16 16:40:28] Requirement already satisfied: virtualenv!=20.21.1,>=20.0.24 in /mnt/workspace/venvs/.venv/lib/python3.12/site-packages (from ray[default]==2.48.0->openrlhf==0.8.9) (21.3.3)
[2026-05-16 16:40:28] Requirement already satisfied: annotated-types>=0.6.0 in /mnt/workspace/venvs/.venv/lib/python3.12/site-packages (from pydantic!=2.0.*,!=2.1.*,!=2.2.*,!=2.3.*,!=2.4.*,<3->ray[default]==2.48.0->openrlhf==0.8.9) (0.7.0)
[2026-05-16 16:40:28] Requirement already satisfied: pydantic-core==2.46.4 in /mnt/workspace/venvs/.venv/lib/python3.12/site-packages (from pydantic!=2.0.*,!=2.1.*,!=2.2.*,!=2.3.*,!=2.4.*,<3->ray[default]==2.48.0->openrlhf==0.8.9) (2.46.4)
[2026-05-16 16:40:28] Requirement already satisfied: typing-extensions>=4.14.1 in /mnt/workspace/venvs/.venv/lib/python3.12/site-packages (from pydantic!=2.0.*,!=2.1.*,!=2.2.*,!=2.3.*,!=2.4.*,<3->ray[default]==2.48.0->openrlhf==0.8.9) (4.15.0)
[2026-05-16 16:40:28] Requirement already satisfied: typing-inspection>=0.4.2 in /mnt/workspace/venvs/.venv/lib/python3.12/site-packages (from pydantic!=2.0.*,!=2.1.*,!=2.2.*,!=2.3.*,!=2.4.*,<3->ray[default]==2.48.0->openrlhf==0.8.9) (0.4.2)
[2026-05-16 16:40:28] Requirement already satisfied: aiohappyeyeballs>=2.5.0 in /mnt/workspace/venvs/.venv/lib/python3.12/site-packages (from aiohttp>=3.7->ray[default]==2.48.0->openrlhf==0.8.9) (2.6.1)
[2026-05-16 16:40:28] Requirement already satisfied: aiosignal>=1.4.0 in /mnt/workspace/venvs/.venv/lib/python3.12/site-packages (from aiohttp>=3.7->ray[default]==2.48.0->openrlhf==0.8.9) (1.4.0)
[2026-05-16 16:40:28] Requirement already satisfied: attrs>=17.3.0 in /mnt/workspace/venvs/.venv/lib/python3.12/site-packages (from aiohttp>=3.7->ray[default]==2.48.0->openrlhf==0.8.9) (26.1.0)
[2026-05-16 16:40:28] Requirement already satisfied: frozenlist>=1.1.1 in /mnt/workspace/venvs/.venv/lib/python3.12/site-packages (from aiohttp>=3.7->ray[default]==2.48.0->openrlhf==0.8.9) (1.8.0)
[2026-05-16 16:40:28] Requirement already satisfied: multidict<7.0,>=4.5 in /mnt/workspace/venvs/.venv/lib/python3.12/site-packages (from aiohttp>=3.7->ray[default]==2.48.0->openrlhf==0.8.9) (6.7.1)
[2026-05-16 16:40:28] Requirement already satisfied: propcache>=0.2.0 in /mnt/workspace/venvs/.venv/lib/python3.12/site-packages (from aiohttp>=3.7->ray[default]==2.48.0->openrlhf==0.8.9) (0.5.2)
[2026-05-16 16:40:28] Requirement already satisfied: yarl<2.0,>=1.17.0 in /mnt/workspace/venvs/.venv/lib/python3.12/site-packages (from aiohttp>=3.7->ray[default]==2.48.0->openrlhf==0.8.9) (1.23.0)
[2026-05-16 16:40:28] Requirement already satisfied: idna>=2.0 in /mnt/workspace/venvs/.venv/lib/python3.12/site-packages (from yarl<2.0,>=1.17.0->aiohttp>=3.7->ray[default]==2.48.0->openrlhf==0.8.9) (3.15)
[2026-05-16 16:40:28] Requirement already satisfied: opentelemetry-api==1.41.1 in /mnt/workspace/venvs/.venv/lib/python3.12/site-packages (from opentelemetry-sdk>=1.30.0->ray[default]==2.48.0->openrlhf==0.8.9) (1.41.1)
[2026-05-16 16:40:28] Requirement already satisfied: opentelemetry-semantic-conventions==0.62b1 in /mnt/workspace/venvs/.venv/lib/python3.12/site-packages (from opentelemetry-sdk>=1.30.0->ray[default]==2.48.0->openrlhf==0.8.9) (0.62b1)
[2026-05-16 16:40:28] Requirement already satisfied: importlib-metadata<8.8.0,>=6.0 in /mnt/workspace/venvs/.venv/lib/python3.12/site-packages (from opentelemetry-api==1.41.1->opentelemetry-sdk>=1.30.0->ray[default]==2.48.0->openrlhf==0.8.9) (8.7.1)
[2026-05-16 16:40:28] Requirement already satisfied: zipp>=3.20 in /mnt/workspace/venvs/.venv/lib/python3.12/site-packages (from importlib-metadata<8.8.0,>=6.0->opentelemetry-api==1.41.1->opentelemetry-sdk>=1.30.0->ray[default]==2.48.0->openrlhf==0.8.9) (3.23.1)
[2026-05-16 16:40:28] Requirement already satisfied: distlib<1,>=0.3.7 in /mnt/workspace/venvs/.venv/lib/python3.12/site-packages (from virtualenv!=20.21.1,>=20.0.24->ray[default]==2.48.0->openrlhf==0.8.9) (0.4.0)
[2026-05-16 16:40:28] Requirement already satisfied: platformdirs<5,>=3.9.1 in /mnt/workspace/venvs/.venv/lib/python3.12/site-packages (from virtualenv!=20.21.1,>=20.0.24->ray[default]==2.48.0->openrlhf==0.8.9) (4.9.6)
[2026-05-16 16:40:28] Requirement already satisfied: python-discovery>=1.3.1 in /mnt/workspace/venvs/.venv/lib/python3.12/site-packages (from virtualenv!=20.21.1,>=20.0.24->ray[default]==2.48.0->openrlhf==0.8.9) (1.3.1)
[2026-05-16 16:40:28] Requirement already satisfied: numpy>=1.17 in /mnt/workspace/venvs/.venv/lib/python3.12/site-packages (from accelerate->openrlhf==0.8.9) (2.2.6)
[2026-05-16 16:40:28] Requirement already satisfied: psutil in /mnt/workspace/venvs/.venv/lib/python3.12/site-packages (from accelerate->openrlhf==0.8.9) (7.2.2)
[2026-05-16 16:40:28] Requirement already satisfied: huggingface_hub>=0.21.0 in /mnt/workspace/venvs/.venv/lib/python3.12/site-packages (from accelerate->openrlhf==0.8.9) (1.10.1)
[2026-05-16 16:40:28] Requirement already satisfied: safetensors>=0.4.3 in /mnt/workspace/venvs/.venv/lib/python3.12/site-packages (from accelerate->openrlhf==0.8.9) (0.7.0)
[2026-05-16 16:40:28] Requirement already satisfied: fsspec>=2023.5.0 in /mnt/workspace/venvs/.venv/lib/python3.12/site-packages (from huggingface_hub>=0.21.0->accelerate->openrlhf==0.8.9) (2026.2.0)
[2026-05-16 16:40:28] Requirement already satisfied: hf-xet<2.0.0,>=1.4.3 in /mnt/workspace/venvs/.venv/lib/python3.12/site-packages (from huggingface_hub>=0.21.0->accelerate->openrlhf==0.8.9) (1.5.0)
[2026-05-16 16:40:28] Requirement already satisfied: httpx<1,>=0.23.0 in /mnt/workspace/venvs/.venv/lib/python3.12/site-packages (from huggingface_hub>=0.21.0->accelerate->openrlhf==0.8.9) (0.28.1)
[2026-05-16 16:40:28] Requirement already satisfied: typer in /mnt/workspace/venvs/.venv/lib/python3.12/site-packages (from huggingface_hub>=0.21.0->accelerate->openrlhf==0.8.9) (0.25.1)
[2026-05-16 16:40:28] Requirement already satisfied: anyio in /mnt/workspace/venvs/.venv/lib/python3.12/site-packages (from httpx<1,>=0.23.0->huggingface_hub>=0.21.0->accelerate->openrlhf==0.8.9) (4.13.0)
[2026-05-16 16:40:28] Requirement already satisfied: certifi in /mnt/workspace/venvs/.venv/lib/python3.12/site-packages (from httpx<1,>=0.23.0->huggingface_hub>=0.21.0->accelerate->openrlhf==0.8.9) (2026.4.22)
[2026-05-16 16:40:28] Requirement already satisfied: httpcore==1.* in /mnt/workspace/venvs/.venv/lib/python3.12/site-packages (from httpx<1,>=0.23.0->huggingface_hub>=0.21.0->accelerate->openrlhf==0.8.9) (1.0.9)
[2026-05-16 16:40:28] Requirement already satisfied: h11>=0.16 in /mnt/workspace/venvs/.venv/lib/python3.12/site-packages (from httpcore==1.*->httpx<1,>=0.23.0->huggingface_hub>=0.21.0->accelerate->openrlhf==0.8.9) (0.16.0)
[2026-05-16 16:40:28] Requirement already satisfied: networkx in /mnt/workspace/venvs/.venv/lib/python3.12/site-packages (from torch->openrlhf==0.8.9) (3.6.1)
[2026-05-16 16:40:28] Requirement already satisfied: jinja2 in /mnt/workspace/venvs/.venv/lib/python3.12/site-packages (from torch->openrlhf==0.8.9) (3.1.6)
[2026-05-16 16:40:28] Requirement already satisfied: nvidia-cuda-nvrtc-cu12==12.4.127 in /mnt/workspace/venvs/.venv/lib/python3.12/site-packages (from torch->openrlhf==0.8.9) (12.4.127)
[2026-05-16 16:40:28] Requirement already satisfied: nvidia-cuda-runtime-cu12==12.4.127 in /mnt/workspace/venvs/.venv/lib/python3.12/site-packages (from torch->openrlhf==0.8.9) (12.4.127)
[2026-05-16 16:40:28] Requirement already satisfied: nvidia-cuda-cupti-cu12==12.4.127 in /mnt/workspace/venvs/.venv/lib/python3.12/site-packages (from torch->openrlhf==0.8.9) (12.4.127)
[2026-05-16 16:40:28] Requirement already satisfied: nvidia-cudnn-cu12==9.1.0.70 in /mnt/workspace/venvs/.venv/lib/python3.12/site-packages (from torch->openrlhf==0.8.9) (9.1.0.70)
[2026-05-16 16:40:28] Requirement already satisfied: nvidia-cublas-cu12==12.4.5.8 in /mnt/workspace/venvs/.venv/lib/python3.12/site-packages (from torch->openrlhf==0.8.9) (12.4.5.8)
[2026-05-16 16:40:28] Requirement already satisfied: nvidia-cufft-cu12==11.2.1.3 in /mnt/workspace/venvs/.venv/lib/python3.12/site-packages (from torch->openrlhf==0.8.9) (11.2.1.3)
[2026-05-16 16:40:28] Requirement already satisfied: nvidia-curand-cu12==10.3.5.147 in /mnt/workspace/venvs/.venv/lib/python3.12/site-packages (from torch->openrlhf==0.8.9) (10.3.5.147)
[2026-05-16 16:40:28] Requirement already satisfied: nvidia-cusolver-cu12==11.6.1.9 in /mnt/workspace/venvs/.venv/lib/python3.12/site-packages (from torch->openrlhf==0.8.9) (11.6.1.9)
[2026-05-16 16:40:28] Requirement already satisfied: nvidia-cusparse-cu12==12.3.1.170 in /mnt/workspace/venvs/.venv/lib/python3.12/site-packages (from torch->openrlhf==0.8.9) (12.3.1.170)
[2026-05-16 16:40:28] Requirement already satisfied: nvidia-nccl-cu12==2.21.5 in /mnt/workspace/venvs/.venv/lib/python3.12/site-packages (from torch->openrlhf==0.8.9) (2.21.5)
[2026-05-16 16:40:28] Requirement already satisfied: nvidia-nvtx-cu12==12.4.127 in /mnt/workspace/venvs/.venv/lib/python3.12/site-packages (from torch->openrlhf==0.8.9) (12.4.127)
[2026-05-16 16:40:28] Requirement already satisfied: nvidia-nvjitlink-cu12==12.4.127 in /mnt/workspace/venvs/.venv/lib/python3.12/site-packages (from torch->openrlhf==0.8.9) (12.4.127)
[2026-05-16 16:40:28] Requirement already satisfied: triton==3.1.0 in /mnt/workspace/venvs/.venv/lib/python3.12/site-packages (from torch->openrlhf==0.8.9) (3.1.0)
[2026-05-16 16:40:28] Requirement already satisfied: setuptools in /mnt/workspace/venvs/.venv/lib/python3.12/site-packages (from torch->openrlhf==0.8.9) (82.0.1)
[2026-05-16 16:40:28] Requirement already satisfied: sympy==1.13.1 in /mnt/workspace/venvs/.venv/lib/python3.12/site-packages (from torch->openrlhf==0.8.9) (1.13.1)
[2026-05-16 16:40:28] Requirement already satisfied: mpmath<1.4,>=1.1.0 in /mnt/workspace/venvs/.venv/lib/python3.12/site-packages (from sympy==1.13.1->torch->openrlhf==0.8.9) (1.3.0)
[2026-05-16 16:40:28] Collecting pycodestyle>=2.12.0 (from autopep8->openrlhf==0.8.9)
[2026-05-16 16:40:28]   Downloading pycodestyle-2.14.0-py2.py3-none-any.whl (31 kB)
[2026-05-16 16:40:28] Collecting mypy-extensions>=0.4.3 (from black->openrlhf==0.8.9)
[2026-05-16 16:40:28]   Downloading mypy_extensions-1.1.0-py3-none-any.whl (5.0 kB)
[2026-05-16 16:40:29] Collecting pathspec>=1.0.0 (from black->openrlhf==0.8.9)
[2026-05-16 16:40:29]   Downloading pathspec-1.1.1-py3-none-any.whl (57 kB)
[2026-05-16 16:40:29] Collecting pytokens~=0.4.0 (from black->openrlhf==0.8.9)
[2026-05-16 16:40:29]   Downloading pytokens-0.4.1-cp312-cp312-manylinux2014_x86_64.manylinux_2_17_x86_64.manylinux_2_28_x86_64.whl (269 kB)
[2026-05-16 16:40:29] Requirement already satisfied: pyarrow>=21.0.0 in /mnt/workspace/venvs/.venv/lib/python3.12/site-packages (from datasets->openrlhf==0.8.9) (23.0.1)
[2026-05-16 16:40:29] Requirement already satisfied: dill<0.4.2,>=0.3.0 in /mnt/workspace/venvs/.venv/lib/python3.12/site-packages (from datasets->openrlhf==0.8.9) (0.4.1)
[2026-05-16 16:40:29] Requirement already satisfied: pandas in /mnt/workspace/venvs/.venv/lib/python3.12/site-packages (from datasets->openrlhf==0.8.9) (3.0.2)
[2026-05-16 16:40:29] Requirement already satisfied: xxhash in /mnt/workspace/venvs/.venv/lib/python3.12/site-packages (from datasets->openrlhf==0.8.9) (3.7.0)
[2026-05-16 16:40:29] Requirement already satisfied: multiprocess<0.70.20 in /mnt/workspace/venvs/.venv/lib/python3.12/site-packages (from datasets->openrlhf==0.8.9) (0.70.19)
[2026-05-16 16:40:29] Requirement already satisfied: charset_normalizer<4,>=2 in /mnt/workspace/venvs/.venv/lib/python3.12/site-packages (from requests->ray==2.48.0->ray[default]==2.48.0->openrlhf==0.8.9) (3.4.7)
[2026-05-16 16:40:29] Requirement already satisfied: urllib3<3,>=1.26 in /mnt/workspace/venvs/.venv/lib/python3.12/site-packages (from requests->ray==2.48.0->ray[default]==2.48.0->openrlhf==0.8.9) (2.7.0)
[2026-05-16 16:40:29] Requirement already satisfied: hjson in /mnt/workspace/venvs/.venv/lib/python3.12/site-packages (from deepspeed->openrlhf==0.8.9) (3.1.0)
[2026-05-16 16:40:29] Requirement already satisfied: ninja in /mnt/workspace/venvs/.venv/lib/python3.12/site-packages (from deepspeed->openrlhf==0.8.9) (1.13.0)
[2026-05-16 16:40:29] Requirement already satisfied: py-cpuinfo in /mnt/workspace/venvs/.venv/lib/python3.12/site-packages (from deepspeed->openrlhf==0.8.9) (9.0.0)
[2026-05-16 16:40:29] Requirement already satisfied: MarkupSafe>=2.0 in /mnt/workspace/venvs/.venv/lib/python3.12/site-packages (from jinja2->torch->openrlhf==0.8.9) (3.0.3)
[2026-05-16 16:40:29] Requirement already satisfied: jsonschema-specifications>=2023.03.6 in /mnt/workspace/venvs/.venv/lib/python3.12/site-packages (from jsonschema->ray==2.48.0->ray[default]==2.48.0->openrlhf==0.8.9) (2025.9.1)
[2026-05-16 16:40:29] Requirement already satisfied: referencing>=0.28.4 in /mnt/workspace/venvs/.venv/lib/python3.12/site-packages (from jsonschema->ray==2.48.0->ray[default]==2.48.0->openrlhf==0.8.9) (0.37.0)
[2026-05-16 16:40:29] Requirement already satisfied: rpds-py>=0.25.0 in /mnt/workspace/venvs/.venv/lib/python3.12/site-packages (from jsonschema->ray==2.48.0->ray[default]==2.48.0->openrlhf==0.8.9) (0.30.0)
[2026-05-16 16:40:29] Requirement already satisfied: contourpy>=1.0.1 in /mnt/workspace/venvs/.venv/lib/python3.12/site-packages (from matplotlib->openrlhf==0.8.9) (1.3.3)
[2026-05-16 16:40:29] Requirement already satisfied: cycler>=0.10 in /mnt/workspace/venvs/.venv/lib/python3.12/site-packages (from matplotlib->openrlhf==0.8.9) (0.12.1)
[2026-05-16 16:40:29] Requirement already satisfied: fonttools>=4.22.0 in /mnt/workspace/venvs/.venv/lib/python3.12/site-packages (from matplotlib->openrlhf==0.8.9) (4.63.0)
[2026-05-16 16:40:29] Requirement already satisfied: kiwisolver>=1.3.1 in /mnt/workspace/venvs/.venv/lib/python3.12/site-packages (from matplotlib->openrlhf==0.8.9) (1.5.0)
[2026-05-16 16:40:29] Requirement already satisfied: pillow>=8 in /mnt/workspace/venvs/.venv/lib/python3.12/site-packages (from matplotlib->openrlhf==0.8.9) (12.2.0)
[2026-05-16 16:40:29] Requirement already satisfied: pyparsing>=3 in /mnt/workspace/venvs/.venv/lib/python3.12/site-packages (from matplotlib->openrlhf==0.8.9) (3.3.2)
[2026-05-16 16:40:29] Requirement already satisfied: python-dateutil>=2.7 in /mnt/workspace/venvs/.venv/lib/python3.12/site-packages (from matplotlib->openrlhf==0.8.9) (2.9.0.post0)
[2026-05-16 16:40:29] Requirement already satisfied: six>=1.5 in /mnt/workspace/venvs/.venv/lib/python3.12/site-packages (from python-dateutil>=2.7->matplotlib->openrlhf==0.8.9) (1.17.0)
[2026-05-16 16:40:29] Requirement already satisfied: nvidia-ml-py<13.591.0a0,>=11.450.51 in /mnt/workspace/venvs/.venv/lib/python3.12/site-packages (from nvitop->openrlhf==0.8.9) (13.590.48)
[2026-05-16 16:40:29] Requirement already satisfied: opencensus-context>=0.1.3 in /mnt/workspace/venvs/.venv/lib/python3.12/site-packages (from opencensus->ray[default]==2.48.0->openrlhf==0.8.9) (0.1.3)
[2026-05-16 16:40:29] Requirement already satisfied: google-api-core<3.0.0,>=1.0.0 in /mnt/workspace/venvs/.venv/lib/python3.12/site-packages (from opencensus->ray[default]==2.48.0->openrlhf==0.8.9) (2.30.3)
[2026-05-16 16:40:29] Requirement already satisfied: googleapis-common-protos<2.0.0,>=1.63.2 in /mnt/workspace/venvs/.venv/lib/python3.12/site-packages (from google-api-core<3.0.0,>=1.0.0->opencensus->ray[default]==2.48.0->openrlhf==0.8.9) (1.75.0)
[2026-05-16 16:40:29] Requirement already satisfied: proto-plus<2.0.0,>=1.22.3 in /mnt/workspace/venvs/.venv/lib/python3.12/site-packages (from google-api-core<3.0.0,>=1.0.0->opencensus->ray[default]==2.48.0->openrlhf==0.8.9) (1.28.0)
[2026-05-16 16:40:29] Requirement already satisfied: google-auth<3.0.0,>=2.14.1 in /mnt/workspace/venvs/.venv/lib/python3.12/site-packages (from google-api-core<3.0.0,>=1.0.0->opencensus->ray[default]==2.48.0->openrlhf==0.8.9) (2.53.0)
[2026-05-16 16:40:29] Requirement already satisfied: pyasn1-modules>=0.2.1 in /mnt/workspace/venvs/.venv/lib/python3.12/site-packages (from google-auth<3.0.0,>=2.14.1->google-api-core<3.0.0,>=1.0.0->opencensus->ray[default]==2.48.0->openrlhf==0.8.9) (0.4.2)
[2026-05-16 16:40:29] Requirement already satisfied: cryptography>=38.0.3 in /mnt/workspace/venvs/.venv/lib/python3.12/site-packages (from google-auth<3.0.0,>=2.14.1->google-api-core<3.0.0,>=1.0.0->opencensus->ray[default]==2.48.0->openrlhf==0.8.9) (48.0.0)
[2026-05-16 16:40:29] Requirement already satisfied: cffi>=2.0.0 in /mnt/workspace/venvs/.venv/lib/python3.12/site-packages (from cryptography>=38.0.3->google-auth<3.0.0,>=2.14.1->google-api-core<3.0.0,>=1.0.0->opencensus->ray[default]==2.48.0->openrlhf==0.8.9) (2.0.0)
[2026-05-16 16:40:29] Requirement already satisfied: pycparser in /mnt/workspace/venvs/.venv/lib/python3.12/site-packages (from cffi>=2.0.0->cryptography>=38.0.3->google-auth<3.0.0,>=2.14.1->google-api-core<3.0.0,>=1.0.0->opencensus->ray[default]==2.48.0->openrlhf==0.8.9) (3.0)
[2026-05-16 16:40:29] Requirement already satisfied: pyasn1<0.7.0,>=0.6.1 in /mnt/workspace/venvs/.venv/lib/python3.12/site-packages (from pyasn1-modules>=0.2.1->google-auth<3.0.0,>=2.14.1->google-api-core<3.0.0,>=1.0.0->opencensus->ray[default]==2.48.0->openrlhf==0.8.9) (0.6.3)
[2026-05-16 16:40:29] Requirement already satisfied: regex>=2025.10.22 in /mnt/workspace/venvs/.venv/lib/python3.12/site-packages (from transformers->openrlhf==0.8.9) (2026.5.9)
[2026-05-16 16:40:29] Requirement already satisfied: tokenizers<=0.23.0,>=0.22.0 in /mnt/workspace/venvs/.venv/lib/python3.12/site-packages (from transformers->openrlhf==0.8.9) (0.22.2)
[2026-05-16 16:40:29] Requirement already satisfied: wrapt in /mnt/workspace/venvs/.venv/lib/python3.12/site-packages (from smart_open->ray[default]==2.48.0->openrlhf==0.8.9) (2.1.2)
[2026-05-16 16:40:29] Requirement already satisfied: absl-py>=0.4 in /mnt/workspace/venvs/.venv/lib/python3.12/site-packages (from tensorboard->openrlhf==0.8.9) (2.4.0)
[2026-05-16 16:40:29] Requirement already satisfied: markdown>=2.6.8 in /mnt/workspace/venvs/.venv/lib/python3.12/site-packages (from tensorboard->openrlhf==0.8.9) (3.10.2)
[2026-05-16 16:40:29] Requirement already satisfied: tensorboard-data-server<0.8.0,>=0.7.0 in /mnt/workspace/venvs/.venv/lib/python3.12/site-packages (from tensorboard->openrlhf==0.8.9) (0.7.2)
[2026-05-16 16:40:29] Requirement already satisfied: werkzeug>=1.0.1 in /mnt/workspace/venvs/.venv/lib/python3.12/site-packages (from tensorboard->openrlhf==0.8.9) (3.1.8)
[2026-05-16 16:40:29] Requirement already satisfied: lightning-utilities>=0.15.3 in /mnt/workspace/venvs/.venv/lib/python3.12/site-packages (from torchmetrics->openrlhf==0.8.9) (0.15.3)
[2026-05-16 16:40:29] Requirement already satisfied: shellingham>=1.3.0 in /mnt/workspace/venvs/.venv/lib/python3.12/site-packages (from typer->huggingface_hub>=0.21.0->accelerate->openrlhf==0.8.9) (1.5.4)
[2026-05-16 16:40:29] Requirement already satisfied: rich>=13.8.0 in /mnt/workspace/venvs/.venv/lib/python3.12/site-packages (from typer->huggingface_hub>=0.21.0->accelerate->openrlhf==0.8.9) (15.0.0)
[2026-05-16 16:40:29] Requirement already satisfied: annotated-doc>=0.0.2 in /mnt/workspace/venvs/.venv/lib/python3.12/site-packages (from typer->huggingface_hub>=0.21.0->accelerate->openrlhf==0.8.9) (0.0.4)
[2026-05-16 16:40:29] Requirement already satisfied: markdown-it-py>=2.2.0 in /mnt/workspace/venvs/.venv/lib/python3.12/site-packages (from rich>=13.8.0->typer->huggingface_hub>=0.21.0->accelerate->openrlhf==0.8.9) (4.2.0)
[2026-05-16 16:40:29] Requirement already satisfied: pygments<3.0.0,>=2.13.0 in /mnt/workspace/venvs/.venv/lib/python3.12/site-packages (from rich>=13.8.0->typer->huggingface_hub>=0.21.0->accelerate->openrlhf==0.8.9) (2.20.0)
[2026-05-16 16:40:29] Requirement already satisfied: mdurl~=0.1 in /mnt/workspace/venvs/.venv/lib/python3.12/site-packages (from markdown-it-py>=2.2.0->rich>=13.8.0->typer->huggingface_hub>=0.21.0->accelerate->openrlhf==0.8.9) (0.1.2)
[2026-05-16 16:40:29] Requirement already satisfied: gitpython!=3.1.29,>=1.0.0 in /mnt/workspace/venvs/.venv/lib/python3.12/site-packages (from wandb->openrlhf==0.8.9) (3.1.50)
[2026-05-16 16:40:29] Requirement already satisfied: sentry-sdk>=2.0.0 in /mnt/workspace/venvs/.venv/lib/python3.12/site-packages (from wandb->openrlhf==0.8.9) (2.60.0)
[2026-05-16 16:40:29] Requirement already satisfied: gitdb<5,>=4.0.1 in /mnt/workspace/venvs/.venv/lib/python3.12/site-packages (from gitpython!=3.1.29,>=1.0.0->wandb->openrlhf==0.8.9) (4.0.12)
[2026-05-16 16:40:29] Requirement already satisfied: smmap<6,>=3.0.1 in /mnt/workspace/venvs/.venv/lib/python3.12/site-packages (from gitdb<5,>=4.0.1->gitpython!=3.1.29,>=1.0.0->wandb->openrlhf==0.8.9) (5.0.3)
[2026-05-16 16:40:29] Building wheels for collected packages: openrlhf
[2026-05-16 16:40:29]   Building editable for openrlhf (pyproject.toml): started
[2026-05-16 16:40:29]   Downloading latex2sympy2-1.5.6-py3-none-any.whl (73 kB)
[2026-05-16 16:40:29]   Downloading latex2sympy2-1.5.5-py3-none-any.whl (73 kB)
[2026-05-16 16:40:29]   Downloading latex2sympy2-1.5.4-py3-none-any.whl (73 kB)
[2026-05-16 16:40:29] Requirement already satisfied: mpmath<1.4,>=1.1.0 in /mnt/workspace/venvs/.venv/lib/python3.12/site-packages (from sympy->latex2sympy2_extended==1.11.0->math-verify) (1.3.0)
[2026-05-16 16:40:29] Installing collected packages: word2number, antlr4-python3-runtime, pebble, latex2sympy2_extended, latex2sympy2, math-verify
[2026-05-16 16:40:29] 
[2026-05-16 16:40:29] Successfully installed antlr4-python3-runtime-4.13.2 latex2sympy2-1.5.4 latex2sympy2_extended-1.11.0 math-verify-0.9.0 pebble-5.2.0 word2number-1.1
[2026-05-16 16:40:29] 
[2026-05-16 16:40:29] [16:40:29] Verifying student env
[2026-05-16 16:40:30] /mnt/workspace/venvs/.venv/lib/python3.12/site-packages/torch/cuda/__init__.py:61: FutureWarning: The pynvml package is deprecated. Please install nvidia-ml-py instead. If you did not install pynvml directly, please report this to the maintainers of the package that installed pynvml for you.
[2026-05-16 16:40:30]   import pynvml  # type: ignore[import]
[2026-05-16 16:40:30]   Building editable for openrlhf (pyproject.toml): finished with status 'done'
[2026-05-16 16:40:30]   Created wheel for openrlhf: filename=openrlhf-0.8.9-0.editable-cp312-cp312-manylinux1_x86_64.whl size=6458 sha256=8f919dbe0d84a2af63d4b2e8bb19dc0c6b543cd13db06bc8102baed8d3c93aab
[2026-05-16 16:40:30]   Stored in directory: /tmp/pip-ephem-wheel-cache-t0nhamx9/wheels/d4/f3/cc/bacfe9c43ade13e34d9eb488aa24a8dd8094bb696b13dce906
[2026-05-16 16:40:30] Successfully built openrlhf
[2026-05-16 16:40:30] Installing collected packages: pytokens, pycodestyle, pathspec, mypy-extensions, isort, black, autopep8, openrlhf
[2026-05-16 16:40:30] 
[2026-05-16 16:40:30] Successfully installed autopep8-2.3.2 black-26.3.1 isort-8.0.1 mypy-extensions-1.1.0 openrlhf-0.8.9 pathspec-1.1.1 pycodestyle-2.14.0 pytokens-0.4.1
[2026-05-16 16:40:31] 
[2026-05-16 16:40:31] [16:40:30] Installing analysis evaluation stack (math-verify + deps)
[2026-05-16 16:40:31] Looking in indexes: https://mirrors.aliyun.com/pypi/simple/
[2026-05-16 16:40:31] Looking in links: /mnt/data/ebft-distribution-new/caches/wheels
[2026-05-16 16:40:31] Collecting math-verify
[2026-05-16 16:40:31]   Downloading math_verify-0.9.0-py3-none-any.whl (29 kB)
[2026-05-16 16:40:31] Collecting pebble
[2026-05-16 16:40:31]   Downloading pebble-5.2.0-py3-none-any.whl (34 kB)
[2026-05-16 16:40:32] Processing /mnt/data/ebft-distribution-new/caches/wheels/word2number-1.1-py3-none-any.whl
[2026-05-16 16:40:32] Collecting latex2sympy2
[2026-05-16 16:40:32]   Downloading latex2sympy2-1.9.1-py3-none-any.whl (89 kB)
[2026-05-16 16:40:32] Collecting antlr4-python3-runtime
[2026-05-16 16:40:32]   Downloading antlr4_python3_runtime-4.13.2-py3-none-any.whl (144 kB)
[2026-05-16 16:40:32] Collecting latex2sympy2_extended==1.11.0 (from math-verify)
[2026-05-16 16:40:32]   Downloading latex2sympy2_extended-1.11.0-py3-none-any.whl (209 kB)
[2026-05-16 16:40:32] Requirement already satisfied: sympy in /mnt/workspace/venvs/.venv/lib/python3.12/site-packages (from latex2sympy2_extended==1.11.0->math-verify) (1.13.1)
[2026-05-16 16:40:32] INFO: pip is looking at multiple versions of latex2sympy2 to determine which version is compatible with other requirements. This could take a while.
[2026-05-16 16:40:32] Collecting latex2sympy2
[2026-05-16 16:40:32]   Downloading latex2sympy2-1.9.0-py3-none-any.whl (89 kB)
[2026-05-16 16:40:32]   Downloading latex2sympy2-1.8.6-py3-none-any.whl (88 kB)
[2026-05-16 16:40:32]   Downloading latex2sympy2-1.8.5-py3-none-any.whl (88 kB)
[2026-05-16 16:40:32]   Downloading latex2sympy2-1.8.3-py3-none-any.whl (86 kB)
[2026-05-16 16:40:32]   Downloading latex2sympy2-1.8.2-py3-none-any.whl (85 kB)
[2026-05-16 16:40:32]   Downloading latex2sympy2-1.8.0-py3-none-any.whl (84 kB)
[2026-05-16 16:40:32] [2026-05-16 16:40:31,460 AIMaster] (job_monitor_controller_k8s.py 1099) INFO: All workers: 2, running: 2, failed: 0, pending: 0
[2026-05-16 16:40:32] [2026-05-16 16:40:31,461 AIMaster] (ops_reported_error_detector.py 103) INFO: Detecting whether the job is affected by errors reported by ops platform.
[2026-05-16 16:40:33]   Downloading latex2sympy2-1.7.9-py3-none-any.whl (84 kB)
[2026-05-16 16:40:33] INFO: pip is still looking at multiple versions of latex2sympy2 to determine which version is compatible with other requirements. This could take a while.
[2026-05-16 16:40:33]   Downloading latex2sympy2-1.7.8-py3-none-any.whl (83 kB)
[2026-05-16 16:40:33]   Downloading latex2sympy2-1.7.7-py3-none-any.whl (83 kB)
[2026-05-16 16:40:33]   Downloading latex2sympy2-1.7.6-py3-none-any.whl (83 kB)
[2026-05-16 16:40:33]   Downloading latex2sympy2-1.7.4-py3-none-any.whl (83 kB)
[2026-05-16 16:40:33]   Downloading latex2sympy2-1.7.2-py3-none-any.whl (83 kB)
[2026-05-16 16:40:33] INFO: This is taking longer than usual. You might need to provide the dependency resolver with stricter constraints to reduce runtime. See https://pip.pypa.io/warnings/backtracking for guidance. If you want to abort this run, press Ctrl + C.
[2026-05-16 16:40:33]   Downloading latex2sympy2-1.6.20-py3-none-any.whl (76 kB)
[2026-05-16 16:40:33]   Downloading latex2sympy2-1.6.19-py3-none-any.whl (76 kB)
[2026-05-16 16:40:33]   Downloading latex2sympy2-1.6.18-py3-none-any.whl (76 kB)
[2026-05-16 16:40:33]   Downloading latex2sympy2-1.6.16-py3-none-any.whl (76 kB)
[2026-05-16 16:40:33]   Downloading latex2sympy2-1.6.14-py3-none-any.whl (75 kB)
[2026-05-16 16:40:33]   Downloading latex2sympy2-1.6.12-py3-none-any.whl (75 kB)
[2026-05-16 16:40:33]   Downloading latex2sympy2-1.6.11-py3-none-any.whl (75 kB)
[2026-05-16 16:40:33]   Downloading latex2sympy2-1.6.10-py3-none-any.whl (75 kB)
[2026-05-16 16:40:33]   Downloading latex2sympy2-1.6.9-py3-none-any.whl (75 kB)
[2026-05-16 16:40:33]   Downloading latex2sympy2-1.6.8-py3-none-any.whl (74 kB)
[2026-05-16 16:40:33]   Downloading latex2sympy2-1.6.7-py3-none-any.whl (74 kB)
[2026-05-16 16:40:33]   Downloading latex2sympy2-1.6.6-py3-none-any.whl (74 kB)
[2026-05-16 16:40:33]   Downloading latex2sympy2-1.6.5-py3-none-any.whl (73 kB)
[2026-05-16 16:40:33]   Downloading latex2sympy2-1.6.4-py3-none-any.whl (73 kB)
[2026-05-16 16:40:33]   Downloading latex2sympy2-1.6.3-py3-none-any.whl (73 kB)
[2026-05-16 16:40:33]   Downloading latex2sympy2-1.6.2-py3-none-any.whl (73 kB)
[2026-05-16 16:40:33]   Downloading latex2sympy2-1.6.1-py3-none-any.whl (73 kB)
[2026-05-16 16:40:33]   Downloading latex2sympy2-1.6.0-py3-none-any.whl (73 kB)
[2026-05-16 16:40:33]   Downloading latex2sympy2-1.5.9-py3-none-any.whl (73 kB)
[2026-05-16 16:40:33]   Downloading latex2sympy2-1.5.8-py3-none-any.whl (73 kB)
[2026-05-16 16:40:33]   Downloading latex2sympy2-1.5.7-py3-none-any.whl (73 kB)
[2026-05-16 16:40:33]   Downloading latex2sympy2-1.5.6-py3-none-any.whl (73 kB)
[2026-05-16 16:40:33]   Downloading latex2sympy2-1.5.5-py3-none-any.whl (73 kB)
[2026-05-16 16:40:33]   Downloading latex2sympy2-1.5.4-py3-none-any.whl (73 kB)
[2026-05-16 16:40:33] Requirement already satisfied: mpmath<1.4,>=1.1.0 in /mnt/workspace/venvs/.venv/lib/python3.12/site-packages (from sympy->latex2sympy2_extended==1.11.0->math-verify) (1.3.0)
[2026-05-16 16:40:33] Installing collected packages: word2number, antlr4-python3-runtime, pebble, latex2sympy2_extended, latex2sympy2, math-verify
[2026-05-16 16:40:34] /mnt/workspace/venvs/.venv/lib/python3.12/site-packages/torch/cuda/__init__.py:61: FutureWarning: The pynvml package is deprecated. Please install nvidia-ml-py instead. If you did not install pynvml directly, please report this to the maintainers of the package that installed pynvml for you.
[2026-05-16 16:40:34]   import pynvml  # type: ignore[import]
[2026-05-16 16:40:34] 
[2026-05-16 16:40:34] Successfully installed antlr4-python3-runtime-4.13.2 latex2sympy2-1.5.4 latex2sympy2_extended-1.11.0 math-verify-0.9.0 pebble-5.2.0 word2number-1.1
[2026-05-16 16:40:34] 
[2026-05-16 16:40:34] [16:40:33] Verifying student env
[2026-05-16 16:40:34] /mnt/workspace/venvs/.venv/lib/python3.12/site-packages/torch/cuda/__init__.py:61: FutureWarning: The pynvml package is deprecated. Please install nvidia-ml-py instead. If you did not install pynvml directly, please report this to the maintainers of the package that installed pynvml for you.
[2026-05-16 16:40:34]   import pynvml  # type: ignore[import]
[2026-05-16 16:40:37] python 3.12.12
[2026-05-16 16:40:37] torch 2.5.1+cu124 cuda 12.4 available True
[2026-05-16 16:40:37] ray 2.48.0
[2026-05-16 16:40:37] deepspeed 0.18.9
[2026-05-16 16:40:37] transformers 5.6.0.dev0
[2026-05-16 16:40:37] openrlhf editable
[2026-05-16 16:40:37] math_verify ok
[2026-05-16 16:40:37] latex2sympy2_import_error attempted relative import with no known parent package
[2026-05-16 16:40:37] antlr4 ok
[2026-05-16 16:40:37] pebble 5.2.0
[2026-05-16 16:40:37] word2number ok
[2026-05-16 16:40:37] warning: zstd not on PATH; skipping snapshot of student venv
[2026-05-16 16:40:37] 
[2026-05-16 16:40:37] [16:40:37] Creating virtualenv at /mnt/workspace/venvs/.teacherVenv (python 3.12.12)
[2026-05-16 16:40:37] Using CPython 3.12.12 interpreter at: /usr/local/bin/python3.12
[2026-05-16 16:40:37] Creating virtual environment with seed packages at: /mnt/workspace/venvs/.teacherVenv
[2026-05-16 16:40:39]  + pip==26.1.1
[2026-05-16 16:40:39] Activate with: source /mnt/workspace/venvs/.teacherVenv/bin/activate
[2026-05-16 16:40:39] /mnt/workspace/venvs/.venv/lib/python3.12/site-packages/torch/cuda/__init__.py:61: FutureWarning: The pynvml package is deprecated. Please install nvidia-ml-py instead. If you did not install pynvml directly, please report this to the maintainers of the package that installed pynvml for you.
[2026-05-16 16:40:39]   import pynvml  # type: ignore[import]
[2026-05-16 16:40:40] Looking in indexes: https://mirrors.aliyun.com/pypi/simple/
[2026-05-16 16:40:40] Looking in links: /mnt/data/ebft-distribution-new/caches/wheels
[2026-05-16 16:40:40] Requirement already satisfied: pip in /mnt/workspace/venvs/.teacherVenv/lib/python3.12/site-packages (26.1.1)
[2026-05-16 16:40:40] Collecting setuptools==82.0.1
[2026-05-16 16:40:40]   Using cached setuptools-82.0.1-py3-none-any.whl (1.0 MB)
[2026-05-16 16:40:40] Collecting wheel==0.46.3
[2026-05-16 16:40:40]   Using cached wheel-0.46.3-py3-none-any.whl (30 kB)
[2026-05-16 16:40:41] Collecting packaging>=24.0 (from wheel==0.46.3)
[2026-05-16 16:40:41]   Using cached packaging-26.2-py3-none-any.whl (100 kB)
[2026-05-16 16:40:41] Installing collected packages: setuptools, packaging, wheel
[2026-05-16 16:40:41] 
[2026-05-16 16:40:41] Successfully installed packaging-26.2 setuptools-82.0.1 wheel-0.46.3
[2026-05-16 16:40:41] 
[2026-05-16 16:40:41] [16:40:41] Installing teacher PyTorch stack
[2026-05-16 16:40:42] python 3.12.12
[2026-05-16 16:40:42] torch 2.5.1+cu124 cuda 12.4 available True
[2026-05-16 16:40:42] ray 2.48.0
[2026-05-16 16:40:42] deepspeed 0.18.9
[2026-05-16 16:40:42] transformers 5.6.0.dev0
[2026-05-16 16:40:42] openrlhf editable
[2026-05-16 16:40:42] math_verify ok
[2026-05-16 16:40:42] latex2sympy2_import_error attempted relative import with no known parent package
[2026-05-16 16:40:42] antlr4 ok
[2026-05-16 16:40:42] pebble 5.2.0
[2026-05-16 16:40:42] word2number ok
[2026-05-16 16:40:42] warning: zstd not on PATH; skipping snapshot of student venv
[2026-05-16 16:40:42] 
[2026-05-16 16:40:42] [16:40:41] Creating virtualenv at /mnt/workspace/venvs/.teacherVenv (python 3.12.12)
[2026-05-16 16:40:42] Using CPython 3.12.12 interpreter at: /usr/local/bin/python3.12
[2026-05-16 16:40:42] Creating virtual environment with seed packages at: /mnt/workspace/venvs/.teacherVenv
[2026-05-16 16:40:42] Looking in indexes: https://mirrors.aliyun.com/pypi/simple/
[2026-05-16 16:40:42] Looking in links: /mnt/data/ebft-distribution-new/caches/wheels
[2026-05-16 16:40:42] Collecting torch==2.10.0
[2026-05-16 16:40:42]   Downloading torch-2.10.0-3-cp312-cp312-manylinux_2_28_x86_64.whl (915.6 MB)
[2026-05-16 16:40:44]  + pip==26.1.1
[2026-05-16 16:40:44] Activate with: source /mnt/workspace/venvs/.teacherVenv/bin/activate
[2026-05-16 16:40:44] Looking in indexes: https://mirrors.aliyun.com/pypi/simple/
[2026-05-16 16:40:44] Looking in links: /mnt/data/ebft-distribution-new/caches/wheels
[2026-05-16 16:40:44] Requirement already satisfied: pip in /mnt/workspace/venvs/.teacherVenv/lib/python3.12/site-packages (26.1.1)
[2026-05-16 16:40:45] Collecting setuptools==82.0.1
[2026-05-16 16:40:45]   Using cached setuptools-82.0.1-py3-none-any.whl (1.0 MB)
[2026-05-16 16:40:45] Collecting wheel==0.46.3
[2026-05-16 16:40:45]   Using cached wheel-0.46.3-py3-none-any.whl (30 kB)
[2026-05-16 16:40:45] Collecting packaging>=24.0 (from wheel==0.46.3)
[2026-05-16 16:40:45]   Using cached packaging-26.2-py3-none-any.whl (100 kB)
[2026-05-16 16:40:45] Installing collected packages: setuptools, packaging, wheel
[2026-05-16 16:40:46] 
[2026-05-16 16:40:46] Successfully installed packaging-26.2 setuptools-82.0.1 wheel-0.46.3
[2026-05-16 16:40:46] 
[2026-05-16 16:40:46] [16:40:45] Installing teacher PyTorch stack
[2026-05-16 16:40:46] Looking in indexes: https://mirrors.aliyun.com/pypi/simple/
[2026-05-16 16:40:46] Looking in links: /mnt/data/ebft-distribution-new/caches/wheels
[2026-05-16 16:40:47] [2026-05-16 16:40:46,796 AIMaster] (config.py 347) INFO: Try loading config from pai-aimaster-new configmap.
[2026-05-16 16:40:47] Collecting torch==2.10.0
[2026-05-16 16:40:47]   Downloading torch-2.10.0-3-cp312-cp312-manylinux_2_28_x86_64.whl (915.6 MB)
[2026-05-16 16:41:02] [2026-05-16 16:41:01,627 AIMaster] (job_monitor_controller_k8s.py 1099) INFO: All workers: 2, running: 2, failed: 0, pending: 0
[2026-05-16 16:41:02] [2026-05-16 16:41:01,628 AIMaster] (aimaster_failover_controller.py 81) INFO: Detecting whether aimaster should be migrated.
[2026-05-16 16:41:18] [2026-05-16 16:41:17,800 AIMaster] (job_event_collector.py 135) WARNING: Failed to watch pods, exception: ("Connection broken: ConnectionResetError(104, 'Connection reset by peer')", ConnectionResetError(104, 'Connection reset by peer'))
[2026-05-16 16:41:32] [2026-05-16 16:41:31,758 AIMaster] (job_monitor_controller_k8s.py 1099) INFO: All workers: 2, running: 2, failed: 0, pending: 0
[2026-05-16 16:41:32] [2026-05-16 16:41:31,758 AIMaster] (ops_reported_error_detector.py 103) INFO: Detecting whether the job is affected by errors reported by ops platform.
[2026-05-16 16:41:47] [2026-05-16 16:41:46,830 AIMaster] (config.py 347) INFO: Try loading config from pai-aimaster-new configmap.
[2026-05-16 16:42:02] [2026-05-16 16:42:01,950 AIMaster] (job_monitor_controller_k8s.py 1099) INFO: All workers: 2, running: 2, failed: 0, pending: 0
[2026-05-16 16:42:32] [2026-05-16 16:42:32,074 AIMaster] (pod_manager.py 415) INFO: Pod Category Summary (Total pods: 2)
[2026-05-16 16:42:32] | Category           |   Count | Percentage   | Pods                                                   |
[2026-05-16 16:42:32] |--------------------|---------|--------------|--------------------------------------------------------|
[2026-05-16 16:42:32] | Running            |       2 | 100.0%       | [dlc1x307wqgtpp44-master-0, dlc1x307wqgtpp44-worker-0] |
[2026-05-16 16:42:32] | Pending            |       0 | 0.0%         |                                                        |
[2026-05-16 16:42:32] | Succeeded          |       0 | 0.0%         |                                                        |
[2026-05-16 16:42:32] | Failed             |       0 | 0.0%         |                                                        |
[2026-05-16 16:42:32] | Terminating        |       0 | 0.0%         |                                                        |
[2026-05-16 16:42:32] | Scheduler_evicting |       0 | 0.0%         |                                                        |
[2026-05-16 16:42:32] | Aiph_node_error    |       0 | 0.0%         |                                                        |
[2026-05-16 16:42:32] | Unknown            |       0 | 0.0%         |                                                        |
[2026-05-16 16:42:32] 
[2026-05-16 16:42:32] [2026-05-16 16:42:32,074 AIMaster] (job_monitor_controller_k8s.py 1099) INFO: All workers: 2, running: 2, failed: 0, pending: 0
[2026-05-16 16:42:32] [2026-05-16 16:42:32,074 AIMaster] (ops_reported_error_detector.py 103) INFO: Detecting whether the job is affected by errors reported by ops platform.
[2026-05-16 16:42:47] [2026-05-16 16:42:46,864 AIMaster] (config.py 347) INFO: Try loading config from pai-aimaster-new configmap.
[2026-05-16 16:42:49] [2026-05-16 16:42:49,080 AIMaster] (job_event_collector.py 135) WARNING: Failed to watch pods, exception: ("Connection broken: ConnectionResetError(104, 'Connection reset by peer')", ConnectionResetError(104, 'Connection reset by peer'))
[2026-05-16 16:43:02] [2026-05-16 16:43:02,226 AIMaster] (job_monitor_controller_k8s.py 1099) INFO: All workers: 2, running: 2, failed: 0, pending: 0
[2026-05-16 16:43:02] [2026-05-16 16:43:02,226 AIMaster] (aimaster_failover_controller.py 81) INFO: Detecting whether aimaster should be migrated.
[2026-05-16 16:43:32] [2026-05-16 16:43:32,356 AIMaster] (job_monitor_controller_k8s.py 1099) INFO: All workers: 2, running: 2, failed: 0, pending: 0
[2026-05-16 16:43:32] [2026-05-16 16:43:32,356 AIMaster] (ops_reported_error_detector.py 103) INFO: Detecting whether the job is affected by errors reported by ops platform.
[2026-05-16 16:43:47] [2026-05-16 16:43:46,900 AIMaster] (config.py 347) INFO: Try loading config from pai-aimaster-new configmap.
[2026-05-16 16:44:02] [2026-05-16 16:44:02,531 AIMaster] (job_monitor_controller_k8s.py 1099) INFO: All workers: 2, running: 2, failed: 0, pending: 0
[2026-05-16 16:44:20] [2026-05-16 16:44:20,402 AIMaster] (job_event_collector.py 135) WARNING: Failed to watch pods, exception: ("Connection broken: ConnectionResetError(104, 'Connection reset by peer')", ConnectionResetError(104, 'Connection reset by peer'))
[2026-05-16 16:44:33] [2026-05-16 16:44:32,656 AIMaster] (job_monitor_controller_k8s.py 1099) INFO: All workers: 2, running: 2, failed: 0, pending: 0
[2026-05-16 16:44:33] [2026-05-16 16:44:32,656 AIMaster] (ops_reported_error_detector.py 103) INFO: Detecting whether the job is affected by errors reported by ops platform.
[2026-05-16 16:44:47] [2026-05-16 16:44:46,937 AIMaster] (config.py 347) INFO: Try loading config from pai-aimaster-new configmap.
[2026-05-16 16:45:03] [2026-05-16 16:45:02,807 AIMaster] (job_monitor_controller_k8s.py 1099) INFO: All workers: 2, running: 2, failed: 0, pending: 0
[2026-05-16 16:45:03] [2026-05-16 16:45:02,807 AIMaster] (aimaster_failover_controller.py 81) INFO: Detecting whether aimaster should be migrated.
[2026-05-16 16:45:33] [2026-05-16 16:45:32,931 AIMaster] (job_monitor_controller_k8s.py 1099) INFO: All workers: 2, running: 2, failed: 0, pending: 0
[2026-05-16 16:45:33] [2026-05-16 16:45:32,931 AIMaster] (ops_reported_error_detector.py 103) INFO: Detecting whether the job is affected by errors reported by ops platform.
[2026-05-16 16:45:33]      ━━━━━━━━━━━━━━━━━━━━━━━━━━━━━━━━━━━━━━━━ 915.6/915.6 MB 1.7 MB/s  0:04:51
[2026-05-16 16:45:34] Collecting torchvision==0.25.0
[2026-05-16 16:45:34]   Downloading torchvision-0.25.0-cp312-cp312-manylinux_2_28_x86_64.whl (8.1 MB)
[2026-05-16 16:45:38]      ━━━━━━━━━━━━━━━━━━━━━━━━━━━━━━━━━━━━━━━━ 8.1/8.1 MB 2.0 MB/s  0:00:03
[2026-05-16 16:45:38] Collecting torchaudio==2.10.0
[2026-05-16 16:45:38]   Downloading torchaudio-2.10.0-cp312-cp312-manylinux_2_28_x86_64.whl (1.9 MB)
[2026-05-16 16:45:39]      ━━━━━━━━━━━━━━━━━━━━━━━━━━━━━━━━━━━━━━━━ 1.9/1.9 MB 1.9 MB/s  0:00:00
[2026-05-16 16:45:39] Collecting filelock (from torch==2.10.0)
[2026-05-16 16:45:39]   Using cached filelock-3.29.0-py3-none-any.whl (39 kB)
[2026-05-16 16:45:40] Collecting typing-extensions>=4.10.0 (from torch==2.10.0)
[2026-05-16 16:45:40]   Downloading typing_extensions-4.15.0-py3-none-any.whl (44 kB)
[2026-05-16 16:45:40] Requirement already satisfied: setuptools in /mnt/workspace/venvs/.teacherVenv/lib/python3.12/site-packages (from torch==2.10.0) (82.0.1)
[2026-05-16 16:45:40] Collecting sympy>=1.13.3 (from torch==2.10.0)
[2026-05-16 16:45:40]   Downloading sympy-1.14.0-py3-none-any.whl (6.3 MB)
[2026-05-16 16:45:43]      ━━━━━━━━━━━━━━━━━━━━━━━━━━━━━━━━━━━━━━━━ 6.3/6.3 MB 1.9 MB/s  0:00:03
[2026-05-16 16:45:43] Collecting networkx>=2.5.1 (from torch==2.10.0)
[2026-05-16 16:45:43]   Using cached networkx-3.6.1-py3-none-any.whl (2.1 MB)
[2026-05-16 16:45:43] Collecting jinja2 (from torch==2.10.0)
[2026-05-16 16:45:43]   Downloading jinja2-3.1.6-py3-none-any.whl (134 kB)
[2026-05-16 16:45:43] Collecting fsspec>=0.8.5 (from torch==2.10.0)
[2026-05-16 16:45:43]   Downloading fsspec-2026.4.0-py3-none-any.whl (203 kB)
[2026-05-16 16:45:44] Collecting cuda-bindings==12.9.4 (from torch==2.10.0)
[2026-05-16 16:45:44]   Downloading cuda_bindings-12.9.4-cp312-cp312-manylinux_2_24_x86_64.manylinux_2_28_x86_64.whl (12.2 MB)
[2026-05-16 16:45:47] [2026-05-16 16:45:46,973 AIMaster] (config.py 347) INFO: Try loading config from pai-aimaster-new configmap.
[2026-05-16 16:45:49]      ━━━━━━━━━━━━━━━━━━━━━━━━━━━━━━━━━━━━━━━━ 12.2/12.2 MB 2.1 MB/s  0:00:05
[2026-05-16 16:45:49] Collecting nvidia-cuda-nvrtc-cu12==12.8.93 (from torch==2.10.0)
[2026-05-16 16:45:50]   Downloading nvidia_cuda_nvrtc_cu12-12.8.93-py3-none-manylinux2010_x86_64.manylinux_2_12_x86_64.whl (88.0 MB)
[2026-05-16 16:45:52] [2026-05-16 16:45:51,829 AIMaster] (job_event_collector.py 135) WARNING: Failed to watch pods, exception: ("Connection broken: ConnectionResetError(104, 'Connection reset by peer')", ConnectionResetError(104, 'Connection reset by peer'))
[2026-05-16 16:45:54]      ━━━━━━━━━━━━━━━━━━━━━━━━━━━━━━━━━━━━━━━━ 915.6/915.6 MB 2.0 MB/s  0:05:07
[2026-05-16 16:45:55] Collecting torchvision==0.25.0
[2026-05-16 16:45:55]   Downloading torchvision-0.25.0-cp312-cp312-manylinux_2_28_x86_64.whl (8.1 MB)
[2026-05-16 16:45:59]      ━━━━━━━━━━━━━━━━━━━━━━━━━━━━━━━━━━━━━━━━ 8.1/8.1 MB 2.3 MB/s  0:00:03
[2026-05-16 16:45:59] Collecting torchaudio==2.10.0
[2026-05-16 16:45:59]   Downloading torchaudio-2.10.0-cp312-cp312-manylinux_2_28_x86_64.whl (1.9 MB)
[2026-05-16 16:45:59]      ━━━━━━━━━━━━━━━━━━━━━━━━━━━━━━━━━━━━━━━━ 1.9/1.9 MB 2.6 MB/s  0:00:00
[2026-05-16 16:45:59] Collecting filelock (from torch==2.10.0)
[2026-05-16 16:45:59]   Using cached filelock-3.29.0-py3-none-any.whl (39 kB)
[2026-05-16 16:46:00] Collecting typing-extensions>=4.10.0 (from torch==2.10.0)
[2026-05-16 16:46:00]   Downloading typing_extensions-4.15.0-py3-none-any.whl (44 kB)
[2026-05-16 16:46:00] Requirement already satisfied: setuptools in /mnt/workspace/venvs/.teacherVenv/lib/python3.12/site-packages (from torch==2.10.0) (82.0.1)
[2026-05-16 16:46:00] Collecting sympy>=1.13.3 (from torch==2.10.0)
[2026-05-16 16:46:00]   Downloading sympy-1.14.0-py3-none-any.whl (6.3 MB)
[2026-05-16 16:46:02]      ━━━━━━━━━━━━━━━━━━━━━━━━━━━━━━━━━━━━━━━━ 6.3/6.3 MB 2.4 MB/s  0:00:02
[2026-05-16 16:46:02] Collecting networkx>=2.5.1 (from torch==2.10.0)
[2026-05-16 16:46:02]   Using cached networkx-3.6.1-py3-none-any.whl (2.1 MB)
[2026-05-16 16:46:03] Collecting jinja2 (from torch==2.10.0)
[2026-05-16 16:46:03]   Downloading jinja2-3.1.6-py3-none-any.whl (134 kB)
[2026-05-16 16:46:03] Collecting fsspec>=0.8.5 (from torch==2.10.0)
[2026-05-16 16:46:03]   Downloading fsspec-2026.4.0-py3-none-any.whl (203 kB)
[2026-05-16 16:46:03] Collecting cuda-bindings==12.9.4 (from torch==2.10.0)
[2026-05-16 16:46:03]   Downloading cuda_bindings-12.9.4-cp312-cp312-manylinux_2_24_x86_64.manylinux_2_28_x86_64.whl (12.2 MB)
[2026-05-16 16:46:03] [2026-05-16 16:46:03,092 AIMaster] (job_monitor_controller_k8s.py 1099) INFO: All workers: 2, running: 2, failed: 0, pending: 0
[2026-05-16 16:46:08]      ━━━━━━━━━━━━━━━━━━━━━━━━━━━━━━━━━━━━━━━━ 12.2/12.2 MB 2.5 MB/s  0:00:04
[2026-05-16 16:46:08] Collecting nvidia-cuda-nvrtc-cu12==12.8.93 (from torch==2.10.0)
[2026-05-16 16:46:08]   Downloading nvidia_cuda_nvrtc_cu12-12.8.93-py3-none-manylinux2010_x86_64.manylinux_2_12_x86_64.whl (88.0 MB)
[2026-05-16 16:46:26]      ━━━━━━━━━━━━━━━━━━━━━━━━━━━━━━━━━━━━━━━━ 88.0/88.0 MB 2.5 MB/s  0:00:36
[2026-05-16 16:46:26] Collecting nvidia-cuda-runtime-cu12==12.8.90 (from torch==2.10.0)
[2026-05-16 16:46:26]   Downloading nvidia_cuda_runtime_cu12-12.8.90-py3-none-manylinux2014_x86_64.manylinux_2_17_x86_64.whl (954 kB)
[2026-05-16 16:46:26]      ━━━━━━━━━━━━━━━━━━━━━━━━━━━━━━━━━━━━━━━━ 954.8/954.8 kB 1.7 MB/s  0:00:00
[2026-05-16 16:46:27] Collecting nvidia-cuda-cupti-cu12==12.8.90 (from torch==2.10.0)
[2026-05-16 16:46:27]   Downloading nvidia_cuda_cupti_cu12-12.8.90-py3-none-manylinux2014_x86_64.manylinux_2_17_x86_64.whl (10.2 MB)
[2026-05-16 16:46:31]      ━━━━━━━━━━━━━━━━━━━━━━━━━━━━━━━━━━━━━━━━ 10.2/10.2 MB 2.4 MB/s  0:00:04
[2026-05-16 16:46:31] Collecting nvidia-cudnn-cu12==9.10.2.21 (from torch==2.10.0)
[2026-05-16 16:46:31]   Downloading nvidia_cudnn_cu12-9.10.2.21-py3-none-manylinux_2_27_x86_64.whl (706.8 MB)
[2026-05-16 16:46:33] [2026-05-16 16:46:33,226 AIMaster] (job_monitor_controller_k8s.py 1099) INFO: All workers: 2, running: 2, failed: 0, pending: 0
[2026-05-16 16:46:33] [2026-05-16 16:46:33,227 AIMaster] (ops_reported_error_detector.py 103) INFO: Detecting whether the job is affected by errors reported by ops platform.
[2026-05-16 16:46:42]      ━━━━━━━━━━━━━━━━━━━━━━━━━━━━━━━━━━━━━━━━ 88.0/88.0 MB 2.6 MB/s  0:00:34
[2026-05-16 16:46:43] Collecting nvidia-cuda-runtime-cu12==12.8.90 (from torch==2.10.0)
[2026-05-16 16:46:43]   Downloading nvidia_cuda_runtime_cu12-12.8.90-py3-none-manylinux2014_x86_64.manylinux_2_17_x86_64.whl (954 kB)
[2026-05-16 16:46:43]      ━━━━━━━━━━━━━━━━━━━━━━━━━━━━━━━━━━━━━━━━ 954.8/954.8 kB 3.2 MB/s  0:00:00
[2026-05-16 16:46:43] Collecting nvidia-cuda-cupti-cu12==12.8.90 (from torch==2.10.0)
[2026-05-16 16:46:43]   Downloading nvidia_cuda_cupti_cu12-12.8.90-py3-none-manylinux2014_x86_64.manylinux_2_17_x86_64.whl (10.2 MB)
[2026-05-16 16:46:46]      ━━━━━━━━━━━━━━━━━━━━━━━━━━━━━━━━━━━━━━━━ 10.2/10.2 MB 3.2 MB/s  0:00:03
[2026-05-16 16:46:46] Collecting nvidia-cudnn-cu12==9.10.2.21 (from torch==2.10.0)
[2026-05-16 16:46:46]   Downloading nvidia_cudnn_cu12-9.10.2.21-py3-none-manylinux_2_27_x86_64.whl (706.8 MB)
[2026-05-16 16:46:47] [2026-05-16 16:46:47,008 AIMaster] (config.py 347) INFO: Try loading config from pai-aimaster-new configmap.
[2026-05-16 16:47:03] [2026-05-16 16:47:03,379 AIMaster] (job_monitor_controller_k8s.py 1099) INFO: All workers: 2, running: 2, failed: 0, pending: 0
[2026-05-16 16:47:03] [2026-05-16 16:47:03,379 AIMaster] (aimaster_failover_controller.py 81) INFO: Detecting whether aimaster should be migrated.
[2026-05-16 16:47:23] [2026-05-16 16:47:23,533 AIMaster] (job_event_collector.py 135) WARNING: Failed to watch pods, exception: ("Connection broken: ConnectionResetError(104, 'Connection reset by peer')", ConnectionResetError(104, 'Connection reset by peer'))
[2026-05-16 16:47:33] [2026-05-16 16:47:33,527 AIMaster] (pod_manager.py 415) INFO: Pod Category Summary (Total pods: 2)
[2026-05-16 16:47:33] | Category           |   Count | Percentage   | Pods                                                   |
[2026-05-16 16:47:33] |--------------------|---------|--------------|--------------------------------------------------------|
[2026-05-16 16:47:33] | Running            |       2 | 100.0%       | [dlc1x307wqgtpp44-master-0, dlc1x307wqgtpp44-worker-0] |
[2026-05-16 16:47:33] | Pending            |       0 | 0.0%         |                                                        |
[2026-05-16 16:47:33] | Succeeded          |       0 | 0.0%         |                                                        |
[2026-05-16 16:47:33] | Failed             |       0 | 0.0%         |                                                        |
[2026-05-16 16:47:33] | Terminating        |       0 | 0.0%         |                                                        |
[2026-05-16 16:47:33] | Scheduler_evicting |       0 | 0.0%         |                                                        |
[2026-05-16 16:47:33] | Aiph_node_error    |       0 | 0.0%         |                                                        |
[2026-05-16 16:47:33] | Unknown            |       0 | 0.0%         |                                                        |
[2026-05-16 16:47:33] 
[2026-05-16 16:47:33] [2026-05-16 16:47:33,528 AIMaster] (job_monitor_controller_k8s.py 1099) INFO: All workers: 2, running: 2, failed: 0, pending: 0
[2026-05-16 16:47:33] [2026-05-16 16:47:33,528 AIMaster] (ops_reported_error_detector.py 103) INFO: Detecting whether the job is affected by errors reported by ops platform.
[2026-05-16 16:47:47] [2026-05-16 16:47:47,046 AIMaster] (config.py 347) INFO: Try loading config from pai-aimaster-new configmap.
[2026-05-16 16:48:04] [2026-05-16 16:48:03,767 AIMaster] (job_monitor_controller_k8s.py 1099) INFO: All workers: 2, running: 2, failed: 0, pending: 0
[2026-05-16 16:48:14]      ━━━━━━━━━━━━━━━━━━━━━━━━━━━━━━━━━━━━━━━━ 706.8/706.8 MB 38.2 MB/s  0:01:27
[2026-05-16 16:48:14]      ━━━━━━━━━━━━━━━━━━━━━━━━━━━━━━━━━━━━━━━━ 706.8/706.8 MB 36.3 MB/s  0:01:42
[2026-05-16 16:48:14] Collecting nvidia-cublas-cu12==12.8.4.1 (from torch==2.10.0)
[2026-05-16 16:48:14]   Downloading nvidia_cublas_cu12-12.8.4.1-py3-none-manylinux_2_27_x86_64.whl (594.3 MB)
[2026-05-16 16:48:15] Collecting nvidia-cublas-cu12==12.8.4.1 (from torch==2.10.0)
[2026-05-16 16:48:15]   Downloading nvidia_cublas_cu12-12.8.4.1-py3-none-manylinux_2_27_x86_64.whl (594.3 MB)
[2026-05-16 16:48:34] [2026-05-16 16:48:33,894 AIMaster] (job_monitor_controller_k8s.py 1099) INFO: All workers: 2, running: 2, failed: 0, pending: 0
[2026-05-16 16:48:34] [2026-05-16 16:48:33,895 AIMaster] (ops_reported_error_detector.py 103) INFO: Detecting whether the job is affected by errors reported by ops platform.
[2026-05-16 16:48:47] [2026-05-16 16:48:47,108 AIMaster] (config.py 347) INFO: Try loading config from pai-aimaster-new configmap.
[2026-05-16 16:48:55] [2026-05-16 16:48:55,034 AIMaster] (job_event_collector.py 135) WARNING: Failed to watch pods, exception: ("Connection broken: ConnectionResetError(104, 'Connection reset by peer')", ConnectionResetError(104, 'Connection reset by peer'))
[2026-05-16 16:49:04] [2026-05-16 16:49:04,058 AIMaster] (job_monitor_controller_k8s.py 1099) INFO: All workers: 2, running: 2, failed: 0, pending: 0
[2026-05-16 16:49:04] [2026-05-16 16:49:04,058 AIMaster] (aimaster_failover_controller.py 81) INFO: Detecting whether aimaster should be migrated.
[2026-05-16 16:49:34] [2026-05-16 16:49:34,193 AIMaster] (job_monitor_controller_k8s.py 1099) INFO: All workers: 2, running: 2, failed: 0, pending: 0
[2026-05-16 16:49:34] [2026-05-16 16:49:34,193 AIMaster] (ops_reported_error_detector.py 103) INFO: Detecting whether the job is affected by errors reported by ops platform.
[2026-05-16 16:49:47] [2026-05-16 16:49:47,141 AIMaster] (config.py 347) INFO: Try loading config from pai-aimaster-new configmap.
[2026-05-16 16:50:04] [2026-05-16 16:50:04,371 AIMaster] (job_monitor_controller_k8s.py 1099) INFO: All workers: 2, running: 2, failed: 0, pending: 0
[2026-05-16 16:50:22]   WARNING: Connection timed out while downloading.
[2026-05-16 16:50:22]      ━━━━━━━━━━━╸                           184.0/594.3 MB 25.6 MB/s eta 0:00:17
[2026-05-16 16:50:22]   WARNING: Attempting to resume incomplete download (184.0 MB/594.3 MB, attempt 1)
[2026-05-16 16:50:22]   Resuming download nvidia_cublas_cu12-12.8.4.1-py3-none-manylinux_2_27_x86_64.whl (184.0 MB/594.3 MB)
[2026-05-16 16:50:23]   WARNING: Connection timed out while downloading.
[2026-05-16 16:50:23]      ━━━━━━━━━━━━                           193.5/594.3 MB 25.0 MB/s eta 0:00:17
[2026-05-16 16:50:23]   WARNING: Attempting to resume incomplete download (193.5 MB/594.3 MB, attempt 1)
[2026-05-16 16:50:23]   Resuming download nvidia_cublas_cu12-12.8.4.1-py3-none-manylinux_2_27_x86_64.whl (193.5 MB/594.3 MB)
[2026-05-16 16:50:27] [2026-05-16 16:50:26,839 AIMaster] (job_event_collector.py 135) WARNING: Failed to watch pods, exception: ("Connection broken: ConnectionResetError(104, 'Connection reset by peer')", ConnectionResetError(104, 'Connection reset by peer'))
[2026-05-16 16:50:34] [2026-05-16 16:50:34,492 AIMaster] (job_monitor_controller_k8s.py 1099) INFO: All workers: 2, running: 2, failed: 0, pending: 0
[2026-05-16 16:50:34] [2026-05-16 16:50:34,492 AIMaster] (ops_reported_error_detector.py 103) INFO: Detecting whether the job is affected by errors reported by ops platform.
[2026-05-16 16:50:47] [2026-05-16 16:50:47,176 AIMaster] (config.py 347) INFO: Try loading config from pai-aimaster-new configmap.
[2026-05-16 16:51:04] [2026-05-16 16:51:04,641 AIMaster] (job_monitor_controller_k8s.py 1099) INFO: All workers: 2, running: 2, failed: 0, pending: 0
[2026-05-16 16:51:04] [2026-05-16 16:51:04,642 AIMaster] (aimaster_failover_controller.py 81) INFO: Detecting whether aimaster should be migrated.
[2026-05-16 16:51:23]      ━━━━━━━━━━━━━━━━━━━━━━━━━━━━━━━━━━━━━━━━ 594.3/594.3 MB 32.2 MB/s  0:01:00
[2026-05-16 16:51:24] Collecting nvidia-cufft-cu12==11.3.3.83 (from torch==2.10.0)
[2026-05-16 16:51:24]   Downloading nvidia_cufft_cu12-11.3.3.83-py3-none-manylinux2014_x86_64.manylinux_2_17_x86_64.whl (193.1 MB)
[2026-05-16 16:51:25]      ━━━━━━━━━━━━━━━━━━━━━━━━━━━━━━━━━━━━━━━━ 594.3/594.3 MB 24.0 MB/s  0:01:03
[2026-05-16 16:51:26] Collecting nvidia-cufft-cu12==11.3.3.83 (from torch==2.10.0)
[2026-05-16 16:51:26]   Downloading nvidia_cufft_cu12-11.3.3.83-py3-none-manylinux2014_x86_64.manylinux_2_17_x86_64.whl (193.1 MB)
[2026-05-16 16:51:31]      ━━━━━━━━━━━━━━━━━━━━━━━━━━━━━━━━━━━━━━━━ 193.1/193.1 MB 31.1 MB/s  0:00:06
[2026-05-16 16:51:31] Collecting nvidia-curand-cu12==10.3.9.90 (from torch==2.10.0)
[2026-05-16 16:51:31]   Downloading nvidia_curand_cu12-10.3.9.90-py3-none-manylinux_2_27_x86_64.whl (63.6 MB)
[2026-05-16 16:51:33]      ━━━━━━━━━━━━━━━━━━━━━━━━━━━━━━━━━━━━━━━━ 63.6/63.6 MB 31.6 MB/s  0:00:02
[2026-05-16 16:51:33] Collecting nvidia-cusolver-cu12==11.7.3.90 (from torch==2.10.0)
[2026-05-16 16:51:33]   Downloading nvidia_cusolver_cu12-11.7.3.90-py3-none-manylinux_2_27_x86_64.whl (267.5 MB)
[2026-05-16 16:51:34] [2026-05-16 16:51:34,770 AIMaster] (job_monitor_controller_k8s.py 1099) INFO: All workers: 2, running: 2, failed: 0, pending: 0
[2026-05-16 16:51:34] [2026-05-16 16:51:34,770 AIMaster] (ops_reported_error_detector.py 103) INFO: Detecting whether the job is affected by errors reported by ops platform.
[2026-05-16 16:51:47] [2026-05-16 16:51:47,211 AIMaster] (config.py 347) INFO: Try loading config from pai-aimaster-new configmap.
[2026-05-16 16:51:59] [2026-05-16 16:51:58,923 AIMaster] (job_event_collector.py 135) WARNING: Failed to watch pods, exception: ("Connection broken: ConnectionResetError(104, 'Connection reset by peer')", ConnectionResetError(104, 'Connection reset by peer'))
[2026-05-16 16:52:05] [2026-05-16 16:52:04,932 AIMaster] (job_monitor_controller_k8s.py 1099) INFO: All workers: 2, running: 2, failed: 0, pending: 0
[2026-05-16 16:52:35] [2026-05-16 16:52:35,050 AIMaster] (pod_manager.py 415) INFO: Pod Category Summary (Total pods: 2)
[2026-05-16 16:52:35] | Category           |   Count | Percentage   | Pods                                                   |
[2026-05-16 16:52:35] |--------------------|---------|--------------|--------------------------------------------------------|
[2026-05-16 16:52:35] | Running            |       2 | 100.0%       | [dlc1x307wqgtpp44-master-0, dlc1x307wqgtpp44-worker-0] |
[2026-05-16 16:52:35] | Pending            |       0 | 0.0%         |                                                        |
[2026-05-16 16:52:35] | Succeeded          |       0 | 0.0%         |                                                        |
[2026-05-16 16:52:35] | Failed             |       0 | 0.0%         |                                                        |
[2026-05-16 16:52:35] | Terminating        |       0 | 0.0%         |                                                        |
[2026-05-16 16:52:35] | Scheduler_evicting |       0 | 0.0%         |                                                        |
[2026-05-16 16:52:35] | Aiph_node_error    |       0 | 0.0%         |                                                        |
[2026-05-16 16:52:35] | Unknown            |       0 | 0.0%         |                                                        |
[2026-05-16 16:52:35] 
[2026-05-16 16:52:35] [2026-05-16 16:52:35,050 AIMaster] (job_monitor_controller_k8s.py 1099) INFO: All workers: 2, running: 2, failed: 0, pending: 0
[2026-05-16 16:52:35] [2026-05-16 16:52:35,050 AIMaster] (ops_reported_error_detector.py 103) INFO: Detecting whether the job is affected by errors reported by ops platform.
[2026-05-16 16:52:47] [2026-05-16 16:52:47,247 AIMaster] (config.py 347) INFO: Try loading config from pai-aimaster-new configmap.
[2026-05-16 16:53:05] [2026-05-16 16:53:05,219 AIMaster] (job_monitor_controller_k8s.py 1099) INFO: All workers: 2, running: 2, failed: 0, pending: 0
[2026-05-16 16:53:05] [2026-05-16 16:53:05,220 AIMaster] (aimaster_failover_controller.py 81) INFO: Detecting whether aimaster should be migrated.
[2026-05-16 16:53:30] [2026-05-16 16:53:30,234 AIMaster] (job_event_collector.py 135) WARNING: Failed to watch pods, exception: ("Connection broken: ConnectionResetError(104, 'Connection reset by peer')", ConnectionResetError(104, 'Connection reset by peer'))
[2026-05-16 16:53:33]      ━━━━━━━━━━━━━━━━━━━━━━━━━━━━━━         154.9/193.1 MB 24.3 MB/s eta 0:00:02
[2026-05-16 16:53:33]   WARNING: Connection timed out while downloading.
[2026-05-16 16:53:33]   WARNING: Attempting to resume incomplete download (154.9 MB/193.1 MB, attempt 1)
[2026-05-16 16:53:33]   Resuming download nvidia_cufft_cu12-11.3.3.83-py3-none-manylinux2014_x86_64.manylinux_2_17_x86_64.whl (154.9 MB/193.1 MB)
[2026-05-16 16:53:34]      ━━━━━━                                  43.3/267.5 MB 32.2 MB/s eta 0:00:07
[2026-05-16 16:53:34]   WARNING: Connection timed out while downloading.
[2026-05-16 16:53:34]   WARNING: Attempting to resume incomplete download (43.3 MB/267.5 MB, attempt 1)
[2026-05-16 16:53:34]   Resuming download nvidia_cusolver_cu12-11.7.3.90-py3-none-manylinux_2_27_x86_64.whl (43.3 MB/267.5 MB)
[2026-05-16 16:53:35] [2026-05-16 16:53:35,360 AIMaster] (job_monitor_controller_k8s.py 1099) INFO: All workers: 2, running: 2, failed: 0, pending: 0
[2026-05-16 16:53:35] [2026-05-16 16:53:35,360 AIMaster] (ops_reported_error_detector.py 103) INFO: Detecting whether the job is affected by errors reported by ops platform.
[2026-05-16 16:53:47] [2026-05-16 16:53:47,281 AIMaster] (config.py 347) INFO: Try loading config from pai-aimaster-new configmap.
[2026-05-16 16:53:55]      ━━━━━━━━━━━━━━━━━━━━━━━━━━━━━━━━━━━━━━━━ 193.1/193.1 MB 1.8 MB/s  0:00:21
[2026-05-16 16:53:56] Collecting nvidia-curand-cu12==10.3.9.90 (from torch==2.10.0)
[2026-05-16 16:53:56]   Downloading nvidia_curand_cu12-10.3.9.90-py3-none-manylinux_2_27_x86_64.whl (63.6 MB)
[2026-05-16 16:54:05] [2026-05-16 16:54:05,515 AIMaster] (job_monitor_controller_k8s.py 1099) INFO: All workers: 2, running: 2, failed: 0, pending: 0
[2026-05-16 16:54:17]      ━━━━━━━━━━━━━━━━━━━━━━━━━━━━━━━━━━━━━━━━ 63.6/63.6 MB 3.0 MB/s  0:00:21
[2026-05-16 16:54:17] Collecting nvidia-cusolver-cu12==11.7.3.90 (from torch==2.10.0)
[2026-05-16 16:54:17]   Downloading nvidia_cusolver_cu12-11.7.3.90-py3-none-manylinux_2_27_x86_64.whl (267.5 MB)
[2026-05-16 16:54:31]      ━━━━━━━━━━━━━━━━━━━━━━━━━━━━━━━━━━━━━━━━ 267.5/267.5 MB 5.9 MB/s  0:00:56
[2026-05-16 16:54:32] Collecting nvidia-cusparse-cu12==12.5.8.93 (from torch==2.10.0)
[2026-05-16 16:54:32]   Downloading nvidia_cusparse_cu12-12.5.8.93-py3-none-manylinux2014_x86_64.manylinux_2_17_x86_64.whl (288.2 MB)
[2026-05-16 16:54:35] [2026-05-16 16:54:35,639 AIMaster] (job_monitor_controller_k8s.py 1099) INFO: All workers: 2, running: 2, failed: 0, pending: 0
[2026-05-16 16:54:35] [2026-05-16 16:54:35,639 AIMaster] (ops_reported_error_detector.py 103) INFO: Detecting whether the job is affected by errors reported by ops platform.
[2026-05-16 16:54:40]      ━━━━━━━━━━━━━━━━━━━━━━━━━━━━━━━━━━━━━━━━ 267.5/267.5 MB 13.1 MB/s  0:00:22
[2026-05-16 16:54:40] Collecting nvidia-cusparse-cu12==12.5.8.93 (from torch==2.10.0)
[2026-05-16 16:54:40]   Downloading nvidia_cusparse_cu12-12.5.8.93-py3-none-manylinux2014_x86_64.manylinux_2_17_x86_64.whl (288.2 MB)
[2026-05-16 16:54:47] [2026-05-16 16:54:47,348 AIMaster] (config.py 347) INFO: Try loading config from pai-aimaster-new configmap.
[2026-05-16 16:55:01] [2026-05-16 16:55:01,439 AIMaster] (job_event_collector.py 135) WARNING: Failed to watch pods, exception: ("Connection broken: ConnectionResetError(104, 'Connection reset by peer')", ConnectionResetError(104, 'Connection reset by peer'))
[2026-05-16 16:55:05] [2026-05-16 16:55:05,860 AIMaster] (job_monitor_controller_k8s.py 1099) INFO: All workers: 2, running: 2, failed: 0, pending: 0
[2026-05-16 16:55:05] [2026-05-16 16:55:05,860 AIMaster] (aimaster_failover_controller.py 81) INFO: Detecting whether aimaster should be migrated.
[2026-05-16 16:55:36] [2026-05-16 16:55:35,989 AIMaster] (job_monitor_controller_k8s.py 1099) INFO: All workers: 2, running: 2, failed: 0, pending: 0
[2026-05-16 16:55:36] [2026-05-16 16:55:35,989 AIMaster] (ops_reported_error_detector.py 103) INFO: Detecting whether the job is affected by errors reported by ops platform.
[2026-05-16 16:55:47] [2026-05-16 16:55:47,384 AIMaster] (config.py 347) INFO: Try loading config from pai-aimaster-new configmap.
[2026-05-16 16:56:06] [2026-05-16 16:56:06,152 AIMaster] (job_monitor_controller_k8s.py 1099) INFO: All workers: 2, running: 2, failed: 0, pending: 0
[2026-05-16 16:56:33] [2026-05-16 16:56:33,421 AIMaster] (job_event_collector.py 135) WARNING: Failed to watch pods, exception: ("Connection broken: ConnectionResetError(104, 'Connection reset by peer')", ConnectionResetError(104, 'Connection reset by peer'))
[2026-05-16 16:56:36] [2026-05-16 16:56:36,277 AIMaster] (job_monitor_controller_k8s.py 1099) INFO: All workers: 2, running: 2, failed: 0, pending: 0
[2026-05-16 16:56:36] [2026-05-16 16:56:36,277 AIMaster] (ops_reported_error_detector.py 103) INFO: Detecting whether the job is affected by errors reported by ops platform.
[2026-05-16 16:56:42]   WARNING: Connection timed out while downloading.
[2026-05-16 16:56:42]      ━━━━━━━━━━━━━━━━━━━                    145.5/288.2 MB 14.1 MB/s eta 0:00:11
[2026-05-16 16:56:42]   WARNING: Attempting to resume incomplete download (145.5 MB/288.2 MB, attempt 1)
[2026-05-16 16:56:43]   Resuming download nvidia_cusparse_cu12-12.5.8.93-py3-none-manylinux2014_x86_64.manylinux_2_17_x86_64.whl (145.5 MB/288.2 MB)
[2026-05-16 16:56:43]   WARNING: Connection timed out while downloading.
[2026-05-16 16:56:43]      ━━━━━━                                  45.9/288.2 MB 15.7 MB/s eta 0:00:16
[2026-05-16 16:56:43]   WARNING: Attempting to resume incomplete download (45.9 MB/288.2 MB, attempt 1)
[2026-05-16 16:56:43]   Resuming download nvidia_cusparse_cu12-12.5.8.93-py3-none-manylinux2014_x86_64.manylinux_2_17_x86_64.whl (45.9 MB/288.2 MB)
[2026-05-16 16:56:47] [2026-05-16 16:56:47,420 AIMaster] (config.py 347) INFO: Try loading config from pai-aimaster-new configmap.
[2026-05-16 16:57:06] [2026-05-16 16:57:06,431 AIMaster] (job_monitor_controller_k8s.py 1099) INFO: All workers: 2, running: 2, failed: 0, pending: 0
[2026-05-16 16:57:06] [2026-05-16 16:57:06,431 AIMaster] (aimaster_failover_controller.py 81) INFO: Detecting whether aimaster should be migrated.
[2026-05-16 16:57:35]      ━━━━━━━━━━━━━━━━━━━━━━━━━━━━━━━━━━━━━━━━ 288.2/288.2 MB 3.2 MB/s  0:00:52
[2026-05-16 16:57:36] Collecting nvidia-cusparselt-cu12==0.7.1 (from torch==2.10.0)
[2026-05-16 16:57:36]   Downloading nvidia_cusparselt_cu12-0.7.1-py3-none-manylinux2014_x86_64.whl (287.2 MB)
[2026-05-16 16:57:37] [2026-05-16 16:57:36,555 AIMaster] (pod_manager.py 415) INFO: Pod Category Summary (Total pods: 2)
[2026-05-16 16:57:37] | Category           |   Count | Percentage   | Pods                                                   |
[2026-05-16 16:57:37] |--------------------|---------|--------------|--------------------------------------------------------|
[2026-05-16 16:57:37] | Running            |       2 | 100.0%       | [dlc1x307wqgtpp44-master-0, dlc1x307wqgtpp44-worker-0] |
[2026-05-16 16:57:37] | Pending            |       0 | 0.0%         |                                                        |
[2026-05-16 16:57:37] | Succeeded          |       0 | 0.0%         |                                                        |
[2026-05-16 16:57:37] | Failed             |       0 | 0.0%         |                                                        |
[2026-05-16 16:57:37] | Terminating        |       0 | 0.0%         |                                                        |
[2026-05-16 16:57:37] | Scheduler_evicting |       0 | 0.0%         |                                                        |
[2026-05-16 16:57:37] | Aiph_node_error    |       0 | 0.0%         |                                                        |
[2026-05-16 16:57:37] | Unknown            |       0 | 0.0%         |                                                        |
[2026-05-16 16:57:37] 
[2026-05-16 16:57:37] [2026-05-16 16:57:36,555 AIMaster] (job_monitor_controller_k8s.py 1099) INFO: All workers: 2, running: 2, failed: 0, pending: 0
[2026-05-16 16:57:37] [2026-05-16 16:57:36,555 AIMaster] (ops_reported_error_detector.py 103) INFO: Detecting whether the job is affected by errors reported by ops platform.
[2026-05-16 16:57:39]      ━━━━━━━━━━━━━━━━━━━━━━━━━━━━━━━━━━━━━━━━ 288.2/288.2 MB 6.2 MB/s  0:00:55
[2026-05-16 16:57:39] Collecting nvidia-cusparselt-cu12==0.7.1 (from torch==2.10.0)
[2026-05-16 16:57:39]   Downloading nvidia_cusparselt_cu12-0.7.1-py3-none-manylinux2014_x86_64.whl (287.2 MB)
[2026-05-16 16:57:43]      ━━━━━━━━━━━━━━━━━━━━━━━━━━━━━━━━━━━━━━━━ 287.2/287.2 MB 42.0 MB/s  0:00:06
[2026-05-16 16:57:43] Collecting nvidia-nccl-cu12==2.27.5 (from torch==2.10.0)
[2026-05-16 16:57:43]   Downloading nvidia_nccl_cu12-2.27.5-py3-none-manylinux2014_x86_64.manylinux_2_17_x86_64.whl (322.3 MB)
[2026-05-16 16:57:47]      ━━━━━━━━━━━━━━━━━━━━━━━━━━━━━━━━━━━━━━━━ 287.2/287.2 MB 37.7 MB/s  0:00:07
[2026-05-16 16:57:47] Collecting nvidia-nccl-cu12==2.27.5 (from torch==2.10.0)
[2026-05-16 16:57:47]   Downloading nvidia_nccl_cu12-2.27.5-py3-none-manylinux2014_x86_64.manylinux_2_17_x86_64.whl (322.3 MB)
[2026-05-16 16:57:48] [2026-05-16 16:57:47,457 AIMaster] (config.py 347) INFO: Try loading config from pai-aimaster-new configmap.
[2026-05-16 16:57:52]      ━━━━━━━━━━━━━━━━━━━━━━━━━━━━━━━━━━━━━━━━ 322.3/322.3 MB 36.7 MB/s  0:00:08
[2026-05-16 16:57:52] Collecting nvidia-nvshmem-cu12==3.4.5 (from torch==2.10.0)
[2026-05-16 16:57:52]   Downloading nvidia_nvshmem_cu12-3.4.5-py3-none-manylinux2014_x86_64.manylinux_2_17_x86_64.whl (139.1 MB)
[2026-05-16 16:57:56]      ━━━━━━━━━━━━━━━━━━━━━━━━━━━━━━━━━━━━━━━━ 322.3/322.3 MB 35.9 MB/s  0:00:08
[2026-05-16 16:57:56] Collecting nvidia-nvshmem-cu12==3.4.5 (from torch==2.10.0)
[2026-05-16 16:57:56]   Downloading nvidia_nvshmem_cu12-3.4.5-py3-none-manylinux2014_x86_64.manylinux_2_17_x86_64.whl (139.1 MB)
[2026-05-16 16:58:05] [2026-05-16 16:58:04,611 AIMaster] (job_event_collector.py 135) WARNING: Failed to watch pods, exception: ("Connection broken: ConnectionResetError(104, 'Connection reset by peer')", ConnectionResetError(104, 'Connection reset by peer'))
[2026-05-16 16:58:07] [2026-05-16 16:58:06,706 AIMaster] (job_monitor_controller_k8s.py 1099) INFO: All workers: 2, running: 2, failed: 0, pending: 0
[2026-05-16 16:58:37] [2026-05-16 16:58:36,826 AIMaster] (job_monitor_controller_k8s.py 1099) INFO: All workers: 2, running: 2, failed: 0, pending: 0
[2026-05-16 16:58:37] [2026-05-16 16:58:36,827 AIMaster] (ops_reported_error_detector.py 103) INFO: Detecting whether the job is affected by errors reported by ops platform.
[2026-05-16 16:58:48] [2026-05-16 16:58:47,492 AIMaster] (config.py 347) INFO: Try loading config from pai-aimaster-new configmap.
[2026-05-16 16:59:07] [2026-05-16 16:59:06,998 AIMaster] (job_monitor_controller_k8s.py 1099) INFO: All workers: 2, running: 2, failed: 0, pending: 0
[2026-05-16 16:59:07] [2026-05-16 16:59:06,998 AIMaster] (aimaster_failover_controller.py 81) INFO: Detecting whether aimaster should be migrated.
[2026-05-16 16:59:37] [2026-05-16 16:59:36,374 AIMaster] (job_event_collector.py 135) WARNING: Failed to watch pods, exception: ("Connection broken: ConnectionResetError(104, 'Connection reset by peer')", ConnectionResetError(104, 'Connection reset by peer'))
[2026-05-16 16:59:38] [2026-05-16 16:59:37,217 AIMaster] (job_monitor_controller_k8s.py 1099) INFO: All workers: 2, running: 2, failed: 0, pending: 0
[2026-05-16 16:59:38] [2026-05-16 16:59:37,217 AIMaster] (ops_reported_error_detector.py 103) INFO: Detecting whether the job is affected by errors reported by ops platform.
[2026-05-16 16:59:48] [2026-05-16 16:59:47,527 AIMaster] (config.py 347) INFO: Try loading config from pai-aimaster-new configmap.
[2026-05-16 16:59:55]      ━━━━━━━━━━━━━━━━━━━━━━━━━━━╸           101.7/139.1 MB 36.6 MB/s eta 0:00:02
[2026-05-16 16:59:55]   WARNING: Connection timed out while downloading.
[2026-05-16 16:59:55]   WARNING: Attempting to resume incomplete download (101.7 MB/139.1 MB, attempt 1)
[2026-05-16 16:59:56]   WARNING: Connection timed out while downloading.
[2026-05-16 16:59:56]      ━━                                       8.4/139.1 MB 46.2 MB/s eta 0:00:03
[2026-05-16 16:59:56]   WARNING: Attempting to resume incomplete download (8.4 MB/139.1 MB, attempt 1)
[2026-05-16 16:59:57]   Resuming download nvidia_nvshmem_cu12-3.4.5-py3-none-manylinux2014_x86_64.manylinux_2_17_x86_64.whl (8.4 MB/139.1 MB)
[2026-05-16 16:59:58]   Resuming download nvidia_nvshmem_cu12-3.4.5-py3-none-manylinux2014_x86_64.manylinux_2_17_x86_64.whl (101.7 MB/139.1 MB)
[2026-05-16 17:00:08] [2026-05-16 17:00:07,389 AIMaster] (job_monitor_controller_k8s.py 1099) INFO: All workers: 2, running: 2, failed: 0, pending: 0
[2026-05-16 17:00:16]      ━━━━━━━━━━━━━━━━━━━━━━━━━━━━━━━━━━━━━━━━ 139.1/139.1 MB 2.0 MB/s  0:00:18
[2026-05-16 17:00:17] Collecting nvidia-nvtx-cu12==12.8.90 (from torch==2.10.0)
[2026-05-16 17:00:17]   Downloading nvidia_nvtx_cu12-12.8.90-py3-none-manylinux2014_x86_64.manylinux_2_17_x86_64.whl (89 kB)
[2026-05-16 17:00:17] Collecting nvidia-nvjitlink-cu12==12.8.93 (from torch==2.10.0)
[2026-05-16 17:00:17]   Downloading nvidia_nvjitlink_cu12-12.8.93-py3-none-manylinux2010_x86_64.manylinux_2_12_x86_64.whl (39.3 MB)
[2026-05-16 17:00:38]      ━━━━━━━━━━━━━━━━━━━━━━━━━━━━━━━━━━━━━━━━ 39.3/39.3 MB 1.9 MB/s  0:00:20
[2026-05-16 17:00:38] [2026-05-16 17:00:37,517 AIMaster] (job_monitor_controller_k8s.py 1099) INFO: All workers: 2, running: 2, failed: 0, pending: 0
[2026-05-16 17:00:38] [2026-05-16 17:00:37,517 AIMaster] (ops_reported_error_detector.py 103) INFO: Detecting whether the job is affected by errors reported by ops platform.
[2026-05-16 17:00:39] Collecting nvidia-cufile-cu12==1.13.1.3 (from torch==2.10.0)
[2026-05-16 17:00:39]   Downloading nvidia_cufile_cu12-1.13.1.3-py3-none-manylinux2014_x86_64.manylinux_2_17_x86_64.whl (1.2 MB)
[2026-05-16 17:00:39]      ━━━━━━━━━━━━━━━━━━━━━━━━━━━━━━━━━━━━━━━━ 1.2/1.2 MB 1.1 MB/s  0:00:00
[2026-05-16 17:00:40] Collecting triton==3.6.0 (from torch==2.10.0)
[2026-05-16 17:00:40]   Downloading triton-3.6.0-cp312-cp312-manylinux_2_27_x86_64.manylinux_2_28_x86_64.whl (188.3 MB)
[2026-05-16 17:00:48] [2026-05-16 17:00:47,594 AIMaster] (config.py 347) INFO: Try loading config from pai-aimaster-new configmap.
[2026-05-16 17:01:08] [2026-05-16 17:01:07,670 AIMaster] (job_monitor_controller_k8s.py 1099) INFO: All workers: 2, running: 2, failed: 0, pending: 0
[2026-05-16 17:01:08] [2026-05-16 17:01:07,670 AIMaster] (aimaster_failover_controller.py 81) INFO: Detecting whether aimaster should be migrated.
[2026-05-16 17:01:08] [2026-05-16 17:01:07,705 AIMaster] (job_event_collector.py 135) WARNING: Failed to watch pods, exception: ("Connection broken: ConnectionResetError(104, 'Connection reset by peer')", ConnectionResetError(104, 'Connection reset by peer'))
[2026-05-16 17:01:08]      ━━━━━━━━━━━━━━━━━━━━━━━━━━━━━━━━━━━━━━━━ 139.1/139.1 MB 1.7 MB/s  0:01:11
[2026-05-16 17:01:08] Collecting nvidia-nvtx-cu12==12.8.90 (from torch==2.10.0)
[2026-05-16 17:01:08]   Downloading nvidia_nvtx_cu12-12.8.90-py3-none-manylinux2014_x86_64.manylinux_2_17_x86_64.whl (89 kB)
[2026-05-16 17:01:08] Collecting nvidia-nvjitlink-cu12==12.8.93 (from torch==2.10.0)
[2026-05-16 17:01:09]   Downloading nvidia_nvjitlink_cu12-12.8.93-py3-none-manylinux2010_x86_64.manylinux_2_12_x86_64.whl (39.3 MB)
[2026-05-16 17:01:24]      ━━━━━━━━━━━━━━━━━━━━━━━━━━━━━━━━━━━━━━━━ 39.3/39.3 MB 2.4 MB/s  0:00:15
[2026-05-16 17:01:25] Collecting nvidia-cufile-cu12==1.13.1.3 (from torch==2.10.0)
[2026-05-16 17:01:25]   Downloading nvidia_cufile_cu12-1.13.1.3-py3-none-manylinux2014_x86_64.manylinux_2_17_x86_64.whl (1.2 MB)
[2026-05-16 17:01:25]      ━━━━━━━━━━━━━━━━━━━━━━━━━━━━━━━━━━━━━━━━ 1.2/1.2 MB 4.2 MB/s  0:00:00
[2026-05-16 17:01:25] Collecting triton==3.6.0 (from torch==2.10.0)
[2026-05-16 17:01:25]   Downloading triton-3.6.0-cp312-cp312-manylinux_2_27_x86_64.manylinux_2_28_x86_64.whl (188.3 MB)
[2026-05-16 17:01:38] [2026-05-16 17:01:37,820 AIMaster] (job_monitor_controller_k8s.py 1099) INFO: All workers: 2, running: 2, failed: 0, pending: 0
[2026-05-16 17:01:38] [2026-05-16 17:01:37,820 AIMaster] (ops_reported_error_detector.py 103) INFO: Detecting whether the job is affected by errors reported by ops platform.
[2026-05-16 17:01:45]      ━━━━━━━━━━━━━━━━━━━━━━━━━━━━━━━━━━━━━━━━ 188.3/188.3 MB 4.1 MB/s  0:01:05
[2026-05-16 17:01:45] Collecting numpy (from torchvision==0.25.0)
[2026-05-16 17:01:45]   Using cached numpy-2.4.5-cp312-cp312-manylinux_2_27_x86_64.manylinux_2_28_x86_64.whl (16.6 MB)
[2026-05-16 17:01:46] Collecting pillow!=8.3.*,>=5.3.0 (from torchvision==0.25.0)
[2026-05-16 17:01:46]   Downloading pillow-12.2.0-cp312-cp312-manylinux_2_27_x86_64.manylinux_2_28_x86_64.whl (7.1 MB)
[2026-05-16 17:01:46]      ━━━━━━━━━━━━━━━━━━━━━━━━━━━━━━━━━━━━━━━━ 7.1/7.1 MB 35.8 MB/s  0:00:00
[2026-05-16 17:01:46] Collecting cuda-pathfinder~=1.1 (from cuda-bindings==12.9.4->torch==2.10.0)
[2026-05-16 17:01:46]   Downloading cuda_pathfinder-1.5.4-py3-none-any.whl (51 kB)
[2026-05-16 17:01:46] Collecting mpmath<1.4,>=1.1.0 (from sympy>=1.13.3->torch==2.10.0)
[2026-05-16 17:01:46]   Downloading mpmath-1.3.0-py3-none-any.whl (536 kB)
[2026-05-16 17:01:46]      ━━━━━━━━━━━━━━━━━━━━━━━━━━━━━━━━━━━━━━━━ 536.2/536.2 kB 55.7 MB/s  0:00:00
[2026-05-16 17:01:46] Collecting MarkupSafe>=2.0 (from jinja2->torch==2.10.0)
[2026-05-16 17:01:46]   Using cached markupsafe-3.0.3-cp312-cp312-manylinux2014_x86_64.manylinux_2_17_x86_64.manylinux_2_28_x86_64.whl (22 kB)
[2026-05-16 17:01:46] Installing collected packages: nvidia-cusparselt-cu12, mpmath, typing-extensions, triton, sympy, pillow, nvidia-nvtx-cu12, nvidia-nvshmem-cu12, nvidia-nvjitlink-cu12, nvidia-nccl-cu12, nvidia-curand-cu12, nvidia-cufile-cu12, nvidia-cuda-runtime-cu12, nvidia-cuda-nvrtc-cu12, nvidia-cuda-cupti-cu12, nvidia-cublas-cu12, numpy, networkx, MarkupSafe, fsspec, filelock, cuda-pathfinder, nvidia-cusparse-cu12, nvidia-cufft-cu12, nvidia-cudnn-cu12, jinja2, cuda-bindings, nvidia-cusolver-cu12, torch, torchvision, torchaudio
[2026-05-16 17:01:48] [2026-05-16 17:01:47,630 AIMaster] (config.py 347) INFO: Try loading config from pai-aimaster-new configmap.
[2026-05-16 17:01:49]      ━━━━━━━━━━━━━━━━━━━━━━━━━━━━━━━━━━━━━━━━ 188.3/188.3 MB 7.8 MB/s  0:00:23
[2026-05-16 17:01:50] Collecting numpy (from torchvision==0.25.0)
[2026-05-16 17:01:50]   Using cached numpy-2.4.5-cp312-cp312-manylinux_2_27_x86_64.manylinux_2_28_x86_64.whl (16.6 MB)
[2026-05-16 17:01:50] Collecting pillow!=8.3.*,>=5.3.0 (from torchvision==0.25.0)
[2026-05-16 17:01:50]   Downloading pillow-12.2.0-cp312-cp312-manylinux_2_27_x86_64.manylinux_2_28_x86_64.whl (7.1 MB)
[2026-05-16 17:01:50]      ━━━━━━━━━━━━━━━━━━━━━━━━━━━━━━━━━━━━━━━━ 7.1/7.1 MB 32.6 MB/s  0:00:00
[2026-05-16 17:01:50] Collecting cuda-pathfinder~=1.1 (from cuda-bindings==12.9.4->torch==2.10.0)
[2026-05-16 17:01:50]   Downloading cuda_pathfinder-1.5.4-py3-none-any.whl (51 kB)
[2026-05-16 17:01:50] Collecting mpmath<1.4,>=1.1.0 (from sympy>=1.13.3->torch==2.10.0)
[2026-05-16 17:01:50]   Downloading mpmath-1.3.0-py3-none-any.whl (536 kB)
[2026-05-16 17:01:50]      ━━━━━━━━━━━━━━━━━━━━━━━━━━━━━━━━━━━━━━━━ 536.2/536.2 kB 22.5 MB/s  0:00:00
[2026-05-16 17:01:50] Collecting MarkupSafe>=2.0 (from jinja2->torch==2.10.0)
[2026-05-16 17:01:50]   Using cached markupsafe-3.0.3-cp312-cp312-manylinux2014_x86_64.manylinux_2_17_x86_64.manylinux_2_28_x86_64.whl (22 kB)
[2026-05-16 17:01:50] Installing collected packages: nvidia-cusparselt-cu12, mpmath, typing-extensions, triton, sympy, pillow, nvidia-nvtx-cu12, nvidia-nvshmem-cu12, nvidia-nvjitlink-cu12, nvidia-nccl-cu12, nvidia-curand-cu12, nvidia-cufile-cu12, nvidia-cuda-runtime-cu12, nvidia-cuda-nvrtc-cu12, nvidia-cuda-cupti-cu12, nvidia-cublas-cu12, numpy, networkx, MarkupSafe, fsspec, filelock, cuda-pathfinder, nvidia-cusparse-cu12, nvidia-cufft-cu12, nvidia-cudnn-cu12, jinja2, cuda-bindings, nvidia-cusolver-cu12, torch, torchvision, torchaudio
[2026-05-16 17:02:08] [2026-05-16 17:02:07,975 AIMaster] (job_monitor_controller_k8s.py 1099) INFO: All workers: 2, running: 2, failed: 0, pending: 0
[2026-05-16 17:02:38] [2026-05-16 17:02:38,107 AIMaster] (pod_manager.py 415) INFO: Pod Category Summary (Total pods: 2)
[2026-05-16 17:02:38] | Category           |   Count | Percentage   | Pods                                                   |
[2026-05-16 17:02:38] |--------------------|---------|--------------|--------------------------------------------------------|
[2026-05-16 17:02:38] | Running            |       2 | 100.0%       | [dlc1x307wqgtpp44-master-0, dlc1x307wqgtpp44-worker-0] |
[2026-05-16 17:02:38] | Pending            |       0 | 0.0%         |                                                        |
[2026-05-16 17:02:38] | Succeeded          |       0 | 0.0%         |                                                        |
[2026-05-16 17:02:38] | Failed             |       0 | 0.0%         |                                                        |
[2026-05-16 17:02:38] | Terminating        |       0 | 0.0%         |                                                        |
[2026-05-16 17:02:38] | Scheduler_evicting |       0 | 0.0%         |                                                        |
[2026-05-16 17:02:38] | Aiph_node_error    |       0 | 0.0%         |                                                        |
[2026-05-16 17:02:38] | Unknown            |       0 | 0.0%         |                                                        |
[2026-05-16 17:02:38] 
[2026-05-16 17:02:38] [2026-05-16 17:02:38,107 AIMaster] (job_monitor_controller_k8s.py 1099) INFO: All workers: 2, running: 2, failed: 0, pending: 0
[2026-05-16 17:02:38] [2026-05-16 17:02:38,108 AIMaster] (ops_reported_error_detector.py 103) INFO: Detecting whether the job is affected by errors reported by ops platform.
[2026-05-16 17:02:40] [2026-05-16 17:02:39,847 AIMaster] (job_event_collector.py 135) WARNING: Failed to watch pods, exception: ("Connection broken: ConnectionResetError(104, 'Connection reset by peer')", ConnectionResetError(104, 'Connection reset by peer'))
[2026-05-16 17:02:44] 
[2026-05-16 17:02:44] Successfully installed MarkupSafe-3.0.3 cuda-bindings-12.9.4 cuda-pathfinder-1.5.4 filelock-3.29.0 fsspec-2026.4.0 jinja2-3.1.6 mpmath-1.3.0 networkx-3.6.1 numpy-2.4.5 nvidia-cublas-cu12-12.8.4.1 nvidia-cuda-cupti-cu12-12.8.90 nvidia-cuda-nvrtc-cu12-12.8.93 nvidia-cuda-runtime-cu12-12.8.90 nvidia-cudnn-cu12-9.10.2.21 nvidia-cufft-cu12-11.3.3.83 nvidia-cufile-cu12-1.13.1.3 nvidia-curand-cu12-10.3.9.90 nvidia-cusolver-cu12-11.7.3.90 nvidia-cusparse-cu12-12.5.8.93 nvidia-cusparselt-cu12-0.7.1 nvidia-nccl-cu12-2.27.5 nvidia-nvjitlink-cu12-12.8.93 nvidia-nvshmem-cu12-3.4.5 nvidia-nvtx-cu12-12.8.90 pillow-12.2.0 sympy-1.14.0 torch-2.10.0 torchaudio-2.10.0 torchvision-0.25.0 triton-3.6.0 typing-extensions-4.15.0
[2026-05-16 17:02:44] 
[2026-05-16 17:02:44] [17:02:44] Installing teacher vLLM stack (vllm 0.19.0)
[2026-05-16 17:02:44] Looking in indexes: https://mirrors.aliyun.com/pypi/simple/
[2026-05-16 17:02:44] Looking in links: /mnt/data/ebft-distribution-new/caches/wheels
[2026-05-16 17:02:45] Collecting datasets==4.8.4
[2026-05-16 17:02:45]   Using cached datasets-4.8.4-py3-none-any.whl (526 kB)
[2026-05-16 17:02:45] Collecting vllm==0.19.0
[2026-05-16 17:02:45]   Downloading vllm-0.19.0-cp38-abi3-manylinux_2_31_x86_64.whl (432.3 MB)
[2026-05-16 17:02:47] 
[2026-05-16 17:02:47] Successfully installed MarkupSafe-3.0.3 cuda-bindings-12.9.4 cuda-pathfinder-1.5.4 filelock-3.29.0 fsspec-2026.4.0 jinja2-3.1.6 mpmath-1.3.0 networkx-3.6.1 numpy-2.4.5 nvidia-cublas-cu12-12.8.4.1 nvidia-cuda-cupti-cu12-12.8.90 nvidia-cuda-nvrtc-cu12-12.8.93 nvidia-cuda-runtime-cu12-12.8.90 nvidia-cudnn-cu12-9.10.2.21 nvidia-cufft-cu12-11.3.3.83 nvidia-cufile-cu12-1.13.1.3 nvidia-curand-cu12-10.3.9.90 nvidia-cusolver-cu12-11.7.3.90 nvidia-cusparse-cu12-12.5.8.93 nvidia-cusparselt-cu12-0.7.1 nvidia-nccl-cu12-2.27.5 nvidia-nvjitlink-cu12-12.8.93 nvidia-nvshmem-cu12-3.4.5 nvidia-nvtx-cu12-12.8.90 pillow-12.2.0 sympy-1.14.0 torch-2.10.0 torchaudio-2.10.0 torchvision-0.25.0 triton-3.6.0 typing-extensions-4.15.0
[2026-05-16 17:02:48] [2026-05-16 17:02:47,665 AIMaster] (config.py 347) INFO: Try loading config from pai-aimaster-new configmap.
[2026-05-16 17:02:48] 
[2026-05-16 17:02:48] [17:02:47] Installing teacher vLLM stack (vllm 0.19.0)
[2026-05-16 17:02:48] Looking in indexes: https://mirrors.aliyun.com/pypi/simple/
[2026-05-16 17:02:48] Looking in links: /mnt/data/ebft-distribution-new/caches/wheels
[2026-05-16 17:02:48] Collecting datasets==4.8.4
[2026-05-16 17:02:48]   Using cached datasets-4.8.4-py3-none-any.whl (526 kB)
[2026-05-16 17:02:48] Collecting vllm==0.19.0
[2026-05-16 17:02:48]   Downloading vllm-0.19.0-cp38-abi3-manylinux_2_31_x86_64.whl (432.3 MB)
[2026-05-16 17:03:09] [2026-05-16 17:03:08,259 AIMaster] (job_monitor_controller_k8s.py 1099) INFO: All workers: 2, running: 2, failed: 0, pending: 0
[2026-05-16 17:03:09] [2026-05-16 17:03:08,259 AIMaster] (aimaster_failover_controller.py 81) INFO: Detecting whether aimaster should be migrated.
[2026-05-16 17:03:39] [2026-05-16 17:03:38,404 AIMaster] (job_monitor_controller_k8s.py 1099) INFO: All workers: 2, running: 2, failed: 0, pending: 0
[2026-05-16 17:03:39] [2026-05-16 17:03:38,404 AIMaster] (ops_reported_error_detector.py 103) INFO: Detecting whether the job is affected by errors reported by ops platform.
[2026-05-16 17:03:48] [2026-05-16 17:03:47,703 AIMaster] (config.py 347) INFO: Try loading config from pai-aimaster-new configmap.
[2026-05-16 17:04:09] [2026-05-16 17:04:08,594 AIMaster] (job_monitor_controller_k8s.py 1099) INFO: All workers: 2, running: 2, failed: 0, pending: 0
[2026-05-16 17:04:11] [2026-05-16 17:04:11,245 AIMaster] (job_event_collector.py 135) WARNING: Failed to watch pods, exception: ("Connection broken: ConnectionResetError(104, 'Connection reset by peer')", ConnectionResetError(104, 'Connection reset by peer'))
[2026-05-16 17:04:39] [2026-05-16 17:04:38,727 AIMaster] (job_monitor_controller_k8s.py 1099) INFO: All workers: 2, running: 2, failed: 0, pending: 0
[2026-05-16 17:04:39] [2026-05-16 17:04:38,727 AIMaster] (ops_reported_error_detector.py 103) INFO: Detecting whether the job is affected by errors reported by ops platform.
[2026-05-16 17:04:48] [2026-05-16 17:04:47,738 AIMaster] (config.py 347) INFO: Try loading config from pai-aimaster-new configmap.
[2026-05-16 17:05:09] [2026-05-16 17:05:08,884 AIMaster] (job_monitor_controller_k8s.py 1099) INFO: All workers: 2, running: 2, failed: 0, pending: 0
[2026-05-16 17:05:09] [2026-05-16 17:05:08,884 AIMaster] (aimaster_failover_controller.py 81) INFO: Detecting whether aimaster should be migrated.
[2026-05-16 17:05:39] [2026-05-16 17:05:39,017 AIMaster] (job_monitor_controller_k8s.py 1099) INFO: All workers: 2, running: 2, failed: 0, pending: 0
[2026-05-16 17:05:39] [2026-05-16 17:05:39,018 AIMaster] (ops_reported_error_detector.py 103) INFO: Detecting whether the job is affected by errors reported by ops platform.
[2026-05-16 17:05:42]      ━━━━━━━━━━━━━━━━━━━━━━━━━━━━━━━━━━━━━━━━ 432.3/432.3 MB 8.6 MB/s  0:02:57
[2026-05-16 17:05:43] [2026-05-16 17:05:43,257 AIMaster] (job_event_collector.py 135) WARNING: Failed to watch pods, exception: ("Connection broken: ConnectionResetError(104, 'Connection reset by peer')", ConnectionResetError(104, 'Connection reset by peer'))
[2026-05-16 17:05:43] Collecting flashinfer-python==0.6.6
[2026-05-16 17:05:43]   Downloading flashinfer_python-0.6.6-py3-none-any.whl (7.8 MB)
[2026-05-16 17:05:43]      ━━━━━━━━━━━━━━━━━━━━━━━━━━━━━━━━━━━━━━━━ 7.8/7.8 MB 20.0 MB/s  0:00:00
[2026-05-16 17:05:44]      ━━━━━━━━━━━━━━━━━━━━━━━━━━━━━━━━━━━━━━━━ 432.3/432.3 MB 8.6 MB/s  0:02:55
[2026-05-16 17:05:44] Collecting flashinfer-python==0.6.6
[2026-05-16 17:05:44]   Downloading flashinfer_python-0.6.6-py3-none-any.whl (7.8 MB)
[2026-05-16 17:05:44] Collecting tqdm==4.67.3
[2026-05-16 17:05:44]   Using cached tqdm-4.67.3-py3-none-any.whl (78 kB)
[2026-05-16 17:05:44] Requirement already satisfied: filelock in /mnt/workspace/venvs/.teacherVenv/lib/python3.12/site-packages (from datasets==4.8.4) (3.29.0)
[2026-05-16 17:05:44] Requirement already satisfied: numpy>=1.17 in /mnt/workspace/venvs/.teacherVenv/lib/python3.12/site-packages (from datasets==4.8.4) (2.4.5)
[2026-05-16 17:05:44] Collecting pyarrow>=21.0.0 (from datasets==4.8.4)
[2026-05-16 17:05:44]   Downloading pyarrow-24.0.0-cp312-cp312-manylinux_2_28_x86_64.whl (48.9 MB)
[2026-05-16 17:05:45]      ━━━━━━━━━━━━━━━━━━━━━━━━━━━━━━━━━━━━━━━━ 7.8/7.8 MB 17.3 MB/s  0:00:00
[2026-05-16 17:05:45] Collecting tqdm==4.67.3
[2026-05-16 17:05:45]   Using cached tqdm-4.67.3-py3-none-any.whl (78 kB)
[2026-05-16 17:05:45] Requirement already satisfied: filelock in /mnt/workspace/venvs/.teacherVenv/lib/python3.12/site-packages (from datasets==4.8.4) (3.29.0)
[2026-05-16 17:05:45] Requirement already satisfied: numpy>=1.17 in /mnt/workspace/venvs/.teacherVenv/lib/python3.12/site-packages (from datasets==4.8.4) (2.4.5)
[2026-05-16 17:05:45] Collecting pyarrow>=21.0.0 (from datasets==4.8.4)
[2026-05-16 17:05:45]   Downloading pyarrow-24.0.0-cp312-cp312-manylinux_2_28_x86_64.whl (48.9 MB)
[2026-05-16 17:05:47]      ━━━━━━━━━━━━━━━━━━━━━━━━━━━━━━━━━━━━━━━━ 48.9/48.9 MB 18.4 MB/s  0:00:02
[2026-05-16 17:05:48] Collecting dill<0.4.2,>=0.3.0 (from datasets==4.8.4)
[2026-05-16 17:05:48]   Using cached dill-0.4.1-py3-none-any.whl (120 kB)
[2026-05-16 17:05:48] Collecting pandas (from datasets==4.8.4)
[2026-05-16 17:05:48]   Downloading pandas-3.0.3-cp312-cp312-manylinux_2_24_x86_64.manylinux_2_28_x86_64.whl (10.9 MB)
[2026-05-16 17:05:48]      ━━━━━━━━━━━━━━━━━━━━━━━━━━━━━━━━━━━━━━━━ 10.9/10.9 MB 18.1 MB/s  0:00:00
[2026-05-16 17:05:48] Collecting requests>=2.32.2 (from datasets==4.8.4)
[2026-05-16 17:05:48]   Downloading requests-2.34.2-py3-none-any.whl (73 kB)
[2026-05-16 17:05:48] [2026-05-16 17:05:47,771 AIMaster] (config.py 347) INFO: Try loading config from pai-aimaster-new configmap.
[2026-05-16 17:05:49] Collecting httpx<1.0.0 (from datasets==4.8.4)
[2026-05-16 17:05:49]   Using cached httpx-0.28.1-py3-none-any.whl (73 kB)
[2026-05-16 17:05:49] Collecting xxhash (from datasets==4.8.4)
[2026-05-16 17:05:49]   Using cached xxhash-3.7.0-cp312-cp312-manylinux2014_x86_64.manylinux_2_17_x86_64.manylinux_2_28_x86_64.whl (193 kB)
[2026-05-16 17:05:49] Collecting multiprocess<0.70.20 (from datasets==4.8.4)
[2026-05-16 17:05:49]   Using cached multiprocess-0.70.19-py312-none-any.whl (150 kB)
[2026-05-16 17:05:49] Collecting fsspec<=2026.2.0,>=2023.1.0 (from fsspec[http]<=2026.2.0,>=2023.1.0->datasets==4.8.4)
[2026-05-16 17:05:49]   Downloading fsspec-2026.2.0-py3-none-any.whl (202 kB)
[2026-05-16 17:05:49] Collecting huggingface-hub<2.0,>=0.25.0 (from datasets==4.8.4)
[2026-05-16 17:05:49]   Downloading huggingface_hub-1.15.0-py3-none-any.whl (663 kB)
[2026-05-16 17:05:49]      ━━━━━━━━━━━━━━━━━━━━━━━━━━━━━━━━━━━━━━━━ 663.6/663.6 kB 14.2 MB/s  0:00:00
[2026-05-16 17:05:49] Requirement already satisfied: packaging in /mnt/workspace/venvs/.teacherVenv/lib/python3.12/site-packages (from datasets==4.8.4) (26.2)
[2026-05-16 17:05:49] Collecting pyyaml>=5.1 (from datasets==4.8.4)
[2026-05-16 17:05:49]   Using cached pyyaml-6.0.3-cp312-cp312-manylinux2014_x86_64.manylinux_2_17_x86_64.manylinux_2_28_x86_64.whl (807 kB)
[2026-05-16 17:05:50] Collecting regex (from vllm==0.19.0)
[2026-05-16 17:05:50]   Using cached regex-2026.5.9-cp312-cp312-manylinux2014_x86_64.manylinux_2_17_x86_64.manylinux_2_28_x86_64.whl (801 kB)
[2026-05-16 17:05:50] Collecting cachetools (from vllm==0.19.0)
[2026-05-16 17:05:50]   Downloading cachetools-7.1.1-py3-none-any.whl (16 kB)
[2026-05-16 17:05:50] Collecting psutil (from vllm==0.19.0)
[2026-05-16 17:05:50]   Using cached psutil-7.2.2-cp36-abi3-manylinux2010_x86_64.manylinux_2_12_x86_64.manylinux_2_28_x86_64.whl (155 kB)
[2026-05-16 17:05:50] Collecting sentencepiece (from vllm==0.19.0)
[2026-05-16 17:05:50]   Downloading sentencepiece-0.2.1-cp312-cp312-manylinux_2_27_x86_64.manylinux_2_28_x86_64.whl (1.4 MB)
[2026-05-16 17:05:50]      ━━━━━━━━━━━━━━━━━━━━━━━━━━━━━━━━━━━━━━━━ 1.4/1.4 MB 13.9 MB/s  0:00:00
[2026-05-16 17:05:50] Collecting blake3 (from vllm==0.19.0)
[2026-05-16 17:05:50]   Downloading blake3-1.0.8-cp312-cp312-manylinux_2_17_x86_64.manylinux2014_x86_64.whl (388 kB)
[2026-05-16 17:05:50] Collecting py-cpuinfo (from vllm==0.19.0)
[2026-05-16 17:05:50]   Downloading py_cpuinfo-9.0.0-py3-none-any.whl (22 kB)
[2026-05-16 17:05:50] Collecting transformers<5,>=4.56.0 (from vllm==0.19.0)
[2026-05-16 17:05:51]   Downloading transformers-4.57.6-py3-none-any.whl (12.0 MB)
[2026-05-16 17:05:51]      ━━━━━━━━━━━━━━━━━━━━━━━━━━━━━━━━━━━━━━━━ 12.0/12.0 MB 19.6 MB/s  0:00:00
[2026-05-16 17:05:51] Collecting tokenizers>=0.21.1 (from vllm==0.19.0)
[2026-05-16 17:05:52]   Downloading tokenizers-0.23.1-cp310-abi3-manylinux_2_17_x86_64.manylinux2014_x86_64.whl (3.3 MB)
[2026-05-16 17:05:52]      ━━━━━━━━━━━━━━━━━━━━━━━━━━━━━━━━━━━━━━━━ 3.3/3.3 MB 16.5 MB/s  0:00:00
[2026-05-16 17:05:52] Collecting protobuf!=6.30.*,!=6.31.*,!=6.32.*,!=6.33.0.*,!=6.33.1.*,!=6.33.2.*,!=6.33.3.*,!=6.33.4.*,>=5.29.6 (from vllm==0.19.0)
[2026-05-16 17:05:52]   Downloading protobuf-7.34.1-cp310-abi3-manylinux2014_x86_64.whl (324 kB)
[2026-05-16 17:05:52] Collecting fastapi>=0.115.0 (from fastapi[standard]>=0.115.0->vllm==0.19.0)
[2026-05-16 17:05:52]   Downloading fastapi-0.136.1-py3-none-any.whl (117 kB)
[2026-05-16 17:05:53] Collecting aiohttp>=3.13.3 (from vllm==0.19.0)
[2026-05-16 17:05:53]   Using cached aiohttp-3.13.5-cp312-cp312-manylinux2014_x86_64.manylinux_2_17_x86_64.manylinux_2_28_x86_64.whl (1.8 MB)
[2026-05-16 17:05:53] Collecting openai>=2.0.0 (from vllm==0.19.0)
[2026-05-16 17:05:53]   Downloading openai-2.37.0-py3-none-any.whl (1.3 MB)
[2026-05-16 17:06:08]      ━━━━━━━━━━━━━━━━━━━━━━━━━━━━━━━━━━━━━━━━ 1.3/1.3 MB 87.8 kB/s  0:00:15
[2026-05-16 17:06:09] [2026-05-16 17:06:09,326 AIMaster] (job_monitor_controller_k8s.py 1099) INFO: All workers: 2, running: 2, failed: 0, pending: 0
[2026-05-16 17:06:10] Collecting pydantic>=2.12.0 (from vllm==0.19.0)
[2026-05-16 17:06:10]   Using cached pydantic-2.13.4-py3-none-any.whl (472 kB)
[2026-05-16 17:06:11] Collecting prometheus_client>=0.18.0 (from vllm==0.19.0)
[2026-05-16 17:06:11]   Using cached prometheus_client-0.25.0-py3-none-any.whl (64 kB)
[2026-05-16 17:06:11] Requirement already satisfied: pillow in /mnt/workspace/venvs/.teacherVenv/lib/python3.12/site-packages (from vllm==0.19.0) (12.2.0)
[2026-05-16 17:06:11] Collecting prometheus-fastapi-instrumentator>=7.0.0 (from vllm==0.19.0)
[2026-05-16 17:06:11]   Downloading prometheus_fastapi_instrumentator-7.1.0-py3-none-any.whl (19 kB)
[2026-05-16 17:06:12] Collecting tiktoken>=0.6.0 (from vllm==0.19.0)
[2026-05-16 17:06:12]   Downloading tiktoken-0.13.0-cp312-cp312-manylinux_2_28_x86_64.whl (1.1 MB)
[2026-05-16 17:06:24]      ━━━━━━━━━━━━━━━━━━━━━━━━━━━━━━━━━━━━━━━━ 1.1/1.1 MB 92.7 kB/s  0:00:12
[2026-05-16 17:06:24] Collecting lm-format-enforcer==0.11.3 (from vllm==0.19.0)
[2026-05-16 17:06:24]   Downloading lm_format_enforcer-0.11.3-py3-none-any.whl (45 kB)
[2026-05-16 17:06:25] Collecting llguidance<1.4.0,>=1.3.0 (from vllm==0.19.0)
[2026-05-16 17:06:25]   Downloading llguidance-1.3.0-cp39-abi3-manylinux_2_17_x86_64.manylinux2014_x86_64.whl (3.0 MB)
[2026-05-16 17:06:40] [2026-05-16 17:06:39,454 AIMaster] (job_monitor_controller_k8s.py 1099) INFO: All workers: 2, running: 2, failed: 0, pending: 0
[2026-05-16 17:06:40] [2026-05-16 17:06:39,454 AIMaster] (ops_reported_error_detector.py 103) INFO: Detecting whether the job is affected by errors reported by ops platform.
[2026-05-16 17:06:47]      ━━━━━━━━━━━━━━━━━━━━━━━━━━━━━━━━━━━━━━━━ 3.0/3.0 MB 149.9 kB/s  0:00:21
[2026-05-16 17:06:47] Collecting outlines_core==0.2.11 (from vllm==0.19.0)
[2026-05-16 17:06:47]   Downloading outlines_core-0.2.11-cp312-cp312-manylinux_2_17_x86_64.manylinux2014_x86_64.whl (2.3 MB)
[2026-05-16 17:06:48] [2026-05-16 17:06:47,807 AIMaster] (config.py 347) INFO: Try loading config from pai-aimaster-new configmap.
[2026-05-16 17:06:56]      ━━━━━━━━━━━━━━━━━━━━━━━━━━━━━━━━━━━━━━━━ 2.3/2.3 MB 258.4 kB/s  0:00:09
[2026-05-16 17:06:56] Collecting diskcache==5.6.3 (from vllm==0.19.0)
[2026-05-16 17:06:56]   Downloading diskcache-5.6.3-py3-none-any.whl (45 kB)
[2026-05-16 17:06:57] Collecting lark==1.2.2 (from vllm==0.19.0)
[2026-05-16 17:06:57]   Downloading lark-1.2.2-py3-none-any.whl (111 kB)
[2026-05-16 17:06:57] Collecting xgrammar<1.0.0,>=0.1.32 (from vllm==0.19.0)
[2026-05-16 17:06:57]   Downloading xgrammar-0.2.0-cp312-cp312-manylinux_2_27_x86_64.manylinux_2_28_x86_64.whl (44.6 MB)
[2026-05-16 17:07:10] [2026-05-16 17:07:09,639 AIMaster] (job_monitor_controller_k8s.py 1099) INFO: All workers: 2, running: 2, failed: 0, pending: 0
[2026-05-16 17:07:10] [2026-05-16 17:07:09,639 AIMaster] (aimaster_failover_controller.py 81) INFO: Detecting whether aimaster should be migrated.
[2026-05-16 17:07:15] [2026-05-16 17:07:14,500 AIMaster] (job_event_collector.py 135) WARNING: Failed to watch pods, exception: ("Connection broken: ConnectionResetError(104, 'Connection reset by peer')", ConnectionResetError(104, 'Connection reset by peer'))
[2026-05-16 17:07:40] [2026-05-16 17:07:39,789 AIMaster] (pod_manager.py 415) INFO: Pod Category Summary (Total pods: 2)
[2026-05-16 17:07:40] | Category           |   Count | Percentage   | Pods                                                   |
[2026-05-16 17:07:40] |--------------------|---------|--------------|--------------------------------------------------------|
[2026-05-16 17:07:40] | Running            |       2 | 100.0%       | [dlc1x307wqgtpp44-master-0, dlc1x307wqgtpp44-worker-0] |
[2026-05-16 17:07:40] | Pending            |       0 | 0.0%         |                                                        |
[2026-05-16 17:07:40] | Succeeded          |       0 | 0.0%         |                                                        |
[2026-05-16 17:07:40] | Failed             |       0 | 0.0%         |                                                        |
[2026-05-16 17:07:40] | Terminating        |       0 | 0.0%         |                                                        |
[2026-05-16 17:07:40] | Scheduler_evicting |       0 | 0.0%         |                                                        |
[2026-05-16 17:07:40] | Aiph_node_error    |       0 | 0.0%         |                                                        |
[2026-05-16 17:07:40] | Unknown            |       0 | 0.0%         |                                                        |
[2026-05-16 17:07:40] 
[2026-05-16 17:07:40] [2026-05-16 17:07:39,789 AIMaster] (job_monitor_controller_k8s.py 1099) INFO: All workers: 2, running: 2, failed: 0, pending: 0
[2026-05-16 17:07:40] [2026-05-16 17:07:39,789 AIMaster] (ops_reported_error_detector.py 103) INFO: Detecting whether the job is affected by errors reported by ops platform.
[2026-05-16 17:07:48] [2026-05-16 17:07:47,843 AIMaster] (config.py 347) INFO: Try loading config from pai-aimaster-new configmap.
[2026-05-16 17:07:53]   WARNING: Connection timed out while downloading.
[2026-05-16 17:07:53]      ━━━━━━━━━━━━━━━━━━━━━━                   27.3/48.9 MB 3.3 MB/s eta 0:00:07
[2026-05-16 17:07:53]   WARNING: Attempting to resume incomplete download (27.3 MB/48.9 MB, attempt 1)
[2026-05-16 17:07:53]   Resuming download pyarrow-24.0.0-cp312-cp312-manylinux_2_28_x86_64.whl (27.3 MB/48.9 MB)
[2026-05-16 17:07:54]      ━━━━━━━━━━━━━━━━━━━━━━━━━━━━━━━━━━━━━━━━ 44.6/44.6 MB 1.1 MB/s  0:00:56
[2026-05-16 17:07:54] Requirement already satisfied: typing_extensions>=4.10 in /mnt/workspace/venvs/.teacherVenv/lib/python3.12/site-packages (from vllm==0.19.0) (4.15.0)
[2026-05-16 17:07:54] Collecting partial-json-parser (from vllm==0.19.0)
[2026-05-16 17:07:55]   Downloading partial_json_parser-0.2.1.1.post7-py3-none-any.whl (10 kB)
[2026-05-16 17:07:55] Collecting pyzmq>=25.0.0 (from vllm==0.19.0)
[2026-05-16 17:07:55]   Downloading pyzmq-27.1.0-cp312-abi3-manylinux_2_26_x86_64.manylinux_2_28_x86_64.whl (840 kB)
[2026-05-16 17:07:56]      ━━━━━━━━━━━━━━━━━━━━━━━━━━━━━━━━━━━━━━━━ 841.0/841.0 kB 1.4 MB/s  0:00:00
[2026-05-16 17:07:56] Collecting msgspec (from vllm==0.19.0)
[2026-05-16 17:07:56]   Downloading msgspec-0.21.1-cp312-cp312-manylinux2014_x86_64.manylinux_2_17_x86_64.manylinux_2_28_x86_64.whl (225 kB)
[2026-05-16 17:07:56] Collecting gguf>=0.17.0 (from vllm==0.19.0)
[2026-05-16 17:07:56]   Downloading gguf-0.19.0-py3-none-any.whl (118 kB)
[2026-05-16 17:07:56] Collecting mistral_common>=1.10.0 (from mistral_common[image]>=1.10.0->vllm==0.19.0)
[2026-05-16 17:07:57]   Downloading mistral_common-1.11.2-py3-none-any.whl (6.5 MB)
[2026-05-16 17:08:01]      ━━━━━━━━━━━━━━━━━━━━━━━━━━━━━━━━━━━━━━━━ 6.5/6.5 MB 1.3 MB/s  0:00:04
[2026-05-16 17:08:02] Collecting opencv-python-headless>=4.13.0 (from vllm==0.19.0)
[2026-05-16 17:08:02]   Downloading opencv_python_headless-4.13.0.92-cp37-abi3-manylinux_2_28_x86_64.whl (60.4 MB)
[2026-05-16 17:08:09]      ━━━━━━━━━━━━━━━━━━━━━━━━━━━━━━━━━━━━━━━━ 48.9/48.9 MB 1.3 MB/s  0:00:16
[2026-05-16 17:08:10] [2026-05-16 17:08:09,941 AIMaster] (job_monitor_controller_k8s.py 1099) INFO: All workers: 2, running: 2, failed: 0, pending: 0
[2026-05-16 17:08:10] Collecting dill<0.4.2,>=0.3.0 (from datasets==4.8.4)
[2026-05-16 17:08:10]   Using cached dill-0.4.1-py3-none-any.whl (120 kB)
[2026-05-16 17:08:10] Collecting pandas (from datasets==4.8.4)
[2026-05-16 17:08:10]   Downloading pandas-3.0.3-cp312-cp312-manylinux_2_24_x86_64.manylinux_2_28_x86_64.whl (10.9 MB)
[2026-05-16 17:08:15]      ━━━━━━━━━━━━━━━━━━━━━━━━━━━━━━━━━━━━━━━━ 10.9/10.9 MB 2.0 MB/s  0:00:05
[2026-05-16 17:08:15] Collecting requests>=2.32.2 (from datasets==4.8.4)
[2026-05-16 17:08:15]   Downloading requests-2.34.2-py3-none-any.whl (73 kB)
[2026-05-16 17:08:15] Collecting httpx<1.0.0 (from datasets==4.8.4)
[2026-05-16 17:08:15]   Using cached httpx-0.28.1-py3-none-any.whl (73 kB)
[2026-05-16 17:08:15] Collecting xxhash (from datasets==4.8.4)
[2026-05-16 17:08:15]   Using cached xxhash-3.7.0-cp312-cp312-manylinux2014_x86_64.manylinux_2_17_x86_64.manylinux_2_28_x86_64.whl (193 kB)
[2026-05-16 17:08:15] Collecting multiprocess<0.70.20 (from datasets==4.8.4)
[2026-05-16 17:08:15]   Using cached multiprocess-0.70.19-py312-none-any.whl (150 kB)
[2026-05-16 17:08:15] Collecting fsspec<=2026.2.0,>=2023.1.0 (from fsspec[http]<=2026.2.0,>=2023.1.0->datasets==4.8.4)
[2026-05-16 17:08:15]   Downloading fsspec-2026.2.0-py3-none-any.whl (202 kB)
[2026-05-16 17:08:16] Collecting huggingface-hub<2.0,>=0.25.0 (from datasets==4.8.4)
[2026-05-16 17:08:16]   Downloading huggingface_hub-1.15.0-py3-none-any.whl (663 kB)
[2026-05-16 17:08:16]      ━━━━━━━━━━━━━━━━━━━━━━━━━━━━━━━━━━━━━━━━ 663.6/663.6 kB 1.9 MB/s  0:00:00
[2026-05-16 17:08:16] Requirement already satisfied: packaging in /mnt/workspace/venvs/.teacherVenv/lib/python3.12/site-packages (from datasets==4.8.4) (26.2)
[2026-05-16 17:08:16] Collecting pyyaml>=5.1 (from datasets==4.8.4)
[2026-05-16 17:08:16]   Using cached pyyaml-6.0.3-cp312-cp312-manylinux2014_x86_64.manylinux_2_17_x86_64.manylinux_2_28_x86_64.whl (807 kB)
[2026-05-16 17:08:17] Collecting regex (from vllm==0.19.0)
[2026-05-16 17:08:17]   Using cached regex-2026.5.9-cp312-cp312-manylinux2014_x86_64.manylinux_2_17_x86_64.manylinux_2_28_x86_64.whl (801 kB)
[2026-05-16 17:08:17] Collecting cachetools (from vllm==0.19.0)
[2026-05-16 17:08:17]   Downloading cachetools-7.1.1-py3-none-any.whl (16 kB)
[2026-05-16 17:08:17] Collecting psutil (from vllm==0.19.0)
[2026-05-16 17:08:17]   Using cached psutil-7.2.2-cp36-abi3-manylinux2010_x86_64.manylinux_2_12_x86_64.manylinux_2_28_x86_64.whl (155 kB)
[2026-05-16 17:08:17] Collecting sentencepiece (from vllm==0.19.0)
[2026-05-16 17:08:17]   Downloading sentencepiece-0.2.1-cp312-cp312-manylinux_2_27_x86_64.manylinux_2_28_x86_64.whl (1.4 MB)
[2026-05-16 17:08:18]      ━━━━━━━━━━━━━━━━━━━━━━━━━━━━━━━━━━━━━━━━ 1.4/1.4 MB 1.8 MB/s  0:00:00
[2026-05-16 17:08:18] Collecting blake3 (from vllm==0.19.0)
[2026-05-16 17:08:18]   Downloading blake3-1.0.8-cp312-cp312-manylinux_2_17_x86_64.manylinux2014_x86_64.whl (388 kB)
[2026-05-16 17:08:18] Collecting py-cpuinfo (from vllm==0.19.0)
[2026-05-16 17:08:18]   Downloading py_cpuinfo-9.0.0-py3-none-any.whl (22 kB)
[2026-05-16 17:08:18] Collecting transformers<5,>=4.56.0 (from vllm==0.19.0)
[2026-05-16 17:08:18]   Downloading transformers-4.57.6-py3-none-any.whl (12.0 MB)
[2026-05-16 17:08:24]      ━━━━━━━━━━━━━━━━━━━━━━━━━━━━━━━━━━━━━━━━ 12.0/12.0 MB 2.0 MB/s  0:00:05
[2026-05-16 17:08:24] Collecting tokenizers>=0.21.1 (from vllm==0.19.0)
[2026-05-16 17:08:25]   Downloading tokenizers-0.23.1-cp310-abi3-manylinux_2_17_x86_64.manylinux2014_x86_64.whl (3.3 MB)
[2026-05-16 17:08:26]      ━━━━━━━━━━━━━━━━━━━━━━━━━━━━━━━━━━━━━━━━ 3.3/3.3 MB 1.9 MB/s  0:00:01
[2026-05-16 17:08:26] Collecting protobuf!=6.30.*,!=6.31.*,!=6.32.*,!=6.33.0.*,!=6.33.1.*,!=6.33.2.*,!=6.33.3.*,!=6.33.4.*,>=5.29.6 (from vllm==0.19.0)
[2026-05-16 17:08:26]   Downloading protobuf-7.34.1-cp310-abi3-manylinux2014_x86_64.whl (324 kB)
[2026-05-16 17:08:26] Collecting fastapi>=0.115.0 (from fastapi[standard]>=0.115.0->vllm==0.19.0)
[2026-05-16 17:08:26]   Downloading fastapi-0.136.1-py3-none-any.whl (117 kB)
[2026-05-16 17:08:27] Collecting aiohttp>=3.13.3 (from vllm==0.19.0)
[2026-05-16 17:08:27]   Using cached aiohttp-3.13.5-cp312-cp312-manylinux2014_x86_64.manylinux_2_17_x86_64.manylinux_2_28_x86_64.whl (1.8 MB)
[2026-05-16 17:08:27] Collecting openai>=2.0.0 (from vllm==0.19.0)
[2026-05-16 17:08:27]   Downloading openai-2.37.0-py3-none-any.whl (1.3 MB)
[2026-05-16 17:08:28]      ━━━━━━━━━━━━━━━━━━━━━━━━━━━━━━━━━━━━━━━━ 1.3/1.3 MB 1.7 MB/s  0:00:00
[2026-05-16 17:08:28] Collecting pydantic>=2.12.0 (from vllm==0.19.0)
[2026-05-16 17:08:28]   Using cached pydantic-2.13.4-py3-none-any.whl (472 kB)
[2026-05-16 17:08:28] Collecting prometheus_client>=0.18.0 (from vllm==0.19.0)
[2026-05-16 17:08:28]   Using cached prometheus_client-0.25.0-py3-none-any.whl (64 kB)
[2026-05-16 17:08:28] Requirement already satisfied: pillow in /mnt/workspace/venvs/.teacherVenv/lib/python3.12/site-packages (from vllm==0.19.0) (12.2.0)
[2026-05-16 17:08:29] Collecting prometheus-fastapi-instrumentator>=7.0.0 (from vllm==0.19.0)
[2026-05-16 17:08:29]   Downloading prometheus_fastapi_instrumentator-7.1.0-py3-none-any.whl (19 kB)
[2026-05-16 17:08:29] Collecting tiktoken>=0.6.0 (from vllm==0.19.0)
[2026-05-16 17:08:29]   Downloading tiktoken-0.13.0-cp312-cp312-manylinux_2_28_x86_64.whl (1.1 MB)
[2026-05-16 17:08:29]      ━━━━━━━━━━━━━━━━━━━━━━━━━━━━━━━━━━━━━━━━ 1.1/1.1 MB 3.0 MB/s  0:00:00
[2026-05-16 17:08:29] Collecting lm-format-enforcer==0.11.3 (from vllm==0.19.0)
[2026-05-16 17:08:29]   Downloading lm_format_enforcer-0.11.3-py3-none-any.whl (45 kB)
[2026-05-16 17:08:29] Collecting llguidance<1.4.0,>=1.3.0 (from vllm==0.19.0)
[2026-05-16 17:08:29]   Downloading llguidance-1.3.0-cp39-abi3-manylinux_2_17_x86_64.manylinux2014_x86_64.whl (3.0 MB)
[2026-05-16 17:08:30]      ━━━━━━━━━━━━━━━━━━━━━━━━━━━━━━━━━━━━━━━━ 3.0/3.0 MB 4.2 MB/s  0:00:00
[2026-05-16 17:08:30] Collecting outlines_core==0.2.11 (from vllm==0.19.0)
[2026-05-16 17:08:30]   Downloading outlines_core-0.2.11-cp312-cp312-manylinux_2_17_x86_64.manylinux2014_x86_64.whl (2.3 MB)
[2026-05-16 17:08:31]      ━━━━━━━━━━━━━━━━━━━━━━━━━━━━━━━━━━━━━━━━ 60.4/60.4 MB 2.0 MB/s  0:00:29
[2026-05-16 17:08:31] Collecting six>=1.16.0 (from vllm==0.19.0)
[2026-05-16 17:08:31]   Using cached six-1.17.0-py2.py3-none-any.whl (11 kB)
[2026-05-16 17:08:31]      ━━━━━━━━━━━━━━━━━━━━━━━━━━━━━━━━━━━━━━━━ 2.3/2.3 MB 4.7 MB/s  0:00:00
[2026-05-16 17:08:31] Collecting diskcache==5.6.3 (from vllm==0.19.0)
[2026-05-16 17:08:31]   Downloading diskcache-5.6.3-py3-none-any.whl (45 kB)
[2026-05-16 17:08:31] Collecting lark==1.2.2 (from vllm==0.19.0)
[2026-05-16 17:08:31]   Downloading lark-1.2.2-py3-none-any.whl (111 kB)
[2026-05-16 17:08:31] Collecting xgrammar<1.0.0,>=0.1.32 (from vllm==0.19.0)
[2026-05-16 17:08:31]   Downloading xgrammar-0.2.0-cp312-cp312-manylinux_2_27_x86_64.manylinux_2_28_x86_64.whl (44.6 MB)
[2026-05-16 17:08:32] Collecting setuptools<81.0.0,>=77.0.3 (from vllm==0.19.0)
[2026-05-16 17:08:32]   Downloading setuptools-80.10.2-py3-none-any.whl (1.1 MB)
[2026-05-16 17:08:32]      ━━━━━━━━━━━━━━━━━━━━━━━━━━━━━━━━━━━━━━━━ 1.1/1.1 MB 3.5 MB/s  0:00:00
[2026-05-16 17:08:32] Collecting einops (from vllm==0.19.0)
[2026-05-16 17:08:32]   Downloading einops-0.8.2-py3-none-any.whl (65 kB)
[2026-05-16 17:08:32] Collecting compressed-tensors==0.14.0.1 (from vllm==0.19.0)
[2026-05-16 17:08:33]   Downloading compressed_tensors-0.14.0.1-py3-none-any.whl (196 kB)
[2026-05-16 17:08:33] Collecting depyf==0.20.0 (from vllm==0.19.0)
[2026-05-16 17:08:33]   Downloading depyf-0.20.0-py3-none-any.whl (39 kB)
[2026-05-16 17:08:33] Collecting cloudpickle (from vllm==0.19.0)
[2026-05-16 17:08:34]   Downloading cloudpickle-3.1.2-py3-none-any.whl (22 kB)
[2026-05-16 17:08:34] Collecting watchfiles (from vllm==0.19.0)
[2026-05-16 17:08:34]   Downloading watchfiles-1.1.1-cp312-cp312-manylinux_2_17_x86_64.manylinux2014_x86_64.whl (456 kB)
[2026-05-16 17:08:34] Collecting python-json-logger (from vllm==0.19.0)
[2026-05-16 17:08:34]   Downloading python_json_logger-4.1.0-py3-none-any.whl (15 kB)
[2026-05-16 17:08:35] Collecting ninja (from vllm==0.19.0)
[2026-05-16 17:08:35]   Using cached ninja-1.13.0-py3-none-manylinux2014_x86_64.manylinux_2_17_x86_64.whl (180 kB)
[2026-05-16 17:08:35] Collecting pybase64 (from vllm==0.19.0)
[2026-05-16 17:08:35]   Downloading pybase64-1.4.3-cp312-cp312-manylinux1_x86_64.manylinux2014_x86_64.manylinux_2_17_x86_64.manylinux_2_5_x86_64.whl (71 kB)
[2026-05-16 17:08:35] Collecting cbor2 (from vllm==0.19.0)
[2026-05-16 17:08:35]   Downloading cbor2-6.1.1-cp312-cp312-manylinux_2_28_x86_64.whl (467 kB)
[2026-05-16 17:08:35] Collecting ijson (from vllm==0.19.0)
[2026-05-16 17:08:35]   Downloading ijson-3.5.0-cp312-cp312-manylinux2014_x86_64.manylinux_2_17_x86_64.manylinux_2_28_x86_64.whl (149 kB)
[2026-05-16 17:08:35] Collecting setproctitle (from vllm==0.19.0)
[2026-05-16 17:08:35]   Downloading setproctitle-1.3.7-cp312-cp312-manylinux1_x86_64.manylinux_2_28_x86_64.manylinux_2_5_x86_64.whl (32 kB)
[2026-05-16 17:08:36] Collecting openai-harmony>=0.0.3 (from vllm==0.19.0)
[2026-05-16 17:08:36]   Downloading openai_harmony-0.0.8-cp38-abi3-manylinux_2_17_x86_64.manylinux2014_x86_64.whl (3.0 MB)
[2026-05-16 17:08:37]      ━━━━━━━━━━━━━━━━━━━━━━━━━━━━━━━━━━━━━━━━ 3.0/3.0 MB 3.8 MB/s  0:00:00
[2026-05-16 17:08:37] Collecting anthropic>=0.71.0 (from vllm==0.19.0)
[2026-05-16 17:08:37]   Downloading anthropic-0.102.0-py3-none-any.whl (763 kB)
[2026-05-16 17:08:37]      ━━━━━━━━━━━━━━━━━━━━━━━━━━━━━━━━━━━━━━━━ 763.1/763.1 kB 16.8 MB/s  0:00:00
[2026-05-16 17:08:37] Collecting model-hosting-container-standards<1.0.0,>=0.1.13 (from vllm==0.19.0)
[2026-05-16 17:08:37]   Downloading model_hosting_container_standards-0.1.15-py3-none-any.whl (125 kB)
[2026-05-16 17:08:37] Collecting mcp (from vllm==0.19.0)
[2026-05-16 17:08:37]   Downloading mcp-1.27.1-py3-none-any.whl (216 kB)
[2026-05-16 17:08:38] Collecting opentelemetry-sdk>=1.27.0 (from vllm==0.19.0)
[2026-05-16 17:08:38]   Using cached opentelemetry_sdk-1.41.1-py3-none-any.whl (180 kB)
[2026-05-16 17:08:38] Collecting opentelemetry-api>=1.27.0 (from vllm==0.19.0)
[2026-05-16 17:08:38]   Downloading opentelemetry_api-1.41.1-py3-none-any.whl (69 kB)
[2026-05-16 17:08:38] Collecting opentelemetry-exporter-otlp>=1.27.0 (from vllm==0.19.0)
[2026-05-16 17:08:38]   Downloading opentelemetry_exporter_otlp-1.41.1-py3-none-any.whl (7.0 kB)
[2026-05-16 17:08:39] Collecting opentelemetry-semantic-conventions-ai>=0.4.1 (from vllm==0.19.0)
[2026-05-16 17:08:39]   Downloading opentelemetry_semantic_conventions_ai-0.5.1-py3-none-any.whl (11 kB)
[2026-05-16 17:08:39] Collecting numba==0.61.2 (from vllm==0.19.0)
[2026-05-16 17:08:39]   Downloading numba-0.61.2-cp312-cp312-manylinux2014_x86_64.manylinux_2_17_x86_64.whl (3.9 MB)
[2026-05-16 17:08:40]      ━━━━━━━━━━━━━━━━━━━━━━━━━━━━━━━━━━━━━━━━ 3.9/3.9 MB 3.8 MB/s  0:00:00
[2026-05-16 17:08:40] Requirement already satisfied: torch==2.10.0 in /mnt/workspace/venvs/.teacherVenv/lib/python3.12/site-packages (from vllm==0.19.0) (2.10.0)
[2026-05-16 17:08:40] Requirement already satisfied: torchaudio==2.10.0 in /mnt/workspace/venvs/.teacherVenv/lib/python3.12/site-packages (from vllm==0.19.0) (2.10.0)
[2026-05-16 17:08:40] Requirement already satisfied: torchvision==0.25.0 in /mnt/workspace/venvs/.teacherVenv/lib/python3.12/site-packages (from vllm==0.19.0) (0.25.0)
[2026-05-16 17:08:40] [2026-05-16 17:08:40,068 AIMaster] (job_monitor_controller_k8s.py 1099) INFO: All workers: 2, running: 2, failed: 0, pending: 0
[2026-05-16 17:08:40] [2026-05-16 17:08:40,068 AIMaster] (ops_reported_error_detector.py 103) INFO: Detecting whether the job is affected by errors reported by ops platform.
[2026-05-16 17:08:41] Collecting flashinfer-cubin==0.6.6 (from vllm==0.19.0)
[2026-05-16 17:08:41]   Downloading flashinfer_cubin-0.6.6-py3-none-any.whl (267.7 MB)
[2026-05-16 17:08:46] [2026-05-16 17:08:46,323 AIMaster] (job_event_collector.py 135) WARNING: Failed to watch pods, exception: ("Connection broken: ConnectionResetError(104, 'Connection reset by peer')", ConnectionResetError(104, 'Connection reset by peer'))
[2026-05-16 17:08:48]      ━━━━━━━━━━━━━━━━━━━━━━━━━━━━━━━━━━━━━━━━ 44.6/44.6 MB 2.6 MB/s  0:00:17
[2026-05-16 17:08:48] Requirement already satisfied: typing_extensions>=4.10 in /mnt/workspace/venvs/.teacherVenv/lib/python3.12/site-packages (from vllm==0.19.0) (4.15.0)
[2026-05-16 17:08:48] [2026-05-16 17:08:47,882 AIMaster] (config.py 347) INFO: Try loading config from pai-aimaster-new configmap.
[2026-05-16 17:08:49] Collecting partial-json-parser (from vllm==0.19.0)
[2026-05-16 17:08:49]   Downloading partial_json_parser-0.2.1.1.post7-py3-none-any.whl (10 kB)
[2026-05-16 17:08:49] Collecting pyzmq>=25.0.0 (from vllm==0.19.0)
[2026-05-16 17:08:49]   Downloading pyzmq-27.1.0-cp312-abi3-manylinux_2_26_x86_64.manylinux_2_28_x86_64.whl (840 kB)
[2026-05-16 17:08:49]      ━━━━━━━━━━━━━━━━━━━━━━━━━━━━━━━━━━━━━━━━ 841.0/841.0 kB 40.6 MB/s  0:00:00
[2026-05-16 17:08:49] Collecting msgspec (from vllm==0.19.0)
[2026-05-16 17:08:49]   Downloading msgspec-0.21.1-cp312-cp312-manylinux2014_x86_64.manylinux_2_17_x86_64.manylinux_2_28_x86_64.whl (225 kB)
[2026-05-16 17:08:49] Collecting gguf>=0.17.0 (from vllm==0.19.0)
[2026-05-16 17:08:50]   Downloading gguf-0.19.0-py3-none-any.whl (118 kB)
[2026-05-16 17:08:50] Collecting mistral_common>=1.10.0 (from mistral_common[image]>=1.10.0->vllm==0.19.0)
[2026-05-16 17:08:50]   Downloading mistral_common-1.11.2-py3-none-any.whl (6.5 MB)
[2026-05-16 17:08:52]      ━━━━━━━━━━━━━━━━━━━━━━━━━━━━━━━━━━━━━━━━ 6.5/6.5 MB 3.0 MB/s  0:00:02
[2026-05-16 17:08:52] Collecting opencv-python-headless>=4.13.0 (from vllm==0.19.0)
[2026-05-16 17:08:52]   Downloading opencv_python_headless-4.13.0.92-cp37-abi3-manylinux_2_28_x86_64.whl (60.4 MB)
[2026-05-16 17:09:09]      ━━━━━━━━━━━━━━━━━━━━━━━━━━━━━━━━━━━━━━━━ 60.4/60.4 MB 3.6 MB/s  0:00:16
[2026-05-16 17:09:09] Collecting six>=1.16.0 (from vllm==0.19.0)
[2026-05-16 17:09:09]   Using cached six-1.17.0-py2.py3-none-any.whl (11 kB)
[2026-05-16 17:09:09] Collecting setuptools<81.0.0,>=77.0.3 (from vllm==0.19.0)
[2026-05-16 17:09:09]   Downloading setuptools-80.10.2-py3-none-any.whl (1.1 MB)
[2026-05-16 17:09:09]      ━━━━━━━━━━━━━━━━━━━━━━━━━━━━━━━━━━━━━━━━ 1.1/1.1 MB 40.5 MB/s  0:00:00
[2026-05-16 17:09:09] Collecting einops (from vllm==0.19.0)
[2026-05-16 17:09:09]   Downloading einops-0.8.2-py3-none-any.whl (65 kB)
[2026-05-16 17:09:09] Collecting compressed-tensors==0.14.0.1 (from vllm==0.19.0)
[2026-05-16 17:09:09]   Downloading compressed_tensors-0.14.0.1-py3-none-any.whl (196 kB)
[2026-05-16 17:09:09] Collecting depyf==0.20.0 (from vllm==0.19.0)
[2026-05-16 17:09:09]   Downloading depyf-0.20.0-py3-none-any.whl (39 kB)
[2026-05-16 17:09:09] Collecting cloudpickle (from vllm==0.19.0)
[2026-05-16 17:09:09]   Downloading cloudpickle-3.1.2-py3-none-any.whl (22 kB)
[2026-05-16 17:09:09] Collecting watchfiles (from vllm==0.19.0)
[2026-05-16 17:09:09]   Downloading watchfiles-1.1.1-cp312-cp312-manylinux_2_17_x86_64.manylinux2014_x86_64.whl (456 kB)
[2026-05-16 17:09:09] Collecting python-json-logger (from vllm==0.19.0)
[2026-05-16 17:09:09]   Downloading python_json_logger-4.1.0-py3-none-any.whl (15 kB)
[2026-05-16 17:09:09] Collecting ninja (from vllm==0.19.0)
[2026-05-16 17:09:09]   Using cached ninja-1.13.0-py3-none-manylinux2014_x86_64.manylinux_2_17_x86_64.whl (180 kB)
[2026-05-16 17:09:10] [2026-05-16 17:09:10,232 AIMaster] (job_monitor_controller_k8s.py 1099) INFO: All workers: 2, running: 2, failed: 0, pending: 0
[2026-05-16 17:09:10] [2026-05-16 17:09:10,232 AIMaster] (aimaster_failover_controller.py 81) INFO: Detecting whether aimaster should be migrated.
[2026-05-16 17:09:10] Collecting pybase64 (from vllm==0.19.0)
[2026-05-16 17:09:10]   Downloading pybase64-1.4.3-cp312-cp312-manylinux1_x86_64.manylinux2014_x86_64.manylinux_2_17_x86_64.manylinux_2_5_x86_64.whl (71 kB)
[2026-05-16 17:09:10] Collecting cbor2 (from vllm==0.19.0)
[2026-05-16 17:09:10]   Downloading cbor2-6.1.1-cp312-cp312-manylinux_2_28_x86_64.whl (467 kB)
[2026-05-16 17:09:10] Collecting ijson (from vllm==0.19.0)
[2026-05-16 17:09:10]   Downloading ijson-3.5.0-cp312-cp312-manylinux2014_x86_64.manylinux_2_17_x86_64.manylinux_2_28_x86_64.whl (149 kB)
[2026-05-16 17:09:10] Collecting setproctitle (from vllm==0.19.0)
[2026-05-16 17:09:10]   Downloading setproctitle-1.3.7-cp312-cp312-manylinux1_x86_64.manylinux_2_28_x86_64.manylinux_2_5_x86_64.whl (32 kB)
[2026-05-16 17:09:10] Collecting openai-harmony>=0.0.3 (from vllm==0.19.0)
[2026-05-16 17:09:10]   Downloading openai_harmony-0.0.8-cp38-abi3-manylinux_2_17_x86_64.manylinux2014_x86_64.whl (3.0 MB)
[2026-05-16 17:09:10]      ━━━━━━━━━━━━━━━━━━━━━━━━━━━━━━━━━━━━━━━━ 3.0/3.0 MB 37.4 MB/s  0:00:00
[2026-05-16 17:09:10] Collecting anthropic>=0.71.0 (from vllm==0.19.0)
[2026-05-16 17:09:10]   Downloading anthropic-0.102.0-py3-none-any.whl (763 kB)
[2026-05-16 17:09:10]      ━━━━━━━━━━━━━━━━━━━━━━━━━━━━━━━━━━━━━━━━ 763.1/763.1 kB 44.7 MB/s  0:00:00
[2026-05-16 17:09:10] Collecting model-hosting-container-standards<1.0.0,>=0.1.13 (from vllm==0.19.0)
[2026-05-16 17:09:10]   Downloading model_hosting_container_standards-0.1.15-py3-none-any.whl (125 kB)
[2026-05-16 17:09:10] Collecting mcp (from vllm==0.19.0)
[2026-05-16 17:09:10]   Downloading mcp-1.27.1-py3-none-any.whl (216 kB)
[2026-05-16 17:09:10] Collecting opentelemetry-sdk>=1.27.0 (from vllm==0.19.0)
[2026-05-16 17:09:10]   Using cached opentelemetry_sdk-1.41.1-py3-none-any.whl (180 kB)
[2026-05-16 17:09:10] Collecting opentelemetry-api>=1.27.0 (from vllm==0.19.0)
[2026-05-16 17:09:10]   Downloading opentelemetry_api-1.41.1-py3-none-any.whl (69 kB)
[2026-05-16 17:09:10] Collecting opentelemetry-exporter-otlp>=1.27.0 (from vllm==0.19.0)
[2026-05-16 17:09:10]   Downloading opentelemetry_exporter_otlp-1.41.1-py3-none-any.whl (7.0 kB)
[2026-05-16 17:09:10] Collecting opentelemetry-semantic-conventions-ai>=0.4.1 (from vllm==0.19.0)
[2026-05-16 17:09:10]   Downloading opentelemetry_semantic_conventions_ai-0.5.1-py3-none-any.whl (11 kB)
[2026-05-16 17:09:11] Collecting numba==0.61.2 (from vllm==0.19.0)
[2026-05-16 17:09:11]   Downloading numba-0.61.2-cp312-cp312-manylinux2014_x86_64.manylinux_2_17_x86_64.whl (3.9 MB)
[2026-05-16 17:09:11]      ━━━━━━━━━━━━━━━━━━━━━━━━━━━━━━━━━━━━━━━━ 3.9/3.9 MB 48.9 MB/s  0:00:00
[2026-05-16 17:09:11] Requirement already satisfied: torch==2.10.0 in /mnt/workspace/venvs/.teacherVenv/lib/python3.12/site-packages (from vllm==0.19.0) (2.10.0)
[2026-05-16 17:09:11] Requirement already satisfied: torchaudio==2.10.0 in /mnt/workspace/venvs/.teacherVenv/lib/python3.12/site-packages (from vllm==0.19.0) (2.10.0)
[2026-05-16 17:09:11] Requirement already satisfied: torchvision==0.25.0 in /mnt/workspace/venvs/.teacherVenv/lib/python3.12/site-packages (from vllm==0.19.0) (0.25.0)
[2026-05-16 17:09:11] Collecting flashinfer-cubin==0.6.6 (from vllm==0.19.0)
[2026-05-16 17:09:11]   Downloading flashinfer_cubin-0.6.6-py3-none-any.whl (267.7 MB)
[2026-05-16 17:09:14]      ━━━━━━━━━━━━━━━━━━━━━━━━━━━━━━━━━━━━━━━━ 267.7/267.7 MB 8.7 MB/s  0:00:32
[2026-05-16 17:09:14] Collecting nvidia-cudnn-frontend<1.19.0,>=1.13.0 (from vllm==0.19.0)
[2026-05-16 17:09:14]   Downloading nvidia_cudnn_frontend-1.18.0-cp312-cp312-manylinux_2_27_x86_64.manylinux_2_28_x86_64.whl (2.2 MB)
[2026-05-16 17:09:14]      ━━━━━━━━━━━━━━━━━━━━━━━━━━━━━━━━━━━━━━━━ 2.2/2.2 MB 17.3 MB/s  0:00:00
[2026-05-16 17:09:14] Collecting nvidia-cutlass-dsl>=4.4.0.dev1 (from vllm==0.19.0)
[2026-05-16 17:09:14]   Downloading nvidia_cutlass_dsl-4.5.1-py3-none-any.whl (10 kB)
[2026-05-16 17:09:14] Collecting quack-kernels>=0.2.7 (from vllm==0.19.0)
[2026-05-16 17:09:14]   Downloading quack_kernels-0.4.1-py3-none-any.whl (260 kB)
[2026-05-16 17:09:15] Collecting apache-tvm-ffi!=0.1.8,!=0.1.8.post0,<0.2,>=0.1.6 (from flashinfer-python==0.6.6)
[2026-05-16 17:09:15]   Downloading apache_tvm_ffi-0.1.11-cp312-abi3-manylinux_2_24_x86_64.manylinux_2_28_x86_64.whl (2.7 MB)
[2026-05-16 17:09:15]      ━━━━━━━━━━━━━━━━━━━━━━━━━━━━━━━━━━━━━━━━ 2.7/2.7 MB 13.0 MB/s  0:00:00
[2026-05-16 17:09:15] Collecting click (from flashinfer-python==0.6.6)
[2026-05-16 17:09:15]   Using cached click-8.3.3-py3-none-any.whl (110 kB)
[2026-05-16 17:09:15] Collecting nvidia-ml-py (from flashinfer-python==0.6.6)
[2026-05-16 17:09:15]   Downloading nvidia_ml_py-13.595.45-py3-none-any.whl (51 kB)
[2026-05-16 17:09:15] Collecting tabulate (from flashinfer-python==0.6.6)
[2026-05-16 17:09:15]   Downloading tabulate-0.10.0-py3-none-any.whl (39 kB)
[2026-05-16 17:09:15] Collecting loguru (from compressed-tensors==0.14.0.1->vllm==0.19.0)
[2026-05-16 17:09:15]   Downloading loguru-0.7.3-py3-none-any.whl (61 kB)
[2026-05-16 17:09:15] Collecting astor (from depyf==0.20.0->vllm==0.19.0)
[2026-05-16 17:09:16]   Downloading astor-0.8.1-py2.py3-none-any.whl (27 kB)
[2026-05-16 17:09:16] Collecting interegular>=0.3.2 (from lm-format-enforcer==0.11.3->vllm==0.19.0)
[2026-05-16 17:09:16]   Downloading interegular-0.3.3-py37-none-any.whl (23 kB)
[2026-05-16 17:09:16] Collecting llvmlite<0.45,>=0.44.0dev0 (from numba==0.61.2->vllm==0.19.0)
[2026-05-16 17:09:16]   Downloading llvmlite-0.44.0-cp312-cp312-manylinux_2_17_x86_64.manylinux2014_x86_64.whl (42.4 MB)
[2026-05-16 17:09:18]      ━━━━━━━━━━━━━━━━━━━━━━━━━━━━━━━━━━━━━━━━ 42.4/42.4 MB 18.1 MB/s  0:00:02
[2026-05-16 17:09:18]      ━━━━━━━━━━━━━━━━━━━━━━━━━━━━━━━━━━━━━━━━ 267.7/267.7 MB 35.1 MB/s  0:00:07
[2026-05-16 17:09:19] Collecting numpy>=1.17 (from datasets==4.8.4)
[2026-05-16 17:09:19]   Using cached numpy-2.2.6-cp312-cp312-manylinux_2_17_x86_64.manylinux2014_x86_64.whl (16.5 MB)
[2026-05-16 17:09:19] Requirement already satisfied: sympy>=1.13.3 in /mnt/workspace/venvs/.teacherVenv/lib/python3.12/site-packages (from torch==2.10.0->vllm==0.19.0) (1.14.0)
[2026-05-16 17:09:19] Requirement already satisfied: networkx>=2.5.1 in /mnt/workspace/venvs/.teacherVenv/lib/python3.12/site-packages (from torch==2.10.0->vllm==0.19.0) (3.6.1)
[2026-05-16 17:09:19] Requirement already satisfied: jinja2 in /mnt/workspace/venvs/.teacherVenv/lib/python3.12/site-packages (from torch==2.10.0->vllm==0.19.0) (3.1.6)
[2026-05-16 17:09:19] Requirement already satisfied: cuda-bindings==12.9.4 in /mnt/workspace/venvs/.teacherVenv/lib/python3.12/site-packages (from torch==2.10.0->vllm==0.19.0) (12.9.4)
[2026-05-16 17:09:19] Requirement already satisfied: nvidia-cuda-nvrtc-cu12==12.8.93 in /mnt/workspace/venvs/.teacherVenv/lib/python3.12/site-packages (from torch==2.10.0->vllm==0.19.0) (12.8.93)
[2026-05-16 17:09:19] Requirement already satisfied: nvidia-cuda-runtime-cu12==12.8.90 in /mnt/workspace/venvs/.teacherVenv/lib/python3.12/site-packages (from torch==2.10.0->vllm==0.19.0) (12.8.90)
[2026-05-16 17:09:19] Requirement already satisfied: nvidia-cuda-cupti-cu12==12.8.90 in /mnt/workspace/venvs/.teacherVenv/lib/python3.12/site-packages (from torch==2.10.0->vllm==0.19.0) (12.8.90)
[2026-05-16 17:09:19] Requirement already satisfied: nvidia-cudnn-cu12==9.10.2.21 in /mnt/workspace/venvs/.teacherVenv/lib/python3.12/site-packages (from torch==2.10.0->vllm==0.19.0) (9.10.2.21)
[2026-05-16 17:09:19] Requirement already satisfied: nvidia-cublas-cu12==12.8.4.1 in /mnt/workspace/venvs/.teacherVenv/lib/python3.12/site-packages (from torch==2.10.0->vllm==0.19.0) (12.8.4.1)
[2026-05-16 17:09:19] Requirement already satisfied: nvidia-cufft-cu12==11.3.3.83 in /mnt/workspace/venvs/.teacherVenv/lib/python3.12/site-packages (from torch==2.10.0->vllm==0.19.0) (11.3.3.83)
[2026-05-16 17:09:19] Requirement already satisfied: nvidia-curand-cu12==10.3.9.90 in /mnt/workspace/venvs/.teacherVenv/lib/python3.12/site-packages (from torch==2.10.0->vllm==0.19.0) (10.3.9.90)
[2026-05-16 17:09:19] Requirement already satisfied: nvidia-cusolver-cu12==11.7.3.90 in /mnt/workspace/venvs/.teacherVenv/lib/python3.12/site-packages (from torch==2.10.0->vllm==0.19.0) (11.7.3.90)
[2026-05-16 17:09:19] Requirement already satisfied: nvidia-cusparse-cu12==12.5.8.93 in /mnt/workspace/venvs/.teacherVenv/lib/python3.12/site-packages (from torch==2.10.0->vllm==0.19.0) (12.5.8.93)
[2026-05-16 17:09:19] Requirement already satisfied: nvidia-cusparselt-cu12==0.7.1 in /mnt/workspace/venvs/.teacherVenv/lib/python3.12/site-packages (from torch==2.10.0->vllm==0.19.0) (0.7.1)
[2026-05-16 17:09:19] Requirement already satisfied: nvidia-nccl-cu12==2.27.5 in /mnt/workspace/venvs/.teacherVenv/lib/python3.12/site-packages (from torch==2.10.0->vllm==0.19.0) (2.27.5)
[2026-05-16 17:09:19] Requirement already satisfied: nvidia-nvshmem-cu12==3.4.5 in /mnt/workspace/venvs/.teacherVenv/lib/python3.12/site-packages (from torch==2.10.0->vllm==0.19.0) (3.4.5)
[2026-05-16 17:09:19] Requirement already satisfied: nvidia-nvtx-cu12==12.8.90 in /mnt/workspace/venvs/.teacherVenv/lib/python3.12/site-packages (from torch==2.10.0->vllm==0.19.0) (12.8.90)
[2026-05-16 17:09:19] Requirement already satisfied: nvidia-nvjitlink-cu12==12.8.93 in /mnt/workspace/venvs/.teacherVenv/lib/python3.12/site-packages (from torch==2.10.0->vllm==0.19.0) (12.8.93)
[2026-05-16 17:09:19] Requirement already satisfied: nvidia-cufile-cu12==1.13.1.3 in /mnt/workspace/venvs/.teacherVenv/lib/python3.12/site-packages (from torch==2.10.0->vllm==0.19.0) (1.13.1.3)
[2026-05-16 17:09:19] Requirement already satisfied: triton==3.6.0 in /mnt/workspace/venvs/.teacherVenv/lib/python3.12/site-packages (from torch==2.10.0->vllm==0.19.0) (3.6.0)
[2026-05-16 17:09:19] Requirement already satisfied: cuda-pathfinder~=1.1 in /mnt/workspace/venvs/.teacherVenv/lib/python3.12/site-packages (from cuda-bindings==12.9.4->torch==2.10.0->vllm==0.19.0) (1.5.4)
[2026-05-16 17:09:19] Collecting anyio (from httpx<1.0.0->datasets==4.8.4)
[2026-05-16 17:09:19]   Using cached anyio-4.13.0-py3-none-any.whl (114 kB)
[2026-05-16 17:09:19] Collecting certifi (from httpx<1.0.0->datasets==4.8.4)
[2026-05-16 17:09:19]   Using cached certifi-2026.4.22-py3-none-any.whl (135 kB)
[2026-05-16 17:09:19] Collecting httpcore==1.* (from httpx<1.0.0->datasets==4.8.4)
[2026-05-16 17:09:19]   Using cached httpcore-1.0.9-py3-none-any.whl (78 kB)
[2026-05-16 17:09:19] Collecting idna (from httpx<1.0.0->datasets==4.8.4)
[2026-05-16 17:09:19]   Using cached idna-3.15-py3-none-any.whl (72 kB)
[2026-05-16 17:09:19] Collecting h11>=0.16 (from httpcore==1.*->httpx<1.0.0->datasets==4.8.4)
[2026-05-16 17:09:19]   Using cached h11-0.16.0-py3-none-any.whl (37 kB)
[2026-05-16 17:09:19] Collecting hf-xet<2.0.0,>=1.4.3 (from huggingface-hub<2.0,>=0.25.0->datasets==4.8.4)
[2026-05-16 17:09:19]   Using cached hf_xet-1.5.0-cp37-abi3-manylinux2014_x86_64.manylinux_2_17_x86_64.whl (4.5 MB)
[2026-05-16 17:09:19] Collecting typer>=0.20.0 (from huggingface-hub<2.0,>=0.25.0->datasets==4.8.4)
[2026-05-16 17:09:19]   Downloading typer-0.25.1-py3-none-any.whl (58 kB)
[2026-05-16 17:09:19] Collecting jmespath (from model-hosting-container-standards<1.0.0,>=0.1.13->vllm==0.19.0)
[2026-05-16 17:09:19]   Downloading jmespath-1.1.0-py3-none-any.whl (20 kB)
[2026-05-16 17:09:19] Collecting starlette>=0.49.1 (from model-hosting-container-standards<1.0.0,>=0.1.13->vllm==0.19.0)
[2026-05-16 17:09:19]   Downloading starlette-1.0.0-py3-none-any.whl (72 kB)
[2026-05-16 17:09:19] Collecting supervisor>=4.2.0 (from model-hosting-container-standards<1.0.0,>=0.1.13->vllm==0.19.0)
[2026-05-16 17:09:19]   Downloading supervisor-4.3.0-py2.py3-none-any.whl (320 kB)
[2026-05-16 17:09:19] Collecting huggingface-hub<2.0,>=0.25.0 (from datasets==4.8.4)
[2026-05-16 17:09:19] Collecting nvidia-cudnn-frontend<1.19.0,>=1.13.0 (from vllm==0.19.0)
[2026-05-16 17:09:19]   Downloading nvidia_cudnn_frontend-1.18.0-cp312-cp312-manylinux_2_27_x86_64.manylinux_2_28_x86_64.whl (2.2 MB)
[2026-05-16 17:09:20]   Downloading huggingface_hub-0.36.2-py3-none-any.whl (566 kB)
[2026-05-16 17:09:20]      ━━━━━━━━━━━━━━━━━━━━━━━━━━━━━━━━━━━━━━━━ 566.4/566.4 kB 11.0 MB/s  0:00:00
[2026-05-16 17:09:20] Collecting tokenizers>=0.21.1 (from vllm==0.19.0)
[2026-05-16 17:09:20]   Using cached tokenizers-0.22.2-cp39-abi3-manylinux_2_17_x86_64.manylinux2014_x86_64.whl (3.3 MB)
[2026-05-16 17:09:20] Collecting safetensors>=0.4.3 (from transformers<5,>=4.56.0->vllm==0.19.0)
[2026-05-16 17:09:20]   Downloading safetensors-0.7.0-cp38-abi3-manylinux_2_17_x86_64.manylinux2014_x86_64.whl (507 kB)
[2026-05-16 17:09:20] Collecting aiohappyeyeballs>=2.5.0 (from aiohttp>=3.13.3->vllm==0.19.0)
[2026-05-16 17:09:20]   Using cached aiohappyeyeballs-2.6.1-py3-none-any.whl (15 kB)
[2026-05-16 17:09:20] Collecting aiosignal>=1.4.0 (from aiohttp>=3.13.3->vllm==0.19.0)
[2026-05-16 17:09:20]   Using cached aiosignal-1.4.0-py3-none-any.whl (7.5 kB)
[2026-05-16 17:09:20] Collecting attrs>=17.3.0 (from aiohttp>=3.13.3->vllm==0.19.0)
[2026-05-16 17:09:20]   Using cached attrs-26.1.0-py3-none-any.whl (67 kB)
[2026-05-16 17:09:20] Collecting frozenlist>=1.1.1 (from aiohttp>=3.13.3->vllm==0.19.0)
[2026-05-16 17:09:20]   Downloading frozenlist-1.8.0-cp312-cp312-manylinux1_x86_64.manylinux_2_28_x86_64.manylinux_2_5_x86_64.whl (242 kB)
[2026-05-16 17:09:21] Collecting multidict<7.0,>=4.5 (from aiohttp>=3.13.3->vllm==0.19.0)
[2026-05-16 17:09:21]   Downloading multidict-6.7.1-cp312-cp312-manylinux2014_x86_64.manylinux_2_17_x86_64.manylinux_2_28_x86_64.whl (256 kB)
[2026-05-16 17:09:21] Collecting propcache>=0.2.0 (from aiohttp>=3.13.3->vllm==0.19.0)
[2026-05-16 17:09:21]   Using cached propcache-0.5.2-cp312-cp312-manylinux2014_x86_64.manylinux_2_17_x86_64.manylinux_2_28_x86_64.whl (61 kB)
[2026-05-16 17:09:21] Collecting yarl<2.0,>=1.17.0 (from aiohttp>=3.13.3->vllm==0.19.0)
[2026-05-16 17:09:21]   Using cached yarl-1.23.0-cp312-cp312-manylinux2014_x86_64.manylinux_2_17_x86_64.manylinux_2_28_x86_64.whl (100 kB)
[2026-05-16 17:09:21] Collecting distro<2,>=1.7.0 (from anthropic>=0.71.0->vllm==0.19.0)
[2026-05-16 17:09:21]   Downloading distro-1.9.0-py3-none-any.whl (20 kB)
[2026-05-16 17:09:21] Collecting docstring-parser<1,>=0.15 (from anthropic>=0.71.0->vllm==0.19.0)
[2026-05-16 17:09:21]   Downloading docstring_parser-0.18.0-py3-none-any.whl (22 kB)
[2026-05-16 17:09:21] Collecting jiter<1,>=0.4.0 (from anthropic>=0.71.0->vllm==0.19.0)
[2026-05-16 17:09:22]   Downloading jiter-0.14.0-cp312-cp312-manylinux_2_17_x86_64.manylinux2014_x86_64.whl (353 kB)
[2026-05-16 17:09:22] Collecting sniffio (from anthropic>=0.71.0->vllm==0.19.0)
[2026-05-16 17:09:22]   Downloading sniffio-1.3.1-py3-none-any.whl (10 kB)
[2026-05-16 17:09:22] Collecting annotated-types>=0.6.0 (from pydantic>=2.12.0->vllm==0.19.0)
[2026-05-16 17:09:22]   Using cached annotated_types-0.7.0-py3-none-any.whl (13 kB)
[2026-05-16 17:09:23] Collecting pydantic-core==2.46.4 (from pydantic>=2.12.0->vllm==0.19.0)
[2026-05-16 17:09:23]   Using cached pydantic_core-2.46.4-cp312-cp312-manylinux_2_17_x86_64.manylinux2014_x86_64.whl (2.1 MB)
[2026-05-16 17:09:23] Collecting typing-inspection>=0.4.2 (from pydantic>=2.12.0->vllm==0.19.0)
[2026-05-16 17:09:23]   Using cached typing_inspection-0.4.2-py3-none-any.whl (14 kB)
[2026-05-16 17:09:23] Collecting annotated-doc>=0.0.2 (from fastapi>=0.115.0->fastapi[standard]>=0.115.0->vllm==0.19.0)
[2026-05-16 17:09:23]   Using cached annotated_doc-0.0.4-py3-none-any.whl (5.3 kB)
[2026-05-16 17:09:23] Collecting fastapi-cli>=0.0.8 (from fastapi-cli[standard]>=0.0.8; extra == "standard"->fastapi[standard]>=0.115.0->vllm==0.19.0)
[2026-05-16 17:09:24]   Downloading fastapi_cli-0.0.24-py3-none-any.whl (12 kB)
[2026-05-16 17:09:25] Collecting fastar>=0.9.0 (from fastapi[standard]>=0.115.0->vllm==0.19.0)
[2026-05-16 17:09:25]   Downloading fastar-0.11.0-cp312-cp312-manylinux_2_17_x86_64.manylinux2014_x86_64.whl (819 kB)
[2026-05-16 17:09:30]      ━━━━━━━━━━━━━━━━━━━━━━━━━━━━━━━━━━━━━━━━ 819.4/819.4 kB 131.7 kB/s  0:00:05
[2026-05-16 17:09:31] Collecting python-multipart>=0.0.18 (from fastapi[standard]>=0.115.0->vllm==0.19.0)
[2026-05-16 17:09:31]   Downloading python_multipart-0.0.28-py3-none-any.whl (29 kB)
[2026-05-16 17:09:31] Collecting email-validator>=2.0.0 (from fastapi[standard]>=0.115.0->vllm==0.19.0)
[2026-05-16 17:09:31]   Downloading email_validator-2.3.0-py3-none-any.whl (35 kB)
[2026-05-16 17:09:31] Collecting uvicorn>=0.12.0 (from uvicorn[standard]>=0.12.0; extra == "standard"->fastapi[standard]>=0.115.0->vllm==0.19.0)
[2026-05-16 17:09:31]   Downloading uvicorn-0.47.0-py3-none-any.whl (71 kB)
[2026-05-16 17:09:32] Collecting pydantic-settings>=2.0.0 (from fastapi[standard]>=0.115.0->vllm==0.19.0)
[2026-05-16 17:09:32]   Downloading pydantic_settings-2.14.1-py3-none-any.whl (60 kB)
[2026-05-16 17:09:32] Collecting pydantic-extra-types>=2.0.0 (from fastapi[standard]>=0.115.0->vllm==0.19.0)
[2026-05-16 17:09:33]   Downloading pydantic_extra_types-2.11.1-py3-none-any.whl (79 kB)
[2026-05-16 17:09:33] Collecting dnspython>=2.0.0 (from email-validator>=2.0.0->fastapi[standard]>=0.115.0->vllm==0.19.0)
[2026-05-16 17:09:33]   Downloading dnspython-2.8.0-py3-none-any.whl (331 kB)
[2026-05-16 17:09:35] Collecting rich-toolkit>=0.14.8 (from fastapi-cli>=0.0.8->fastapi-cli[standard]>=0.0.8; extra == "standard"->fastapi[standard]>=0.115.0->vllm==0.19.0)
[2026-05-16 17:09:36]   Downloading rich_toolkit-0.19.9-py3-none-any.whl (33 kB)
[2026-05-16 17:09:36] Collecting fastapi-cloud-cli>=0.1.1 (from fastapi-cli[standard]>=0.0.8; extra == "standard"->fastapi[standard]>=0.115.0->vllm==0.19.0)
[2026-05-16 17:09:36]   Downloading fastapi_cloud_cli-0.17.1-py3-none-any.whl (34 kB)
[2026-05-16 17:09:36]      ━━━━━━━━━━━━━━━━━━━━━━━━━━━━━━━━━━━━━━━━ 2.2/2.2 MB 115.8 kB/s  0:00:17
[2026-05-16 17:09:37] Collecting nvidia-cutlass-dsl>=4.4.0.dev1 (from vllm==0.19.0)
[2026-05-16 17:09:37]   Downloading nvidia_cutlass_dsl-4.5.1-py3-none-any.whl (10 kB)
[2026-05-16 17:09:37] Collecting quack-kernels>=0.2.7 (from vllm==0.19.0)
[2026-05-16 17:09:37]   Downloading quack_kernels-0.4.1-py3-none-any.whl (260 kB)
[2026-05-16 17:09:38] Collecting rignore>=0.5.1 (from fastapi-cloud-cli>=0.1.1->fastapi-cli[standard]>=0.0.8; extra == "standard"->fastapi[standard]>=0.115.0->vllm==0.19.0)
[2026-05-16 17:09:38]   Downloading rignore-0.7.6-cp312-cp312-manylinux_2_17_x86_64.manylinux2014_x86_64.whl (959 kB)
[2026-05-16 17:09:39] Collecting apache-tvm-ffi!=0.1.8,!=0.1.8.post0,<0.2,>=0.1.6 (from flashinfer-python==0.6.6)
[2026-05-16 17:09:39]   Downloading apache_tvm_ffi-0.1.11-cp312-abi3-manylinux_2_24_x86_64.manylinux_2_28_x86_64.whl (2.7 MB)
[2026-05-16 17:09:40] [2026-05-16 17:09:40,364 AIMaster] (job_monitor_controller_k8s.py 1099) INFO: All workers: 2, running: 2, failed: 0, pending: 0
[2026-05-16 17:09:40] [2026-05-16 17:09:40,364 AIMaster] (ops_reported_error_detector.py 103) INFO: Detecting whether the job is affected by errors reported by ops platform.
[2026-05-16 17:09:44]      ━━━━━━━━━━━━━━━━━━━━━━━━━━━━━━━━━━━━━━━━ 959.8/959.8 kB 150.8 kB/s  0:00:06
[2026-05-16 17:09:44] Collecting sentry-sdk>=2.20.0 (from fastapi-cloud-cli>=0.1.1->fastapi-cli[standard]>=0.0.8; extra == "standard"->fastapi[standard]>=0.115.0->vllm==0.19.0)
[2026-05-16 17:09:44]   Using cached sentry_sdk-2.60.0-py3-none-any.whl (475 kB)
[2026-05-16 17:09:44] Requirement already satisfied: MarkupSafe>=2.0 in /mnt/workspace/venvs/.teacherVenv/lib/python3.12/site-packages (from jinja2->torch==2.10.0->vllm==0.19.0) (3.0.3)
[2026-05-16 17:09:44] Collecting jsonschema>=4.21.1 (from mistral_common>=1.10.0->mistral_common[image]>=1.10.0->vllm==0.19.0)
[2026-05-16 17:09:44]   Using cached jsonschema-4.26.0-py3-none-any.whl (90 kB)
[2026-05-16 17:09:44] Collecting jsonschema-specifications>=2023.03.6 (from jsonschema>=4.21.1->mistral_common>=1.10.0->mistral_common[image]>=1.10.0->vllm==0.19.0)
[2026-05-16 17:09:44]   Using cached jsonschema_specifications-2025.9.1-py3-none-any.whl (18 kB)
[2026-05-16 17:09:44] Collecting referencing>=0.28.4 (from jsonschema>=4.21.1->mistral_common>=1.10.0->mistral_common[image]>=1.10.0->vllm==0.19.0)
[2026-05-16 17:09:44]   Using cached referencing-0.37.0-py3-none-any.whl (26 kB)
[2026-05-16 17:09:47] Collecting rpds-py>=0.25.0 (from jsonschema>=4.21.1->mistral_common>=1.10.0->mistral_common[image]>=1.10.0->vllm==0.19.0)
[2026-05-16 17:09:47]   Downloading rpds_py-0.30.0-cp312-cp312-manylinux_2_17_x86_64.manylinux2014_x86_64.whl (394 kB)
[2026-05-16 17:09:48] [2026-05-16 17:09:47,916 AIMaster] (config.py 347) INFO: Try loading config from pai-aimaster-new configmap.
[2026-05-16 17:09:50] Collecting nvidia-cutlass-dsl-libs-base==4.5.1 (from nvidia-cutlass-dsl>=4.4.0.dev1->vllm==0.19.0)
[2026-05-16 17:09:50]   Downloading nvidia_cutlass_dsl_libs_base-4.5.1-cp312-cp312-manylinux_2_28_x86_64.whl (74.5 MB)
[2026-05-16 17:09:57]      ━━━━━━━━━━━━━━━━━━━━━━━━━━━━━━━━━━━━━━━━ 2.7/2.7 MB 149.4 kB/s  0:00:17
[2026-05-16 17:09:57] Collecting click (from flashinfer-python==0.6.6)
[2026-05-16 17:09:57]   Using cached click-8.3.3-py3-none-any.whl (110 kB)
[2026-05-16 17:09:57] Collecting nvidia-ml-py (from flashinfer-python==0.6.6)
[2026-05-16 17:09:57]   Downloading nvidia_ml_py-13.595.45-py3-none-any.whl (51 kB)
[2026-05-16 17:09:58] Collecting tabulate (from flashinfer-python==0.6.6)
[2026-05-16 17:09:58]   Downloading tabulate-0.10.0-py3-none-any.whl (39 kB)
[2026-05-16 17:09:58] Collecting loguru (from compressed-tensors==0.14.0.1->vllm==0.19.0)
[2026-05-16 17:09:58]   Downloading loguru-0.7.3-py3-none-any.whl (61 kB)
[2026-05-16 17:09:58] Collecting astor (from depyf==0.20.0->vllm==0.19.0)
[2026-05-16 17:09:59]   Downloading astor-0.8.1-py2.py3-none-any.whl (27 kB)
[2026-05-16 17:09:59] Collecting interegular>=0.3.2 (from lm-format-enforcer==0.11.3->vllm==0.19.0)
[2026-05-16 17:09:59]   Downloading interegular-0.3.3-py37-none-any.whl (23 kB)
[2026-05-16 17:09:59] Collecting llvmlite<0.45,>=0.44.0dev0 (from numba==0.61.2->vllm==0.19.0)
[2026-05-16 17:09:59]   Downloading llvmlite-0.44.0-cp312-cp312-manylinux_2_17_x86_64.manylinux2014_x86_64.whl (42.4 MB)
[2026-05-16 17:10:11] [2026-05-16 17:10:10,516 AIMaster] (job_monitor_controller_k8s.py 1099) INFO: All workers: 2, running: 2, failed: 0, pending: 0
[2026-05-16 17:10:18] [2026-05-16 17:10:18,057 AIMaster] (job_event_collector.py 135) WARNING: Failed to watch pods, exception: ("Connection broken: ConnectionResetError(104, 'Connection reset by peer')", ConnectionResetError(104, 'Connection reset by peer'))
[2026-05-16 17:10:41] [2026-05-16 17:10:40,640 AIMaster] (job_monitor_controller_k8s.py 1099) INFO: All workers: 2, running: 2, failed: 0, pending: 0
[2026-05-16 17:10:41] [2026-05-16 17:10:40,640 AIMaster] (ops_reported_error_detector.py 103) INFO: Detecting whether the job is affected by errors reported by ops platform.
[2026-05-16 17:10:48] [2026-05-16 17:10:47,950 AIMaster] (config.py 347) INFO: Try loading config from pai-aimaster-new configmap.
[2026-05-16 17:11:07]      ━━━━━━━━━━━━━━━━━━━━━━━━━━━━━━━━━━━━━━━━ 42.4/42.4 MB 929.7 kB/s  0:01:07
[2026-05-16 17:11:07] Collecting numpy>=1.17 (from datasets==4.8.4)
[2026-05-16 17:11:07]   Using cached numpy-2.2.6-cp312-cp312-manylinux_2_17_x86_64.manylinux2014_x86_64.whl (16.5 MB)
[2026-05-16 17:11:07] Requirement already satisfied: sympy>=1.13.3 in /mnt/workspace/venvs/.teacherVenv/lib/python3.12/site-packages (from torch==2.10.0->vllm==0.19.0) (1.14.0)
[2026-05-16 17:11:07] Requirement already satisfied: networkx>=2.5.1 in /mnt/workspace/venvs/.teacherVenv/lib/python3.12/site-packages (from torch==2.10.0->vllm==0.19.0) (3.6.1)
[2026-05-16 17:11:07] Requirement already satisfied: jinja2 in /mnt/workspace/venvs/.teacherVenv/lib/python3.12/site-packages (from torch==2.10.0->vllm==0.19.0) (3.1.6)
[2026-05-16 17:11:07] Requirement already satisfied: cuda-bindings==12.9.4 in /mnt/workspace/venvs/.teacherVenv/lib/python3.12/site-packages (from torch==2.10.0->vllm==0.19.0) (12.9.4)
[2026-05-16 17:11:07] Requirement already satisfied: nvidia-cuda-nvrtc-cu12==12.8.93 in /mnt/workspace/venvs/.teacherVenv/lib/python3.12/site-packages (from torch==2.10.0->vllm==0.19.0) (12.8.93)
[2026-05-16 17:11:07] Requirement already satisfied: nvidia-cuda-runtime-cu12==12.8.90 in /mnt/workspace/venvs/.teacherVenv/lib/python3.12/site-packages (from torch==2.10.0->vllm==0.19.0) (12.8.90)
[2026-05-16 17:11:07] Requirement already satisfied: nvidia-cuda-cupti-cu12==12.8.90 in /mnt/workspace/venvs/.teacherVenv/lib/python3.12/site-packages (from torch==2.10.0->vllm==0.19.0) (12.8.90)
[2026-05-16 17:11:07] Requirement already satisfied: nvidia-cudnn-cu12==9.10.2.21 in /mnt/workspace/venvs/.teacherVenv/lib/python3.12/site-packages (from torch==2.10.0->vllm==0.19.0) (9.10.2.21)
[2026-05-16 17:11:07] Requirement already satisfied: nvidia-cublas-cu12==12.8.4.1 in /mnt/workspace/venvs/.teacherVenv/lib/python3.12/site-packages (from torch==2.10.0->vllm==0.19.0) (12.8.4.1)
[2026-05-16 17:11:07] Requirement already satisfied: nvidia-cufft-cu12==11.3.3.83 in /mnt/workspace/venvs/.teacherVenv/lib/python3.12/site-packages (from torch==2.10.0->vllm==0.19.0) (11.3.3.83)
[2026-05-16 17:11:07] Requirement already satisfied: nvidia-curand-cu12==10.3.9.90 in /mnt/workspace/venvs/.teacherVenv/lib/python3.12/site-packages (from torch==2.10.0->vllm==0.19.0) (10.3.9.90)
[2026-05-16 17:11:07] Requirement already satisfied: nvidia-cusolver-cu12==11.7.3.90 in /mnt/workspace/venvs/.teacherVenv/lib/python3.12/site-packages (from torch==2.10.0->vllm==0.19.0) (11.7.3.90)
[2026-05-16 17:11:07] Requirement already satisfied: nvidia-cusparse-cu12==12.5.8.93 in /mnt/workspace/venvs/.teacherVenv/lib/python3.12/site-packages (from torch==2.10.0->vllm==0.19.0) (12.5.8.93)
[2026-05-16 17:11:07] Requirement already satisfied: nvidia-cusparselt-cu12==0.7.1 in /mnt/workspace/venvs/.teacherVenv/lib/python3.12/site-packages (from torch==2.10.0->vllm==0.19.0) (0.7.1)
[2026-05-16 17:11:07] Requirement already satisfied: nvidia-nccl-cu12==2.27.5 in /mnt/workspace/venvs/.teacherVenv/lib/python3.12/site-packages (from torch==2.10.0->vllm==0.19.0) (2.27.5)
[2026-05-16 17:11:07] Requirement already satisfied: nvidia-nvshmem-cu12==3.4.5 in /mnt/workspace/venvs/.teacherVenv/lib/python3.12/site-packages (from torch==2.10.0->vllm==0.19.0) (3.4.5)
[2026-05-16 17:11:07] Requirement already satisfied: nvidia-nvtx-cu12==12.8.90 in /mnt/workspace/venvs/.teacherVenv/lib/python3.12/site-packages (from torch==2.10.0->vllm==0.19.0) (12.8.90)
[2026-05-16 17:11:07] Requirement already satisfied: nvidia-nvjitlink-cu12==12.8.93 in /mnt/workspace/venvs/.teacherVenv/lib/python3.12/site-packages (from torch==2.10.0->vllm==0.19.0) (12.8.93)
[2026-05-16 17:11:07] Requirement already satisfied: nvidia-cufile-cu12==1.13.1.3 in /mnt/workspace/venvs/.teacherVenv/lib/python3.12/site-packages (from torch==2.10.0->vllm==0.19.0) (1.13.1.3)
[2026-05-16 17:11:07] Requirement already satisfied: triton==3.6.0 in /mnt/workspace/venvs/.teacherVenv/lib/python3.12/site-packages (from torch==2.10.0->vllm==0.19.0) (3.6.0)
[2026-05-16 17:11:07] Requirement already satisfied: cuda-pathfinder~=1.1 in /mnt/workspace/venvs/.teacherVenv/lib/python3.12/site-packages (from cuda-bindings==12.9.4->torch==2.10.0->vllm==0.19.0) (1.5.4)
[2026-05-16 17:11:08] Collecting anyio (from httpx<1.0.0->datasets==4.8.4)
[2026-05-16 17:11:08]   Using cached anyio-4.13.0-py3-none-any.whl (114 kB)
[2026-05-16 17:11:08] Collecting certifi (from httpx<1.0.0->datasets==4.8.4)
[2026-05-16 17:11:08]   Using cached certifi-2026.4.22-py3-none-any.whl (135 kB)
[2026-05-16 17:11:08] Collecting httpcore==1.* (from httpx<1.0.0->datasets==4.8.4)
[2026-05-16 17:11:08]   Using cached httpcore-1.0.9-py3-none-any.whl (78 kB)
[2026-05-16 17:11:08] Collecting idna (from httpx<1.0.0->datasets==4.8.4)
[2026-05-16 17:11:08]   Using cached idna-3.15-py3-none-any.whl (72 kB)
[2026-05-16 17:11:08] Collecting h11>=0.16 (from httpcore==1.*->httpx<1.0.0->datasets==4.8.4)
[2026-05-16 17:11:08]   Using cached h11-0.16.0-py3-none-any.whl (37 kB)
[2026-05-16 17:11:09] Collecting hf-xet<2.0.0,>=1.4.3 (from huggingface-hub<2.0,>=0.25.0->datasets==4.8.4)
[2026-05-16 17:11:09]   Using cached hf_xet-1.5.0-cp37-abi3-manylinux2014_x86_64.manylinux_2_17_x86_64.whl (4.5 MB)
[2026-05-16 17:11:09] Collecting typer>=0.20.0 (from huggingface-hub<2.0,>=0.25.0->datasets==4.8.4)
[2026-05-16 17:11:09]   Downloading typer-0.25.1-py3-none-any.whl (58 kB)
[2026-05-16 17:11:09] Collecting jmespath (from model-hosting-container-standards<1.0.0,>=0.1.13->vllm==0.19.0)
[2026-05-16 17:11:09]   Downloading jmespath-1.1.0-py3-none-any.whl (20 kB)
[2026-05-16 17:11:09] Collecting starlette>=0.49.1 (from model-hosting-container-standards<1.0.0,>=0.1.13->vllm==0.19.0)
[2026-05-16 17:11:09]   Downloading starlette-1.0.0-py3-none-any.whl (72 kB)
[2026-05-16 17:11:09] Collecting supervisor>=4.2.0 (from model-hosting-container-standards<1.0.0,>=0.1.13->vllm==0.19.0)
[2026-05-16 17:11:09]   Downloading supervisor-4.3.0-py2.py3-none-any.whl (320 kB)
[2026-05-16 17:11:09] Collecting huggingface-hub<2.0,>=0.25.0 (from datasets==4.8.4)
[2026-05-16 17:11:09]   Downloading huggingface_hub-0.36.2-py3-none-any.whl (566 kB)
[2026-05-16 17:11:10]      ━━━━━━━━━━━━━━━━━━━━━━━━━━━━━━━━━━━━━━━━ 566.4/566.4 kB 749.9 kB/s  0:00:00
[2026-05-16 17:11:10] Collecting tokenizers>=0.21.1 (from vllm==0.19.0)
[2026-05-16 17:11:10]   Using cached tokenizers-0.22.2-cp39-abi3-manylinux_2_17_x86_64.manylinux2014_x86_64.whl (3.3 MB)
[2026-05-16 17:11:10] Collecting safetensors>=0.4.3 (from transformers<5,>=4.56.0->vllm==0.19.0)
[2026-05-16 17:11:10]   Downloading safetensors-0.7.0-cp38-abi3-manylinux_2_17_x86_64.manylinux2014_x86_64.whl (507 kB)
[2026-05-16 17:11:11] Collecting aiohappyeyeballs>=2.5.0 (from aiohttp>=3.13.3->vllm==0.19.0)
[2026-05-16 17:11:11]   Using cached aiohappyeyeballs-2.6.1-py3-none-any.whl (15 kB)
[2026-05-16 17:11:11] Collecting aiosignal>=1.4.0 (from aiohttp>=3.13.3->vllm==0.19.0)
[2026-05-16 17:11:11]   Using cached aiosignal-1.4.0-py3-none-any.whl (7.5 kB)
[2026-05-16 17:11:11] Collecting attrs>=17.3.0 (from aiohttp>=3.13.3->vllm==0.19.0)
[2026-05-16 17:11:11]   Using cached attrs-26.1.0-py3-none-any.whl (67 kB)
[2026-05-16 17:11:11] Collecting frozenlist>=1.1.1 (from aiohttp>=3.13.3->vllm==0.19.0)
[2026-05-16 17:11:11]   Downloading frozenlist-1.8.0-cp312-cp312-manylinux1_x86_64.manylinux_2_28_x86_64.manylinux_2_5_x86_64.whl (242 kB)
[2026-05-16 17:11:11] [2026-05-16 17:11:10,798 AIMaster] (job_monitor_controller_k8s.py 1099) INFO: All workers: 2, running: 2, failed: 0, pending: 0
[2026-05-16 17:11:11] [2026-05-16 17:11:10,799 AIMaster] (aimaster_failover_controller.py 81) INFO: Detecting whether aimaster should be migrated.
[2026-05-16 17:11:12] Collecting multidict<7.0,>=4.5 (from aiohttp>=3.13.3->vllm==0.19.0)
[2026-05-16 17:11:12]   Downloading multidict-6.7.1-cp312-cp312-manylinux2014_x86_64.manylinux_2_17_x86_64.manylinux_2_28_x86_64.whl (256 kB)
[2026-05-16 17:11:12] Collecting propcache>=0.2.0 (from aiohttp>=3.13.3->vllm==0.19.0)
[2026-05-16 17:11:12]   Using cached propcache-0.5.2-cp312-cp312-manylinux2014_x86_64.manylinux_2_17_x86_64.manylinux_2_28_x86_64.whl (61 kB)
[2026-05-16 17:11:13] Collecting yarl<2.0,>=1.17.0 (from aiohttp>=3.13.3->vllm==0.19.0)
[2026-05-16 17:11:13]   Using cached yarl-1.23.0-cp312-cp312-manylinux2014_x86_64.manylinux_2_17_x86_64.manylinux_2_28_x86_64.whl (100 kB)
[2026-05-16 17:11:13] Collecting distro<2,>=1.7.0 (from anthropic>=0.71.0->vllm==0.19.0)
[2026-05-16 17:11:13]   Downloading distro-1.9.0-py3-none-any.whl (20 kB)
[2026-05-16 17:11:13] Collecting docstring-parser<1,>=0.15 (from anthropic>=0.71.0->vllm==0.19.0)
[2026-05-16 17:11:13]   Downloading docstring_parser-0.18.0-py3-none-any.whl (22 kB)
[2026-05-16 17:11:13] Collecting jiter<1,>=0.4.0 (from anthropic>=0.71.0->vllm==0.19.0)
[2026-05-16 17:11:13]   Downloading jiter-0.14.0-cp312-cp312-manylinux_2_17_x86_64.manylinux2014_x86_64.whl (353 kB)
[2026-05-16 17:11:13] Collecting sniffio (from anthropic>=0.71.0->vllm==0.19.0)
[2026-05-16 17:11:14]   Downloading sniffio-1.3.1-py3-none-any.whl (10 kB)
[2026-05-16 17:11:14] Collecting annotated-types>=0.6.0 (from pydantic>=2.12.0->vllm==0.19.0)
[2026-05-16 17:11:14]   Using cached annotated_types-0.7.0-py3-none-any.whl (13 kB)
[2026-05-16 17:11:16] Collecting pydantic-core==2.46.4 (from pydantic>=2.12.0->vllm==0.19.0)
[2026-05-16 17:11:16]   Using cached pydantic_core-2.46.4-cp312-cp312-manylinux_2_17_x86_64.manylinux2014_x86_64.whl (2.1 MB)
[2026-05-16 17:11:16] Collecting typing-inspection>=0.4.2 (from pydantic>=2.12.0->vllm==0.19.0)
[2026-05-16 17:11:16]   Using cached typing_inspection-0.4.2-py3-none-any.whl (14 kB)
[2026-05-16 17:11:16] Collecting annotated-doc>=0.0.2 (from fastapi>=0.115.0->fastapi[standard]>=0.115.0->vllm==0.19.0)
[2026-05-16 17:11:16]   Using cached annotated_doc-0.0.4-py3-none-any.whl (5.3 kB)
[2026-05-16 17:11:17] Collecting fastapi-cli>=0.0.8 (from fastapi-cli[standard]>=0.0.8; extra == "standard"->fastapi[standard]>=0.115.0->vllm==0.19.0)
[2026-05-16 17:11:17]   Downloading fastapi_cli-0.0.24-py3-none-any.whl (12 kB)
[2026-05-16 17:11:17] Collecting fastar>=0.9.0 (from fastapi[standard]>=0.115.0->vllm==0.19.0)
[2026-05-16 17:11:17]   Downloading fastar-0.11.0-cp312-cp312-manylinux_2_17_x86_64.manylinux2014_x86_64.whl (819 kB)
[2026-05-16 17:11:17]      ━━━━━━━━━━━━━━━━━━━━━━━━━━━━━━━━━━━━━━━━ 819.4/819.4 kB 2.7 MB/s  0:00:00
[2026-05-16 17:11:18] Collecting python-multipart>=0.0.18 (from fastapi[standard]>=0.115.0->vllm==0.19.0)
[2026-05-16 17:11:18]   Downloading python_multipart-0.0.28-py3-none-any.whl (29 kB)
[2026-05-16 17:11:18] Collecting email-validator>=2.0.0 (from fastapi[standard]>=0.115.0->vllm==0.19.0)
[2026-05-16 17:11:18]   Downloading email_validator-2.3.0-py3-none-any.whl (35 kB)
[2026-05-16 17:11:18] Collecting uvicorn>=0.12.0 (from uvicorn[standard]>=0.12.0; extra == "standard"->fastapi[standard]>=0.115.0->vllm==0.19.0)
[2026-05-16 17:11:18]   Downloading uvicorn-0.47.0-py3-none-any.whl (71 kB)
[2026-05-16 17:11:18] Collecting pydantic-settings>=2.0.0 (from fastapi[standard]>=0.115.0->vllm==0.19.0)
[2026-05-16 17:11:18]   Downloading pydantic_settings-2.14.1-py3-none-any.whl (60 kB)
[2026-05-16 17:11:18] Collecting pydantic-extra-types>=2.0.0 (from fastapi[standard]>=0.115.0->vllm==0.19.0)
[2026-05-16 17:11:18]   Downloading pydantic_extra_types-2.11.1-py3-none-any.whl (79 kB)
[2026-05-16 17:11:19] Collecting dnspython>=2.0.0 (from email-validator>=2.0.0->fastapi[standard]>=0.115.0->vllm==0.19.0)
[2026-05-16 17:11:19]   Downloading dnspython-2.8.0-py3-none-any.whl (331 kB)
[2026-05-16 17:11:19] Collecting rich-toolkit>=0.14.8 (from fastapi-cli>=0.0.8->fastapi-cli[standard]>=0.0.8; extra == "standard"->fastapi[standard]>=0.115.0->vllm==0.19.0)
[2026-05-16 17:11:19]   Downloading rich_toolkit-0.19.9-py3-none-any.whl (33 kB)
[2026-05-16 17:11:19] Collecting fastapi-cloud-cli>=0.1.1 (from fastapi-cli[standard]>=0.0.8; extra == "standard"->fastapi[standard]>=0.115.0->vllm==0.19.0)
[2026-05-16 17:11:19]   Downloading fastapi_cloud_cli-0.17.1-py3-none-any.whl (34 kB)
[2026-05-16 17:11:19] Collecting rignore>=0.5.1 (from fastapi-cloud-cli>=0.1.1->fastapi-cli[standard]>=0.0.8; extra == "standard"->fastapi[standard]>=0.115.0->vllm==0.19.0)
[2026-05-16 17:11:19]   Downloading rignore-0.7.6-cp312-cp312-manylinux_2_17_x86_64.manylinux2014_x86_64.whl (959 kB)
[2026-05-16 17:11:19]      ━━━━━━━━━━━━━━━━━━━━━━━━━━━━━━━━━━━━━━━━ 959.8/959.8 kB 3.3 MB/s  0:00:00
[2026-05-16 17:11:19] Collecting sentry-sdk>=2.20.0 (from fastapi-cloud-cli>=0.1.1->fastapi-cli[standard]>=0.0.8; extra == "standard"->fastapi[standard]>=0.115.0->vllm==0.19.0)
[2026-05-16 17:11:19]   Using cached sentry_sdk-2.60.0-py3-none-any.whl (475 kB)
[2026-05-16 17:11:20] Requirement already satisfied: MarkupSafe>=2.0 in /mnt/workspace/venvs/.teacherVenv/lib/python3.12/site-packages (from jinja2->torch==2.10.0->vllm==0.19.0) (3.0.3)
[2026-05-16 17:11:20] Collecting jsonschema>=4.21.1 (from mistral_common>=1.10.0->mistral_common[image]>=1.10.0->vllm==0.19.0)
[2026-05-16 17:11:20]   Using cached jsonschema-4.26.0-py3-none-any.whl (90 kB)
[2026-05-16 17:11:20] Collecting jsonschema-specifications>=2023.03.6 (from jsonschema>=4.21.1->mistral_common>=1.10.0->mistral_common[image]>=1.10.0->vllm==0.19.0)
[2026-05-16 17:11:20]   Using cached jsonschema_specifications-2025.9.1-py3-none-any.whl (18 kB)
[2026-05-16 17:11:20] Collecting referencing>=0.28.4 (from jsonschema>=4.21.1->mistral_common>=1.10.0->mistral_common[image]>=1.10.0->vllm==0.19.0)
[2026-05-16 17:11:20]   Using cached referencing-0.37.0-py3-none-any.whl (26 kB)
[2026-05-16 17:11:20] Collecting rpds-py>=0.25.0 (from jsonschema>=4.21.1->mistral_common>=1.10.0->mistral_common[image]>=1.10.0->vllm==0.19.0)
[2026-05-16 17:11:20]   Downloading rpds_py-0.30.0-cp312-cp312-manylinux_2_17_x86_64.manylinux2014_x86_64.whl (394 kB)
[2026-05-16 17:11:20] Collecting nvidia-cutlass-dsl-libs-base==4.5.1 (from nvidia-cutlass-dsl>=4.4.0.dev1->vllm==0.19.0)
[2026-05-16 17:11:20]   Downloading nvidia_cutlass_dsl_libs_base-4.5.1-cp312-cp312-manylinux_2_28_x86_64.whl (74.5 MB)
[2026-05-16 17:11:26]      ━━━━━━━━━━━━━━━━━━━━━━━━━━━━━━━━━━━━━━━━ 74.5/74.5 MB 1.4 MB/s  0:01:35
[2026-05-16 17:11:26] Collecting cuda-python>=12.8 (from nvidia-cutlass-dsl-libs-base==4.5.1->nvidia-cutlass-dsl>=4.4.0.dev1->vllm==0.19.0)
[2026-05-16 17:11:26]   Downloading cuda_python-13.2.0-py3-none-any.whl (8.1 kB)
[2026-05-16 17:11:26] INFO: pip is looking at multiple versions of cuda-python to determine which version is compatible with other requirements. This could take a while.
[2026-05-16 17:11:27]   Downloading cuda_python-13.1.1-py3-none-any.whl (8.0 kB)
[2026-05-16 17:11:27]   Downloading cuda_python-13.1.0-py3-none-any.whl (7.6 kB)
[2026-05-16 17:11:27]   Downloading cuda_python-13.0.3-py3-none-any.whl (7.6 kB)
[2026-05-16 17:11:27]   Downloading cuda_python-13.0.2-py3-none-any.whl (7.6 kB)
[2026-05-16 17:11:28]   Downloading cuda_python-13.0.1-py3-none-any.whl (7.6 kB)
[2026-05-16 17:11:28]   Downloading cuda_python-13.0.0-py3-none-any.whl (7.6 kB)
[2026-05-16 17:11:28]   Downloading cuda_python-12.9.6-py3-none-any.whl (7.6 kB)
[2026-05-16 17:11:28] INFO: pip is still looking at multiple versions of cuda-python to determine which version is compatible with other requirements. This could take a while.
[2026-05-16 17:11:29]   Downloading cuda_python-12.9.5-py3-none-any.whl (7.6 kB)
[2026-05-16 17:11:29]   Downloading cuda_python-12.9.4-py3-none-any.whl (7.6 kB)
[2026-05-16 17:11:29] Collecting importlib-metadata<8.8.0,>=6.0 (from opentelemetry-api>=1.27.0->vllm==0.19.0)
[2026-05-16 17:11:29]   Using cached importlib_metadata-8.7.1-py3-none-any.whl (27 kB)
[2026-05-16 17:11:29] Collecting zipp>=3.20 (from importlib-metadata<8.8.0,>=6.0->opentelemetry-api>=1.27.0->vllm==0.19.0)
[2026-05-16 17:11:29]   Using cached zipp-3.23.1-py3-none-any.whl (10 kB)
[2026-05-16 17:11:29] Collecting opentelemetry-exporter-otlp-proto-grpc==1.41.1 (from opentelemetry-exporter-otlp>=1.27.0->vllm==0.19.0)
[2026-05-16 17:11:29]   Downloading opentelemetry_exporter_otlp_proto_grpc-1.41.1-py3-none-any.whl (20 kB)
[2026-05-16 17:11:30] Collecting opentelemetry-exporter-otlp-proto-http==1.41.1 (from opentelemetry-exporter-otlp>=1.27.0->vllm==0.19.0)
[2026-05-16 17:11:30]   Downloading opentelemetry_exporter_otlp_proto_http-1.41.1-py3-none-any.whl (22 kB)
[2026-05-16 17:11:30] Collecting googleapis-common-protos~=1.57 (from opentelemetry-exporter-otlp-proto-grpc==1.41.1->opentelemetry-exporter-otlp>=1.27.0->vllm==0.19.0)
[2026-05-16 17:11:30]   Using cached googleapis_common_protos-1.75.0-py3-none-any.whl (300 kB)
[2026-05-16 17:11:31] Collecting grpcio<2.0.0,>=1.63.2 (from opentelemetry-exporter-otlp-proto-grpc==1.41.1->opentelemetry-exporter-otlp>=1.27.0->vllm==0.19.0)
[2026-05-16 17:11:31]   Downloading grpcio-1.80.0-cp312-cp312-manylinux2014_x86_64.manylinux_2_17_x86_64.whl (6.8 MB)
[2026-05-16 17:11:34]      ━━━━━━━━━━━━━━━━━━━━━━━━━━━━━━━━━━━━━━━━ 6.8/6.8 MB 1.9 MB/s  0:00:03
[2026-05-16 17:11:34] Collecting opentelemetry-exporter-otlp-proto-common==1.41.1 (from opentelemetry-exporter-otlp-proto-grpc==1.41.1->opentelemetry-exporter-otlp>=1.27.0->vllm==0.19.0)
[2026-05-16 17:11:35]   Downloading opentelemetry_exporter_otlp_proto_common-1.41.1-py3-none-any.whl (18 kB)
[2026-05-16 17:11:35] Collecting opentelemetry-proto==1.41.1 (from opentelemetry-exporter-otlp-proto-grpc==1.41.1->opentelemetry-exporter-otlp>=1.27.0->vllm==0.19.0)
[2026-05-16 17:11:35]   Downloading opentelemetry_proto-1.41.1-py3-none-any.whl (72 kB)
[2026-05-16 17:11:35] Collecting protobuf!=6.30.*,!=6.31.*,!=6.32.*,!=6.33.0.*,!=6.33.1.*,!=6.33.2.*,!=6.33.3.*,!=6.33.4.*,>=5.29.6 (from vllm==0.19.0)
[2026-05-16 17:11:35]   Using cached protobuf-6.33.6-cp39-abi3-manylinux2014_x86_64.whl (323 kB)
[2026-05-16 17:11:35] Collecting opentelemetry-semantic-conventions==0.62b1 (from opentelemetry-sdk>=1.27.0->vllm==0.19.0)
[2026-05-16 17:11:35]   Downloading opentelemetry_semantic_conventions-0.62b1-py3-none-any.whl (231 kB)
[2026-05-16 17:11:35] Collecting charset_normalizer<4,>=2 (from requests>=2.32.2->datasets==4.8.4)
[2026-05-16 17:11:35]   Using cached charset_normalizer-3.4.7-cp312-cp312-manylinux2014_x86_64.manylinux_2_17_x86_64.manylinux_2_28_x86_64.whl (216 kB)
[2026-05-16 17:11:35] Collecting urllib3<3,>=1.26 (from requests>=2.32.2->datasets==4.8.4)
[2026-05-16 17:11:35]   Downloading urllib3-2.7.0-py3-none-any.whl (131 kB)
[2026-05-16 17:11:35] Collecting starlette>=0.49.1 (from model-hosting-container-standards<1.0.0,>=0.1.13->vllm==0.19.0)
[2026-05-16 17:11:36]   Downloading starlette-0.52.1-py3-none-any.whl (74 kB)
[2026-05-16 17:11:36] Collecting pycountry>=23 (from pydantic-extra-types[pycountry]>=2.10.5->mistral_common>=1.10.0->mistral_common[image]>=1.10.0->vllm==0.19.0)
[2026-05-16 17:11:36]   Downloading pycountry-26.2.16-py3-none-any.whl (8.0 MB)
[2026-05-16 17:11:40]      ━━━━━━━━━━━━━━━━━━━━━━━━━━━━━━━━━━━━━━━━ 8.0/8.0 MB 2.1 MB/s  0:00:03
[2026-05-16 17:11:40] Collecting python-dotenv>=0.21.0 (from pydantic-settings>=2.0.0->fastapi[standard]>=0.115.0->vllm==0.19.0)
[2026-05-16 17:11:40]   Downloading python_dotenv-1.2.2-py3-none-any.whl (22 kB)
[2026-05-16 17:11:40] Collecting torch-c-dlpack-ext (from quack-kernels>=0.2.7->vllm==0.19.0)
[2026-05-16 17:11:40]   Downloading torch_c_dlpack_ext-0.1.5-cp312-cp312-manylinux_2_24_x86_64.manylinux_2_28_x86_64.whl (897 kB)
[2026-05-16 17:11:40]      ━━━━━━━━━━━━━━━━━━━━━━━━━━━━━━━━━━━━━━━━ 897.8/897.8 kB 2.8 MB/s  0:00:00
[2026-05-16 17:11:41] [2026-05-16 17:11:40,931 AIMaster] (job_monitor_controller_k8s.py 1099) INFO: All workers: 2, running: 2, failed: 0, pending: 0
[2026-05-16 17:11:41] [2026-05-16 17:11:40,932 AIMaster] (ops_reported_error_detector.py 103) INFO: Detecting whether the job is affected by errors reported by ops platform.
[2026-05-16 17:11:41] Collecting rich>=13.7.1 (from rich-toolkit>=0.14.8->fastapi-cli>=0.0.8->fastapi-cli[standard]>=0.0.8; extra == "standard"->fastapi[standard]>=0.115.0->vllm==0.19.0)
[2026-05-16 17:11:41]   Using cached rich-15.0.0-py3-none-any.whl (310 kB)
[2026-05-16 17:11:41] Collecting markdown-it-py>=2.2.0 (from rich>=13.7.1->rich-toolkit>=0.14.8->fastapi-cli>=0.0.8->fastapi-cli[standard]>=0.0.8; extra == "standard"->fastapi[standard]>=0.115.0->vllm==0.19.0)
[2026-05-16 17:11:41]   Downloading markdown_it_py-4.2.0-py3-none-any.whl (91 kB)
[2026-05-16 17:11:41] Collecting pygments<3.0.0,>=2.13.0 (from rich>=13.7.1->rich-toolkit>=0.14.8->fastapi-cli>=0.0.8->fastapi-cli[standard]>=0.0.8; extra == "standard"->fastapi[standard]>=0.115.0->vllm==0.19.0)
[2026-05-16 17:11:41]   Downloading pygments-2.20.0-py3-none-any.whl (1.2 MB)
[2026-05-16 17:11:41]      ━━━━━━━━━━━━━━━━━━━━━━━━━━━━━━━━━━━━━━━━ 1.2/1.2 MB 3.8 MB/s  0:00:00
[2026-05-16 17:11:41] Collecting mdurl~=0.1 (from markdown-it-py>=2.2.0->rich>=13.7.1->rich-toolkit>=0.14.8->fastapi-cli>=0.0.8->fastapi-cli[standard]>=0.0.8; extra == "standard"->fastapi[standard]>=0.115.0->vllm==0.19.0)
[2026-05-16 17:11:41]   Using cached mdurl-0.1.2-py3-none-any.whl (10.0 kB)
[2026-05-16 17:11:41] Requirement already satisfied: mpmath<1.4,>=1.1.0 in /mnt/workspace/venvs/.teacherVenv/lib/python3.12/site-packages (from sympy>=1.13.3->torch==2.10.0->vllm==0.19.0) (1.3.0)
[2026-05-16 17:11:42] Collecting shellingham>=1.3.0 (from typer>=0.20.0->huggingface-hub<2.0,>=0.25.0->datasets==4.8.4)
[2026-05-16 17:11:42]   Using cached shellingham-1.5.4-py2.py3-none-any.whl (9.8 kB)
[2026-05-16 17:11:42] Collecting httptools>=0.6.3 (from uvicorn[standard]>=0.12.0; extra == "standard"->fastapi[standard]>=0.115.0->vllm==0.19.0)
[2026-05-16 17:11:42]   Downloading httptools-0.7.1-cp312-cp312-manylinux1_x86_64.manylinux_2_28_x86_64.manylinux_2_5_x86_64.whl (517 kB)
[2026-05-16 17:11:42] Collecting uvloop>=0.15.1 (from uvicorn[standard]>=0.12.0; extra == "standard"->fastapi[standard]>=0.115.0->vllm==0.19.0)
[2026-05-16 17:11:42]   Downloading uvloop-0.22.1-cp312-cp312-manylinux2014_x86_64.manylinux_2_17_x86_64.manylinux_2_28_x86_64.whl (4.4 MB)
[2026-05-16 17:11:44]      ━━━━━━━━━━━━━━━━━━━━━━━━━━━━━━━━━━━━━━━━ 4.4/4.4 MB 2.1 MB/s  0:00:01
[2026-05-16 17:11:44] Collecting websockets>=10.4 (from uvicorn[standard]>=0.12.0; extra == "standard"->fastapi[standard]>=0.115.0->vllm==0.19.0)
[2026-05-16 17:11:44]   Downloading websockets-16.0-cp312-cp312-manylinux1_x86_64.manylinux_2_28_x86_64.manylinux_2_5_x86_64.whl (184 kB)
[2026-05-16 17:11:44] Collecting httpx-sse>=0.4 (from mcp->vllm==0.19.0)
[2026-05-16 17:11:45]   Downloading httpx_sse-0.4.3-py3-none-any.whl (9.0 kB)
[2026-05-16 17:11:45] Collecting pyjwt>=2.10.1 (from pyjwt[crypto]>=2.10.1->mcp->vllm==0.19.0)
[2026-05-16 17:11:45]   Downloading pyjwt-2.12.1-py3-none-any.whl (29 kB)
[2026-05-16 17:11:45] Collecting sse-starlette>=1.6.1 (from mcp->vllm==0.19.0)
[2026-05-16 17:11:45]   Downloading sse_starlette-3.4.4-py3-none-any.whl (16 kB)
[2026-05-16 17:11:45] Collecting cryptography>=3.4.0 (from pyjwt[crypto]>=2.10.1->mcp->vllm==0.19.0)
[2026-05-16 17:11:45]   Using cached cryptography-48.0.0-cp311-abi3-manylinux_2_34_x86_64.whl (4.7 MB)
[2026-05-16 17:11:45] Collecting cffi>=2.0.0 (from cryptography>=3.4.0->pyjwt[crypto]>=2.10.1->mcp->vllm==0.19.0)
[2026-05-16 17:11:45]   Using cached cffi-2.0.0-cp312-cp312-manylinux2014_x86_64.manylinux_2_17_x86_64.whl (219 kB)
[2026-05-16 17:11:46] Collecting pycparser (from cffi>=2.0.0->cryptography>=3.4.0->pyjwt[crypto]>=2.10.1->mcp->vllm==0.19.0)
[2026-05-16 17:11:46]   Using cached pycparser-3.0-py3-none-any.whl (48 kB)
[2026-05-16 17:11:46] Collecting python-dateutil>=2.8.2 (from pandas->datasets==4.8.4)
[2026-05-16 17:11:46]   Using cached python_dateutil-2.9.0.post0-py2.py3-none-any.whl (229 kB)
[2026-05-16 17:11:46] Installing collected packages: supervisor, py-cpuinfo, nvidia-ml-py, zipp, xxhash, websockets, uvloop, urllib3, typing-inspection, tqdm, tabulate, sniffio, six, shellingham, setuptools, setproctitle, sentencepiece, safetensors, rpds-py, rignore, regex, pyzmq, pyyaml, python-multipart, python-json-logger, python-dotenv, pyjwt, pygments, pydantic-core, pycparser, pycountry, pybase64, pyarrow, psutil, protobuf, propcache, prometheus_client, partial-json-parser, outlines_core, nvidia-cudnn-frontend, numpy, ninja, multidict, msgspec, mdurl, loguru, llvmlite, llguidance, lark, jmespath, jiter, interegular, ijson, idna, httpx-sse, httptools, hf-xet, h11, grpcio, fsspec, frozenlist, flashinfer-cubin, fastar, einops, docstring-parser, dnspython, distro, diskcache, dill, cloudpickle, click, charset_normalizer, certifi, cbor2, cachetools, blake3, attrs, astor, apache-tvm-ffi, annotated-types, annotated-doc, aiohappyeyeballs, yarl, uvicorn, sentry-sdk, requests, referencing, python-dateutil, pydantic, opentelemetry-proto, opencv-python-headless, numba, multiprocess, markdown-it-py, importlib-metadata, httpcore, googleapis-common-protos, email-validator, depyf, cuda-python, cffi, anyio, aiosignal, watchfiles, tiktoken, starlette, rich, pydantic-settings, pydantic-extra-types, pandas, opentelemetry-exporter-otlp-proto-common, opentelemetry-api, openai-harmony, nvidia-cutlass-dsl-libs-base, lm-format-enforcer, jsonschema-specifications, huggingface-hub, httpx, gguf, cryptography, aiohttp, typer, torch-c-dlpack-ext, tokenizers, sse-starlette, rich-toolkit, prometheus-fastapi-instrumentator, opentelemetry-semantic-conventions, openai, nvidia-cutlass-dsl, jsonschema, fastapi, anthropic, transformers, quack-kernels, opentelemetry-sdk, model-hosting-container-standards, mistral_common, mcp, flashinfer-python, fastapi-cloud-cli, fastapi-cli, datasets, xgrammar, opentelemetry-semantic-conventions-ai, opentelemetry-exporter-otlp-proto-http, opentelemetry-exporter-otlp-proto-grpc, compressed-tensors, opentelemetry-exporter-otlp, vllm
[2026-05-16 17:11:47]   Attempting uninstall: setuptools
[2026-05-16 17:11:47]     Found existing installation: setuptools 82.0.1
[2026-05-16 17:11:47]     Uninstalling setuptools-82.0.1:
[2026-05-16 17:11:47]       Successfully uninstalled setuptools-82.0.1
[2026-05-16 17:11:48] [2026-05-16 17:11:47,986 AIMaster] (config.py 347) INFO: Try loading config from pai-aimaster-new configmap.
[2026-05-16 17:11:50] [2026-05-16 17:11:49,817 AIMaster] (job_event_collector.py 135) WARNING: Failed to watch pods, exception: ("Connection broken: ConnectionResetError(104, 'Connection reset by peer')", ConnectionResetError(104, 'Connection reset by peer'))
[2026-05-16 17:11:51]   Attempting uninstall: numpy
[2026-05-16 17:11:51]     Found existing installation: numpy 2.4.5
[2026-05-16 17:11:51]     Uninstalling numpy-2.4.5:
[2026-05-16 17:11:51]       Successfully uninstalled numpy-2.4.5
[2026-05-16 17:11:54]   Attempting uninstall: fsspec
[2026-05-16 17:11:54]     Found existing installation: fsspec 2026.4.0
[2026-05-16 17:11:54]     Uninstalling fsspec-2026.4.0:
[2026-05-16 17:11:54]       Successfully uninstalled fsspec-2026.4.0
[2026-05-16 17:11:58]      ━━━━━━━━━━━━━━━━━━━━━━━━━━━━━━━━━━━━━━━━ 74.5/74.5 MB 2.1 MB/s  0:00:38
[2026-05-16 17:11:59] Collecting cuda-python>=12.8 (from nvidia-cutlass-dsl-libs-base==4.5.1->nvidia-cutlass-dsl>=4.4.0.dev1->vllm==0.19.0)
[2026-05-16 17:11:59]   Downloading cuda_python-13.2.0-py3-none-any.whl (8.1 kB)
[2026-05-16 17:11:59] INFO: pip is looking at multiple versions of cuda-python to determine which version is compatible with other requirements. This could take a while.
[2026-05-16 17:11:59]   Downloading cuda_python-13.1.1-py3-none-any.whl (8.0 kB)
[2026-05-16 17:11:59]   Downloading cuda_python-13.1.0-py3-none-any.whl (7.6 kB)
[2026-05-16 17:12:00]   Downloading cuda_python-13.0.3-py3-none-any.whl (7.6 kB)
[2026-05-16 17:12:00]   Downloading cuda_python-13.0.2-py3-none-any.whl (7.6 kB)
[2026-05-16 17:12:00]   Downloading cuda_python-13.0.1-py3-none-any.whl (7.6 kB)
[2026-05-16 17:12:00]   Downloading cuda_python-13.0.0-py3-none-any.whl (7.6 kB)
[2026-05-16 17:12:01]   Downloading cuda_python-12.9.6-py3-none-any.whl (7.6 kB)
[2026-05-16 17:12:01] INFO: pip is still looking at multiple versions of cuda-python to determine which version is compatible with other requirements. This could take a while.
[2026-05-16 17:12:01]   Downloading cuda_python-12.9.5-py3-none-any.whl (7.6 kB)
[2026-05-16 17:12:01]   Downloading cuda_python-12.9.4-py3-none-any.whl (7.6 kB)
[2026-05-16 17:12:01] Collecting importlib-metadata<8.8.0,>=6.0 (from opentelemetry-api>=1.27.0->vllm==0.19.0)
[2026-05-16 17:12:01]   Using cached importlib_metadata-8.7.1-py3-none-any.whl (27 kB)
[2026-05-16 17:12:01] Collecting zipp>=3.20 (from importlib-metadata<8.8.0,>=6.0->opentelemetry-api>=1.27.0->vllm==0.19.0)
[2026-05-16 17:12:01]   Using cached zipp-3.23.1-py3-none-any.whl (10 kB)
[2026-05-16 17:12:02] Collecting opentelemetry-exporter-otlp-proto-grpc==1.41.1 (from opentelemetry-exporter-otlp>=1.27.0->vllm==0.19.0)
[2026-05-16 17:12:02]   Downloading opentelemetry_exporter_otlp_proto_grpc-1.41.1-py3-none-any.whl (20 kB)
[2026-05-16 17:12:02] Collecting opentelemetry-exporter-otlp-proto-http==1.41.1 (from opentelemetry-exporter-otlp>=1.27.0->vllm==0.19.0)
[2026-05-16 17:12:02]   Downloading opentelemetry_exporter_otlp_proto_http-1.41.1-py3-none-any.whl (22 kB)
[2026-05-16 17:12:02] Collecting googleapis-common-protos~=1.57 (from opentelemetry-exporter-otlp-proto-grpc==1.41.1->opentelemetry-exporter-otlp>=1.27.0->vllm==0.19.0)
[2026-05-16 17:12:02]   Using cached googleapis_common_protos-1.75.0-py3-none-any.whl (300 kB)
[2026-05-16 17:12:03] Collecting grpcio<2.0.0,>=1.63.2 (from opentelemetry-exporter-otlp-proto-grpc==1.41.1->opentelemetry-exporter-otlp>=1.27.0->vllm==0.19.0)
[2026-05-16 17:12:03]   Downloading grpcio-1.80.0-cp312-cp312-manylinux2014_x86_64.manylinux_2_17_x86_64.whl (6.8 MB)
[2026-05-16 17:12:06]      ━━━━━━━━━━━━━━━━━━━━━━━━━━━━━━━━━━━━━━━━ 6.8/6.8 MB 2.6 MB/s  0:00:02
[2026-05-16 17:12:06] Collecting opentelemetry-exporter-otlp-proto-common==1.41.1 (from opentelemetry-exporter-otlp-proto-grpc==1.41.1->opentelemetry-exporter-otlp>=1.27.0->vllm==0.19.0)
[2026-05-16 17:12:06]   Downloading opentelemetry_exporter_otlp_proto_common-1.41.1-py3-none-any.whl (18 kB)
[2026-05-16 17:12:06] Collecting opentelemetry-proto==1.41.1 (from opentelemetry-exporter-otlp-proto-grpc==1.41.1->opentelemetry-exporter-otlp>=1.27.0->vllm==0.19.0)
[2026-05-16 17:12:06]   Downloading opentelemetry_proto-1.41.1-py3-none-any.whl (72 kB)
[2026-05-16 17:12:06] Collecting protobuf!=6.30.*,!=6.31.*,!=6.32.*,!=6.33.0.*,!=6.33.1.*,!=6.33.2.*,!=6.33.3.*,!=6.33.4.*,>=5.29.6 (from vllm==0.19.0)
[2026-05-16 17:12:06]   Using cached protobuf-6.33.6-cp39-abi3-manylinux2014_x86_64.whl (323 kB)
[2026-05-16 17:12:07] Collecting opentelemetry-semantic-conventions==0.62b1 (from opentelemetry-sdk>=1.27.0->vllm==0.19.0)
[2026-05-16 17:12:07]   Downloading opentelemetry_semantic_conventions-0.62b1-py3-none-any.whl (231 kB)
[2026-05-16 17:12:07] Collecting charset_normalizer<4,>=2 (from requests>=2.32.2->datasets==4.8.4)
[2026-05-16 17:12:07]   Using cached charset_normalizer-3.4.7-cp312-cp312-manylinux2014_x86_64.manylinux_2_17_x86_64.manylinux_2_28_x86_64.whl (216 kB)
[2026-05-16 17:12:07] Collecting urllib3<3,>=1.26 (from requests>=2.32.2->datasets==4.8.4)
[2026-05-16 17:12:07]   Downloading urllib3-2.7.0-py3-none-any.whl (131 kB)
[2026-05-16 17:12:07] Collecting starlette>=0.49.1 (from model-hosting-container-standards<1.0.0,>=0.1.13->vllm==0.19.0)
[2026-05-16 17:12:07]   Downloading starlette-0.52.1-py3-none-any.whl (74 kB)
[2026-05-16 17:12:07] Collecting pycountry>=23 (from pydantic-extra-types[pycountry]>=2.10.5->mistral_common>=1.10.0->mistral_common[image]>=1.10.0->vllm==0.19.0)
[2026-05-16 17:12:07]   Downloading pycountry-26.2.16-py3-none-any.whl (8.0 MB)
[2026-05-16 17:12:10]      ━━━━━━━━━━━━━━━━━━━━━━━━━━━━━━━━━━━━━━━━ 8.0/8.0 MB 2.5 MB/s  0:00:03
[2026-05-16 17:12:11] Collecting python-dotenv>=0.21.0 (from pydantic-settings>=2.0.0->fastapi[standard]>=0.115.0->vllm==0.19.0)
[2026-05-16 17:12:11]   Downloading python_dotenv-1.2.2-py3-none-any.whl (22 kB)
[2026-05-16 17:12:11] Collecting torch-c-dlpack-ext (from quack-kernels>=0.2.7->vllm==0.19.0)
[2026-05-16 17:12:11]   Downloading torch_c_dlpack_ext-0.1.5-cp312-cp312-manylinux_2_24_x86_64.manylinux_2_28_x86_64.whl (897 kB)
[2026-05-16 17:12:11]      ━━━━━━━━━━━━━━━━━━━━━━━━━━━━━━━━━━━━━━━━ 897.8/897.8 kB 1.5 MB/s  0:00:00
[2026-05-16 17:12:11] Collecting rich>=13.7.1 (from rich-toolkit>=0.14.8->fastapi-cli>=0.0.8->fastapi-cli[standard]>=0.0.8; extra == "standard"->fastapi[standard]>=0.115.0->vllm==0.19.0)
[2026-05-16 17:12:11]   Using cached rich-15.0.0-py3-none-any.whl (310 kB)
[2026-05-16 17:12:11] [2026-05-16 17:12:11,119 AIMaster] (job_monitor_controller_k8s.py 1099) INFO: All workers: 2, running: 2, failed: 0, pending: 0
[2026-05-16 17:12:12] Collecting markdown-it-py>=2.2.0 (from rich>=13.7.1->rich-toolkit>=0.14.8->fastapi-cli>=0.0.8->fastapi-cli[standard]>=0.0.8; extra == "standard"->fastapi[standard]>=0.115.0->vllm==0.19.0)
[2026-05-16 17:12:12]   Downloading markdown_it_py-4.2.0-py3-none-any.whl (91 kB)
[2026-05-16 17:12:12] Collecting pygments<3.0.0,>=2.13.0 (from rich>=13.7.1->rich-toolkit>=0.14.8->fastapi-cli>=0.0.8->fastapi-cli[standard]>=0.0.8; extra == "standard"->fastapi[standard]>=0.115.0->vllm==0.19.0)
[2026-05-16 17:12:12]   Downloading pygments-2.20.0-py3-none-any.whl (1.2 MB)
[2026-05-16 17:12:12]      ━━━━━━━━━━━━━━━━━━━━━━━━━━━━━━━━━━━━━━━━ 1.2/1.2 MB 2.3 MB/s  0:00:00
[2026-05-16 17:12:12] Collecting mdurl~=0.1 (from markdown-it-py>=2.2.0->rich>=13.7.1->rich-toolkit>=0.14.8->fastapi-cli>=0.0.8->fastapi-cli[standard]>=0.0.8; extra == "standard"->fastapi[standard]>=0.115.0->vllm==0.19.0)
[2026-05-16 17:12:12]   Using cached mdurl-0.1.2-py3-none-any.whl (10.0 kB)
[2026-05-16 17:12:12] Requirement already satisfied: mpmath<1.4,>=1.1.0 in /mnt/workspace/venvs/.teacherVenv/lib/python3.12/site-packages (from sympy>=1.13.3->torch==2.10.0->vllm==0.19.0) (1.3.0)
[2026-05-16 17:12:12] Collecting shellingham>=1.3.0 (from typer>=0.20.0->huggingface-hub<2.0,>=0.25.0->datasets==4.8.4)
[2026-05-16 17:12:13]   Using cached shellingham-1.5.4-py2.py3-none-any.whl (9.8 kB)
[2026-05-16 17:12:13] Collecting httptools>=0.6.3 (from uvicorn[standard]>=0.12.0; extra == "standard"->fastapi[standard]>=0.115.0->vllm==0.19.0)
[2026-05-16 17:12:13]   Downloading httptools-0.7.1-cp312-cp312-manylinux1_x86_64.manylinux_2_28_x86_64.manylinux_2_5_x86_64.whl (517 kB)
[2026-05-16 17:12:13] Collecting uvloop>=0.15.1 (from uvicorn[standard]>=0.12.0; extra == "standard"->fastapi[standard]>=0.115.0->vllm==0.19.0)
[2026-05-16 17:12:13]   Downloading uvloop-0.22.1-cp312-cp312-manylinux2014_x86_64.manylinux_2_17_x86_64.manylinux_2_28_x86_64.whl (4.4 MB)
[2026-05-16 17:12:14]      ━━━━━━━━━━━━━━━━━━━━━━━━━━━━━━━━━━━━━━━━ 4.4/4.4 MB 2.5 MB/s  0:00:01
[2026-05-16 17:12:14] Collecting websockets>=10.4 (from uvicorn[standard]>=0.12.0; extra == "standard"->fastapi[standard]>=0.115.0->vllm==0.19.0)
[2026-05-16 17:12:14]   Downloading websockets-16.0-cp312-cp312-manylinux1_x86_64.manylinux_2_28_x86_64.manylinux_2_5_x86_64.whl (184 kB)
[2026-05-16 17:12:15] Collecting httpx-sse>=0.4 (from mcp->vllm==0.19.0)
[2026-05-16 17:12:15]   Downloading httpx_sse-0.4.3-py3-none-any.whl (9.0 kB)
[2026-05-16 17:12:15] Collecting pyjwt>=2.10.1 (from pyjwt[crypto]>=2.10.1->mcp->vllm==0.19.0)
[2026-05-16 17:12:15]   Downloading pyjwt-2.12.1-py3-none-any.whl (29 kB)
[2026-05-16 17:12:15] Collecting sse-starlette>=1.6.1 (from mcp->vllm==0.19.0)
[2026-05-16 17:12:15]   Downloading sse_starlette-3.4.4-py3-none-any.whl (16 kB)
[2026-05-16 17:12:16] Collecting cryptography>=3.4.0 (from pyjwt[crypto]>=2.10.1->mcp->vllm==0.19.0)
[2026-05-16 17:12:16]   Using cached cryptography-48.0.0-cp311-abi3-manylinux_2_34_x86_64.whl (4.7 MB)
[2026-05-16 17:12:16] Collecting cffi>=2.0.0 (from cryptography>=3.4.0->pyjwt[crypto]>=2.10.1->mcp->vllm==0.19.0)
[2026-05-16 17:12:16]   Using cached cffi-2.0.0-cp312-cp312-manylinux2014_x86_64.manylinux_2_17_x86_64.whl (219 kB)
[2026-05-16 17:12:16] Collecting pycparser (from cffi>=2.0.0->cryptography>=3.4.0->pyjwt[crypto]>=2.10.1->mcp->vllm==0.19.0)
[2026-05-16 17:12:16]   Using cached pycparser-3.0-py3-none-any.whl (48 kB)
[2026-05-16 17:12:16] Collecting python-dateutil>=2.8.2 (from pandas->datasets==4.8.4)
[2026-05-16 17:12:16]   Using cached python_dateutil-2.9.0.post0-py2.py3-none-any.whl (229 kB)
[2026-05-16 17:12:17] Installing collected packages: supervisor, py-cpuinfo, nvidia-ml-py, zipp, xxhash, websockets, uvloop, urllib3, typing-inspection, tqdm, tabulate, sniffio, six, shellingham, setuptools, setproctitle, sentencepiece, safetensors, rpds-py, rignore, regex, pyzmq, pyyaml, python-multipart, python-json-logger, python-dotenv, pyjwt, pygments, pydantic-core, pycparser, pycountry, pybase64, pyarrow, psutil, protobuf, propcache, prometheus_client, partial-json-parser, outlines_core, nvidia-cudnn-frontend, numpy, ninja, multidict, msgspec, mdurl, loguru, llvmlite, llguidance, lark, jmespath, jiter, interegular, ijson, idna, httpx-sse, httptools, hf-xet, h11, grpcio, fsspec, frozenlist, flashinfer-cubin, fastar, einops, docstring-parser, dnspython, distro, diskcache, dill, cloudpickle, click, charset_normalizer, certifi, cbor2, cachetools, blake3, attrs, astor, apache-tvm-ffi, annotated-types, annotated-doc, aiohappyeyeballs, yarl, uvicorn, sentry-sdk, requests, referencing, python-dateutil, pydantic, opentelemetry-proto, opencv-python-headless, numba, multiprocess, markdown-it-py, importlib-metadata, httpcore, googleapis-common-protos, email-validator, depyf, cuda-python, cffi, anyio, aiosignal, watchfiles, tiktoken, starlette, rich, pydantic-settings, pydantic-extra-types, pandas, opentelemetry-exporter-otlp-proto-common, opentelemetry-api, openai-harmony, nvidia-cutlass-dsl-libs-base, lm-format-enforcer, jsonschema-specifications, huggingface-hub, httpx, gguf, cryptography, aiohttp, typer, torch-c-dlpack-ext, tokenizers, sse-starlette, rich-toolkit, prometheus-fastapi-instrumentator, opentelemetry-semantic-conventions, openai, nvidia-cutlass-dsl, jsonschema, fastapi, anthropic, transformers, quack-kernels, opentelemetry-sdk, model-hosting-container-standards, mistral_common, mcp, flashinfer-python, fastapi-cloud-cli, fastapi-cli, datasets, xgrammar, opentelemetry-semantic-conventions-ai, opentelemetry-exporter-otlp-proto-http, opentelemetry-exporter-otlp-proto-grpc, compressed-tensors, opentelemetry-exporter-otlp, vllm
[2026-05-16 17:12:17]   Attempting uninstall: setuptools
[2026-05-16 17:12:17]     Found existing installation: setuptools 82.0.1
[2026-05-16 17:12:17]     Uninstalling setuptools-82.0.1:
[2026-05-16 17:12:18]       Successfully uninstalled setuptools-82.0.1
[2026-05-16 17:12:21]   Attempting uninstall: numpy
[2026-05-16 17:12:21]     Found existing installation: numpy 2.4.5
[2026-05-16 17:12:21]     Uninstalling numpy-2.4.5:
[2026-05-16 17:12:21]       Successfully uninstalled numpy-2.4.5
[2026-05-16 17:12:24]   Attempting uninstall: fsspec
[2026-05-16 17:12:24]     Found existing installation: fsspec 2026.4.0
[2026-05-16 17:12:24]     Uninstalling fsspec-2026.4.0:
[2026-05-16 17:12:24]       Successfully uninstalled fsspec-2026.4.0
[2026-05-16 17:12:32] 
[2026-05-16 17:12:32] Successfully installed aiohappyeyeballs-2.6.1 aiohttp-3.13.5 aiosignal-1.4.0 annotated-doc-0.0.4 annotated-types-0.7.0 anthropic-0.102.0 anyio-4.13.0 apache-tvm-ffi-0.1.11 astor-0.8.1 attrs-26.1.0 blake3-1.0.8 cachetools-7.1.1 cbor2-6.1.1 certifi-2026.4.22 cffi-2.0.0 charset_normalizer-3.4.7 click-8.3.3 cloudpickle-3.1.2 compressed-tensors-0.14.0.1 cryptography-48.0.0 cuda-python-12.9.4 datasets-4.8.4 depyf-0.20.0 dill-0.4.1 diskcache-5.6.3 distro-1.9.0 dnspython-2.8.0 docstring-parser-0.18.0 einops-0.8.2 email-validator-2.3.0 fastapi-0.136.1 fastapi-cli-0.0.24 fastapi-cloud-cli-0.17.1 fastar-0.11.0 flashinfer-cubin-0.6.6 flashinfer-python-0.6.6 frozenlist-1.8.0 fsspec-2026.2.0 gguf-0.19.0 googleapis-common-protos-1.75.0 grpcio-1.80.0 h11-0.16.0 hf-xet-1.5.0 httpcore-1.0.9 httptools-0.7.1 httpx-0.28.1 httpx-sse-0.4.3 huggingface-hub-0.36.2 idna-3.15 ijson-3.5.0 importlib-metadata-8.7.1 interegular-0.3.3 jiter-0.14.0 jmespath-1.1.0 jsonschema-4.26.0 jsonschema-specifications-2025.9.1 lark-1.2.2 llguidance-1.3.0 llvmlite-0.44.0 lm-format-enforcer-0.11.3 loguru-0.7.3 markdown-it-py-4.2.0 mcp-1.27.1 mdurl-0.1.2 mistral_common-1.11.2 model-hosting-container-standards-0.1.15 msgspec-0.21.1 multidict-6.7.1 multiprocess-0.70.19 ninja-1.13.0 numba-0.61.2 numpy-2.2.6 nvidia-cudnn-frontend-1.18.0 nvidia-cutlass-dsl-4.5.1 nvidia-cutlass-dsl-libs-base-4.5.1 nvidia-ml-py-13.595.45 openai-2.37.0 openai-harmony-0.0.8 opencv-python-headless-4.13.0.92 opentelemetry-api-1.41.1 opentelemetry-exporter-otlp-1.41.1 opentelemetry-exporter-otlp-proto-common-1.41.1 opentelemetry-exporter-otlp-proto-grpc-1.41.1 opentelemetry-exporter-otlp-proto-http-1.41.1 opentelemetry-proto-1.41.1 opentelemetry-sdk-1.41.1 opentelemetry-semantic-conventions-0.62b1 opentelemetry-semantic-conventions-ai-0.5.1 outlines_core-0.2.11 pandas-3.0.3 partial-json-parser-0.2.1.1.post7 prometheus-fastapi-instrumentator-7.1.0 prometheus_client-0.25.0 propcache-0.5.2 protobuf-6.33.6 psutil-7.2.2 py-cpuinfo-9.0.0 pyarrow-24.0.0 pybase64-1.4.3 pycountry-26.2.16 pycparser-3.0 pydantic-2.13.4 pydantic-core-2.46.4 pydantic-extra-types-2.11.1 pydantic-settings-2.14.1 pygments-2.20.0 pyjwt-2.12.1 python-dateutil-2.9.0.post0 python-dotenv-1.2.2 python-json-logger-4.1.0 python-multipart-0.0.28 pyyaml-6.0.3 pyzmq-27.1.0 quack-kernels-0.4.1 referencing-0.37.0 regex-2026.5.9 requests-2.34.2 rich-15.0.0 rich-toolkit-0.19.9 rignore-0.7.6 rpds-py-0.30.0 safetensors-0.7.0 sentencepiece-0.2.1 sentry-sdk-2.60.0 setproctitle-1.3.7 setuptools-80.10.2 shellingham-1.5.4 six-1.17.0 sniffio-1.3.1 sse-starlette-3.4.4 starlette-0.52.1 supervisor-4.3.0 tabulate-0.10.0 tiktoken-0.13.0 tokenizers-0.22.2 torch-c-dlpack-ext-0.1.5 tqdm-4.67.3 transformers-4.57.6 typer-0.25.1 typing-inspection-0.4.2 urllib3-2.7.0 uvicorn-0.47.0 uvloop-0.22.1 vllm-0.19.0 watchfiles-1.1.1 websockets-16.0 xgrammar-0.2.0 xxhash-3.7.0 yarl-1.23.0 zipp-3.23.1
[2026-05-16 17:12:33] Looking in indexes: https://mirrors.aliyun.com/pypi/simple/
[2026-05-16 17:12:33] Looking in links: /mnt/data/ebft-distribution-new/caches/wheels
[2026-05-16 17:12:34] Collecting huggingface_hub==1.9.0
[2026-05-16 17:12:34]   Downloading huggingface_hub-1.9.0-py3-none-any.whl (637 kB)
[2026-05-16 17:12:34]      ━━━━━━━━━━━━━━━━━━━━━━━━━━━━━━━━━━━━━━━━ 637.4/637.4 kB 13.5 MB/s  0:00:00
[2026-05-16 17:12:34] Requirement already satisfied: filelock>=3.10.0 in /mnt/workspace/venvs/.teacherVenv/lib/python3.12/site-packages (from huggingface_hub==1.9.0) (3.29.0)
[2026-05-16 17:12:34] Requirement already satisfied: fsspec>=2023.5.0 in /mnt/workspace/venvs/.teacherVenv/lib/python3.12/site-packages (from huggingface_hub==1.9.0) (2026.2.0)
[2026-05-16 17:12:34] Requirement already satisfied: hf-xet<2.0.0,>=1.4.3 in /mnt/workspace/venvs/.teacherVenv/lib/python3.12/site-packages (from huggingface_hub==1.9.0) (1.5.0)
[2026-05-16 17:12:34] Requirement already satisfied: httpx<1,>=0.23.0 in /mnt/workspace/venvs/.teacherVenv/lib/python3.12/site-packages (from huggingface_hub==1.9.0) (0.28.1)
[2026-05-16 17:12:34] Requirement already satisfied: packaging>=20.9 in /mnt/workspace/venvs/.teacherVenv/lib/python3.12/site-packages (from huggingface_hub==1.9.0) (26.2)
[2026-05-16 17:12:34] Requirement already satisfied: pyyaml>=5.1 in /mnt/workspace/venvs/.teacherVenv/lib/python3.12/site-packages (from huggingface_hub==1.9.0) (6.0.3)
[2026-05-16 17:12:34] Requirement already satisfied: tqdm>=4.42.1 in /mnt/workspace/venvs/.teacherVenv/lib/python3.12/site-packages (from huggingface_hub==1.9.0) (4.67.3)
[2026-05-16 17:12:34] Requirement already satisfied: typer in /mnt/workspace/venvs/.teacherVenv/lib/python3.12/site-packages (from huggingface_hub==1.9.0) (0.25.1)
[2026-05-16 17:12:34] Requirement already satisfied: typing-extensions>=4.1.0 in /mnt/workspace/venvs/.teacherVenv/lib/python3.12/site-packages (from huggingface_hub==1.9.0) (4.15.0)
[2026-05-16 17:12:34] Requirement already satisfied: anyio in /mnt/workspace/venvs/.teacherVenv/lib/python3.12/site-packages (from httpx<1,>=0.23.0->huggingface_hub==1.9.0) (4.13.0)
[2026-05-16 17:12:34] Requirement already satisfied: certifi in /mnt/workspace/venvs/.teacherVenv/lib/python3.12/site-packages (from httpx<1,>=0.23.0->huggingface_hub==1.9.0) (2026.4.22)
[2026-05-16 17:12:34] Requirement already satisfied: httpcore==1.* in /mnt/workspace/venvs/.teacherVenv/lib/python3.12/site-packages (from httpx<1,>=0.23.0->huggingface_hub==1.9.0) (1.0.9)
[2026-05-16 17:12:34] Requirement already satisfied: idna in /mnt/workspace/venvs/.teacherVenv/lib/python3.12/site-packages (from httpx<1,>=0.23.0->huggingface_hub==1.9.0) (3.15)
[2026-05-16 17:12:34] Requirement already satisfied: h11>=0.16 in /mnt/workspace/venvs/.teacherVenv/lib/python3.12/site-packages (from httpcore==1.*->httpx<1,>=0.23.0->huggingface_hub==1.9.0) (0.16.0)
[2026-05-16 17:12:34] Requirement already satisfied: click>=8.2.1 in /mnt/workspace/venvs/.teacherVenv/lib/python3.12/site-packages (from typer->huggingface_hub==1.9.0) (8.3.3)
[2026-05-16 17:12:34] Requirement already satisfied: shellingham>=1.3.0 in /mnt/workspace/venvs/.teacherVenv/lib/python3.12/site-packages (from typer->huggingface_hub==1.9.0) (1.5.4)
[2026-05-16 17:12:34] Requirement already satisfied: rich>=13.8.0 in /mnt/workspace/venvs/.teacherVenv/lib/python3.12/site-packages (from typer->huggingface_hub==1.9.0) (15.0.0)
[2026-05-16 17:12:34] Requirement already satisfied: annotated-doc>=0.0.2 in /mnt/workspace/venvs/.teacherVenv/lib/python3.12/site-packages (from typer->huggingface_hub==1.9.0) (0.0.4)
[2026-05-16 17:12:34] Requirement already satisfied: markdown-it-py>=2.2.0 in /mnt/workspace/venvs/.teacherVenv/lib/python3.12/site-packages (from rich>=13.8.0->typer->huggingface_hub==1.9.0) (4.2.0)
[2026-05-16 17:12:34] Requirement already satisfied: pygments<3.0.0,>=2.13.0 in /mnt/workspace/venvs/.teacherVenv/lib/python3.12/site-packages (from rich>=13.8.0->typer->huggingface_hub==1.9.0) (2.20.0)
[2026-05-16 17:12:34] Requirement already satisfied: mdurl~=0.1 in /mnt/workspace/venvs/.teacherVenv/lib/python3.12/site-packages (from markdown-it-py>=2.2.0->rich>=13.8.0->typer->huggingface_hub==1.9.0) (0.1.2)
[2026-05-16 17:12:34] Installing collected packages: huggingface_hub
[2026-05-16 17:12:34]   Attempting uninstall: huggingface_hub
[2026-05-16 17:12:34]     Found existing installation: huggingface_hub 0.36.2
[2026-05-16 17:12:34]     Uninstalling huggingface_hub-0.36.2:
[2026-05-16 17:12:34]       Successfully uninstalled huggingface_hub-0.36.2
[2026-05-16 17:12:34] ERROR: pip's dependency resolver does not currently take into account all the packages that are installed. This behaviour is the source of the following dependency conflicts.
[2026-05-16 17:12:34] transformers 4.57.6 requires huggingface-hub<1.0,>=0.34.0, but you have huggingface-hub 1.9.0 which is incompatible.
[2026-05-16 17:12:34] Successfully installed huggingface_hub-1.9.0
[2026-05-16 17:12:34] 
[2026-05-16 17:12:34] [17:12:34] Pinning teacher transformers to 5.5.0 (no-deps)
[2026-05-16 17:12:35] Looking in indexes: https://mirrors.aliyun.com/pypi/simple/
[2026-05-16 17:12:35] Looking in links: /mnt/data/ebft-distribution-new/caches/wheels
[2026-05-16 17:12:35] Collecting transformers==5.5.0
[2026-05-16 17:12:35]   Downloading transformers-5.5.0-py3-none-any.whl (10.2 MB)
[2026-05-16 17:12:35]      ━━━━━━━━━━━━━━━━━━━━━━━━━━━━━━━━━━━━━━━━ 10.2/10.2 MB 38.1 MB/s  0:00:00
[2026-05-16 17:12:35] Installing collected packages: transformers
[2026-05-16 17:12:35]   Attempting uninstall: transformers
[2026-05-16 17:12:35]     Found existing installation: transformers 4.57.6
[2026-05-16 17:12:35]     Uninstalling transformers-4.57.6:
[2026-05-16 17:12:35]       Successfully uninstalled transformers-4.57.6
[2026-05-16 17:12:41] Successfully installed transformers-5.5.0
[2026-05-16 17:12:41] 
[2026-05-16 17:12:41] [17:12:41] Verifying teacher env
[2026-05-16 17:12:41] [2026-05-16 17:12:41,316 AIMaster] (pod_manager.py 415) INFO: Pod Category Summary (Total pods: 2)
[2026-05-16 17:12:41] | Category           |   Count | Percentage   | Pods                                                   |
[2026-05-16 17:12:41] |--------------------|---------|--------------|--------------------------------------------------------|
[2026-05-16 17:12:41] | Running            |       2 | 100.0%       | [dlc1x307wqgtpp44-master-0, dlc1x307wqgtpp44-worker-0] |
[2026-05-16 17:12:41] | Pending            |       0 | 0.0%         |                                                        |
[2026-05-16 17:12:41] | Succeeded          |       0 | 0.0%         |                                                        |
[2026-05-16 17:12:41] | Failed             |       0 | 0.0%         |                                                        |
[2026-05-16 17:12:41] | Terminating        |       0 | 0.0%         |                                                        |
[2026-05-16 17:12:41] | Scheduler_evicting |       0 | 0.0%         |                                                        |
[2026-05-16 17:12:41] | Aiph_node_error    |       0 | 0.0%         |                                                        |
[2026-05-16 17:12:41] | Unknown            |       0 | 0.0%         |                                                        |
[2026-05-16 17:12:41] 
[2026-05-16 17:12:41] [2026-05-16 17:12:41,316 AIMaster] (job_monitor_controller_k8s.py 1099) INFO: All workers: 2, running: 2, failed: 0, pending: 0
[2026-05-16 17:12:41] [2026-05-16 17:12:41,316 AIMaster] (ops_reported_error_detector.py 103) INFO: Detecting whether the job is affected by errors reported by ops platform.
[2026-05-16 17:12:45] python 3.12.12
[2026-05-16 17:12:45] torch 2.10.0+cu128 cuda 12.8 available True
[2026-05-16 17:12:45] datasets 4.8.4
[2026-05-16 17:12:45] transformers 5.5.0
[2026-05-16 17:12:45] vllm 0.19.0
[2026-05-16 17:12:45] vllm_cli /mnt/workspace/venvs/.teacherVenv/bin/vllm
[2026-05-16 17:12:45] vllm_cli_on_path None
[2026-05-16 17:12:48] teacher_cuda_check OK: 8 device(s) usable
[2026-05-16 17:12:48] [2026-05-16 17:12:48,021 AIMaster] (config.py 347) INFO: Try loading config from pai-aimaster-new configmap.
[2026-05-16 17:12:49] warning: zstd not on PATH; skipping snapshot of teacher venv
[2026-05-16 17:12:49] 
[2026-05-16 17:12:49] [17:12:49] Done.
[2026-05-16 17:12:49]   student env:  source /mnt/workspace/venvs/.venv/bin/activate
[2026-05-16 17:12:49]   teacher env:  source /mnt/workspace/venvs/.teacherVenv/bin/activate
[2026-05-16 17:12:49] 
[2026-05-16 17:12:49] Note: venvs live on ephemeral ext4 (/mnt/workspace); snapshots in /mnt/data/ebft-distribution-new/caches/snapshots
[2026-05-16 17:12:49] On a fresh machine / after a container restart, re-running this
[2026-05-16 17:12:49] script will untar the snapshots back into /mnt/workspace in ~1-2 minutes
[2026-05-16 17:12:49] instead of re-installing from pip. To force a clean rebuild:
[2026-05-16 17:12:49]   EBFT_REBUILD_VENV=1 bash scripts/setup_env.sh
[2026-05-16 17:12:49] To disable snapshots entirely:
[2026-05-16 17:12:49]   EBFT_USE_VENV_SNAPSHOT=0 bash scripts/setup_env.sh
[2026-05-16 17:12:49] 
[2026-05-16 17:12:49] When invoking run_*.sh / supplement*/*.sh, export:
[2026-05-16 17:12:49]   export STUDENT_VENV=/mnt/workspace/venvs/.venv
[2026-05-16 17:12:49]   export TEACHER_VENV=/mnt/workspace/venvs/.teacherVenv
[2026-05-16 17:12:49]   export HF_HOME=/mnt/data/ebft-distribution-new/caches/hf
[2026-05-16 17:12:49]   export PIP_CACHE_DIR=/root/.cache/pip
[2026-05-16 17:12:49]   export TORCH_EXTENSIONS_DIR=/mnt/workspace/.torch_extensions
[2026-05-16 17:12:49]   export TRITON_CACHE_DIR=/mnt/workspace/.triton_cache
[2026-05-16 17:12:49] [INFO] DLC multi-pod mode: rank=0 world_size=2 master=dlc1x307wqgtpp44-master-0
[2026-05-16 17:12:50] [prepare] train exists: /mnt/data/ebft-distribution-new/outputs/diff_dataset_prepared/opencodeinstruct_qa_100k.jsonl (100000 rows)
[2026-05-16 17:12:50] [prepare] mbpp exists: /mnt/data/ebft-distribution-new/outputs/diff_dataset_prepared/mbpp_eval_qa.jsonl (974 rows)
[2026-05-16 17:12:50] [prepare] humaneval exists: /mnt/data/ebft-distribution-new/outputs/diff_dataset_prepared/humaneval_eval_qa.jsonl (164 rows)
[2026-05-16 17:12:50] [prepare] manifest: /mnt/data/ebft-distribution-new/outputs/diff_dataset_prepared/manifest.env
[2026-05-16 17:12:50] ========== G2 2-node once launcher ==========
[2026-05-16 17:12:50] RUN_DIR:                    /mnt/data/ebft-distribution-new/outputs/diff_dataset/diff_g2_dlc1x307wqgtpp44
[2026-05-16 17:12:50] HEAD_NODE / IP:             dlc1x307wqgtpp44-master-0 / 22.27.124.198
[2026-05-16 17:12:50] WORKER_NODE / IP:           dlc-rank-0-pod / 22.27.124.198
[2026-05-16 17:12:50] Head teacher GPUs:          0,1,2,3,4,5
[2026-05-16 17:12:50] Worker teacher GPUs:        0,1,2,3,4,5
[2026-05-16 17:12:50] Head student GPUs:          6,7
[2026-05-16 17:12:50] Worker student GPUs:        6,7
[2026-05-16 17:12:50] Teacher worker count:       6 + 6
[2026-05-16 17:12:50] Teacher API:                http://22.27.124.198:8004/v1,http://22.27.124.198:8005/v1,http://22.27.124.198:8006/v1,http://22.27.124.198:8007/v1,http://22.27.124.198:8008/v1,http://22.27.124.198:8009/v1,http://22.27.124.198:8004/v1,http://22.27.124.198:8005/v1,http://22.27.124.198:8006/v1,http://22.27.124.198:8007/v1,http://22.27.124.198:8008/v1,http://22.27.124.198:8009/v1
[2026-05-16 17:12:50] Actor/Critic GPUs:          2/2
[2026-05-16 17:12:50] Actor/Critic nodes:         1/1
[2026-05-16 17:12:50] Target steps:               0
[2026-05-16 17:12:50] Max samples:                -1 (-1 means full train split)
[2026-05-16 17:12:50] Post-train eval:            true
[2026-05-16 17:12:50] Code benchmark script:      /mnt/data/ebft-distribution-new/code/scripts/benchmarks/run_code_generation_benchmarks.py
[2026-05-16 17:12:50] Post-eval VLLM_TP_SIZE:     8 (head node only; worker idle during eval)
[2026-05-16 17:12:50] Code eval max_new_tokens:   1024
[2026-05-16 17:12:50] Single training submitter:  dlc1x307wqgtpp44-master-0
[2026-05-16 17:12:50] =============================================
[2026-05-16 17:12:50] [DLC master] waiting for worker pod IP at /mnt/data/ebft-distribution-new/outputs/diff_dataset/diff_g2_dlc1x307wqgtpp44/dlc_rendezvous/worker_1_ip.txt...
[2026-05-16 17:13:05] Looking in indexes: https://mirrors.aliyun.com/pypi/simple/
[2026-05-16 17:13:05] Looking in links: /mnt/data/ebft-distribution-new/caches/wheels
[2026-05-16 17:13:05] Collecting huggingface_hub==1.9.0
[2026-05-16 17:13:05]   Downloading huggingface_hub-1.9.0-py3-none-any.whl (637 kB)
[2026-05-16 17:13:11]      ━━━━━━━━━━━━━━━━━━━━━━━━━━━━━━━━━━━━━━━━ 637.4/637.4 kB 133.2 kB/s  0:00:06
[2026-05-16 17:13:11] Requirement already satisfied: filelock>=3.10.0 in /mnt/workspace/venvs/.teacherVenv/lib/python3.12/site-packages (from huggingface_hub==1.9.0) (3.29.0)
[2026-05-16 17:13:11] Requirement already satisfied: fsspec>=2023.5.0 in /mnt/workspace/venvs/.teacherVenv/lib/python3.12/site-packages (from huggingface_hub==1.9.0) (2026.2.0)
[2026-05-16 17:13:11] Requirement already satisfied: hf-xet<2.0.0,>=1.4.3 in /mnt/workspace/venvs/.teacherVenv/lib/python3.12/site-packages (from huggingface_hub==1.9.0) (1.5.0)
[2026-05-16 17:13:11] Requirement already satisfied: httpx<1,>=0.23.0 in /mnt/workspace/venvs/.teacherVenv/lib/python3.12/site-packages (from huggingface_hub==1.9.0) (0.28.1)
[2026-05-16 17:13:11] Requirement already satisfied: packaging>=20.9 in /mnt/workspace/venvs/.teacherVenv/lib/python3.12/site-packages (from huggingface_hub==1.9.0) (26.2)
[2026-05-16 17:13:11] Requirement already satisfied: pyyaml>=5.1 in /mnt/workspace/venvs/.teacherVenv/lib/python3.12/site-packages (from huggingface_hub==1.9.0) (6.0.3)
[2026-05-16 17:13:11] Requirement already satisfied: tqdm>=4.42.1 in /mnt/workspace/venvs/.teacherVenv/lib/python3.12/site-packages (from huggingface_hub==1.9.0) (4.67.3)
[2026-05-16 17:13:11] Requirement already satisfied: typer in /mnt/workspace/venvs/.teacherVenv/lib/python3.12/site-packages (from huggingface_hub==1.9.0) (0.25.1)
[2026-05-16 17:13:11] Requirement already satisfied: typing-extensions>=4.1.0 in /mnt/workspace/venvs/.teacherVenv/lib/python3.12/site-packages (from huggingface_hub==1.9.0) (4.15.0)
[2026-05-16 17:13:11] Requirement already satisfied: anyio in /mnt/workspace/venvs/.teacherVenv/lib/python3.12/site-packages (from httpx<1,>=0.23.0->huggingface_hub==1.9.0) (4.13.0)
[2026-05-16 17:13:11] Requirement already satisfied: certifi in /mnt/workspace/venvs/.teacherVenv/lib/python3.12/site-packages (from httpx<1,>=0.23.0->huggingface_hub==1.9.0) (2026.4.22)
[2026-05-16 17:13:11] Requirement already satisfied: httpcore==1.* in /mnt/workspace/venvs/.teacherVenv/lib/python3.12/site-packages (from httpx<1,>=0.23.0->huggingface_hub==1.9.0) (1.0.9)
[2026-05-16 17:13:11] Requirement already satisfied: idna in /mnt/workspace/venvs/.teacherVenv/lib/python3.12/site-packages (from httpx<1,>=0.23.0->huggingface_hub==1.9.0) (3.15)
[2026-05-16 17:13:11] Requirement already satisfied: h11>=0.16 in /mnt/workspace/venvs/.teacherVenv/lib/python3.12/site-packages (from httpcore==1.*->httpx<1,>=0.23.0->huggingface_hub==1.9.0) (0.16.0)
[2026-05-16 17:13:11] Requirement already satisfied: click>=8.2.1 in /mnt/workspace/venvs/.teacherVenv/lib/python3.12/site-packages (from typer->huggingface_hub==1.9.0) (8.3.3)
[2026-05-16 17:13:11] Requirement already satisfied: shellingham>=1.3.0 in /mnt/workspace/venvs/.teacherVenv/lib/python3.12/site-packages (from typer->huggingface_hub==1.9.0) (1.5.4)
[2026-05-16 17:13:11] Requirement already satisfied: rich>=13.8.0 in /mnt/workspace/venvs/.teacherVenv/lib/python3.12/site-packages (from typer->huggingface_hub==1.9.0) (15.0.0)
[2026-05-16 17:13:11] Requirement already satisfied: annotated-doc>=0.0.2 in /mnt/workspace/venvs/.teacherVenv/lib/python3.12/site-packages (from typer->huggingface_hub==1.9.0) (0.0.4)
[2026-05-16 17:13:11] Requirement already satisfied: markdown-it-py>=2.2.0 in /mnt/workspace/venvs/.teacherVenv/lib/python3.12/site-packages (from rich>=13.8.0->typer->huggingface_hub==1.9.0) (4.2.0)
[2026-05-16 17:13:11] Requirement already satisfied: pygments<3.0.0,>=2.13.0 in /mnt/workspace/venvs/.teacherVenv/lib/python3.12/site-packages (from rich>=13.8.0->typer->huggingface_hub==1.9.0) (2.20.0)
[2026-05-16 17:13:11] Requirement already satisfied: mdurl~=0.1 in /mnt/workspace/venvs/.teacherVenv/lib/python3.12/site-packages (from markdown-it-py>=2.2.0->rich>=13.8.0->typer->huggingface_hub==1.9.0) (0.1.2)
[2026-05-16 17:13:11] Installing collected packages: huggingface_hub
[2026-05-16 17:13:11]   Attempting uninstall: huggingface_hub
[2026-05-16 17:13:11]     Found existing installation: huggingface_hub 0.36.2
[2026-05-16 17:13:11]     Uninstalling huggingface_hub-0.36.2:
[2026-05-16 17:13:11]       Successfully uninstalled huggingface_hub-0.36.2
[2026-05-16 17:13:11] [2026-05-16 17:13:11,472 AIMaster] (job_monitor_controller_k8s.py 1099) INFO: All workers: 2, running: 2, failed: 0, pending: 0
[2026-05-16 17:13:11] [2026-05-16 17:13:11,473 AIMaster] (aimaster_failover_controller.py 81) INFO: Detecting whether aimaster should be migrated.
[2026-05-16 17:13:12] ERROR: pip's dependency resolver does not currently take into account all the packages that are installed. This behaviour is the source of the following dependency conflicts.
[2026-05-16 17:13:12] transformers 4.57.6 requires huggingface-hub<1.0,>=0.34.0, but you have huggingface-hub 1.9.0 which is incompatible.
[2026-05-16 17:13:12] Successfully installed huggingface_hub-1.9.0
[2026-05-16 17:13:12] 
[2026-05-16 17:13:12] [17:13:11] Pinning teacher transformers to 5.5.0 (no-deps)
[2026-05-16 17:13:12] Looking in indexes: https://mirrors.aliyun.com/pypi/simple/
[2026-05-16 17:13:12] Looking in links: /mnt/data/ebft-distribution-new/caches/wheels
[2026-05-16 17:13:12] Collecting transformers==5.5.0
[2026-05-16 17:13:12]   Downloading transformers-5.5.0-py3-none-any.whl (10.2 MB)
[2026-05-16 17:13:21] [2026-05-16 17:13:21,207 AIMaster] (job_event_collector.py 135) WARNING: Failed to watch pods, exception: ("Connection broken: ConnectionResetError(104, 'Connection reset by peer')", ConnectionResetError(104, 'Connection reset by peer'))
[2026-05-16 17:13:41] [2026-05-16 17:13:41,613 AIMaster] (job_monitor_controller_k8s.py 1099) INFO: All workers: 2, running: 2, failed: 0, pending: 0
[2026-05-16 17:13:41] [2026-05-16 17:13:41,613 AIMaster] (ops_reported_error_detector.py 103) INFO: Detecting whether the job is affected by errors reported by ops platform.
[2026-05-16 17:13:48] [2026-05-16 17:13:48,065 AIMaster] (config.py 347) INFO: Try loading config from pai-aimaster-new configmap.
[2026-05-16 17:13:59]      ━━━━━━━━━━━━━━━━━━━━━━━━━━━━━━━━━━━━━━━━ 10.2/10.2 MB 282.4 kB/s  0:00:47
[2026-05-16 17:13:59] Installing collected packages: transformers
[2026-05-16 17:13:59]   Attempting uninstall: transformers
[2026-05-16 17:13:59]     Found existing installation: transformers 4.57.6
[2026-05-16 17:14:00]     Uninstalling transformers-4.57.6:
[2026-05-16 17:14:00]       Successfully uninstalled transformers-4.57.6
[2026-05-16 17:14:05] Successfully installed transformers-5.5.0
[2026-05-16 17:14:06] 
[2026-05-16 17:14:06] [17:14:05] Verifying teacher env
[2026-05-16 17:14:09] python 3.12.12
[2026-05-16 17:14:09] torch 2.10.0+cu128 cuda 12.8 available True
[2026-05-16 17:14:09] datasets 4.8.4
[2026-05-16 17:14:09] transformers 5.5.0
[2026-05-16 17:14:09] vllm 0.19.0
[2026-05-16 17:14:09] vllm_cli /mnt/workspace/venvs/.teacherVenv/bin/vllm
[2026-05-16 17:14:09] vllm_cli_on_path None
[2026-05-16 17:14:12] [2026-05-16 17:14:11,780 AIMaster] (job_monitor_controller_k8s.py 1099) INFO: All workers: 2, running: 2, failed: 0, pending: 0
[2026-05-16 17:14:12] teacher_cuda_check OK: 8 device(s) usable
[2026-05-16 17:14:13] warning: zstd not on PATH; skipping snapshot of teacher venv
[2026-05-16 17:14:13] 
[2026-05-16 17:14:13] [17:14:12] Done.
[2026-05-16 17:14:13]   student env:  source /mnt/workspace/venvs/.venv/bin/activate
[2026-05-16 17:14:13]   teacher env:  source /mnt/workspace/venvs/.teacherVenv/bin/activate
[2026-05-16 17:14:13] 
[2026-05-16 17:14:13] Note: venvs live on ephemeral ext4 (/mnt/workspace); snapshots in /mnt/data/ebft-distribution-new/caches/snapshots
[2026-05-16 17:14:13] On a fresh machine / after a container restart, re-running this
[2026-05-16 17:14:13] script will untar the snapshots back into /mnt/workspace in ~1-2 minutes
[2026-05-16 17:14:13] instead of re-installing from pip. To force a clean rebuild:
[2026-05-16 17:14:13]   EBFT_REBUILD_VENV=1 bash scripts/setup_env.sh
[2026-05-16 17:14:13] To disable snapshots entirely:
[2026-05-16 17:14:13]   EBFT_USE_VENV_SNAPSHOT=0 bash scripts/setup_env.sh
[2026-05-16 17:14:13] 
[2026-05-16 17:14:13] When invoking run_*.sh / supplement*/*.sh, export:
[2026-05-16 17:14:13]   export STUDENT_VENV=/mnt/workspace/venvs/.venv
[2026-05-16 17:14:13]   export TEACHER_VENV=/mnt/workspace/venvs/.teacherVenv
[2026-05-16 17:14:13]   export HF_HOME=/mnt/data/ebft-distribution-new/caches/hf
[2026-05-16 17:14:13]   export PIP_CACHE_DIR=/root/.cache/pip
[2026-05-16 17:14:13]   export TORCH_EXTENSIONS_DIR=/mnt/workspace/.torch_extensions
[2026-05-16 17:14:13]   export TRITON_CACHE_DIR=/mnt/workspace/.triton_cache
[2026-05-16 17:14:13] [INFO] DLC multi-pod mode: rank=1 world_size=2 master=dlc1x307wqgtpp44-master-0
[2026-05-16 17:14:13] [prepare] worker rank=1: waiting for prepared datasets at /mnt/data/ebft-distribution-new/outputs/diff_dataset_prepared
[2026-05-16 17:14:13] ========== G2 2-node once launcher ==========
[2026-05-16 17:14:13] RUN_DIR:                    /mnt/data/ebft-distribution-new/outputs/diff_dataset/diff_g2_dlc1x307wqgtpp44
[2026-05-16 17:14:13] HEAD_NODE / IP:             dlc1x307wqgtpp44-master-0 / 22.27.124.198
[2026-05-16 17:14:13] WORKER_NODE / IP:           dlc-rank-1-pod / 22.27.124.198
[2026-05-16 17:14:13] Head teacher GPUs:          0,1,2,3,4,5
[2026-05-16 17:14:13] Worker teacher GPUs:        0,1,2,3,4,5
[2026-05-16 17:14:13] Head student GPUs:          6,7
[2026-05-16 17:14:13] Worker student GPUs:        6,7
[2026-05-16 17:14:13] Teacher worker count:       6 + 6
[2026-05-16 17:14:13] Teacher API:                http://22.27.124.198:8004/v1,http://22.27.124.198:8005/v1,http://22.27.124.198:8006/v1,http://22.27.124.198:8007/v1,http://22.27.124.198:8008/v1,http://22.27.124.198:8009/v1,http://22.27.124.198:8004/v1,http://22.27.124.198:8005/v1,http://22.27.124.198:8006/v1,http://22.27.124.198:8007/v1,http://22.27.124.198:8008/v1,http://22.27.124.198:8009/v1
[2026-05-16 17:14:13] Actor/Critic GPUs:          2/2
[2026-05-16 17:14:13] Actor/Critic nodes:         1/1
[2026-05-16 17:14:13] Target steps:               0
[2026-05-16 17:14:13] Max samples:                -1 (-1 means full train split)
[2026-05-16 17:14:13] Post-train eval:            true
[2026-05-16 17:14:13] Code benchmark script:      /mnt/data/ebft-distribution-new/code/scripts/benchmarks/run_code_generation_benchmarks.py
[2026-05-16 17:14:13] Post-eval VLLM_TP_SIZE:     8 (head node only; worker idle during eval)
[2026-05-16 17:14:13] Code eval max_new_tokens:   1024
[2026-05-16 17:14:13] Single training submitter:  dlc1x307wqgtpp44-master-0
[2026-05-16 17:14:13] =============================================
[2026-05-16 17:14:13] ================================================================
[2026-05-16 17:14:13] [DLC worker rank=1] starting on dlc1x307wqgtpp44-worker-0
[2026-05-16 17:14:13] [DLC worker rank=1] master address: dlc1x307wqgtpp44-master-0:6379
[2026-05-16 17:14:13] [DLC worker] my IP: 10.1.54.43
[2026-05-16 17:14:13] [DLC worker] wrote IP to /mnt/data/ebft-distribution-new/outputs/diff_dataset/diff_g2_dlc1x307wqgtpp44/dlc_rendezvous/worker_1_ip.txt
[2026-05-16 17:14:13] [DLC worker] IP keepalive started (pid=1201, interval=5s)
[2026-05-16 17:14:13] [DLC worker] launching 6 teacher worker(s)...
[2026-05-16 17:14:13] [DLC worker] teacher #0 launched on GPUs 0 -> port 8004, log /mnt/data/ebft-distribution-new/outputs/diff_dataset/diff_g2_dlc1x307wqgtpp44/teacher_logs/worker_dlc_rank1_0.log
[2026-05-16 17:14:13] [DLC worker] teacher #1 launched on GPUs 1 -> port 8005, log /mnt/data/ebft-distribution-new/outputs/diff_dataset/diff_g2_dlc1x307wqgtpp44/teacher_logs/worker_dlc_rank1_1.log
[2026-05-16 17:14:13] [DLC worker] teacher #2 launched on GPUs 2 -> port 8006, log /mnt/data/ebft-distribution-new/outputs/diff_dataset/diff_g2_dlc1x307wqgtpp44/teacher_logs/worker_dlc_rank1_2.log
[2026-05-16 17:14:13] [DLC worker] teacher #3 launched on GPUs 3 -> port 8007, log /mnt/data/ebft-distribution-new/outputs/diff_dataset/diff_g2_dlc1x307wqgtpp44/teacher_logs/worker_dlc_rank1_3.log
[2026-05-16 17:14:14] [DLC worker] teacher #4 launched on GPUs 4 -> port 8008, log /mnt/data/ebft-distribution-new/outputs/diff_dataset/diff_g2_dlc1x307wqgtpp44/teacher_logs/worker_dlc_rank1_4.log
[2026-05-16 17:14:14] [DLC worker] teacher #5 launched on GPUs 5 -> port 8009, log /mnt/data/ebft-distribution-new/outputs/diff_dataset/diff_g2_dlc1x307wqgtpp44/teacher_logs/worker_dlc_rank1_5.log
[2026-05-16 17:14:14] [DLC worker] waiting for master ray head at dlc1x307wqgtpp44-master-0:6379 (timeout 3600s)...
[2026-05-16 17:14:15] [DLC master] worker IP: 10.1.54.43 (after 84s)
[2026-05-16 17:14:15] [DLC master] updated TEACHER_API_BASE: http://22.27.124.198:8004/v1,http://22.27.124.198:8005/v1,http://22.27.124.198:8006/v1,http://22.27.124.198:8007/v1,http://22.27.124.198:8008/v1,http://22.27.124.198:8009/v1,http://10.1.54.43:8004/v1,http://10.1.54.43:8005/v1,http://10.1.54.43:8006/v1,http://10.1.54.43:8007/v1,http://10.1.54.43:8008/v1,http://10.1.54.43:8009/v1
[2026-05-16 17:14:15] [1/5] DLC mode: worker pod connects in via ray start; skipping ssh check
[2026-05-16 17:14:15] [2/5] DLC mode: worker pod launches teacher locally; skipping ssh teacher launch
[2026-05-16 17:14:15] [3/5] launching head-side teacher services...
[2026-05-16 17:14:15] [4/5] waiting for teacher health checks...
[2026-05-16 17:14:42] [2026-05-16 17:14:41,910 AIMaster] (job_monitor_controller_k8s.py 1099) INFO: All workers: 2, running: 2, failed: 0, pending: 0
[2026-05-16 17:14:42] [2026-05-16 17:14:41,910 AIMaster] (ops_reported_error_detector.py 103) INFO: Detecting whether the job is affected by errors reported by ops platform.
[2026-05-16 17:14:48] [2026-05-16 17:14:48,099 AIMaster] (config.py 347) INFO: Try loading config from pai-aimaster-new configmap.
[2026-05-16 17:14:52] [2026-05-16 17:14:52,395 AIMaster] (job_event_collector.py 135) WARNING: Failed to watch pods, exception: ("Connection broken: ConnectionResetError(104, 'Connection reset by peer')", ConnectionResetError(104, 'Connection reset by peer'))
[2026-05-16 17:15:12] [2026-05-16 17:15:12,103 AIMaster] (job_monitor_controller_k8s.py 1099) INFO: All workers: 2, running: 2, failed: 0, pending: 0
[2026-05-16 17:15:12] [2026-05-16 17:15:12,103 AIMaster] (aimaster_failover_controller.py 81) INFO: Detecting whether aimaster should be migrated.
[2026-05-16 17:15:42] [2026-05-16 17:15:42,233 AIMaster] (job_monitor_controller_k8s.py 1099) INFO: All workers: 2, running: 2, failed: 0, pending: 0
[2026-05-16 17:15:42] [2026-05-16 17:15:42,233 AIMaster] (ops_reported_error_detector.py 103) INFO: Detecting whether the job is affected by errors reported by ops platform.
[2026-05-16 17:15:48] [2026-05-16 17:15:48,135 AIMaster] (config.py 347) INFO: Try loading config from pai-aimaster-new configmap.
[2026-05-16 17:16:12] [2026-05-16 17:16:12,382 AIMaster] (job_monitor_controller_k8s.py 1099) INFO: All workers: 2, running: 2, failed: 0, pending: 0
[2026-05-16 17:16:24] [2026-05-16 17:16:24,480 AIMaster] (job_event_collector.py 135) WARNING: Failed to watch pods, exception: ("Connection broken: ConnectionResetError(104, 'Connection reset by peer')", ConnectionResetError(104, 'Connection reset by peer'))
